origem,id_origem,pessoa_id
app,usr_555c298b,PES-02925
crm,100001,PES-01323
loja,Loja Shopping#1,PES-03518
app,usr_0d334824,PES-04660
crm,100002,PES-01986
crm,100003,PES-00398
app,usr_1b619725,PES-01837
app,usr_8d8f806e,PES-03326
app,usr_c9b9f8f3,PES-02934
app,usr_8d88b541,PES-02684
crm,100004,PES-00389
crm,100005,PES-05658
app,usr_a7288181,PES-00966
crm,100006,PES-02778
crm,100007,PES-03683
crm,100008,PES-02164
crm,100009,PES-01602
app,usr_475af245,PES-00037
crm,100010,PES-05932
crm,100011,PES-05568
crm,100012,PES-04602
loja,Loja Centro#1,PES-01258
crm,100013,PES-00634
crm,100014,PES-00079
crm,100015,PES-02894
crm,100016,PES-05635
loja,Loja Bairro#1,PES-01819
crm,100017,PES-03670
crm,100018,PES-04364
crm,100019,PES-01785
crm,100020,PES-01888
crm,100021,PES-01551
crm,100022,PES-03957
crm,100023,PES-02792
crm,100024,PES-01549
crm,100025,PES-04217
crm,100026,PES-05721
crm,100027,PES-04097
crm,100028,PES-00613
loja,Loja Centro#2,PES-03045
app,usr_681427b3,PES-02480
app,usr_39c41a21,PES-03868
loja,Loja Shopping#2,PES-03164
crm,100029,PES-01934
crm,100030,PES-01399
crm,100031,PES-04094
app,usr_00516271,PES-00711
crm,100032,PES-01977
crm,100033,PES-03176
loja,Loja Bairro#2,PES-05329
loja,Loja Shopping#3,PES-01543
crm,100034,PES-02127
loja,Loja Shopping#4,PES-03892
app,usr_2cc1c650,PES-00688
crm,100035,PES-02238
crm,100036,PES-00870
crm,100037,PES-01535
crm,100038,PES-00109
crm,100039,PES-02157
crm,100040,PES-03217
loja,Loja Centro#3,PES-02068
crm,100041,PES-04565
crm,100042,PES-01734
crm,100043,PES-04831
crm,100044,PES-03170
loja,Loja Bairro#3,PES-02211
crm,100045,PES-00836
app,usr_eaf594fd,PES-03370
app,usr_8a17afaa,PES-02042
app,usr_2730629f,PES-05015
crm,100046,PES-00551
loja,Loja Shopping#5,PES-03326
crm,100047,PES-04657
crm,100048,PES-00843
crm,100049,PES-00104
crm,100050,PES-02198
crm,100051,PES-05000
crm,100052,PES-01916
crm,100053,PES-05233
crm,100054,PES-02497
app,usr_c03e8d88,PES-04044
crm,100055,PES-03514
crm,100056,PES-01343
app,usr_dcb5a5f2,PES-00603
crm,100057,PES-03828
app,usr_9b9d166e,PES-05806
crm,100058,PES-01488
crm,100059,PES-02459
app,usr_00c9107a,PES-02716
crm,100060,PES-03248
crm,100061,PES-04331
crm,100062,PES-03887
crm,100063,PES-05405
crm,100064,PES-04185
app,usr_190d6342,PES-01364
crm,100065,PES-02054
crm,100066,PES-04046
loja,Loja Centro#4,PES-00661
crm,100067,PES-04962
crm,100068,PES-01418
crm,100069,PES-05799
app,usr_9f147fdb,PES-03685
app,usr_a7cdc9d8,PES-02015
crm,100070,PES-01887
loja,Loja Centro#5,PES-01347
crm,100071,PES-01559
crm,100072,PES-05139
crm,100073,PES-00905
crm,100074,PES-01823
crm,100075,PES-05413
crm,100076,PES-02968
loja,Loja Shopping#6,PES-01207
app,usr_3aa4e9e9,PES-05641
loja,Loja Shopping#7,PES-02393
crm,100077,PES-04685
crm,100078,PES-04704
crm,100079,PES-04592
crm,100080,PES-02788
crm,100081,PES-02025
crm,100082,PES-03842
app,usr_713e46f3,PES-04729
loja,Loja Bairro#4,PES-01767
crm,100083,PES-04392
crm,100084,PES-03690
crm,100085,PES-05616
app,usr_809f9966,PES-00346
crm,100086,PES-00491
crm,100087,PES-03106
loja,Loja Bairro#5,PES-02966
crm,100088,PES-03277
app,usr_e4c0f9fb,PES-02167
app,usr_e9e4ab41,PES-03471
loja,Loja Centro#6,PES-01148
app,usr_6f002446,PES-05137
crm,100089,PES-05961
app,usr_fa1c1835,PES-05337
crm,100090,PES-00385
loja,Loja Shopping#8,PES-01140
loja,Loja Shopping#9,PES-04204
crm,100091,PES-01627
crm,100092,PES-05725
crm,100093,PES-05783
crm,100094,PES-05465
crm,100095,PES-05420
crm,100096,PES-01765
app,usr_82ff5239,PES-01724
crm,100097,PES-05873
app,usr_9df90aaf,PES-05236
crm,100098,PES-01812
loja,Loja Shopping#10,PES-00784
loja,Loja Shopping#11,PES-02941
crm,100099,PES-00771
crm,100100,PES-05249
crm,100101,PES-02305
crm,100102,PES-03137
crm,100103,PES-04082
loja,Loja Bairro#6,PES-03101
crm,100104,PES-04908
crm,100105,PES-02280
loja,Loja Centro#7,PES-05034
app,usr_27be50cd,PES-01312
crm,100106,PES-03638
app,usr_053a5e1b,PES-00372
crm,100107,PES-03665
loja,Loja Centro#8,PES-00291
app,usr_2f4c66f0,PES-02405
crm,100108,PES-02472
crm,100109,PES-02448
crm,100110,PES-02250
crm,100111,PES-00131
crm,100112,PES-02808
crm,100113,PES-01580
app,usr_eb113ae3,PES-01550
crm,100114,PES-01455
crm,100115,PES-04093
app,usr_c24fe099,PES-03278
loja,Loja Centro#9,PES-05484
crm,100116,PES-02640
crm,100117,PES-04990
crm,100118,PES-01810
crm,100119,PES-04797
crm,100120,PES-05134
crm,100121,PES-05340
crm,100122,PES-04117
crm,100123,PES-02325
crm,100124,PES-01306
app,usr_b6202835,PES-05149
crm,100125,PES-02496
app,usr_4500c064,PES-05571
loja,Loja Centro#10,PES-02035
crm,100126,PES-05863
crm,100127,PES-04014
loja,Loja Shopping#12,PES-02574
app,usr_21e9e850,PES-01668
crm,100128,PES-01419
crm,100129,PES-04013
loja,Loja Shopping#13,PES-00215
crm,100130,PES-04648
crm,100131,PES-01020
app,usr_1e8e9ea7,PES-02733
crm,100132,PES-04356
app,usr_cdace87a,PES-05917
app,usr_99844c82,PES-02153
crm,100133,PES-01899
app,usr_66c82027,PES-03791
app,usr_0bc274e3,PES-05820
crm,100134,PES-01598
crm,100135,PES-03275
app,usr_6cedf00d,PES-03078
crm,100136,PES-01754
loja,Loja Shopping#14,PES-05064
app,usr_46357804,PES-00115
loja,Loja Bairro#7,PES-01464
app,usr_1e56a6dc,PES-04363
loja,Loja Bairro#8,PES-02547
app,usr_ecb1f1d0,PES-04199
crm,100137,PES-01460
crm,100138,PES-01954
crm,100139,PES-03454
app,usr_be468d8c,PES-01726
crm,100140,PES-00040
crm,100141,PES-04207
crm,100142,PES-02743
crm,100143,PES-04186
app,usr_da68434e,PES-00264
crm,100144,PES-01506
crm,100145,PES-05472
crm,100146,PES-01852
crm,100147,PES-03323
crm,100148,PES-04629
crm,100149,PES-03404
crm,100150,PES-03674
crm,100151,PES-03492
app,usr_8fb45c61,PES-03378
app,usr_4e9561a1,PES-03987
crm,100152,PES-05906
loja,Loja Shopping#15,PES-03791
loja,Loja Shopping#16,PES-01482
app,usr_f2d79d5a,PES-05243
crm,100153,PES-04651
loja,Loja Centro#11,PES-01085
crm,100154,PES-00853
loja,Loja Bairro#9,PES-04636
app,usr_5f1a337f,PES-01623
crm,100155,PES-01229
loja,Loja Centro#12,PES-05508
app,usr_62b0c68f,PES-05841
crm,100156,PES-00896
crm,100157,PES-04553
crm,100158,PES-04768
crm,100159,PES-04823
app,usr_43fa39d2,PES-00814
app,usr_f5b36d78,PES-02727
app,usr_07aea25a,PES-04421
crm,100160,PES-00875
app,usr_a4f0a325,PES-04477
crm,100161,PES-05979
crm,100162,PES-04084
loja,Loja Centro#13,PES-01784
crm,100163,PES-01809
crm,100164,PES-04529
loja,Loja Bairro#10,PES-05681
crm,100165,PES-04499
app,usr_e048158b,PES-02844
crm,100166,PES-02152
app,usr_4dba4a5c,PES-04347
crm,100167,PES-01617
crm,100168,PES-03153
loja,Loja Centro#14,PES-04497
app,usr_f8af7dba,PES-00196
loja,Loja Shopping#17,PES-01836
app,usr_86f77c20,PES-03326
loja,Loja Centro#15,PES-04600
crm,100169,PES-03954
crm,100170,PES-04279
crm,100171,PES-03720
loja,Loja Shopping#18,PES-04803
crm,100172,PES-04003
app,usr_9109a810,PES-02134
crm,100173,PES-01407
crm,100174,PES-01830
crm,100175,PES-04307
loja,Loja Shopping#19,PES-03597
app,usr_b0579628,PES-04415
crm,100176,PES-05948
crm,100177,PES-05875
crm,100178,PES-02982
crm,100179,PES-03582
loja,Loja Bairro#11,PES-00523
app,usr_2514be10,PES-05212
crm,100180,PES-01839
app,usr_418ac4e1,PES-03495
crm,100181,PES-00262
crm,100182,PES-04456
crm,100183,PES-03237
crm,100184,PES-03256
loja,Loja Bairro#12,PES-04348
loja,Loja Shopping#20,PES-03565
crm,100185,PES-01711
crm,100186,PES-05647
crm,100187,PES-00009
app,usr_b4ef908b,PES-05536
crm,100188,PES-01635
crm,100189,PES-04706
crm,100190,PES-04845
app,usr_1dfd2e97,PES-02441
app,usr_425eb874,PES-01742
crm,100191,PES-03712
crm,100192,PES-04682
app,usr_2c365674,PES-00507
app,usr_927672e9,PES-03097
app,usr_46b119fb,PES-03395
crm,100193,PES-00750
app,usr_35fdd034,PES-03854
crm,100194,PES-03047
app,usr_adfe9b6c,PES-02965
app,usr_e771f8fb,PES-02033
crm,100195,PES-02606
crm,100196,PES-01797
loja,Loja Shopping#21,PES-05987
app,usr_29350488,PES-05072
crm,100197,PES-03481
app,usr_37d1c559,PES-02817
app,usr_feea77fb,PES-05358
app,usr_75578319,PES-00549
crm,100198,PES-05790
loja,Loja Bairro#13,PES-02854
crm,100199,PES-03122
crm,100200,PES-02979
crm,100201,PES-03284
app,usr_5b416de0,PES-02013
crm,100202,PES-02332
crm,100203,PES-04893
loja,Loja Shopping#22,PES-04314
loja,Loja Shopping#23,PES-02425
app,usr_8625c6bd,PES-02678
crm,100204,PES-02736
crm,100205,PES-00338
crm,100206,PES-03997
app,usr_bfcb2027,PES-01281
app,usr_6ed7ac4c,PES-00402
crm,100207,PES-01274
app,usr_0d590107,PES-03245
crm,100208,PES-05580
app,usr_ce5e2792,PES-00782
crm,100209,PES-00920
app,usr_4f2348e2,PES-01360
crm,100210,PES-01365
crm,100211,PES-00951
app,usr_c01d3da2,PES-05138
crm,100212,PES-05198
crm,100213,PES-04299
crm,100214,PES-01520
crm,100215,PES-01205
crm,100216,PES-03350
app,usr_b126c2e4,PES-05818
crm,100217,PES-01984
app,usr_6aecca98,PES-04974
crm,100218,PES-05753
app,usr_e84add96,PES-03589
app,usr_6ca0c3c5,PES-04850
crm,100219,PES-04932
loja,Loja Shopping#24,PES-02075
crm,100220,PES-01388
crm,100221,PES-02304
crm,100222,PES-03214
loja,Loja Centro#16,PES-05497
loja,Loja Centro#17,PES-03476
app,usr_170a0500,PES-03555
crm,100223,PES-01978
crm,100224,PES-01745
app,usr_2440eaeb,PES-05651
app,usr_6c97f060,PES-04329
app,usr_8a7b41b4,PES-00475
crm,100225,PES-04075
app,usr_dd0df03e,PES-05331
crm,100226,PES-03466
crm,100227,PES-04487
crm,100228,PES-00354
crm,100229,PES-02078
crm,100230,PES-02700
crm,100231,PES-02425
crm,100232,PES-03861
crm,100233,PES-03286
crm,100234,PES-03279
crm,100235,PES-05156
crm,100236,PES-01182
app,usr_c3ac07e5,PES-01302
crm,100237,PES-05004
loja,Loja Bairro#14,PES-04727
app,usr_1ecf9e00,PES-03707
app,usr_28f90775,PES-03813
crm,100238,PES-05362
crm,100239,PES-01257
crm,100240,PES-00908
crm,100241,PES-01019
app,usr_9be003b2,PES-02243
loja,Loja Shopping#25,PES-03535
loja,Loja Centro#18,PES-02950
app,usr_e435369c,PES-00683
crm,100242,PES-00778
app,usr_a9925414,PES-03487
crm,100243,PES-02201
crm,100244,PES-01124
crm,100245,PES-02807
loja,Loja Shopping#26,PES-01989
crm,100246,PES-03092
loja,Loja Centro#19,PES-02004
loja,Loja Shopping#27,PES-04385
app,usr_560daf4c,PES-01861
loja,Loja Centro#20,PES-00196
crm,100247,PES-03817
crm,100248,PES-05599
crm,100249,PES-03306
app,usr_bddb2a72,PES-00990
app,usr_189bea97,PES-05848
crm,100250,PES-00289
crm,100251,PES-05997
crm,100252,PES-00085
crm,100253,PES-00043
app,usr_daa83cdd,PES-01284
app,usr_974f4cdd,PES-03121
crm,100254,PES-02251
crm,100255,PES-02375
crm,100256,PES-05922
app,usr_6f6b29ac,PES-00174
crm,100257,PES-01037
loja,Loja Centro#21,PES-03677
loja,Loja Shopping#28,PES-01016
app,usr_55b23173,PES-00638
crm,100258,PES-01302
app,usr_4b55171f,PES-00580
crm,100259,PES-02275
app,usr_a391d585,PES-05817
app,usr_024ba4c1,PES-04132
app,usr_e6ca42fa,PES-05437
crm,100260,PES-01631
crm,100261,PES-04291
crm,100262,PES-01461
crm,100263,PES-02102
crm,100264,PES-00044
crm,100265,PES-04191
crm,100266,PES-00372
app,usr_bc3ff177,PES-05453
crm,100267,PES-05871
app,usr_ceb9995c,PES-00331
app,usr_23e22fb6,PES-03166
crm,100268,PES-05009
crm,100269,PES-05324
crm,100270,PES-04248
app,usr_6b7d6fa7,PES-02760
crm,100271,PES-02869
app,usr_d21abd90,PES-02164
crm,100272,PES-02426
crm,100273,PES-00962
app,usr_a41b3a03,PES-01562
loja,Loja Shopping#29,PES-00865
crm,100274,PES-01493
crm,100275,PES-02522
crm,100276,PES-02882
crm,100277,PES-03763
crm,100278,PES-05948
app,usr_1e0818bf,PES-02170
crm,100279,PES-03540
crm,100280,PES-01601
loja,Loja Shopping#30,PES-00071
app,usr_15c86d1e,PES-04335
app,usr_c6df154b,PES-03462
app,usr_477fcded,PES-03781
crm,100281,PES-03067
loja,Loja Shopping#31,PES-01198
app,usr_ac06d3d9,PES-02187
crm,100282,PES-05135
loja,Loja Centro#22,PES-00975
crm,100283,PES-05142
crm,100284,PES-02405
crm,100285,PES-00612
app,usr_be27470a,PES-01151
app,usr_35d0f571,PES-05753
app,usr_50259cc0,PES-05329
crm,100286,PES-00288
crm,100287,PES-02606
app,usr_e0764db1,PES-00288
app,usr_8db1feba,PES-05840
app,usr_315aefb4,PES-04158
crm,100288,PES-01572
crm,100289,PES-01053
crm,100290,PES-05719
app,usr_4eaa3b4d,PES-02958
app,usr_872d7135,PES-05022
app,usr_a6e43ee4,PES-02671
crm,100291,PES-01382
crm,100292,PES-04283
loja,Loja Shopping#32,PES-04384
crm,100293,PES-02205
crm,100294,PES-00464
crm,100295,PES-03770
crm,100296,PES-03952
app,usr_8a273dc6,PES-01352
crm,100297,PES-00816
loja,Loja Centro#23,PES-02961
app,usr_4b1ee22d,PES-05880
app,usr_462788e7,PES-01607
loja,Loja Bairro#15,PES-05462
app,usr_7b373e20,PES-02783
crm,100298,PES-02403
app,usr_05bc690e,PES-05160
loja,Loja Centro#24,PES-03034
app,usr_d39a6b30,PES-05065
crm,100299,PES-02769
crm,100300,PES-00741
crm,100301,PES-01587
app,usr_622c6e2a,PES-00151
app,usr_148bcd28,PES-04314
loja,Loja Shopping#33,PES-00554
crm,100302,PES-01574
app,usr_d0028b46,PES-01053
app,usr_be2f1ad3,PES-03712
app,usr_2418712d,PES-04943
crm,100303,PES-00799
crm,100304,PES-03640
app,usr_432f2c94,PES-00318
app,usr_74269b59,PES-03879
app,usr_f80acd2d,PES-05008
loja,Loja Bairro#16,PES-01590
crm,100305,PES-01145
app,usr_666f87df,PES-04246
app,usr_3012b903,PES-05334
app,usr_d54d972c,PES-00592
app,usr_578ef7d7,PES-04102
crm,100306,PES-04303
crm,100307,PES-04689
crm,100308,PES-03721
loja,Loja Shopping#34,PES-04077
app,usr_e92361d1,PES-05021
crm,100309,PES-03759
crm,100310,PES-01990
app,usr_c53adf40,PES-02440
crm,100311,PES-02232
crm,100312,PES-03575
crm,100313,PES-00609
app,usr_e2aefeef,PES-00919
crm,100314,PES-03191
app,usr_61cbcd38,PES-00501
app,usr_148d8134,PES-02029
app,usr_011ef42d,PES-01673
crm,100315,PES-00800
crm,100316,PES-05049
app,usr_19367903,PES-01039
app,usr_a533b40a,PES-05261
crm,100317,PES-01119
crm,100318,PES-05714
app,usr_c3a50462,PES-02203
crm,100319,PES-00132
loja,Loja Shopping#35,PES-03512
app,usr_7c9ba23d,PES-03425
loja,Loja Bairro#17,PES-00150
crm,100320,PES-02498
app,usr_036ad2d7,PES-04349
crm,100321,PES-03684
app,usr_82e486f1,PES-05740
loja,Loja Centro#25,PES-01025
crm,100322,PES-02160
crm,100323,PES-03974
app,usr_b469d17a,PES-02356
loja,Loja Bairro#18,PES-00334
loja,Loja Centro#26,PES-05546
loja,Loja Shopping#36,PES-02049
crm,100324,PES-04486
crm,100325,PES-03211
loja,Loja Centro#27,PES-05475
crm,100326,PES-01912
loja,Loja Shopping#37,PES-03049
app,usr_bfb2c06d,PES-05184
crm,100327,PES-00889
crm,100328,PES-00034
crm,100329,PES-04287
crm,100330,PES-05617
app,usr_2fe702bc,PES-02539
crm,100331,PES-05463
app,usr_01d4f8a0,PES-03259
loja,Loja Shopping#38,PES-03843
app,usr_6372cd3b,PES-00176
crm,100332,PES-04809
app,usr_df019a49,PES-00763
app,usr_fe48b55f,PES-05131
crm,100333,PES-04059
loja,Loja Centro#28,PES-03782
crm,100334,PES-04992
crm,100335,PES-01510
crm,100336,PES-01383
crm,100337,PES-02237
crm,100338,PES-03461
app,usr_77ba341b,PES-04770
app,usr_fec57668,PES-00208
loja,Loja Bairro#19,PES-04997
app,usr_5c2c75ee,PES-00968
loja,Loja Bairro#20,PES-01749
app,usr_fa4c2c65,PES-00606
crm,100339,PES-05183
app,usr_548c29be,PES-04047
app,usr_d9f74b43,PES-00446
crm,100340,PES-03806
loja,Loja Bairro#21,PES-05618
crm,100341,PES-04310
crm,100342,PES-04136
app,usr_d946bc45,PES-03677
loja,Loja Bairro#22,PES-04734
app,usr_ffd57d77,PES-03201
crm,100343,PES-04882
crm,100344,PES-02451
loja,Loja Centro#29,PES-05607
crm,100345,PES-05754
crm,100346,PES-00947
crm,100347,PES-01679
app,usr_b5bba584,PES-02738
crm,100348,PES-00367
app,usr_9e5d7564,PES-04060
crm,100349,PES-04772
crm,100350,PES-00264
loja,Loja Centro#30,PES-05622
crm,100351,PES-01273
loja,Loja Centro#31,PES-01658
app,usr_58152777,PES-04167
crm,100352,PES-04885
app,usr_7cccff15,PES-05441
app,usr_54ef4716,PES-04821
crm,100353,PES-00583
crm,100354,PES-04134
app,usr_9e1eb948,PES-02444
crm,100355,PES-00098
crm,100356,PES-00636
crm,100357,PES-03899
loja,Loja Shopping#39,PES-03200
crm,100358,PES-00067
crm,100359,PES-00712
crm,100360,PES-05314
crm,100361,PES-02107
crm,100362,PES-02629
loja,Loja Shopping#40,PES-01983
app,usr_cb0b4af2,PES-03809
loja,Loja Bairro#23,PES-05678
app,usr_7148e24d,PES-04285
crm,100363,PES-03529
app,usr_37616ee2,PES-01766
loja,Loja Shopping#41,PES-00112
crm,100364,PES-01818
crm,100365,PES-05100
crm,100366,PES-04519
loja,Loja Shopping#42,PES-05546
loja,Loja Bairro#24,PES-00318
crm,100367,PES-03288
loja,Loja Shopping#43,PES-04937
loja,Loja Shopping#44,PES-02920
app,usr_8634a25c,PES-03858
crm,100368,PES-03754
crm,100369,PES-04806
crm,100370,PES-04124
crm,100371,PES-00456
crm,100372,PES-05143
app,usr_54123ebf,PES-04548
crm,100373,PES-03709
loja,Loja Shopping#45,PES-05306
loja,Loja Shopping#46,PES-05411
crm,100374,PES-00073
loja,Loja Shopping#47,PES-01838
crm,100375,PES-02433
crm,100376,PES-00309
crm,100377,PES-04423
app,usr_d21e9a1b,PES-01922
app,usr_505fc809,PES-04634
app,usr_b140a49b,PES-01308
app,usr_61539005,PES-02263
app,usr_cae3595c,PES-03432
app,usr_123f059a,PES-03604
crm,100378,PES-05480
app,usr_67e831aa,PES-04430
crm,100379,PES-05972
loja,Loja Bairro#25,PES-05277
app,usr_c8935ac9,PES-00759
crm,100380,PES-03506
crm,100381,PES-02627
crm,100382,PES-04675
app,usr_be23d257,PES-05241
crm,100383,PES-01218
app,usr_f0f182bd,PES-04803
crm,100384,PES-01668
crm,100385,PES-05106
app,usr_afb87ba5,PES-00175
app,usr_68448688,PES-03118
crm,100386,PES-00627
crm,100387,PES-03578
app,usr_2292badd,PES-00847
loja,Loja Centro#32,PES-03965
loja,Loja Bairro#26,PES-00575
loja,Loja Shopping#48,PES-02421
crm,100388,PES-00723
crm,100389,PES-03477
crm,100390,PES-04433
crm,100391,PES-03055
app,usr_9cfbb622,PES-00656
loja,Loja Bairro#27,PES-01497
loja,Loja Centro#33,PES-05667
app,usr_a5c857e5,PES-02073
crm,100392,PES-00134
app,usr_1a586492,PES-01246
app,usr_583f4d02,PES-03597
app,usr_37000883,PES-01105
loja,Loja Bairro#28,PES-04557
app,usr_809fe299,PES-02868
app,usr_e2603829,PES-00743
loja,Loja Bairro#29,PES-04719
crm,100393,PES-00599
app,usr_ff76de3d,PES-03416
crm,100394,PES-05825
loja,Loja Centro#34,PES-02578
crm,100395,PES-01772
app,usr_7aae6676,PES-02173
app,usr_f98b80a9,PES-05609
app,usr_8c8252eb,PES-03532
crm,100396,PES-03108
loja,Loja Shopping#49,PES-03692
crm,100397,PES-03426
crm,100398,PES-05902
crm,100399,PES-01890
app,usr_a4a58407,PES-04229
app,usr_fbc9ab65,PES-03421
crm,100400,PES-01466
loja,Loja Centro#35,PES-01612
crm,100401,PES-02890
crm,100402,PES-04944
crm,100403,PES-05504
crm,100404,PES-04073
app,usr_d881d131,PES-04024
crm,100405,PES-03901
crm,100406,PES-01883
crm,100407,PES-02422
crm,100408,PES-04403
crm,100409,PES-05019
crm,100410,PES-04376
crm,100411,PES-01158
loja,Loja Centro#36,PES-02398
crm,100412,PES-00913
app,usr_55127d1b,PES-02002
loja,Loja Bairro#30,PES-05955
app,usr_296420a4,PES-02006
app,usr_f8283932,PES-05893
crm,100413,PES-05340
app,usr_28c2ee36,PES-04721
crm,100414,PES-00241
crm,100415,PES-00028
crm,100416,PES-00422
loja,Loja Shopping#50,PES-01550
crm,100417,PES-03527
app,usr_409f1b1d,PES-02855
crm,100418,PES-01873
crm,100419,PES-05091
crm,100420,PES-05706
crm,100421,PES-01126
crm,100422,PES-03882
loja,Loja Bairro#31,PES-01103
loja,Loja Shopping#51,PES-01702
crm,100423,PES-03661
crm,100424,PES-00380
crm,100425,PES-01429
crm,100426,PES-01210
app,usr_c68b61bb,PES-04686
crm,100427,PES-00238
app,usr_2661ddcb,PES-04200
crm,100428,PES-03586
crm,100429,PES-00051
crm,100430,PES-02279
crm,100431,PES-00519
crm,100432,PES-00221
app,usr_94b8d68f,PES-02232
crm,100433,PES-05566
app,usr_4d44f802,PES-01638
crm,100434,PES-02737
crm,100435,PES-05015
app,usr_5053b0ed,PES-04748
crm,100436,PES-00037
crm,100437,PES-05874
crm,100438,PES-01371
app,usr_dbaae3da,PES-03129
crm,100439,PES-04056
loja,Loja Bairro#32,PES-02593
app,usr_24f57669,PES-04859
crm,100440,PES-04065
app,usr_dd8d1ef4,PES-03484
crm,100441,PES-04442
crm,100442,PES-00980
crm,100443,PES-05495
app,usr_35f6812d,PES-01884
crm,100444,PES-03667
app,usr_053a996c,PES-05428
crm,100445,PES-04751
crm,100446,PES-01816
app,usr_1b03bb01,PES-00839
loja,Loja Centro#37,PES-00554
crm,100447,PES-03819
loja,Loja Shopping#52,PES-02108
crm,100448,PES-01176
app,usr_88eb04d5,PES-05932
app,usr_7f5657dd,PES-02347
app,usr_f5d80fc2,PES-02230
crm,100449,PES-03264
crm,100450,PES-05266
app,usr_6b0c76e5,PES-05539
crm,100451,PES-01578
crm,100452,PES-05946
loja,Loja Bairro#33,PES-03377
crm,100453,PES-04725
crm,100454,PES-00439
crm,100455,PES-04010
crm,100456,PES-01122
loja,Loja Shopping#53,PES-04824
crm,100457,PES-05642
crm,100458,PES-05380
app,usr_a6bdd9e7,PES-04032
crm,100459,PES-01646
crm,100460,PES-01116
loja,Loja Shopping#54,PES-01451
app,usr_e09088a3,PES-02633
app,usr_6cef19bd,PES-05591
crm,100461,PES-02909
app,usr_be9a75de,PES-01074
crm,100462,PES-02621
crm,100463,PES-05707
loja,Loja Bairro#34,PES-00604
app,usr_3dcf1db6,PES-05897
crm,100464,PES-03948
app,usr_a2df42f7,PES-02152
crm,100465,PES-04917
crm,100466,PES-03726
crm,100467,PES-05032
app,usr_87f288ad,PES-00153
app,usr_ce348b1a,PES-01906
crm,100468,PES-01767
crm,100469,PES-04998
app,usr_8e37b791,PES-04671
crm,100470,PES-02946
crm,100471,PES-04788
loja,Loja Shopping#55,PES-04649
crm,100472,PES-01960
crm,100473,PES-00153
crm,100474,PES-02282
crm,100475,PES-00025
crm,100476,PES-00985
app,usr_d83d8dfd,PES-00352
crm,100477,PES-03962
loja,Loja Centro#38,PES-03840
app,usr_85fc5109,PES-02292
crm,100478,PES-01665
crm,100479,PES-04630
app,usr_c3651988,PES-03031
app,usr_1c0275e7,PES-02111
crm,100480,PES-02628
app,usr_3449bd0b,PES-02709
crm,100481,PES-02449
loja,Loja Shopping#56,PES-02377
loja,Loja Centro#39,PES-02726
crm,100482,PES-00883
crm,100483,PES-04930
crm,100484,PES-00930
loja,Loja Centro#40,PES-05077
crm,100485,PES-01808
crm,100486,PES-04726
crm,100487,PES-00340
crm,100488,PES-04228
app,usr_2fe6504d,PES-04005
crm,100489,PES-01585
crm,100490,PES-02587
app,usr_efa8cb16,PES-04921
crm,100491,PES-02953
loja,Loja Centro#41,PES-00222
app,usr_1c4eb69e,PES-04345
crm,100492,PES-00610
loja,Loja Shopping#57,PES-03315
loja,Loja Bairro#35,PES-00814
crm,100493,PES-05823
app,usr_e1934d42,PES-04205
crm,100494,PES-02916
app,usr_19a1f5d6,PES-04824
app,usr_4178b11a,PES-00795
crm,100495,PES-03910
app,usr_9ae9855c,PES-01519
crm,100496,PES-03691
app,usr_06b78a1e,PES-04970
app,usr_7919beff,PES-03950
crm,100497,PES-03035
loja,Loja Centro#42,PES-03613
crm,100498,PES-02897
app,usr_dd8b4399,PES-01814
app,usr_cb1d13c3,PES-00613
crm,100499,PES-03949
app,usr_33ceb77a,PES-00168
app,usr_6264da1d,PES-02834
app,usr_aa3d9075,PES-02381
loja,Loja Bairro#36,PES-05637
loja,Loja Shopping#58,PES-01457
app,usr_042c6653,PES-00274
crm,100500,PES-00879
loja,Loja Centro#43,PES-03943
crm,100501,PES-04603
crm,100502,PES-04419
crm,100503,PES-02590
app,usr_721fa7a5,PES-03903
app,usr_76dd65c2,PES-03727
crm,100504,PES-02046
loja,Loja Shopping#59,PES-01505
crm,100505,PES-00971
crm,100506,PES-02208
loja,Loja Bairro#37,PES-00988
crm,100507,PES-02800
crm,100508,PES-00228
crm,100509,PES-00271
crm,100510,PES-00548
crm,100511,PES-00479
crm,100512,PES-04846
loja,Loja Bairro#38,PES-00679
crm,100513,PES-02480
crm,100514,PES-02542
app,usr_917fdb25,PES-00980
crm,100515,PES-05953
crm,100516,PES-04902
crm,100517,PES-02772
app,usr_83d3db71,PES-01071
crm,100518,PES-05522
loja,Loja Centro#44,PES-02412
crm,100519,PES-02258
app,usr_c9d62c62,PES-02037
loja,Loja Bairro#39,PES-04568
loja,Loja Shopping#60,PES-05017
app,usr_f64e80ba,PES-04261
crm,100520,PES-03309
crm,100521,PES-02136
crm,100522,PES-01030
crm,100523,PES-05510
app,usr_7eaded0c,PES-02556
app,usr_7c27c22e,PES-02610
crm,100524,PES-01144
app,usr_930a75db,PES-02439
crm,100525,PES-04700
crm,100526,PES-03019
app,usr_003f3e08,PES-04371
crm,100527,PES-02554
crm,100528,PES-01285
crm,100529,PES-05954
crm,100530,PES-01462
crm,100531,PES-02358
crm,100532,PES-04051
loja,Loja Centro#45,PES-01527
loja,Loja Bairro#40,PES-00761
app,usr_ec0f4610,PES-01218
crm,100533,PES-05663
app,usr_9e14a56e,PES-04669
crm,100534,PES-00569
app,usr_2fd8175e,PES-00387
app,usr_5e9dec66,PES-05721
crm,100535,PES-05610
crm,100536,PES-02030
crm,100537,PES-00500
crm,100538,PES-05079
crm,100539,PES-01563
crm,100540,PES-01968
crm,100541,PES-03584
crm,100542,PES-05298
crm,100543,PES-00644
crm,100544,PES-02861
app,usr_2a891520,PES-02761
crm,100545,PES-04564
app,usr_ff88aa9a,PES-03732
loja,Loja Shopping#61,PES-04037
crm,100546,PES-03906
crm,100547,PES-05203
crm,100548,PES-05595
app,usr_8102dac4,PES-04969
crm,100549,PES-03425
loja,Loja Centro#46,PES-04290
loja,Loja Shopping#62,PES-04204
app,usr_eaab17ac,PES-02068
crm,100550,PES-02944
app,usr_dd30ff1f,PES-01146
crm,100551,PES-02091
crm,100552,PES-03043
app,usr_739ec4fa,PES-05300
loja,Loja Bairro#41,PES-03695
app,usr_d5f6b8b5,PES-01991
app,usr_55b66772,PES-00057
app,usr_a28a3a3c,PES-04639
crm,100553,PES-04777
app,usr_c560360a,PES-01903
crm,100554,PES-02485
app,usr_1479f8d2,PES-00831
crm,100555,PES-04144
crm,100556,PES-04873
app,usr_5371b952,PES-02639
loja,Loja Bairro#42,PES-02237
crm,100557,PES-03108
crm,100558,PES-01347
loja,Loja Centro#47,PES-05173
app,usr_5e91c46a,PES-05484
crm,100559,PES-02172
app,usr_ea83bb17,PES-05993
app,usr_0faa2d37,PES-00572
app,usr_0a5e2990,PES-05690
crm,100560,PES-03994
crm,100561,PES-01152
crm,100562,PES-02569
loja,Loja Centro#48,PES-01727
loja,Loja Shopping#63,PES-04495
app,usr_3061aa76,PES-01642
app,usr_fb177a19,PES-05393
app,usr_92783771,PES-02272
app,usr_704330a0,PES-00762
crm,100563,PES-02933
crm,100564,PES-02281
loja,Loja Bairro#43,PES-04142
app,usr_5a312f44,PES-00062
crm,100565,PES-01386
loja,Loja Bairro#44,PES-02962
app,usr_5bec7895,PES-00358
app,usr_67b5c6b2,PES-01839
crm,100566,PES-00072
crm,100567,PES-05286
crm,100568,PES-03783
crm,100569,PES-05098
app,usr_6011c854,PES-01395
loja,Loja Bairro#45,PES-03433
crm,100570,PES-01787
loja,Loja Shopping#64,PES-00538
crm,100571,PES-04128
crm,100572,PES-04698
crm,100573,PES-01396
crm,100574,PES-01282
crm,100575,PES-03096
loja,Loja Bairro#46,PES-04604
app,usr_e5ab100c,PES-02264
app,usr_60e78479,PES-02023
crm,100576,PES-03315
crm,100577,PES-03444
loja,Loja Centro#49,PES-03968
app,usr_1b9d7137,PES-00443
crm,100578,PES-02193
crm,100579,PES-05326
crm,100580,PES-05031
crm,100581,PES-01634
app,usr_d892c7af,PES-00707
crm,100582,PES-01637
crm,100583,PES-01983
loja,Loja Bairro#47,PES-01574
crm,100584,PES-05644
crm,100585,PES-03343
crm,100586,PES-03231
crm,100587,PES-01603
crm,100588,PES-00007
app,usr_3a7e5724,PES-02387
app,usr_9c4639d1,PES-02395
crm,100589,PES-03228
app,usr_07d1eace,PES-04831
crm,100590,PES-02499
crm,100591,PES-03575
loja,Loja Centro#50,PES-03401
crm,100592,PES-01503
loja,Loja Centro#51,PES-00509
crm,100593,PES-05901
loja,Loja Shopping#65,PES-02060
loja,Loja Bairro#48,PES-04683
loja,Loja Shopping#66,PES-00129
crm,100594,PES-02781
app,usr_816e11c0,PES-05995
crm,100595,PES-01940
crm,100596,PES-03515
app,usr_2b14bf68,PES-03601
crm,100597,PES-03340
crm,100598,PES-03617
app,usr_fd03baaa,PES-02729
crm,100599,PES-02227
app,usr_08716d44,PES-00282
crm,100600,PES-00475
crm,100601,PES-05261
app,usr_fbf5a1a2,PES-03457
crm,100602,PES-04277
app,usr_6d907d23,PES-00892
crm,100603,PES-03577
loja,Loja Shopping#67,PES-00621
crm,100604,PES-01541
crm,100605,PES-01416
app,usr_f62cae5b,PES-04110
crm,100606,PES-00772
app,usr_652dee28,PES-03050
app,usr_369f06df,PES-05584
crm,100607,PES-00246
crm,100608,PES-03319
crm,100609,PES-02489
crm,100610,PES-04062
crm,100611,PES-04854
loja,Loja Bairro#49,PES-00233
crm,100612,PES-00316
crm,100613,PES-03779
crm,100614,PES-02535
crm,100615,PES-04264
crm,100616,PES-02689
app,usr_7744892e,PES-04463
crm,100617,PES-03851
crm,100618,PES-03183
app,usr_7b7242b3,PES-02502
app,usr_a5342cea,PES-04532
crm,100619,PES-03628
crm,100620,PES-00868
crm,100621,PES-01134
crm,100622,PES-00285
crm,100623,PES-00712
app,usr_ac64c4d0,PES-05216
app,usr_faf4dd4c,PES-04328
crm,100624,PES-00313
loja,Loja Bairro#50,PES-04431
app,usr_e9c6055e,PES-00068
app,usr_56db084d,PES-00950
loja,Loja Bairro#51,PES-02309
app,usr_cbe285a2,PES-00093
loja,Loja Bairro#52,PES-05131
crm,100625,PES-02983
app,usr_cd0045ba,PES-01869
app,usr_43dc2b43,PES-01533
crm,100626,PES-01930
crm,100627,PES-04438
app,usr_e91f9da9,PES-00470
crm,100628,PES-03195
crm,100629,PES-00412
crm,100630,PES-03389
loja,Loja Bairro#53,PES-02967
loja,Loja Centro#52,PES-02871
loja,Loja Bairro#54,PES-02852
crm,100631,PES-01620
app,usr_06745cf1,PES-03683
crm,100632,PES-05250
crm,100633,PES-04525
app,usr_2fb22246,PES-00644
crm,100634,PES-00998
crm,100635,PES-03478
crm,100636,PES-04027
app,usr_0f3083ae,PES-00508
crm,100637,PES-04052
crm,100638,PES-00606
crm,100639,PES-03182
crm,100640,PES-04545
crm,100641,PES-04415
crm,100642,PES-00176
loja,Loja Centro#53,PES-02178
loja,Loja Shopping#68,PES-02877
app,usr_372a60d0,PES-00644
crm,100643,PES-02893
app,usr_0327dd95,PES-02935
loja,Loja Centro#54,PES-04390
crm,100644,PES-00082
crm,100645,PES-03791
crm,100646,PES-00542
crm,100647,PES-03843
crm,100648,PES-01536
crm,100649,PES-02487
app,usr_7fd32b29,PES-03701
loja,Loja Shopping#69,PES-05074
crm,100650,PES-04799
app,usr_1fe2013e,PES-01963
crm,100651,PES-05819
crm,100652,PES-03423
loja,Loja Centro#55,PES-04329
crm,100653,PES-02677
crm,100654,PES-03207
crm,100655,PES-02235
app,usr_ca2b09b0,PES-01348
app,usr_a5e16e16,PES-00771
crm,100656,PES-01892
crm,100657,PES-01257
crm,100658,PES-05005
crm,100659,PES-05967
loja,Loja Centro#56,PES-01509
crm,100660,PES-00299
crm,100661,PES-04637
crm,100662,PES-02837
app,usr_1c801faf,PES-05713
crm,100663,PES-04720
crm,100664,PES-04643
crm,100665,PES-02185
crm,100666,PES-02746
crm,100667,PES-04347
loja,Loja Shopping#70,PES-01919
loja,Loja Bairro#55,PES-03246
crm,100668,PES-00033
crm,100669,PES-05980
loja,Loja Shopping#71,PES-01856
crm,100670,PES-05182
app,usr_180aeef1,PES-00969
app,usr_7dc7a176,PES-03942
app,usr_41fecca8,PES-05002
crm,100671,PES-02240
loja,Loja Bairro#56,PES-01188
app,usr_8141bcc4,PES-05831
loja,Loja Bairro#57,PES-04264
loja,Loja Bairro#58,PES-03873
app,usr_b9e89989,PES-03800
app,usr_76ca9e0d,PES-04183
loja,Loja Bairro#59,PES-05311
app,usr_fcc98301,PES-01303
crm,100672,PES-03801
app,usr_f8f25297,PES-02216
crm,100673,PES-05562
crm,100674,PES-00608
loja,Loja Shopping#72,PES-03582
loja,Loja Shopping#73,PES-04695
app,usr_00b549e5,PES-00681
crm,100675,PES-00284
app,usr_342491b4,PES-05194
app,usr_085fe761,PES-02952
crm,100676,PES-00734
crm,100677,PES-04195
crm,100678,PES-02477
crm,100679,PES-03042
loja,Loja Bairro#60,PES-01867
loja,Loja Shopping#74,PES-02287
loja,Loja Centro#57,PES-05803
crm,100680,PES-02509
app,usr_e12b6326,PES-02338
crm,100681,PES-00136
crm,100682,PES-01305
crm,100683,PES-00902
app,usr_840cb6d6,PES-02741
crm,100684,PES-01561
app,usr_076710f7,PES-00736
crm,100685,PES-02813
crm,100686,PES-05176
loja,Loja Shopping#75,PES-02727
crm,100687,PES-00602
crm,100688,PES-00478
crm,100689,PES-00876
loja,Loja Bairro#61,PES-04181
app,usr_4bba6f0c,PES-01795
crm,100690,PES-01948
loja,Loja Bairro#62,PES-03663
crm,100691,PES-00521
app,usr_6776fe0a,PES-01189
app,usr_d06c9a40,PES-02775
crm,100692,PES-02301
app,usr_31cf5155,PES-05304
app,usr_0c5eafd3,PES-03941
crm,100693,PES-02068
crm,100694,PES-03025
app,usr_47d1d177,PES-01847
loja,Loja Centro#58,PES-02265
app,usr_dcc1a1be,PES-05469
crm,100695,PES-05479
app,usr_9bf18bf4,PES-02582
crm,100696,PES-00769
crm,100697,PES-03177
crm,100698,PES-01284
app,usr_1bbf5f15,PES-03808
crm,100699,PES-00675
crm,100700,PES-01595
loja,Loja Centro#59,PES-00862
crm,100701,PES-03141
crm,100702,PES-05117
crm,100703,PES-01150
crm,100704,PES-02990
crm,100705,PES-02069
app,usr_907cd7a4,PES-03743
crm,100706,PES-05199
app,usr_c10115b3,PES-05075
app,usr_49759180,PES-01441
crm,100707,PES-05745
crm,100708,PES-04231
crm,100709,PES-04659
crm,100710,PES-00822
app,usr_e715c30c,PES-00400
crm,100711,PES-05935
loja,Loja Bairro#63,PES-04241
app,usr_3840c888,PES-05778
crm,100712,PES-00482
loja,Loja Shopping#76,PES-03199
crm,100713,PES-00699
app,usr_777f9ae7,PES-03202
app,usr_a8715bc6,PES-00038
crm,100714,PES-00497
app,usr_23ca92d0,PES-01974
crm,100715,PES-00751
app,usr_929e45b1,PES-00309
app,usr_65c97dc8,PES-00617
loja,Loja Centro#60,PES-02544
crm,100716,PES-03744
crm,100717,PES-03394
crm,100718,PES-02003
app,usr_009a1970,PES-04698
crm,100719,PES-00358
crm,100720,PES-05862
crm,100721,PES-01094
crm,100722,PES-00524
app,usr_f9615248,PES-01945
loja,Loja Bairro#64,PES-03547
crm,100723,PES-04374
loja,Loja Shopping#77,PES-05339
crm,100724,PES-03694
app,usr_c81951e9,PES-03818
crm,100725,PES-03064
app,usr_f2d130b2,PES-00916
app,usr_69fbd827,PES-03717
crm,100726,PES-02037
crm,100727,PES-03450
loja,Loja Shopping#78,PES-03963
loja,Loja Shopping#79,PES-02175
crm,100728,PES-04028
app,usr_bd2c7d33,PES-05810
crm,100729,PES-02676
crm,100730,PES-01136
app,usr_7f68b3bb,PES-01548
app,usr_613a8d99,PES-02246
crm,100731,PES-05589
crm,100732,PES-03959
crm,100733,PES-04552
app,usr_9bc4b17f,PES-05702
crm,100734,PES-04114
app,usr_bc3a4ebb,PES-03614
crm,100735,PES-02550
loja,Loja Centro#61,PES-02254
crm,100736,PES-04841
crm,100737,PES-02406
app,usr_7d9e9ee3,PES-04000
crm,100738,PES-05502
app,usr_172e8344,PES-04668
crm,100739,PES-04157
loja,Loja Bairro#65,PES-01668
crm,100740,PES-01366
crm,100741,PES-00996
app,usr_1bbd1eb6,PES-04381
app,usr_51a2fb76,PES-04870
app,usr_7fb7b925,PES-04104
crm,100742,PES-01166
crm,100743,PES-02236
app,usr_0fe1fb2a,PES-03553
app,usr_42c3c7ac,PES-05191
crm,100744,PES-03001
crm,100745,PES-05984
crm,100746,PES-01378
app,usr_1f27d60b,PES-03431
crm,100747,PES-00213
crm,100748,PES-02810
crm,100749,PES-04714
crm,100750,PES-02664
crm,100751,PES-04192
crm,100752,PES-02978
crm,100753,PES-04540
crm,100754,PES-05237
loja,Loja Shopping#80,PES-02187
crm,100755,PES-00775
crm,100756,PES-01606
loja,Loja Bairro#66,PES-00349
crm,100757,PES-05845
crm,100758,PES-01868
crm,100759,PES-03977
app,usr_11e76c72,PES-01598
loja,Loja Shopping#81,PES-05280
crm,100760,PES-04991
crm,100761,PES-05995
app,usr_228bece3,PES-02436
app,usr_f6d6d21e,PES-04092
crm,100762,PES-05697
loja,Loja Bairro#67,PES-02008
loja,Loja Shopping#82,PES-05699
crm,100763,PES-01981
crm,100764,PES-02457
loja,Loja Bairro#68,PES-04462
app,usr_e5a20e81,PES-05132
crm,100765,PES-04604
crm,100766,PES-00942
crm,100767,PES-05457
loja,Loja Bairro#69,PES-01653
loja,Loja Bairro#70,PES-03993
app,usr_2e56872b,PES-01194
app,usr_2cffd2da,PES-05210
loja,Loja Shopping#83,PES-04418
crm,100768,PES-03984
crm,100769,PES-00677
crm,100770,PES-00017
crm,100771,PES-03386
loja,Loja Shopping#84,PES-03113
app,usr_3b6fff5d,PES-03073
crm,100772,PES-05056
crm,100773,PES-01189
crm,100774,PES-02539
app,usr_1192a13a,PES-02545
crm,100775,PES-01201
crm,100776,PES-04652
crm,100777,PES-00102
crm,100778,PES-01052
crm,100779,PES-03522
app,usr_e3babbd9,PES-01920
app,usr_20f4865b,PES-02041
app,usr_29411c75,PES-00399
app,usr_1e3aefaa,PES-03661
crm,100780,PES-01694
app,usr_c7586c12,PES-05976
crm,100781,PES-05425
crm,100782,PES-02334
crm,100783,PES-05448
loja,Loja Bairro#71,PES-01484
app,usr_6432ad4d,PES-04212
crm,100784,PES-03135
crm,100785,PES-05467
crm,100786,PES-00054
crm,100787,PES-05530
crm,100788,PES-02798
crm,100789,PES-02447
loja,Loja Centro#62,PES-01281
crm,100790,PES-03668
crm,100791,PES-01178
loja,Loja Shopping#85,PES-03591
app,usr_38f797b6,PES-04627
app,usr_78f619d3,PES-02892
crm,100792,PES-04444
loja,Loja Bairro#72,PES-02560
crm,100793,PES-05639
crm,100794,PES-00605
app,usr_0d742dd7,PES-02885
loja,Loja Bairro#73,PES-01084
crm,100795,PES-05252
app,usr_4267c17e,PES-01740
crm,100796,PES-05270
app,usr_eca27536,PES-02522
app,usr_85712645,PES-00200
crm,100797,PES-05692
app,usr_8a11e1ff,PES-04089
app,usr_08e3e9c9,PES-03488
app,usr_17153b0c,PES-00608
app,usr_d0075166,PES-01434
app,usr_794973d0,PES-03562
crm,100798,PES-04405
crm,100799,PES-05115
app,usr_4cfa63ae,PES-02178
crm,100800,PES-05045
crm,100801,PES-02163
loja,Loja Shopping#86,PES-04723
crm,100802,PES-04887
app,usr_5e356a27,PES-01320
crm,100803,PES-00093
loja,Loja Bairro#74,PES-05938
app,usr_dce21467,PES-00769
crm,100804,PES-02593
crm,100805,PES-03634
crm,100806,PES-02396
app,usr_b2b66cb7,PES-03301
loja,Loja Shopping#87,PES-00403
app,usr_abd89eb2,PES-05466
app,usr_dadddc3d,PES-01346
crm,100807,PES-01778
loja,Loja Shopping#88,PES-01861
app,usr_bb025ac8,PES-05901
crm,100808,PES-05952
crm,100809,PES-03876
loja,Loja Centro#63,PES-04563
app,usr_337d72ef,PES-04278
app,usr_70cde936,PES-00010
app,usr_43908ad5,PES-03340
app,usr_be2aa1cf,PES-02481
crm,100810,PES-02439
app,usr_2acbb179,PES-05604
crm,100811,PES-04702
app,usr_54171d62,PES-00481
crm,100812,PES-03632
crm,100813,PES-04219
crm,100814,PES-05685
loja,Loja Centro#64,PES-03458
crm,100815,PES-05740
crm,100816,PES-04572
crm,100817,PES-02656
app,usr_71ffdb49,PES-02906
crm,100818,PES-02357
loja,Loja Bairro#75,PES-05048
crm,100819,PES-01980
crm,100820,PES-01048
crm,100821,PES-00018
crm,100822,PES-01976
crm,100823,PES-03563
app,usr_69372d7b,PES-05800
crm,100824,PES-04322
app,usr_dfe04ac0,PES-01819
crm,100825,PES-03461
app,usr_e9522f54,PES-04726
crm,100826,PES-01569
crm,100827,PES-04346
app,usr_d397e949,PES-05299
app,usr_5bbdc416,PES-03990
loja,Loja Bairro#76,PES-02533
crm,100828,PES-01165
app,usr_20d69736,PES-04040
app,usr_f404b1df,PES-05391
crm,100829,PES-01936
loja,Loja Bairro#77,PES-00873
crm,100830,PES-03322
app,usr_067d2c31,PES-04575
crm,100831,PES-03160
crm,100832,PES-05096
crm,100833,PES-03931
crm,100834,PES-03252
crm,100835,PES-04866
crm,100836,PES-00807
app,usr_2384b373,PES-04888
crm,100837,PES-01877
crm,100838,PES-05332
loja,Loja Shopping#89,PES-03509
crm,100839,PES-05981
app,usr_2b682e0c,PES-01299
crm,100840,PES-02613
crm,100841,PES-03297
crm,100842,PES-01261
crm,100843,PES-04557
app,usr_0eaee46e,PES-00961
app,usr_3ab5af83,PES-04748
crm,100844,PES-02494
app,usr_9c17df9d,PES-01018
loja,Loja Shopping#90,PES-01736
crm,100845,PES-04141
crm,100846,PES-04473
crm,100847,PES-02817
crm,100848,PES-04832
crm,100849,PES-04905
crm,100850,PES-04536
crm,100851,PES-04715
crm,100852,PES-00189
loja,Loja Bairro#78,PES-02695
app,usr_41f39cb4,PES-00297
app,usr_bfd76e6c,PES-05709
app,usr_8ba8ca5d,PES-03790
crm,100853,PES-04596
crm,100854,PES-03054
app,usr_12ca037f,PES-05105
app,usr_d6776eff,PES-05668
crm,100855,PES-02625
loja,Loja Shopping#91,PES-01760
crm,100856,PES-05567
crm,100857,PES-03594
app,usr_224a5c29,PES-01290
crm,100858,PES-05720
crm,100859,PES-00701
app,usr_82ce55d5,PES-02695
crm,100860,PES-00670
crm,100861,PES-00706
crm,100862,PES-00678
crm,100863,PES-05044
crm,100864,PES-02044
app,usr_78a258e9,PES-03114
crm,100865,PES-01524
app,usr_d13f024b,PES-02427
crm,100866,PES-04300
crm,100867,PES-05904
crm,100868,PES-03787
loja,Loja Bairro#79,PES-05982
app,usr_14774041,PES-04570
crm,100869,PES-02260
crm,100870,PES-02113
app,usr_6be2ed5c,PES-04814
crm,100871,PES-04527
crm,100872,PES-00458
app,usr_02715848,PES-02371
crm,100873,PES-01891
crm,100874,PES-04078
crm,100875,PES-02945
app,usr_aa4d11f6,PES-02214
crm,100876,PES-05391
crm,100877,PES-03924
app,usr_1ae5d9f1,PES-03764
app,usr_ed404c5d,PES-04795
crm,100878,PES-05830
loja,Loja Shopping#92,PES-00693
crm,100879,PES-02562
crm,100880,PES-04526
app,usr_b3f1c5a4,PES-01743
crm,100881,PES-04656
crm,100882,PES-00725
crm,100883,PES-05242
app,usr_ab0cc2d6,PES-02572
app,usr_c8f776f7,PES-00835
app,usr_936cd19c,PES-01486
crm,100884,PES-01931
app,usr_2a586258,PES-05924
crm,100885,PES-03786
crm,100886,PES-04749
crm,100887,PES-02031
app,usr_715b19e8,PES-01666
loja,Loja Centro#65,PES-01556
loja,Loja Centro#66,PES-02578
crm,100888,PES-05373
app,usr_c2f96d0d,PES-00804
loja,Loja Bairro#80,PES-00011
app,usr_cc41e832,PES-00827
crm,100889,PES-00759
loja,Loja Bairro#81,PES-04544
crm,100890,PES-00410
app,usr_53bb5965,PES-00853
crm,100891,PES-02387
loja,Loja Shopping#93,PES-01633
crm,100892,PES-04971
app,usr_69232545,PES-03275
app,usr_6fb494e3,PES-00092
loja,Loja Bairro#82,PES-00644
app,usr_8e94eadb,PES-05498
loja,Loja Shopping#94,PES-05667
crm,100893,PES-03509
crm,100894,PES-01582
loja,Loja Bairro#83,PES-04584
loja,Loja Shopping#95,PES-03328
crm,100895,PES-05541
crm,100896,PES-02549
crm,100897,PES-00786
crm,100898,PES-03853
crm,100899,PES-05449
loja,Loja Centro#67,PES-03648
app,usr_5f94ffa1,PES-02951
crm,100900,PES-05351
app,usr_87eaef09,PES-01678
loja,Loja Shopping#96,PES-00314
app,usr_37738f5e,PES-03978
crm,100901,PES-02333
crm,100902,PES-03267
loja,Loja Centro#68,PES-04575
crm,100903,PES-03003
crm,100904,PES-04447
app,usr_03d50fc0,PES-03611
app,usr_2e86806a,PES-04537
app,usr_e33a6640,PES-01455
app,usr_494c318e,PES-01220
app,usr_b32e5663,PES-04560
app,usr_90f49344,PES-00395
loja,Loja Centro#69,PES-05990
crm,100905,PES-02804
loja,Loja Centro#70,PES-02921
app,usr_d660843f,PES-04724
app,usr_cdd63bd6,PES-02408
app,usr_f1da2f02,PES-03769
crm,100906,PES-05331
app,usr_ec0562d5,PES-01214
crm,100907,PES-05565
crm,100908,PES-01590
app,usr_4cc694c5,PES-04266
loja,Loja Centro#71,PES-02980
crm,100909,PES-05064
crm,100910,PES-05196
crm,100911,PES-02966
loja,Loja Centro#72,PES-02211
crm,100912,PES-02291
app,usr_e878dc0f,PES-00569
crm,100913,PES-03657
app,usr_ba5a125d,PES-04034
crm,100914,PES-00430
app,usr_36f88dc4,PES-00135
app,usr_ebc8ad68,PES-05189
loja,Loja Bairro#84,PES-01391
crm,100915,PES-04713
app,usr_6bbf2013,PES-04461
crm,100916,PES-03374
crm,100917,PES-03728
crm,100918,PES-05989
app,usr_5eee6a01,PES-03724
app,usr_5fab4c47,PES-02098
app,usr_518cd524,PES-00457
app,usr_cf2c1480,PES-03541
crm,100919,PES-02527
loja,Loja Shopping#97,PES-00705
crm,100920,PES-04174
app,usr_3ad4de49,PES-02061
crm,100921,PES-03940
crm,100922,PES-02730
crm,100923,PES-04187
app,usr_2cedc9d0,PES-01809
loja,Loja Centro#73,PES-05891
app,usr_84894bb3,PES-01845
app,usr_5ffab712,PES-00788
crm,100924,PES-05703
crm,100925,PES-00556
loja,Loja Shopping#98,PES-02519
loja,Loja Bairro#85,PES-03238
crm,100926,PES-01898
crm,100927,PES-01358
crm,100928,PES-01139
app,usr_57d53043,PES-03745
crm,100929,PES-04305
app,usr_8c81d1be,PES-04343
loja,Loja Shopping#99,PES-04349
loja,Loja Centro#74,PES-01256
crm,100930,PES-03631
crm,100931,PES-00682
crm,100932,PES-05780
crm,100933,PES-00434
loja,Loja Shopping#100,PES-00984
app,usr_35aab18b,PES-02884
loja,Loja Centro#75,PES-03229
app,usr_5e621b8e,PES-02453
app,usr_c5355115,PES-03877
crm,100934,PES-00807
crm,100935,PES-03121
crm,100936,PES-02177
app,usr_a84d5237,PES-01871
app,usr_d8956206,PES-04200
app,usr_b9ea8a50,PES-04863
crm,100937,PES-03604
crm,100938,PES-02434
app,usr_c7ecfdc2,PES-00193
crm,100939,PES-00911
crm,100940,PES-01750
crm,100941,PES-04936
loja,Loja Centro#76,PES-04630
crm,100942,PES-05501
crm,100943,PES-04100
crm,100944,PES-05174
crm,100945,PES-04247
crm,100946,PES-01392
crm,100947,PES-00801
app,usr_7e97b555,PES-02920
crm,100948,PES-05942
loja,Loja Centro#77,PES-05204
loja,Loja Bairro#86,PES-02522
app,usr_e2168967,PES-05438
crm,100949,PES-04647
app,usr_8be18ba4,PES-01082
loja,Loja Shopping#101,PES-00586
crm,100950,PES-02423
crm,100951,PES-04649
app,usr_593287f2,PES-01515
app,usr_84e73743,PES-00156
crm,100952,PES-00039
crm,100953,PES-05557
crm,100954,PES-05550
crm,100955,PES-04688
app,usr_37b784e2,PES-01707
crm,100956,PES-02478
crm,100957,PES-05900
crm,100958,PES-05057
app,usr_9a2d18f6,PES-03206
crm,100959,PES-03294
app,usr_81758fb5,PES-03111
app,usr_5bac38ad,PES-00925
crm,100960,PES-05937
crm,100961,PES-01956
crm,100962,PES-02181
app,usr_3c3d30c0,PES-03787
app,usr_4e806a7d,PES-03006
app,usr_9b53b487,PES-04514
crm,100963,PES-04304
loja,Loja Shopping#102,PES-02730
crm,100964,PES-01362
app,usr_4ee2e1be,PES-05417
crm,100965,PES-03705
loja,Loja Shopping#103,PES-03168
app,usr_7bebe296,PES-02643
app,usr_1d3ce35f,PES-02588
crm,100966,PES-03341
app,usr_e92ef60e,PES-00291
app,usr_db6f9221,PES-00999
app,usr_1a4ea95a,PES-00131
crm,100967,PES-05473
crm,100968,PES-01127
app,usr_c090354e,PES-01575
loja,Loja Shopping#104,PES-03408
app,usr_5d77ca26,PES-04648
crm,100969,PES-01875
app,usr_5a9bec41,PES-00541
crm,100970,PES-00259
crm,100971,PES-05051
crm,100972,PES-02771
app,usr_43d2b3e2,PES-05716
loja,Loja Centro#78,PES-01034
loja,Loja Bairro#87,PES-00807
loja,Loja Centro#79,PES-03039
crm,100973,PES-00278
crm,100974,PES-04470
crm,100975,PES-00530
app,usr_32802d32,PES-02276
loja,Loja Centro#80,PES-03537
loja,Loja Centro#81,PES-02580
crm,100976,PES-03568
loja,Loja Bairro#88,PES-00291
crm,100977,PES-02937
crm,100978,PES-04900
loja,Loja Shopping#105,PES-03017
crm,100979,PES-00732
app,usr_c2417a44,PES-02986
app,usr_7b7b00b8,PES-05445
app,usr_88dd586e,PES-02785
crm,100980,PES-00515
app,usr_75c26cbe,PES-04330
app,usr_2f67e9da,PES-03565
crm,100981,PES-04142
crm,100982,PES-00881
crm,100983,PES-03413
app,usr_8024db09,PES-04918
crm,100984,PES-02757
crm,100985,PES-00520
loja,Loja Centro#82,PES-03786
app,usr_28a2a9c1,PES-04787
crm,100986,PES-05983
app,usr_4b3e3057,PES-05794
loja,Loja Centro#83,PES-00141
app,usr_9e922427,PES-03738
crm,100987,PES-00365
app,usr_5cc88f26,PES-05962
crm,100988,PES-03831
crm,100989,PES-04811
crm,100990,PES-04762
crm,100991,PES-01278
crm,100992,PES-02642
crm,100993,PES-05838
crm,100994,PES-03755
loja,Loja Centro#84,PES-01935
crm,100995,PES-02841
crm,100996,PES-02249
crm,100997,PES-04169
app,usr_67582ab4,PES-00724
crm,100998,PES-05596
app,usr_fb510510,PES-02300
app,usr_32b10ac1,PES-03460
crm,100999,PES-00654
loja,Loja Centro#85,PES-01859
crm,101000,PES-02976
crm,101001,PES-04676
crm,101002,PES-04384
crm,101003,PES-00431
crm,101004,PES-03718
crm,101005,PES-04901
crm,101006,PES-05020
crm,101007,PES-03652
loja,Loja Shopping#106,PES-01233
crm,101008,PES-03758
loja,Loja Shopping#107,PES-03730
loja,Loja Centro#86,PES-01069
crm,101009,PES-02507
crm,101010,PES-03874
crm,101011,PES-00765
loja,Loja Centro#87,PES-00428
crm,101012,PES-03325
crm,101013,PES-01465
loja,Loja Shopping#108,PES-00159
app,usr_dfa6d937,PES-05462
loja,Loja Shopping#109,PES-00486
loja,Loja Shopping#110,PES-04582
crm,101014,PES-00229
crm,101015,PES-02896
app,usr_47c9b2be,PES-05213
app,usr_533878c8,PES-00840
crm,101016,PES-04735
crm,101017,PES-01861
app,usr_50ad451a,PES-01474
app,usr_a2b76d53,PES-03650
crm,101018,PES-02543
app,usr_42334660,PES-02141
loja,Loja Centro#88,PES-03828
app,usr_d8b92bd3,PES-01012
crm,101019,PES-05077
crm,101020,PES-04381
app,usr_57fcf5fb,PES-04351
crm,101021,PES-02538
crm,101022,PES-03767
crm,101023,PES-03493
app,usr_f0e32c7f,PES-05854
app,usr_d289b7e2,PES-01376
crm,101024,PES-02521
app,usr_d802b6a7,PES-00975
loja,Loja Centro#89,PES-00452
loja,Loja Centro#90,PES-05583
crm,101025,PES-00467
loja,Loja Centro#91,PES-00124
crm,101026,PES-05368
crm,101027,PES-05490
app,usr_db3d76a1,PES-05197
crm,101028,PES-03680
crm,101029,PES-01288
app,usr_ab3b8986,PES-01684
crm,101030,PES-00352
crm,101031,PES-05222
crm,101032,PES-02834
crm,101033,PES-01057
crm,101034,PES-05921
crm,101035,PES-00827
app,usr_b23824d2,PES-02075
crm,101036,PES-04877
crm,101037,PES-05264
loja,Loja Bairro#89,PES-03607
crm,101038,PES-04977
crm,101039,PES-01715
crm,101040,PES-03586
crm,101041,PES-01450
crm,101042,PES-04817
crm,101043,PES-03904
crm,101044,PES-04137
app,usr_d332ac7f,PES-05454
crm,101045,PES-05136
crm,101046,PES-02064
app,usr_02751cca,PES-03508
loja,Loja Centro#92,PES-03934
app,usr_88beb4a6,PES-01167
app,usr_0fa02ce9,PES-00001
crm,101047,PES-00139
crm,101048,PES-05757
crm,101049,PES-02299
app,usr_391bf7d0,PES-05573
crm,101050,PES-05890
loja,Loja Bairro#90,PES-03935
crm,101051,PES-00979
app,usr_43358410,PES-03557
app,usr_c9483cba,PES-00453
app,usr_2a978935,PES-00972
crm,101052,PES-04883
app,usr_fcfb47a4,PES-04924
crm,101053,PES-05643
loja,Loja Bairro#91,PES-04186
crm,101054,PES-02615
app,usr_83d52334,PES-04758
app,usr_ab737e0c,PES-04755
loja,Loja Bairro#92,PES-04939
app,usr_2c9a9ab0,PES-03300
app,usr_11994f84,PES-05949
crm,101055,PES-00328
app,usr_6ecd7546,PES-04290
app,usr_8a4f5010,PES-00343
crm,101056,PES-02189
app,usr_dd55760c,PES-00482
app,usr_372439cb,PES-02145
crm,101057,PES-01593
app,usr_bc2718df,PES-05319
app,usr_11ad711b,PES-04480
app,usr_9fd75c5f,PES-02309
app,usr_d6f8f2ac,PES-01199
crm,101058,PES-01546
crm,101059,PES-01671
crm,101060,PES-03867
crm,101061,PES-02465
crm,101062,PES-05797
crm,101063,PES-04249
crm,101064,PES-01436
app,usr_63925864,PES-00811
loja,Loja Bairro#93,PES-02743
loja,Loja Shopping#111,PES-03768
crm,101065,PES-05275
crm,101066,PES-05750
crm,101067,PES-05071
loja,Loja Bairro#94,PES-02589
crm,101068,PES-01006
crm,101069,PES-03589
crm,101070,PES-00995
crm,101071,PES-05773
app,usr_7893781c,PES-04456
crm,101072,PES-04042
app,usr_1c6cfc77,PES-04940
loja,Loja Bairro#95,PES-00232
app,usr_d45ed5da,PES-01917
loja,Loja Centro#93,PES-05860
app,usr_05dccbfe,PES-02873
crm,101073,PES-04575
crm,101074,PES-05307
crm,101075,PES-00041
app,usr_59b4fa45,PES-05590
app,usr_d63fd449,PES-03299
crm,101076,PES-02212
crm,101077,PES-03246
app,usr_8ceedf18,PES-00803
crm,101078,PES-01130
crm,101079,PES-05605
app,usr_922f9f9c,PES-01500
loja,Loja Centro#94,PES-04706
crm,101080,PES-05070
loja,Loja Bairro#96,PES-00102
app,usr_ca987e49,PES-00425
crm,101081,PES-02444
loja,Loja Centro#95,PES-02585
crm,101082,PES-00445
app,usr_66387509,PES-04792
app,usr_56d4209f,PES-02020
crm,101083,PES-02340
app,usr_14aa983b,PES-04410
crm,101084,PES-04568
crm,101085,PES-00929
crm,101086,PES-00490
crm,101087,PES-04933
crm,101088,PES-03182
loja,Loja Shopping#112,PES-02068
loja,Loja Centro#96,PES-04790
app,usr_a991a605,PES-02016
app,usr_a7f6766b,PES-03295
loja,Loja Shopping#113,PES-03873
crm,101089,PES-01689
crm,101090,PES-03531
loja,Loja Centro#97,PES-05794
app,usr_71a64acb,PES-02147
loja,Loja Centro#98,PES-01206
crm,101091,PES-00252
crm,101092,PES-00245
app,usr_fc680512,PES-05904
crm,101093,PES-01833
crm,101094,PES-02174
loja,Loja Bairro#97,PES-01667
crm,101095,PES-03436
crm,101096,PES-03743
loja,Loja Shopping#114,PES-00792
loja,Loja Bairro#98,PES-01125
app,usr_807f4627,PES-00306
app,usr_ba82741d,PES-01860
crm,101097,PES-01777
crm,101098,PES-01565
crm,101099,PES-02796
loja,Loja Centro#99,PES-02116
crm,101100,PES-00269
loja,Loja Centro#100,PES-01829
crm,101101,PES-03608
crm,101102,PES-04922
loja,Loja Bairro#99,PES-05768
loja,Loja Shopping#115,PES-01080
loja,Loja Bairro#100,PES-03147
crm,101103,PES-02686
loja,Loja Bairro#101,PES-04222
crm,101104,PES-03500
app,usr_51800546,PES-03232
app,usr_53d20b66,PES-00838
crm,101105,PES-04388
crm,101106,PES-00818
app,usr_a63c734f,PES-04315
crm,101107,PES-05310
crm,101108,PES-05427
crm,101109,PES-05513
crm,101110,PES-01150
app,usr_297fe5a5,PES-02460
crm,101111,PES-01228
loja,Loja Bairro#102,PES-04459
app,usr_e0e91d88,PES-00224
crm,101112,PES-02383
crm,101113,PES-05421
crm,101114,PES-01368
app,usr_363fb169,PES-03662
crm,101115,PES-02456
loja,Loja Centro#101,PES-03550
crm,101116,PES-02725
crm,101117,PES-01322
loja,Loja Bairro#103,PES-03136
app,usr_f3624ab0,PES-04568
loja,Loja Bairro#104,PES-04935
crm,101118,PES-03347
app,usr_97c6b428,PES-02813
crm,101119,PES-05128
crm,101120,PES-00726
app,usr_2fe357d9,PES-03241
crm,101121,PES-01224
app,usr_cca5e19c,PES-02597
app,usr_f3f03dc3,PES-05833
app,usr_728a1aab,PES-05490
app,usr_522e1e1f,PES-05838
app,usr_ec713235,PES-05698
loja,Loja Bairro#105,PES-02925
app,usr_7faeaaa9,PES-05231
app,usr_3a8c54e2,PES-01874
crm,101122,PES-05535
crm,101123,PES-01723
crm,101124,PES-02754
crm,101125,PES-00454
crm,101126,PES-00767
app,usr_5235e63c,PES-01171
loja,Loja Shopping#116,PES-03373
app,usr_95851fd2,PES-00512
app,usr_bd2c5193,PES-05463
crm,101127,PES-03491
app,usr_bc99714c,PES-04056
crm,101128,PES-02010
crm,101129,PES-05907
crm,101130,PES-05865
crm,101131,PES-02293
app,usr_7633765f,PES-03528
crm,101132,PES-02918
crm,101133,PES-03398
loja,Loja Bairro#106,PES-04992
crm,101134,PES-02532
crm,101135,PES-03944
loja,Loja Centro#102,PES-05540
loja,Loja Bairro#107,PES-01385
crm,101136,PES-04956
app,usr_60a4a0dc,PES-00672
loja,Loja Shopping#117,PES-03896
app,usr_e61cb6b5,PES-02887
crm,101137,PES-00643
crm,101138,PES-02168
crm,101139,PES-02917
app,usr_8c1b2410,PES-02018
crm,101140,PES-02809
app,usr_19cc33e8,PES-03375
crm,101141,PES-04035
app,usr_9d0054c5,PES-01123
crm,101142,PES-04178
crm,101143,PES-04518
app,usr_6bf50426,PES-05959
app,usr_cd4410b4,PES-02879
loja,Loja Centro#103,PES-05018
loja,Loja Bairro#108,PES-00867
crm,101144,PES-05781
crm,101145,PES-02975
app,usr_1a9bce74,PES-00325
app,usr_d2a3064c,PES-01013
app,usr_5998b270,PES-01897
crm,101146,PES-05679
loja,Loja Bairro#109,PES-05472
app,usr_2e6415d9,PES-01797
crm,101147,PES-04969
crm,101148,PES-01640
loja,Loja Centro#104,PES-03465
app,usr_5bdac3c0,PES-05364
loja,Loja Centro#105,PES-00620
crm,101149,PES-03888
crm,101150,PES-00675
loja,Loja Shopping#118,PES-03367
crm,101151,PES-01876
crm,101152,PES-02612
crm,101153,PES-02445
crm,101154,PES-01737
app,usr_b1c17a44,PES-01801
crm,101155,PES-05363
crm,101156,PES-00508
app,usr_9c5f28eb,PES-00090
crm,101157,PES-05432
app,usr_11c9b0a1,PES-00963
crm,101158,PES-03612
app,usr_e93e7752,PES-05679
crm,101159,PES-01397
loja,Loja Centro#106,PES-02089
app,usr_72337a5b,PES-04972
crm,101160,PES-02282
crm,101161,PES-02844
loja,Loja Shopping#119,PES-02785
app,usr_7c60a46b,PES-00694
crm,101162,PES-04925
crm,101163,PES-01265
app,usr_cf1394fd,PES-00575
crm,101164,PES-05540
app,usr_2406995c,PES-04550
crm,101165,PES-03926
crm,101166,PES-01267
loja,Loja Bairro#110,PES-05991
loja,Loja Bairro#111,PES-02374
crm,101167,PES-04825
loja,Loja Bairro#112,PES-02599
app,usr_5914b985,PES-00876
loja,Loja Shopping#120,PES-03393
crm,101168,PES-00949
crm,101169,PES-00140
crm,101170,PES-05837
app,usr_1c80e53e,PES-03014
loja,Loja Centro#107,PES-00719
app,usr_49121cc2,PES-00370
crm,101171,PES-00541
crm,101172,PES-00137
crm,101173,PES-03324
app,usr_6afb61bc,PES-04516
crm,101174,PES-01771
crm,101175,PES-04432
crm,101176,PES-05936
app,usr_fde349d5,PES-01800
app,usr_87314d48,PES-04189
loja,Loja Shopping#121,PES-03916
app,usr_93a60941,PES-03784
app,usr_f013608d,PES-05000
loja,Loja Shopping#122,PES-01223
crm,101177,PES-01476
app,usr_09d2fd0b,PES-02327
loja,Loja Bairro#113,PES-04263
crm,101178,PES-01501
crm,101179,PES-00585
loja,Loja Centro#108,PES-01573
crm,101180,PES-01718
loja,Loja Bairro#114,PES-05343
crm,101181,PES-04942
loja,Loja Centro#109,PES-03988
crm,101182,PES-05073
crm,101183,PES-02377
crm,101184,PES-04186
crm,101185,PES-03609
app,usr_8e8b7a55,PES-02988
app,usr_7747fbec,PES-00292
app,usr_7ef5bdf9,PES-00295
app,usr_12cc17d3,PES-04651
loja,Loja Centro#110,PES-05719
crm,101186,PES-01850
crm,101187,PES-00273
loja,Loja Bairro#115,PES-00425
crm,101188,PES-00020
crm,101189,PES-00260
crm,101190,PES-04508
crm,101191,PES-01855
crm,101192,PES-05283
crm,101193,PES-01597
loja,Loja Centro#111,PES-00224
crm,101194,PES-04770
crm,101195,PES-00004
app,usr_ce7e01ce,PES-04030
crm,101196,PES-03000
app,usr_bf3094a3,PES-01714
crm,101197,PES-01185
app,usr_0b9fff6f,PES-00435
app,usr_d5f3fc5e,PES-05029
app,usr_043300da,PES-05695
app,usr_238d8872,PES-01064
crm,101198,PES-00927
app,usr_bcfb89f7,PES-00713
app,usr_8daf9b11,PES-02140
app,usr_1d5307ce,PES-01989
app,usr_412f0146,PES-05100
crm,101199,PES-01340
loja,Loja Bairro#116,PES-03080
crm,101200,PES-01619
app,usr_792b0ee7,PES-05416
app,usr_1fbf1d47,PES-03365
crm,101201,PES-02648
app,usr_7cecc744,PES-04497
crm,101202,PES-00664
app,usr_9716df30,PES-01241
app,usr_9e3960da,PES-01858
crm,101203,PES-01127
loja,Loja Bairro#117,PES-02230
crm,101204,PES-03128
loja,Loja Bairro#118,PES-05792
crm,101205,PES-04899
app,usr_1be445c2,PES-02067
app,usr_ce8e8413,PES-04123
crm,101206,PES-04441
crm,101207,PES-05523
app,usr_5fc6d139,PES-00493
crm,101208,PES-04159
app,usr_1af7b369,PES-04563
app,usr_96bf8c2e,PES-04146
crm,101209,PES-05526
loja,Loja Centro#112,PES-00507
crm,101210,PES-04286
crm,101211,PES-02257
crm,101212,PES-00499
crm,101213,PES-05477
app,usr_0f0d2afe,PES-00624
crm,101214,PES-00659
crm,101215,PES-00461
app,usr_0c74a05d,PES-01554
app,usr_99f7f258,PES-03193
app,usr_c0f9282c,PES-00633
app,usr_ebd66913,PES-01960
crm,101216,PES-04493
crm,101217,PES-03223
app,usr_da8306b3,PES-03947
app,usr_5461087e,PES-03333
loja,Loja Bairro#119,PES-00305
crm,101218,PES-02220
crm,101219,PES-00749
crm,101220,PES-02902
loja,Loja Bairro#120,PES-01101
app,usr_02c1a215,PES-00294
loja,Loja Bairro#121,PES-01163
loja,Loja Shopping#123,PES-03596
crm,101221,PES-05558
app,usr_23b6ff28,PES-01647
app,usr_b7d5047d,PES-01479
app,usr_f4f8b147,PES-00906
app,usr_96544491,PES-00217
app,usr_21d98f36,PES-05945
loja,Loja Bairro#122,PES-02237
crm,101222,PES-05532
crm,101223,PES-00320
app,usr_c2918183,PES-02573
app,usr_a87ef33d,PES-00313
crm,101224,PES-01717
app,usr_79cff3b1,PES-04727
crm,101225,PES-03986
crm,101226,PES-00638
app,usr_9fc5d83e,PES-00582
app,usr_9ab6659e,PES-03429
app,usr_81dd7cea,PES-02320
app,usr_ab89f901,PES-01577
crm,101227,PES-00097
crm,101228,PES-04171
crm,101229,PES-04387
app,usr_e8664430,PES-05611
crm,101230,PES-02029
crm,101231,PES-03785
app,usr_68966075,PES-03762
app,usr_e9561724,PES-05069
crm,101232,PES-05327
loja,Loja Shopping#124,PES-03613
crm,101233,PES-00279
crm,101234,PES-01357
app,usr_0d7482e9,PES-01635
app,usr_b632262f,PES-05938
crm,101235,PES-04337
crm,101236,PES-00094
app,usr_6ed98c54,PES-05644
crm,101237,PES-01644
loja,Loja Shopping#125,PES-05449
loja,Loja Centro#113,PES-02972
loja,Loja Centro#114,PES-05661
app,usr_1249177c,PES-05422
loja,Loja Shopping#126,PES-03024
crm,101238,PES-01972
crm,101239,PES-05672
crm,101240,PES-01334
loja,Loja Shopping#127,PES-01374
app,usr_aa45bb5f,PES-05167
loja,Loja Bairro#123,PES-02468
crm,101241,PES-05715
app,usr_9809a9c2,PES-01379
app,usr_2dbe1ee4,PES-03038
crm,101242,PES-05583
app,usr_16ae2c9b,PES-00655
crm,101243,PES-05160
crm,101244,PES-04151
crm,101245,PES-02399
crm,101246,PES-03489
crm,101247,PES-01329
crm,101248,PES-05786
crm,101249,PES-00112
crm,101250,PES-05826
crm,101251,PES-03273
crm,101252,PES-04967
crm,101253,PES-04979
crm,101254,PES-05145
crm,101255,PES-01666
app,usr_2f76aa35,PES-00653
crm,101256,PES-02873
crm,101257,PES-00852
app,usr_de2f5fa8,PES-04401
loja,Loja Centro#115,PES-00666
crm,101258,PES-03835
crm,101259,PES-01164
crm,101260,PES-00498
crm,101261,PES-03443
app,usr_b7485904,PES-04341
crm,101262,PES-02852
loja,Loja Shopping#128,PES-02210
crm,101263,PES-03072
crm,101264,PES-05036
crm,101265,PES-02863
crm,101266,PES-05367
crm,101267,PES-05586
loja,Loja Bairro#124,PES-04191
crm,101268,PES-04967
app,usr_0d59c395,PES-01907
crm,101269,PES-00005
app,usr_cde3421d,PES-04829
crm,101270,PES-05125
crm,101271,PES-02319
crm,101272,PES-00349
loja,Loja Shopping#129,PES-05548
app,usr_cb5817b9,PES-05722
app,usr_fe8b2ab8,PES-05136
loja,Loja Centro#116,PES-01032
crm,101273,PES-04467
crm,101274,PES-00059
app,usr_47b06cdb,PES-05053
loja,Loja Bairro#125,PES-00975
crm,101275,PES-04224
app,usr_d650b4a6,PES-01516
app,usr_7bc86fa2,PES-03737
crm,101276,PES-01755
crm,101277,PES-00350
crm,101278,PES-02698
crm,101279,PES-03982
app,usr_967f2c63,PES-05853
app,usr_2ba7fbfe,PES-01195
crm,101280,PES-02866
crm,101281,PES-01674
crm,101282,PES-02429
app,usr_879ff047,PES-04098
crm,101283,PES-02420
app,usr_62aa5842,PES-04975
crm,101284,PES-03123
crm,101285,PES-04475
app,usr_981bb2ef,PES-04851
app,usr_4efaa4dd,PES-04050
app,usr_adebc482,PES-02382
crm,101286,PES-04226
crm,101287,PES-03224
loja,Loja Centro#117,PES-00466
loja,Loja Bairro#126,PES-00648
loja,Loja Bairro#127,PES-02740
crm,101288,PES-02058
loja,Loja Shopping#130,PES-01882
crm,101289,PES-01895
loja,Loja Bairro#128,PES-02794
crm,101290,PES-03766
crm,101291,PES-05516
crm,101292,PES-05305
crm,101293,PES-00053
app,usr_fb25cb22,PES-05281
crm,101294,PES-00167
crm,101295,PES-05844
app,usr_1416b770,PES-03839
app,usr_4dc7cf6a,PES-02159
crm,101296,PES-03079
crm,101297,PES-00891
crm,101298,PES-01496
crm,101299,PES-03988
app,usr_cd21fb96,PES-04711
crm,101300,PES-03033
app,usr_777ffd3c,PES-03775
app,usr_05280538,PES-00251
crm,101301,PES-01799
crm,101302,PES-00918
crm,101303,PES-02074
crm,101304,PES-02573
crm,101305,PES-00268
app,usr_e4a1d57a,PES-01222
crm,101306,PES-01482
app,usr_673be328,PES-04390
crm,101307,PES-05621
crm,101308,PES-05531
crm,101309,PES-04678
crm,101310,PES-04512
crm,101311,PES-04476
app,usr_da0d6530,PES-04498
app,usr_0af4da55,PES-05994
crm,101312,PES-04199
crm,101313,PES-04173
crm,101314,PES-05879
crm,101315,PES-02141
crm,101316,PES-02132
crm,101317,PES-03317
app,usr_f8c4fa51,PES-01767
crm,101318,PES-01345
crm,101319,PES-02270
crm,101320,PES-00936
crm,101321,PES-05144
crm,101322,PES-04948
crm,101323,PES-01903
crm,101324,PES-05815
crm,101325,PES-02090
crm,101326,PES-04990
crm,101327,PES-05763
app,usr_efc7d881,PES-05618
loja,Loja Shopping#131,PES-04218
loja,Loja Bairro#129,PES-05879
crm,101328,PES-04549
loja,Loja Shopping#132,PES-05399
crm,101329,PES-04072
app,usr_bf9c378e,PES-02008
app,usr_bc8edbd0,PES-04043
crm,101330,PES-05065
crm,101331,PES-04158
app,usr_efcf239d,PES-02193
crm,101332,PES-03591
crm,101333,PES-02733
app,usr_0d553906,PES-02378
app,usr_a67b2d65,PES-03992
loja,Loja Shopping#133,PES-02131
crm,101334,PES-00730
app,usr_8fcf0bac,PES-04230
crm,101335,PES-00869
app,usr_cbb158be,PES-03296
loja,Loja Bairro#130,PES-01146
crm,101336,PES-03198
crm,101337,PES-00523
crm,101338,PES-05905
crm,101339,PES-00666
crm,101340,PES-01660
loja,Loja Centro#118,PES-05376
crm,101341,PES-01062
crm,101342,PES-04197
loja,Loja Centro#119,PES-01227
crm,101343,PES-04148
crm,101344,PES-03360
crm,101345,PES-04189
crm,101346,PES-05976
loja,Loja Bairro#131,PES-02668
app,usr_b6776afe,PES-01988
crm,101347,PES-03562
app,usr_64150d32,PES-05877
loja,Loja Shopping#134,PES-02910
crm,101348,PES-03724
app,usr_d858be41,PES-01243
loja,Loja Bairro#132,PES-02079
loja,Loja Centro#120,PES-05386
loja,Loja Shopping#135,PES-05676
loja,Loja Centro#121,PES-05544
app,usr_49b0d592,PES-02133
crm,101349,PES-01162
loja,Loja Bairro#133,PES-03893
crm,101350,PES-02617
crm,101351,PES-01926
crm,101352,PES-03448
crm,101353,PES-00292
app,usr_7dd18b0f,PES-02559
app,usr_86f8d8a3,PES-01977
loja,Loja Shopping#136,PES-03336
app,usr_9b5746a8,PES-01947
crm,101354,PES-03226
app,usr_bdfb1004,PES-05150
loja,Loja Centro#122,PES-02802
crm,101355,PES-05704
app,usr_e32ef811,PES-05332
crm,101356,PES-01439
crm,101357,PES-02690
crm,101358,PES-01159
crm,101359,PES-03582
app,usr_98e8fd98,PES-00735
app,usr_f1bbba99,PES-02918
loja,Loja Shopping#137,PES-00441
crm,101360,PES-00364
app,usr_9647b2d6,PES-04636
crm,101361,PES-02295
app,usr_66e52f18,PES-04696
app,usr_0df64243,PES-04614
app,usr_ff330ea2,PES-04359
loja,Loja Centro#123,PES-00360
crm,101362,PES-04450
app,usr_a9a72441,PES-01339
crm,101363,PES-05520
app,usr_2f57c65e,PES-04373
crm,101364,PES-03868
crm,101365,PES-01361
app,usr_ec978222,PES-04436
crm,101366,PES-03384
crm,101367,PES-01591
crm,101368,PES-03066
app,usr_03cc12d1,PES-05554
crm,101369,PES-01088
crm,101370,PES-00014
crm,101371,PES-04064
crm,101372,PES-03653
crm,101373,PES-05938
loja,Loja Bairro#134,PES-03914
crm,101374,PES-04490
app,usr_f59c2269,PES-01618
app,usr_a4e1cc50,PES-04495
crm,101375,PES-04822
app,usr_750122e7,PES-00239
crm,101376,PES-05736
crm,101377,PES-01468
crm,101378,PES-05536
loja,Loja Centro#124,PES-04456
crm,101379,PES-04398
app,usr_d1b1a906,PES-00643
crm,101380,PES-03166
app,usr_fbecaf37,PES-04838
app,usr_c99ccd75,PES-04268
crm,101381,PES-03312
app,usr_85797f9e,PES-00612
loja,Loja Centro#125,PES-04658
app,usr_c5934a35,PES-05090
crm,101382,PES-04507
app,usr_4a0c16e0,PES-02924
app,usr_dd23e540,PES-04641
crm,101383,PES-01862
loja,Loja Shopping#138,PES-01036
loja,Loja Bairro#135,PES-04177
app,usr_470b0eea,PES-00698
app,usr_3160d394,PES-01109
crm,101384,PES-05085
app,usr_d6faab88,PES-02365
app,usr_68a63396,PES-04115
app,usr_7f67f25e,PES-04864
crm,101385,PES-02483
app,usr_c8f8dc9c,PES-04986
app,usr_8d9ece92,PES-01141
crm,101386,PES-05135
crm,101387,PES-04414
crm,101388,PES-01032
crm,101389,PES-04122
app,usr_b20de813,PES-04208
app,usr_4bc0d3ec,PES-03252
crm,101390,PES-01063
crm,101391,PES-05949
crm,101392,PES-02786
crm,101393,PES-05262
loja,Loja Bairro#136,PES-04668
app,usr_98be73e7,PES-02478
crm,101394,PES-03133
crm,101395,PES-05476
crm,101396,PES-01177
app,usr_9359bede,PES-00436
crm,101397,PES-05075
crm,101398,PES-01087
crm,101399,PES-02326
crm,101400,PES-03439
crm,101401,PES-04783
loja,Loja Shopping#139,PES-03190
crm,101402,PES-02067
loja,Loja Bairro#137,PES-02776
app,usr_d6667165,PES-02285
loja,Loja Centro#126,PES-01654
app,usr_0c5a01e1,PES-05064
crm,101403,PES-05543
crm,101404,PES-00652
crm,101405,PES-01583
app,usr_0c68dfe7,PES-04110
crm,101406,PES-04088
crm,101407,PES-05054
crm,101408,PES-00421
crm,101409,PES-01067
app,usr_5c1b52ce,PES-04193
app,usr_7d42c7f0,PES-03512
app,usr_e0fd6540,PES-03459
crm,101410,PES-04298
app,usr_b0b318b8,PES-04908
crm,101411,PES-05805
crm,101412,PES-02596
app,usr_92475de9,PES-05089
crm,101413,PES-02207
crm,101414,PES-03143
crm,101415,PES-03681
loja,Loja Centro#127,PES-02317
loja,Loja Bairro#138,PES-01554
app,usr_f374e556,PES-05328
crm,101416,PES-04581
loja,Loja Shopping#140,PES-03165
app,usr_e9a427ab,PES-05447
crm,101417,PES-04163
crm,101418,PES-01538
app,usr_ac12d995,PES-04354
crm,101419,PES-01456
app,usr_ec513b02,PES-00722
app,usr_93778803,PES-02165
app,usr_db9e6e31,PES-02719
app,usr_f3a1eef5,PES-02527
crm,101420,PES-05788
app,usr_fa58268c,PES-00081
loja,Loja Bairro#139,PES-05011
crm,101421,PES-04569
app,usr_b97595bc,PES-02752
loja,Loja Shopping#141,PES-00986
crm,101422,PES-05146
crm,101423,PES-00234
loja,Loja Bairro#140,PES-01434
crm,101424,PES-04973
app,usr_f12ba0df,PES-00445
crm,101425,PES-01624
crm,101426,PES-01454
crm,101427,PES-02050
crm,101428,PES-01857
crm,101429,PES-01616
loja,Loja Bairro#141,PES-05392
crm,101430,PES-02366
app,usr_11ea41d1,PES-04475
crm,101431,PES-00812
loja,Loja Bairro#142,PES-03530
crm,101432,PES-03731
app,usr_2f20f2cb,PES-03765
crm,101433,PES-03021
crm,101434,PES-04574
crm,101435,PES-05840
app,usr_6e80e7d7,PES-03561
app,usr_6c2341c3,PES-00551
crm,101436,PES-01369
crm,101437,PES-04355
crm,101438,PES-05350
crm,101439,PES-04852
loja,Loja Centro#128,PES-05186
crm,101440,PES-02749
crm,101441,PES-01845
app,usr_0ace88c8,PES-02508
crm,101442,PES-05255
app,usr_57d4abe3,PES-00893
crm,101443,PES-04625
crm,101444,PES-03107
app,usr_351097d9,PES-05166
loja,Loja Centro#129,PES-02063
loja,Loja Centro#130,PES-03208
crm,101445,PES-02476
crm,101446,PES-03146
loja,Loja Bairro#143,PES-01623
crm,101447,PES-03894
crm,101448,PES-02039
loja,Loja Centro#131,PES-05620
app,usr_286f6991,PES-04013
loja,Loja Bairro#144,PES-03419
loja,Loja Shopping#142,PES-02090
crm,101449,PES-04068
crm,101450,PES-03468
app,usr_add599a5,PES-05526
crm,101451,PES-03220
crm,101452,PES-05849
crm,101453,PES-02919
crm,101454,PES-05094
crm,101455,PES-03139
app,usr_6fccb92f,PES-03651
crm,101456,PES-02471
crm,101457,PES-00841
crm,101458,PES-04118
app,usr_a87c2e91,PES-03639
crm,101459,PES-05588
loja,Loja Bairro#145,PES-05423
crm,101460,PES-00884
app,usr_919d7d5c,PES-02841
app,usr_54ac9a88,PES-03274
loja,Loja Shopping#143,PES-04974
crm,101461,PES-03878
app,usr_1a304a35,PES-01667
crm,101462,PES-02034
app,usr_2f84323c,PES-05474
loja,Loja Centro#132,PES-03945
crm,101463,PES-03665
loja,Loja Centro#133,PES-00227
crm,101464,PES-03186
app,usr_c468b5f5,PES-02057
app,usr_9599d381,PES-00971
app,usr_02e25da0,PES-04361
app,usr_2839e3a6,PES-05508
crm,101465,PES-03120
crm,101466,PES-02616
app,usr_24e0bcdf,PES-00077
crm,101467,PES-03123
app,usr_4571fdda,PES-03564
crm,101468,PES-00147
app,usr_a5ee09eb,PES-04458
app,usr_0185a561,PES-05327
crm,101469,PES-03332
app,usr_16169875,PES-00289
crm,101470,PES-03221
app,usr_4773c66f,PES-05292
loja,Loja Centro#134,PES-05752
crm,101471,PES-00973
crm,101472,PES-04353
crm,101473,PES-01753
app,usr_851e24aa,PES-04823
app,usr_c132e260,PES-01957
app,usr_0daabd13,PES-03559
app,usr_ac618991,PES-04979
crm,101474,PES-05988
app,usr_d07ebbc7,PES-02094
crm,101475,PES-04446
app,usr_9a7e7f6b,PES-02269
app,usr_c5723926,PES-02652
loja,Loja Shopping#144,PES-00418
app,usr_6ff87654,PES-03165
crm,101476,PES-02751
app,usr_314fe86a,PES-03215
crm,101477,PES-04495
crm,101478,PES-05076
crm,101479,PES-04857
app,usr_c903c7a3,PES-01674
crm,101480,PES-05003
crm,101481,PES-03643
crm,101482,PES-01685
app,usr_dc8cf6c4,PES-03540
app,usr_d6878d0c,PES-04267
app,usr_9db896bb,PES-02354
crm,101483,PES-00465
app,usr_828dedae,PES-01739
app,usr_fda88723,PES-05019
crm,101484,PES-00665
loja,Loja Shopping#145,PES-00477
crm,101485,PES-01046
loja,Loja Bairro#146,PES-00740
crm,101486,PES-02962
app,usr_b2c92fc5,PES-04732
crm,101487,PES-05638
crm,101488,PES-00074
crm,101489,PES-02336
loja,Loja Bairro#147,PES-05035
crm,101490,PES-01155
loja,Loja Centro#135,PES-00907
loja,Loja Shopping#146,PES-03212
loja,Loja Centro#136,PES-00471
app,usr_248cd17e,PES-02223
crm,101491,PES-03574
app,usr_9f982fe1,PES-03177
app,usr_6d2fdd22,PES-03635
app,usr_ddfab689,PES-03711
app,usr_c8498ae1,PES-04501
app,usr_b91457a7,PES-02195
crm,101492,PES-05224
loja,Loja Bairro#148,PES-05831
app,usr_0b0cc977,PES-04138
crm,101493,PES-00501
crm,101494,PES-01998
crm,101495,PES-04810
app,usr_75aac995,PES-01637
crm,101496,PES-03938
crm,101497,PES-04001
crm,101498,PES-01096
app,usr_efe61fce,PES-05605
crm,101499,PES-02598
crm,101500,PES-02328
crm,101501,PES-02316
app,usr_8d58db4e,PES-03786
crm,101502,PES-04577
crm,101503,PES-00757
crm,101504,PES-05793
app,usr_f828fa47,PES-04096
crm,101505,PES-04321
app,usr_6247cbcb,PES-00115
crm,101506,PES-00143
app,usr_10902a75,PES-01569
crm,101507,PES-03537
crm,101508,PES-03824
crm,101509,PES-01161
app,usr_eb85db60,PES-02987
crm,101510,PES-03641
crm,101511,PES-03445
crm,101512,PES-02368
app,usr_fb4c8021,PES-00286
crm,101513,PES-01047
crm,101514,PES-05218
loja,Loja Centro#137,PES-01182
crm,101515,PES-00462
crm,101516,PES-01527
loja,Loja Shopping#147,PES-04799
app,usr_51b8fe38,PES-04269
app,usr_417f84da,PES-02003
loja,Loja Centro#138,PES-00947
app,usr_c55323a9,PES-03881
crm,101517,PES-01194
crm,101518,PES-03891
crm,101519,PES-04485
loja,Loja Bairro#149,PES-02740
crm,101520,PES-01697
crm,101521,PES-01170
crm,101522,PES-04406
crm,101523,PES-02858
crm,101524,PES-03142
crm,101525,PES-01040
app,usr_75555c97,PES-04399
app,usr_3c2b7c96,PES-00877
crm,101526,PES-04983
crm,101527,PES-04673
loja,Loja Shopping#148,PES-01317
app,usr_da234392,PES-02525
loja,Loja Shopping#149,PES-05455
loja,Loja Bairro#150,PES-03868
app,usr_abe57a24,PES-03311
crm,101528,PES-01883
crm,101529,PES-04154
app,usr_90ab4b27,PES-01933
app,usr_4ee14ebf,PES-04883
app,usr_1c245988,PES-05156
app,usr_c7b61808,PES-03289
crm,101530,PES-01783
crm,101531,PES-05297
crm,101532,PES-05379
app,usr_ef79e161,PES-05999
app,usr_433e8293,PES-02372
app,usr_3480fbf0,PES-01040
crm,101533,PES-03829
loja,Loja Shopping#150,PES-02877
crm,101534,PES-01011
crm,101535,PES-03925
crm,101536,PES-04499
app,usr_8f914330,PES-05062
crm,101537,PES-01781
app,usr_f598fdf0,PES-02206
crm,101538,PES-01202
crm,101539,PES-04150
crm,101540,PES-00239
app,usr_4c3c8551,PES-05960
app,usr_1579a0b2,PES-05805
crm,101541,PES-04619
crm,101542,PES-02561
app,usr_051da7d0,PES-00273
crm,101543,PES-00089
crm,101544,PES-03008
loja,Loja Centro#139,PES-00421
crm,101545,PES-00993
app,usr_89ce82af,PES-02776
app,usr_d99d2956,PES-05933
crm,101546,PES-02839
crm,101547,PES-02503
crm,101548,PES-00710
crm,101549,PES-01902
crm,101550,PES-05038
app,usr_f45e590c,PES-04141
crm,101551,PES-05689
crm,101552,PES-05013
crm,101553,PES-03452
crm,101554,PES-05574
loja,Loja Shopping#151,PES-01209
app,usr_04ddb576,PES-02651
app,usr_c981ae4a,PES-00870
crm,101555,PES-05669
loja,Loja Bairro#151,PES-04345
crm,101556,PES-04091
app,usr_90a6c9a1,PES-00283
app,usr_f4a7e800,PES-02571
crm,101557,PES-02663
app,usr_10c449a4,PES-04944
crm,101558,PES-01289
crm,101559,PES-04108
crm,101560,PES-02388
app,usr_3d272ae0,PES-01955
app,usr_707d2e45,PES-05285
app,usr_10c09070,PES-01176
crm,101561,PES-05602
app,usr_584d73d7,PES-02390
app,usr_c6893792,PES-05251
crm,101562,PES-05578
crm,101563,PES-00093
crm,101564,PES-00260
crm,101565,PES-04856
loja,Loja Shopping#152,PES-02453
crm,101566,PES-02159
crm,101567,PES-00230
app,usr_a9fb6e78,PES-04747
crm,101568,PES-01844
app,usr_1ff85678,PES-04699
crm,101569,PES-03869
crm,101570,PES-05789
crm,101571,PES-02950
loja,Loja Bairro#152,PES-02499
crm,101572,PES-02469
app,usr_0fb7dc30,PES-03671
app,usr_b194a7b5,PES-02996
crm,101573,PES-03069
crm,101574,PES-00119
app,usr_4eedd1df,PES-04273
app,usr_c20c9455,PES-02673
app,usr_f18dae2b,PES-05085
app,usr_833ded9a,PES-03788
crm,101575,PES-01597
app,usr_83a82719,PES-01342
loja,Loja Bairro#153,PES-02057
crm,101576,PES-03278
crm,101577,PES-03475
crm,101578,PES-01695
app,usr_03700384,PES-01160
loja,Loja Bairro#154,PES-00252
crm,101579,PES-03007
crm,101580,PES-05507
app,usr_b235a18f,PES-01910
crm,101581,PES-05112
loja,Loja Centro#140,PES-05583
crm,101582,PES-00494
loja,Loja Bairro#155,PES-03964
crm,101583,PES-04586
app,usr_acd6e0cb,PES-01879
app,usr_19f33824,PES-02766
app,usr_1de182fe,PES-03597
loja,Loja Centro#141,PES-04161
loja,Loja Centro#142,PES-02887
crm,101584,PES-05670
app,usr_f1e2c7dd,PES-01812
crm,101585,PES-02110
app,usr_6830e3e8,PES-03285
crm,101586,PES-04066
crm,101587,PES-01106
loja,Loja Centro#143,PES-01541
loja,Loja Shopping#153,PES-01744
app,usr_3c951b52,PES-03937
crm,101588,PES-05238
app,usr_bc171fcc,PES-05010
crm,101589,PES-01673
app,usr_31adcb1c,PES-01373
crm,101590,PES-04020
crm,101591,PES-00223
loja,Loja Centro#144,PES-01811
crm,101592,PES-04336
app,usr_3d9566e5,PES-00154
crm,101593,PES-05388
crm,101594,PES-02555
crm,101595,PES-01463
crm,101596,PES-03344
crm,101597,PES-01485
app,usr_fb933ab6,PES-00449
crm,101598,PES-02750
crm,101599,PES-02288
crm,101600,PES-02511
crm,101601,PES-05866
crm,101602,PES-03282
loja,Loja Bairro#156,PES-05192
app,usr_4898360a,PES-04181
crm,101603,PES-04745
app,usr_3b72f822,PES-03728
app,usr_457569e9,PES-00235
crm,101604,PES-03497
loja,Loja Bairro#157,PES-01028
app,usr_fcd8a75e,PES-02736
crm,101605,PES-01448
crm,101606,PES-00512
crm,101607,PES-04120
crm,101608,PES-03244
crm,101609,PES-03552
crm,101610,PES-05993
app,usr_ba2b444a,PES-05801
crm,101611,PES-04717
crm,101612,PES-03115
crm,101613,PES-04308
app,usr_4718335d,PES-05781
crm,101614,PES-01355
crm,101615,PES-04140
app,usr_de5987d2,PES-04959
crm,101616,PES-01693
loja,Loja Centro#145,PES-04138
crm,101617,PES-02855
crm,101618,PES-05998
app,usr_2e354496,PES-03305
crm,101619,PES-05384
loja,Loja Shopping#154,PES-02031
loja,Loja Bairro#158,PES-03772
crm,101620,PES-00204
loja,Loja Shopping#155,PES-04198
crm,101621,PES-01232
app,usr_9830a85f,PES-05968
crm,101622,PES-04693
crm,101623,PES-01974
app,usr_9ed11cba,PES-00623
crm,101624,PES-02692
crm,101625,PES-04500
loja,Loja Bairro#159,PES-01316
app,usr_f77ae6fc,PES-01995
crm,101626,PES-02484
loja,Loja Bairro#160,PES-03839
loja,Loja Centro#146,PES-01171
app,usr_eb2cbfa2,PES-03820
crm,101627,PES-04516
crm,101628,PES-00353
app,usr_e51eecd2,PES-00577
crm,101629,PES-02087
crm,101630,PES-04378
crm,101631,PES-00919
app,usr_9ed4034c,PES-05874
crm,101632,PES-01403
crm,101633,PES-01937
crm,101634,PES-05990
loja,Loja Bairro#161,PES-05548
crm,101635,PES-03408
crm,101636,PES-00050
crm,101637,PES-01014
crm,101638,PES-05026
crm,101639,PES-00274
crm,101640,PES-05261
app,usr_2be7f213,PES-00566
loja,Loja Shopping#156,PES-03978
app,usr_87b591c7,PES-02334
crm,101641,PES-01242
loja,Loja Shopping#157,PES-00340
crm,101642,PES-03171
loja,Loja Bairro#162,PES-02544
crm,101643,PES-02889
app,usr_f3f95ffb,PES-03956
crm,101644,PES-02830
crm,101645,PES-00444
crm,101646,PES-02768
crm,101647,PES-03057
app,usr_68b271c8,PES-04365
app,usr_eadc59bd,PES-04244
crm,101648,PES-03247
crm,101649,PES-05651
app,usr_92fa3646,PES-01878
crm,101650,PES-00182
app,usr_6a534c54,PES-01150
app,usr_5a987cb3,PES-05836
app,usr_0bc35682,PES-02315
crm,101651,PES-02415
app,usr_1bf7bfbd,PES-00640
app,usr_b4a232f5,PES-05067
crm,101652,PES-00589
loja,Loja Centro#147,PES-02396
crm,101653,PES-00298
app,usr_06b1ed1f,PES-04546
loja,Loja Bairro#163,PES-01603
crm,101654,PES-03076
app,usr_411d18b2,PES-02795
app,usr_c0deb82d,PES-00533
app,usr_f63457b1,PES-05908
crm,101655,PES-04609
app,usr_53d494e1,PES-00646
loja,Loja Centro#148,PES-04874
crm,101656,PES-02710
app,usr_97369c50,PES-03205
crm,101657,PES-01942
app,usr_efbf6d9f,PES-00509
loja,Loja Shopping#158,PES-02038
crm,101658,PES-01409
app,usr_f99b2fef,PES-02431
loja,Loja Shopping#159,PES-00081
crm,101659,PES-02000
crm,101660,PES-02356
app,usr_e1229fc4,PES-03057
crm,101661,PES-02088
crm,101662,PES-00926
loja,Loja Shopping#160,PES-03114
app,usr_fddc2aee,PES-05819
crm,101663,PES-04872
crm,101664,PES-03950
crm,101665,PES-01985
crm,101666,PES-00057
crm,101667,PES-01611
crm,101668,PES-03428
crm,101669,PES-05929
app,usr_d7f8d658,PES-00406
crm,101670,PES-05646
crm,101671,PES-05650
crm,101672,PES-00449
app,usr_2aea71a2,PES-05510
crm,101673,PES-03886
loja,Loja Bairro#164,PES-01219
crm,101674,PES-05734
app,usr_60493964,PES-03354
crm,101675,PES-00506
app,usr_c50f0d33,PES-02961
crm,101676,PES-00055
app,usr_ab63020b,PES-03921
crm,101677,PES-01872
loja,Loja Bairro#165,PES-02733
app,usr_bd6ecb6f,PES-05361
app,usr_368d67e1,PES-03138
crm,101678,PES-03930
crm,101679,PES-01380
app,usr_0f3cfd3b,PES-05860
app,usr_34dbcd99,PES-05482
crm,101680,PES-04055
app,usr_389a742d,PES-00125
crm,101681,PES-03480
loja,Loja Centro#149,PES-04474
crm,101682,PES-00798
app,usr_c249083e,PES-00615
crm,101683,PES-01174
crm,101684,PES-04437
crm,101685,PES-04670
loja,Loja Centro#150,PES-03901
crm,101686,PES-02702
app,usr_7e60810a,PES-01353
app,usr_ef562c38,PES-03660
crm,101687,PES-03052
crm,101688,PES-01350
app,usr_6fbc5447,PES-01332
crm,101689,PES-01989
app,usr_e22ba032,PES-00970
app,usr_18a52647,PES-05263
app,usr_aa318c97,PES-01046
crm,101690,PES-03103
crm,101691,PES-05035
app,usr_9d775b70,PES-05091
app,usr_9e6eedf2,PES-03669
crm,101692,PES-00135
loja,Loja Bairro#166,PES-04077
crm,101693,PES-03978
crm,101694,PES-04018
crm,101695,PES-02986
crm,101696,PES-05274
crm,101697,PES-05226
crm,101698,PES-05180
crm,101699,PES-00732
crm,101700,PES-03470
crm,101701,PES-01741
app,usr_25639b7a,PES-02208
crm,101702,PES-01581
crm,101703,PES-04172
app,usr_0ad5d395,PES-02255
crm,101704,PES-03041
crm,101705,PES-00633
crm,101706,PES-01128
crm,101707,PES-00249
app,usr_19c3c063,PES-00046
crm,101708,PES-00924
app,usr_9aeb1195,PES-03428
app,usr_ad05690e,PES-03117
app,usr_c086e55f,PES-04113
crm,101709,PES-05213
crm,101710,PES-01246
app,usr_c4ec2468,PES-03976
crm,101711,PES-03091
crm,101712,PES-03465
app,usr_c4358369,PES-01889
crm,101713,PES-01691
crm,101714,PES-00860
app,usr_858bb2c3,PES-03933
crm,101715,PES-04623
crm,101716,PES-04795
crm,101717,PES-01142
app,usr_fea403fd,PES-00770
crm,101718,PES-05145
crm,101719,PES-00175
loja,Loja Shopping#161,PES-05047
crm,101720,PES-02359
crm,101721,PES-04015
crm,101722,PES-00834
app,usr_840d66ba,PES-04967
crm,101723,PES-02558
crm,101724,PES-02803
crm,101725,PES-02690
crm,101726,PES-02022
app,usr_f0d8522a,PES-04301
loja,Loja Bairro#167,PES-04531
loja,Loja Bairro#168,PES-02816
app,usr_aee38c2c,PES-01652
app,usr_4c89682f,PES-04600
crm,101727,PES-03406
crm,101728,PES-04372
app,usr_6f48d6c1,PES-05407
app,usr_3651fb22,PES-02491
crm,101729,PES-05063
crm,101730,PES-04214
app,usr_f7b696f3,PES-03938
app,usr_ce50330c,PES-04555
app,usr_2dddd011,PES-02799
app,usr_9b3b54d5,PES-02053
app,usr_b20c76d9,PES-00042
app,usr_90328234,PES-02720
app,usr_af72636a,PES-01458
crm,101731,PES-05415
app,usr_30cfaf07,PES-02897
crm,101732,PES-01479
crm,101733,PES-03427
crm,101734,PES-04947
crm,101735,PES-03029
app,usr_674794da,PES-02101
crm,101736,PES-02036
app,usr_4de5db43,PES-02202
crm,101737,PES-04986
app,usr_168e674e,PES-03501
crm,101738,PES-02001
app,usr_d3dab611,PES-03403
crm,101739,PES-00593
crm,101740,PES-04135
crm,101741,PES-05676
app,usr_495d6ee1,PES-01472
crm,101742,PES-04801
app,usr_23fb4a41,PES-05357
loja,Loja Bairro#169,PES-00373
crm,101743,PES-04686
app,usr_d33e4695,PES-05039
crm,101744,PES-02011
loja,Loja Centro#151,PES-02534
crm,101745,PES-04402
crm,101746,PES-04432
crm,101747,PES-04325
crm,101748,PES-05320
crm,101749,PES-01543
crm,101750,PES-04533
loja,Loja Shopping#162,PES-04201
crm,101751,PES-05120
loja,Loja Shopping#163,PES-01676
crm,101752,PES-05118
crm,101753,PES-04343
crm,101754,PES-04263
loja,Loja Bairro#170,PES-00805
app,usr_377c1cc8,PES-01014
loja,Loja Shopping#164,PES-00642
crm,101755,PES-03351
crm,101756,PES-00736
crm,101757,PES-00258
crm,101758,PES-01713
loja,Loja Centro#152,PES-01961
crm,101759,PES-04333
crm,101760,PES-00388
crm,101761,PES-00989
loja,Loja Bairro#171,PES-03102
app,usr_2d919cc5,PES-02950
crm,101762,PES-00566
crm,101763,PES-00895
crm,101764,PES-00478
app,usr_8b0dae56,PES-00886
crm,101765,PES-03342
loja,Loja Centro#153,PES-00935
crm,101766,PES-03305
app,usr_18732c1d,PES-03008
crm,101767,PES-00944
crm,101768,PES-05511
crm,101769,PES-01923
crm,101770,PES-02516
app,usr_1126b75a,PES-02066
crm,101771,PES-00107
app,usr_fb4123f8,PES-02917
app,usr_16ccfeef,PES-02860
crm,101772,PES-05936
crm,101773,PES-04871
loja,Loja Bairro#172,PES-03654
app,usr_3208d235,PES-00165
app,usr_e80e84be,PES-05427
crm,101774,PES-05439
loja,Loja Bairro#173,PES-01338
crm,101775,PES-02416
app,usr_b75d768a,PES-05868
crm,101776,PES-01301
app,usr_f4879bec,PES-03741
app,usr_d1039369,PES-04573
crm,101777,PES-01997
app,usr_2cab00a8,PES-03691
loja,Loja Centro#154,PES-04029
crm,101778,PES-05971
crm,101779,PES-01643
app,usr_e5dff346,PES-00773
crm,101780,PES-00091
loja,Loja Shopping#165,PES-03679
crm,101781,PES-00960
crm,101782,PES-00341
crm,101783,PES-05468
crm,101784,PES-02313
app,usr_1399eeab,PES-04389
crm,101785,PES-02634
app,usr_b38496a2,PES-02772
crm,101786,PES-01803
app,usr_b8c10a93,PES-02679
crm,101787,PES-02137
app,usr_3bf4f4cb,PES-04682
app,usr_b26eb2cf,PES-01092
loja,Loja Shopping#166,PES-04824
crm,101788,PES-03504
loja,Loja Centro#155,PES-03495
app,usr_cc5cf8ff,PES-03841
app,usr_3ea77ac3,PES-00628
crm,101789,PES-04262
crm,101790,PES-04250
crm,101791,PES-04853
crm,101792,PES-03390
app,usr_eb369aa3,PES-01536
crm,101793,PES-02688
crm,101794,PES-02014
crm,101795,PES-00943
app,usr_6a180631,PES-04993
loja,Loja Shopping#167,PES-00755
crm,101796,PES-01547
crm,101797,PES-05537
app,usr_3f0816f2,PES-02964
crm,101798,PES-04988
app,usr_ddcf0b8e,PES-00040
crm,101799,PES-04274
crm,101800,PES-02265
crm,101801,PES-05899
app,usr_7913bd20,PES-02297
crm,101802,PES-02591
crm,101803,PES-02502
crm,101804,PES-01413
crm,101805,PES-02793
crm,101806,PES-03320
crm,101807,PES-05848
app,usr_b3546c23,PES-00958
app,usr_73e5a415,PES-02209
app,usr_eaa8f958,PES-05458
app,usr_3dfe3921,PES-01613
crm,101808,PES-02747
crm,101809,PES-02668
crm,101810,PES-03112
crm,101811,PES-01554
crm,101812,PES-02758
crm,101813,PES-01225
crm,101814,PES-04453
crm,101815,PES-01908
crm,101816,PES-03263
crm,101817,PES-03071
crm,101818,PES-02486
app,usr_4831f19d,PES-05530
crm,101819,PES-01548
crm,101820,PES-03542
crm,101821,PES-03250
crm,101822,PES-02179
app,usr_e9ef97e8,PES-04364
crm,101823,PES-00029
app,usr_8c476d91,PES-02565
crm,101824,PES-03968
crm,101825,PES-00574
app,usr_88274863,PES-00183
loja,Loja Shopping#168,PES-05172
crm,101826,PES-03656
crm,101827,PES-02268
crm,101828,PES-03952
app,usr_3dd04f44,PES-04796
app,usr_22ba5d92,PES-01181
app,usr_861afe09,PES-03452
crm,101829,PES-00406
crm,101830,PES-04645
app,usr_0180049c,PES-04564
crm,101831,PES-04711
app,usr_237e852e,PES-04216
crm,101832,PES-02031
crm,101833,PES-03056
crm,101834,PES-02780
crm,101835,PES-03698
crm,101836,PES-02184
loja,Loja Bairro#174,PES-05949
crm,101837,PES-05185
crm,101838,PES-03185
crm,101839,PES-01206
crm,101840,PES-00487
app,usr_b0a1964b,PES-03197
app,usr_8c0febcb,PES-00142
app,usr_b6cb3ee7,PES-01283
crm,101841,PES-01380
app,usr_ace6bcb9,PES-02455
crm,101842,PES-00747
app,usr_70a196e1,PES-00988
crm,101843,PES-03716
crm,101844,PES-00066
crm,101845,PES-02666
crm,101846,PES-01814
app,usr_1391a935,PES-02017
app,usr_7e182b9a,PES-01125
crm,101847,PES-01825
app,usr_6fa0c9e8,PES-02157
crm,101848,PES-03063
crm,101849,PES-05344
loja,Loja Shopping#169,PES-00532
crm,101850,PES-02263
loja,Loja Centro#156,PES-05111
crm,101851,PES-03647
app,usr_8ef8d20d,PES-03853
crm,101852,PES-01793
crm,101853,PES-05518
crm,101854,PES-05950
app,usr_10e0bc8d,PES-02765
loja,Loja Shopping#170,PES-01647
app,usr_1b04059a,PES-00328
loja,Loja Centro#157,PES-02157
app,usr_086f17b1,PES-00278
crm,101855,PES-04672
crm,101856,PES-05803
app,usr_aca3035d,PES-02012
app,usr_c58096f4,PES-00258
crm,101857,PES-02992
app,usr_a8c94cbf,PES-02859
crm,101858,PES-01528
app,usr_2273f9b9,PES-05774
app,usr_bd8d88b0,PES-03242
app,usr_cd3d7eb9,PES-02370
loja,Loja Centro#158,PES-03302
crm,101859,PES-04357
crm,101860,PES-05444
crm,101861,PES-03864
crm,101862,PES-05301
crm,101863,PES-02524
crm,101864,PES-04324
loja,Loja Bairro#175,PES-01206
crm,101865,PES-00489
crm,101866,PES-05345
loja,Loja Shopping#171,PES-04613
loja,Loja Centro#159,PES-01617
crm,101867,PES-01849
app,usr_9d59e366,PES-03645
crm,101868,PES-01517
crm,101869,PES-01154
app,usr_65e72a53,PES-02596
crm,101870,PES-03293
app,usr_83742b6a,PES-03618
crm,101871,PES-04896
app,usr_70ba996e,PES-03476
crm,101872,PES-02149
crm,101873,PES-02572
crm,101874,PES-05762
app,usr_809cecb9,PES-00850
app,usr_3bcba4fe,PES-03081
app,usr_ca7d812a,PES-05513
crm,101875,PES-05359
crm,101876,PES-01709
crm,101877,PES-04417
crm,101878,PES-01672
crm,101879,PES-05776
crm,101880,PES-05046
loja,Loja Shopping#172,PES-01258
app,usr_7be36411,PES-01100
app,usr_77de1ab9,PES-04905
crm,101881,PES-05452
app,usr_1d66c39c,PES-03327
app,usr_075946ac,PES-03037
crm,101882,PES-02096
crm,101883,PES-00114
app,usr_08e6fa38,PES-04241
loja,Loja Shopping#173,PES-01348
crm,101884,PES-01893
crm,101885,PES-03690
crm,101886,PES-02507
crm,101887,PES-01430
crm,101888,PES-01846
crm,101889,PES-00312
crm,101890,PES-02114
app,usr_8702c2cf,PES-00944
crm,101891,PES-04362
crm,101892,PES-01474
crm,101893,PES-03222
crm,101894,PES-04753
crm,101895,PES-04099
crm,101896,PES-03159
crm,101897,PES-00761
app,usr_25f5c101,PES-03180
crm,101898,PES-04058
app,usr_74484982,PES-03679
crm,101899,PES-03147
loja,Loja Shopping#174,PES-00116
loja,Loja Centro#160,PES-03295
crm,101900,PES-00308
app,usr_9e827cf3,PES-00439
app,usr_5f041164,PES-02306
crm,101901,PES-04892
app,usr_ac7121be,PES-05524
app,usr_ec924f27,PES-02229
crm,101902,PES-05316
crm,101903,PES-04948
crm,101904,PES-01782
app,usr_4b8399ad,PES-01999
crm,101905,PES-02492
app,usr_dff2f173,PES-00790
app,usr_58504e7f,PES-00826
app,usr_e7731f2d,PES-04346
crm,101906,PES-01801
loja,Loja Centro#161,PES-03930
crm,101907,PES-02344
crm,101908,PES-05612
loja,Loja Centro#162,PES-02488
app,usr_2a31fe22,PES-04871
loja,Loja Centro#163,PES-02361
crm,101909,PES-02785
app,usr_da5f3dbe,PES-00807
crm,101910,PES-02991
loja,Loja Centro#164,PES-02883
crm,101911,PES-00504
crm,101912,PES-00779
loja,Loja Centro#165,PES-02434
loja,Loja Shopping#175,PES-03412
app,usr_2ca3674b,PES-02717
crm,101913,PES-04386
app,usr_bfd9e385,PES-05692
crm,101914,PES-04728
loja,Loja Centro#166,PES-02274
crm,101915,PES-03358
crm,101916,PES-03697
crm,101917,PES-04105
crm,101918,PES-00437
crm,101919,PES-05354
app,usr_8e8fa47b,PES-05654
crm,101920,PES-00076
app,usr_5decda60,PES-04094
crm,101921,PES-02647
app,usr_1c28c4ab,PES-04695
crm,101922,PES-00199
app,usr_e166b9ba,PES-03131
crm,101923,PES-04166
crm,101924,PES-04598
loja,Loja Centro#167,PES-01629
crm,101925,PES-04348
loja,Loja Shopping#176,PES-02001
loja,Loja Centro#168,PES-04560
app,usr_ee82e0e1,PES-01914
app,usr_785880a5,PES-01247
crm,101926,PES-03881
crm,101927,PES-03830
app,usr_6581b2cc,PES-04255
loja,Loja Centro#169,PES-00096
app,usr_c3817033,PES-00783
crm,101928,PES-01271
app,usr_9a630a42,PES-04854
app,usr_4a546c4a,PES-00884
crm,101929,PES-04251
app,usr_525d45c9,PES-03789
crm,101930,PES-03255
crm,101931,PES-05295
crm,101932,PES-02517
crm,101933,PES-02821
crm,101934,PES-04103
crm,101935,PES-00618
crm,101936,PES-01473
app,usr_993cb229,PES-05764
crm,101937,PES-01944
crm,101938,PES-02930
app,usr_2e9e091f,PES-05958
crm,101939,PES-00084
crm,101940,PES-04780
app,usr_ed46b8c2,PES-01084
crm,101941,PES-04802
loja,Loja Centro#170,PES-03706
crm,101942,PES-02482
app,usr_0cd83a20,PES-00940
app,usr_f1825cf3,PES-00026
app,usr_3bce4b44,PES-04881
crm,101943,PES-02700
crm,101944,PES-03658
crm,101945,PES-00855
loja,Loja Bairro#176,PES-05429
loja,Loja Shopping#177,PES-05731
crm,101946,PES-04950
app,usr_e9be3ba6,PES-02211
crm,101947,PES-03178
crm,101948,PES-00854
crm,101949,PES-05687
app,usr_069443af,PES-04687
loja,Loja Centro#171,PES-00175
loja,Loja Centro#172,PES-02978
loja,Loja Shopping#178,PES-03947
loja,Loja Centro#173,PES-05298
app,usr_f57e4f5c,PES-01266
crm,101950,PES-05812
app,usr_c1648a66,PES-02083
crm,101951,PES-02450
crm,101952,PES-00885
app,usr_78bd094a,PES-00173
app,usr_b8d2f723,PES-05895
crm,101953,PES-04760
app,usr_8167405f,PES-05012
app,usr_9120bc07,PES-01498
app,usr_31390722,PES-03096
loja,Loja Centro#174,PES-04069
crm,101954,PES-01389
crm,101955,PES-05556
app,usr_a5e940b1,PES-03374
app,usr_4ab4cb42,PES-00141
crm,101956,PES-05940
app,usr_da19e291,PES-04176
crm,101957,PES-01179
app,usr_09a7f469,PES-04985
app,usr_2b4fb0a7,PES-03697
crm,101958,PES-01425
crm,101959,PES-03124
app,usr_beca8f29,PES-00024
crm,101960,PES-02363
app,usr_453c030d,PES-00433
app,usr_b528047e,PES-02132
app,usr_5ecd4bd0,PES-01175
app,usr_422bafe5,PES-04528
app,usr_155cf22f,PES-04968
app,usr_edfd4d10,PES-04482
app,usr_b67059c7,PES-02191
loja,Loja Bairro#177,PES-05614
loja,Loja Centro#175,PES-03771
crm,101961,PES-01459
crm,101962,PES-00579
loja,Loja Shopping#179,PES-04813
crm,101963,PES-01114
loja,Loja Centro#176,PES-00953
crm,101964,PES-03138
crm,101965,PES-05963
app,usr_4de55aad,PES-01699
crm,101966,PES-04722
crm,101967,PES-01055
loja,Loja Centro#177,PES-05898
loja,Loja Shopping#180,PES-00722
app,usr_456493e1,PES-03359
app,usr_0841cea1,PES-01648
crm,101968,PES-02043
crm,101969,PES-01297
loja,Loja Shopping#181,PES-01051
crm,101970,PES-00789
crm,101971,PES-04622
crm,101972,PES-01180
crm,101973,PES-00724
crm,101974,PES-05282
crm,101975,PES-05889
crm,101976,PES-03985
app,usr_933a2af9,PES-03678
app,usr_7c3c6307,PES-05232
crm,101977,PES-03048
app,usr_35a94e9e,PES-00878
app,usr_7b241c66,PES-05143
crm,101978,PES-04002
crm,101979,PES-05205
app,usr_7a90c76f,PES-04464
crm,101980,PES-02530
app,usr_83749d28,PES-03419
crm,101981,PES-02329
app,usr_6a07ccd1,PES-03074
crm,101982,PES-05766
app,usr_f966e700,PES-03054
app,usr_8443e133,PES-00311
crm,101983,PES-00150
app,usr_a6a0eb06,PES-05724
loja,Loja Centro#178,PES-01780
app,usr_e26843eb,PES-05188
crm,101984,PES-04744
app,usr_a89ebb6e,PES-00667
crm,101985,PES-04238
crm,101986,PES-01078
crm,101987,PES-04340
crm,101988,PES-02850
crm,101989,PES-03437
crm,101990,PES-05311
crm,101991,PES-04434
loja,Loja Shopping#182,PES-02694
crm,101992,PES-03538
app,usr_2698d1ee,PES-01893
crm,101993,PES-05584
crm,101994,PES-04282
app,usr_d976294c,PES-02298
loja,Loja Bairro#178,PES-03643
crm,101995,PES-04582
crm,101996,PES-04289
crm,101997,PES-02865
loja,Loja Centro#179,PES-05606
crm,101998,PES-03841
loja,Loja Centro#180,PES-00411
loja,Loja Bairro#179,PES-05039
app,usr_e9378e9a,PES-02384
loja,Loja Centro#181,PES-05086
app,usr_b684e8ab,PES-02641
crm,101999,PES-03829
app,usr_1401c796,PES-01953
crm,102000,PES-05209
crm,102001,PES-05741
crm,102002,PES-04898
crm,102003,PES-01740
app,usr_fe1ddabd,PES-05450
crm,102004,PES-01208
loja,Loja Bairro#180,PES-01591
app,usr_cd02e799,PES-04187
loja,Loja Bairro#181,PES-01095
loja,Loja Centro#182,PES-03967
app,usr_cde628d8,PES-03827
loja,Loja Shopping#183,PES-01381
crm,102005,PES-02961
crm,102006,PES-03053
loja,Loja Centro#183,PES-02450
crm,102007,PES-02546
app,usr_07f46f75,PES-02630
crm,102008,PES-00806
app,usr_41c088f8,PES-02131
app,usr_2200c46b,PES-03960
crm,102009,PES-02032
app,usr_36744e0e,PES-01490
app,usr_741e2986,PES-01741
app,usr_4f2f8d53,PES-03618
loja,Loja Shopping#184,PES-04110
crm,102010,PES-01084
crm,102011,PES-05735
loja,Loja Shopping#185,PES-00494
crm,102012,PES-05437
crm,102013,PES-05728
app,usr_1e1150df,PES-02575
app,usr_2d8db894,PES-04168
app,usr_a8eaef61,PES-00720
loja,Loja Bairro#182,PES-02622
loja,Loja Bairro#183,PES-05496
app,usr_0c3b1a6a,PES-05808
crm,102014,PES-02669
loja,Loja Shopping#186,PES-04254
crm,102015,PES-03757
crm,102016,PES-04076
app,usr_9ce3f621,PES-05499
crm,102017,PES-02419
app,usr_171a053d,PES-01326
app,usr_6a8ffa91,PES-04576
crm,102018,PES-01173
loja,Loja Shopping#187,PES-02769
crm,102019,PES-01447
loja,Loja Bairro#184,PES-00914
loja,Loja Bairro#185,PES-02593
app,usr_f752a077,PES-03734
crm,102020,PES-04551
crm,102021,PES-04267
app,usr_b6fccebf,PES-05202
crm,102022,PES-05338
app,usr_b589b3ce,PES-00526
crm,102023,PES-01193
crm,102024,PES-04155
crm,102025,PES-00688
loja,Loja Centro#184,PES-02802
app,usr_c1e5f01c,PES-02708
crm,102026,PES-00429
crm,102027,PES-03216
app,usr_3885c990,PES-01478
crm,102028,PES-03802
crm,102029,PES-04843
app,usr_175b573b,PES-03126
app,usr_cf823ad0,PES-02774
crm,102030,PES-04984
crm,102031,PES-02294
app,usr_348c3c31,PES-03161
crm,102032,PES-02406
app,usr_34454e87,PES-02616
loja,Loja Bairro#186,PES-03002
loja,Loja Centro#185,PES-03557
crm,102033,PES-04061
crm,102034,PES-03296
app,usr_ab2e73b5,PES-02647
app,usr_89685463,PES-02352
crm,102035,PES-04723
crm,102036,PES-05315
loja,Loja Shopping#188,PES-01173
app,usr_e01c7fa6,PES-04069
app,usr_4991f91b,PES-03146
crm,102037,PES-01909
crm,102038,PES-01792
app,usr_c89f486b,PES-01483
crm,102039,PES-02233
app,usr_d10c75a6,PES-00303
crm,102040,PES-04451
app,usr_d320b6b0,PES-03010
crm,102041,PES-05126
app,usr_8bb90d63,PES-03088
app,usr_09b8c935,PES-02479
crm,102042,PES-04921
crm,102043,PES-00373
loja,Loja Centro#186,PES-03163
loja,Loja Bairro#187,PES-01344
app,usr_72e62340,PES-04321
crm,102044,PES-02389
app,usr_44450b99,PES-03195
crm,102045,PES-03649
crm,102046,PES-04927
app,usr_4b2fa554,PES-03538
crm,102047,PES-02984
crm,102048,PES-01652
loja,Loja Shopping#189,PES-00352
loja,Loja Shopping#190,PES-04622
crm,102049,PES-02931
crm,102050,PES-00742
app,usr_ab38f379,PES-05723
crm,102051,PES-03933
crm,102052,PES-02493
crm,102053,PES-01878
crm,102054,PES-02718
crm,102055,PES-00473
loja,Loja Shopping#191,PES-02699
crm,102056,PES-05962
app,usr_7f9fd4f3,PES-04536
loja,Loja Shopping#192,PES-00993
app,usr_eafbad87,PES-01990
crm,102057,PES-05560
crm,102058,PES-03084
crm,102059,PES-02846
app,usr_36f686f4,PES-00621
crm,102060,PES-04690
crm,102061,PES-03456
app,usr_7d2ea17b,PES-03583
app,usr_8884f8fa,PES-01386
crm,102062,PES-03253
loja,Loja Shopping#193,PES-05329
crm,102063,PES-04929
app,usr_5cf1a3f6,PES-05602
crm,102064,PES-03543
crm,102065,PES-02283
app,usr_8909e41c,PES-04451
crm,102066,PES-03848
loja,Loja Bairro#188,PES-04412
loja,Loja Bairro#189,PES-05939
crm,102067,PES-05124
crm,102068,PES-05121
app,usr_a1dbad06,PES-03352
crm,102069,PES-00764
loja,Loja Bairro#190,PES-02643
crm,102070,PES-00550
loja,Loja Centro#187,PES-02790
loja,Loja Centro#188,PES-04467
app,usr_ce5a7203,PES-05325
crm,102071,PES-02021
crm,102072,PES-05378
loja,Loja Bairro#191,PES-03958
app,usr_ee6e96fa,PES-04284
crm,102073,PES-01865
loja,Loja Centro#189,PES-02633
crm,102074,PES-05700
loja,Loja Bairro#192,PES-01199
crm,102075,PES-02815
loja,Loja Centro#190,PES-05041
app,usr_167d9e19,PES-03733
app,usr_db17ca69,PES-02487
crm,102076,PES-03619
loja,Loja Bairro#193,PES-00964
loja,Loja Centro#191,PES-02849
crm,102077,PES-02513
app,usr_a4d50540,PES-04240
crm,102078,PES-01621
loja,Loja Centro#192,PES-04243
crm,102079,PES-03155
crm,102080,PES-02862
app,usr_24963c93,PES-05591
crm,102081,PES-05166
app,usr_ed3fad4a,PES-03104
crm,102082,PES-00894
app,usr_7c7f2d98,PES-01144
app,usr_e9c3185e,PES-05886
app,usr_1dbbcf56,PES-02009
crm,102083,PES-03366
crm,102084,PES-04607
crm,102085,PES-03745
app,usr_b52001f6,PES-00164
crm,102086,PES-04769
crm,102087,PES-04170
app,usr_58d0b181,PES-03888
crm,102088,PES-00886
loja,Loja Centro#193,PES-05711
crm,102089,PES-03530
loja,Loja Shopping#194,PES-04234
app,usr_b26c919e,PES-02614
crm,102090,PES-03460
app,usr_16cd0a57,PES-01512
app,usr_bf1791bc,PES-05733
crm,102091,PES-02973
app,usr_e8975af3,PES-03048
crm,102092,PES-01423
crm,102093,PES-04074
app,usr_06c350e3,PES-03999
crm,102094,PES-05322
app,usr_e4ddb8cb,PES-05478
loja,Loja Centro#194,PES-02366
crm,102095,PES-03797
crm,102096,PES-02339
crm,102097,PES-00955
crm,102098,PES-03259
crm,102099,PES-04911
crm,102100,PES-03998
app,usr_084797db,PES-04196
crm,102101,PES-02920
app,usr_8186cfe4,PES-04946
app,usr_d6beab1c,PES-05862
app,usr_6d327aa8,PES-00949
crm,102102,PES-03807
crm,102103,PES-02374
crm,102104,PES-01696
crm,102105,PES-02928
app,usr_7fc1d05f,PES-02025
crm,102106,PES-02566
loja,Loja Centro#195,PES-03005
loja,Loja Shopping#195,PES-01586
crm,102107,PES-04589
crm,102108,PES-03195
app,usr_c4f9936b,PES-00222
loja,Loja Centro#196,PES-05914
app,usr_de0ed169,PES-01453
crm,102109,PES-01641
crm,102110,PES-04039
app,usr_02d9c04d,PES-02981
loja,Loja Centro#197,PES-02475
app,usr_c6b3e098,PES-00519
crm,102111,PES-01856
crm,102112,PES-02035
crm,102113,PES-05538
app,usr_953ef2b3,PES-04737
loja,Loja Bairro#194,PES-02907
crm,102114,PES-03729
crm,102115,PES-05895
crm,102116,PES-03317
crm,102117,PES-01860
app,usr_e5e5511d,PES-04689
crm,102118,PES-04504
crm,102119,PES-04858
crm,102120,PES-03567
app,usr_55d55f50,PES-04596
crm,102121,PES-05765
loja,Loja Centro#198,PES-00088
app,usr_55b5ca95,PES-02413
crm,102122,PES-04541
crm,102123,PES-00071
crm,102124,PES-02790
crm,102125,PES-03486
crm,102126,PES-03989
crm,102127,PES-00303
app,usr_a961ac76,PES-04394
crm,102128,PES-01519
app,usr_0851e3dc,PES-03922
crm,102129,PES-03715
crm,102130,PES-05958
crm,102131,PES-04764
crm,102132,PES-02277
app,usr_489872c0,PES-04083
app,usr_8c91b081,PES-00872
crm,102133,PES-00202
app,usr_3edabfc0,PES-01466
crm,102134,PES-02206
crm,102135,PES-05025
app,usr_2fb1c9db,PES-01815
crm,102136,PES-00842
app,usr_110d403a,PES-04529
app,usr_1801ce30,PES-05316
app,usr_b7b16b6c,PES-04268
loja,Loja Shopping#196,PES-01390
app,usr_a47d54c5,PES-04157
crm,102137,PES-01377
crm,102138,PES-04494
crm,102139,PES-03431
loja,Loja Centro#199,PES-00123
loja,Loja Centro#200,PES-04806
loja,Loja Centro#201,PES-04858
app,usr_eaa7700c,PES-04716
crm,102140,PES-03484
crm,102141,PES-05496
loja,Loja Shopping#197,PES-01406
crm,102142,PES-02764
app,usr_a805b08b,PES-03776
crm,102143,PES-02410
crm,102144,PES-04699
app,usr_a1130ab0,PES-01701
crm,102145,PES-00179
crm,102146,PES-01141
app,usr_65a6704f,PES-04869
crm,102147,PES-03020
crm,102148,PES-05664
crm,102149,PES-01432
app,usr_187e12ee,PES-00034
app,usr_207693d4,PES-03315
crm,102150,PES-00078
loja,Loja Shopping#198,PES-00317
app,usr_bf684c41,PES-04413
app,usr_127f29d5,PES-02047
crm,102151,PES-05021
app,usr_d8fbd344,PES-04250
crm,102152,PES-03229
loja,Loja Centro#202,PES-04394
crm,102153,PES-01000
crm,102154,PES-03355
app,usr_7d39f806,PES-00424
crm,102155,PES-04335
app,usr_145583e0,PES-01450
app,usr_280786e5,PES-04486
crm,102156,PES-03295
crm,102157,PES-01880
loja,Loja Centro#203,PES-00459
app,usr_953dd3d8,PES-00596
crm,102158,PES-05459
crm,102159,PES-05575
app,usr_a13862be,PES-03105
app,usr_02adda51,PES-05832
app,usr_6953fbf4,PES-00846
crm,102160,PES-00793
crm,102161,PES-04712
app,usr_51b1f68e,PES-04692
app,usr_185570c4,PES-01881
app,usr_aed728b2,PES-03766
crm,102162,PES-01427
crm,102163,PES-00893
app,usr_901593c8,PES-01094
app,usr_4fda41c4,PES-04225
crm,102164,PES-04101
loja,Loja Bairro#195,PES-04626
app,usr_fe5e47f2,PES-04418
app,usr_be94fa47,PES-05221
loja,Loja Bairro#196,PES-04410
crm,102165,PES-02111
app,usr_fe9588d5,PES-03334
app,usr_c73c857f,PES-03149
crm,102166,PES-05305
app,usr_99cdbe42,PES-03708
crm,102167,PES-01562
crm,102168,PES-00984
crm,102169,PES-00916
loja,Loja Centro#204,PES-03439
loja,Loja Centro#205,PES-05503
crm,102170,PES-02343
app,usr_6abcf44c,PES-00651
app,usr_dfc299ad,PES-00144
crm,102171,PES-05710
app,usr_abf7f94d,PES-02882
app,usr_84e96caf,PES-03115
crm,102172,PES-05040
app,usr_95f116b3,PES-00596
app,usr_e2069e8b,PES-01976
crm,102173,PES-00392
crm,102174,PES-00997
loja,Loja Bairro#197,PES-02346
app,usr_5b753a3a,PES-03929
crm,102175,PES-05141
crm,102176,PES-05561
app,usr_3d8fbc7a,PES-05919
crm,102177,PES-03188
crm,102178,PES-01764
crm,102179,PES-00348
loja,Loja Shopping#199,PES-00240
app,usr_fa5d64f7,PES-02781
app,usr_eab8afeb,PES-04362
app,usr_730150e1,PES-04703
crm,102180,PES-00396
app,usr_d5825105,PES-04986
app,usr_ca2eaace,PES-03345
crm,102181,PES-00203
crm,102182,PES-05148
crm,102183,PES-01674
crm,102184,PES-05749
crm,102185,PES-01359
app,usr_40abe01d,PES-05455
app,usr_61e590f7,PES-04926
app,usr_fde9c544,PES-03981
loja,Loja Shopping#200,PES-02737
crm,102186,PES-05323
app,usr_b2fb9d1f,PES-02875
app,usr_29520c50,PES-02712
app,usr_40a70356,PES-05717
crm,102187,PES-00261
crm,102188,PES-03465
crm,102189,PES-05065
loja,Loja Shopping#201,PES-05385
crm,102190,PES-03799
crm,102191,PES-01091
loja,Loja Shopping#202,PES-03213
app,usr_e3aebc49,PES-05955
app,usr_b7439051,PES-04535
crm,102192,PES-00630
loja,Loja Shopping#203,PES-05708
crm,102193,PES-05621
app,usr_a8712c69,PES-00513
crm,102194,PES-02844
crm,102195,PES-01221
app,usr_2beedadd,PES-01826
crm,102196,PES-00657
crm,102197,PES-04235
crm,102198,PES-05626
crm,102199,PES-04458
app,usr_71e3a7cc,PES-04978
loja,Loja Centro#206,PES-01848
loja,Loja Centro#207,PES-03948
crm,102200,PES-03537
app,usr_2d68616f,PES-01514
crm,102201,PES-04464
app,usr_4a36f3ba,PES-00728
crm,102202,PES-00945
loja,Loja Centro#208,PES-04744
crm,102203,PES-05333
app,usr_faf98240,PES-03600
loja,Loja Bairro#198,PES-02629
app,usr_efa115a2,PES-04766
loja,Loja Centro#209,PES-00354
crm,102204,PES-02515
crm,102205,PES-03722
app,usr_3b9bedba,PES-03240
crm,102206,PES-04919
crm,102207,PES-00166
crm,102208,PES-01757
app,usr_cac71735,PES-05374
app,usr_a5460f61,PES-01487
app,usr_5b3e1af0,PES-00252
crm,102209,PES-04816
crm,102210,PES-05816
crm,102211,PES-00552
crm,102212,PES-04550
app,usr_17e8fc2a,PES-01424
loja,Loja Centro#210,PES-03062
app,usr_3d8f7276,PES-01001
crm,102213,PES-01807
crm,102214,PES-04884
crm,102215,PES-05684
app,usr_e6bb9b2c,PES-00935
crm,102216,PES-04213
app,usr_1a0f6391,PES-00861
loja,Loja Shopping#204,PES-02806
loja,Loja Centro#211,PES-00005
app,usr_4965263a,PES-05343
app,usr_b1151289,PES-05669
loja,Loja Centro#212,PES-01958
loja,Loja Centro#213,PES-04904
crm,102217,PES-03111
crm,102218,PES-00200
crm,102219,PES-02814
app,usr_ff26c6df,PES-01898
crm,102220,PES-03430
loja,Loja Shopping#205,PES-04569
crm,102221,PES-00773
crm,102222,PES-01932
app,usr_f6835a58,PES-04672
crm,102223,PES-03870
app,usr_840cf42a,PES-01162
app,usr_e3b34ace,PES-03461
crm,102224,PES-00948
crm,102225,PES-03417
crm,102226,PES-04011
loja,Loja Bairro#199,PES-02777
crm,102227,PES-00336
app,usr_610a9aeb,PES-02940
crm,102228,PES-04636
loja,Loja Centro#214,PES-02570
crm,102229,PES-02309
app,usr_b9cd879f,PES-03125
crm,102230,PES-00393
app,usr_206e804b,PES-01021
crm,102231,PES-00061
crm,102232,PES-02717
app,usr_9f241525,PES-04422
crm,102233,PES-05342
app,usr_ad30d3fd,PES-01335
crm,102234,PES-01251
app,usr_924ddf43,PES-02825
crm,102235,PES-02949
crm,102236,PES-05168
crm,102237,PES-03939
crm,102238,PES-05588
crm,102239,PES-05162
crm,102240,PES-03046
crm,102241,PES-05606
crm,102242,PES-04510
app,usr_07e41850,PES-02747
crm,102243,PES-05491
crm,102244,PES-05743
crm,102245,PES-01219
app,usr_8c0293f1,PES-05971
app,usr_4d454021,PES-00187
loja,Loja Shopping#206,PES-05143
crm,102246,PES-05868
crm,102247,PES-03627
loja,Loja Bairro#200,PES-01083
crm,102248,PES-04266
crm,102249,PES-00941
loja,Loja Centro#215,PES-03043
app,usr_a451969d,PES-01649
crm,102250,PES-03854
crm,102251,PES-02452
crm,102252,PES-05733
crm,102253,PES-03379
crm,102254,PES-00438
crm,102255,PES-04309
crm,102256,PES-03588
crm,102257,PES-03083
crm,102258,PES-02851
loja,Loja Bairro#201,PES-02483
loja,Loja Bairro#202,PES-00575
crm,102259,PES-01489
crm,102260,PES-04327
crm,102261,PES-04124
crm,102262,PES-02481
crm,102263,PES-01566
crm,102264,PES-01982
loja,Loja Shopping#207,PES-04401
app,usr_d32ce871,PES-01002
crm,102265,PES-04737
crm,102266,PES-01207
crm,102267,PES-04635
app,usr_d72db628,PES-04574
crm,102268,PES-00391
crm,102269,PES-03844
crm,102270,PES-00083
app,usr_efac05f4,PES-00727
app,usr_4a0a181a,PES-03391
crm,102271,PES-03760
loja,Loja Bairro#203,PES-03759
app,usr_2ec36144,PES-04328
crm,102272,PES-05811
crm,102273,PES-04461
crm,102274,PES-03603
loja,Loja Bairro#204,PES-01268
loja,Loja Centro#216,PES-02005
crm,102275,PES-03274
crm,102276,PES-01722
app,usr_0c7228af,PES-01099
app,usr_6bb8eb63,PES-04553
crm,102277,PES-01111
crm,102278,PES-03332
crm,102279,PES-00466
crm,102280,PES-00484
loja,Loja Bairro#205,PES-03737
crm,102281,PES-01671
crm,102282,PES-05050
crm,102283,PES-01700
crm,102284,PES-00956
app,usr_60d9f69f,PES-02041
crm,102285,PES-01054
app,usr_86087b9d,PES-04335
loja,Loja Bairro#206,PES-04515
app,usr_59070a20,PES-03648
crm,102286,PES-05978
crm,102287,PES-03625
loja,Loja Centro#217,PES-03664
crm,102288,PES-05171
loja,Loja Bairro#207,PES-03541
loja,Loja Shopping#208,PES-01425
app,usr_21b7cbc8,PES-03863
loja,Loja Centro#218,PES-01726
app,usr_34a3a4c7,PES-01675
crm,102289,PES-01821
loja,Loja Shopping#209,PES-00591
app,usr_2f21fe65,PES-00249
crm,102290,PES-04022
app,usr_cc0e3124,PES-00904
app,usr_8e63a73c,PES-05470
crm,102291,PES-05577
crm,102292,PES-01726
crm,102293,PES-01244
loja,Loja Centro#219,PES-05857
app,usr_cf108c15,PES-05489
crm,102294,PES-03836
app,usr_a4604602,PES-03100
app,usr_2d53f092,PES-05291
crm,102295,PES-05578
app,usr_38731d7e,PES-05624
crm,102296,PES-00280
app,usr_f70d4791,PES-00438
app,usr_f042cd2c,PES-01452
crm,102297,PES-00866
crm,102298,PES-05726
crm,102299,PES-01800
crm,102300,PES-02013
crm,102301,PES-03688
app,usr_7068f5d1,PES-00600
app,usr_c619c5b8,PES-02149
crm,102302,PES-03298
crm,102303,PES-04694
crm,102304,PES-00190
app,usr_b191e57b,PES-01973
crm,102305,PES-01021
app,usr_112d06c2,PES-00896
crm,102306,PES-01614
crm,102307,PES-02345
crm,102308,PES-05107
crm,102309,PES-04946
loja,Loja Bairro#208,PES-03135
crm,102310,PES-04209
app,usr_0e71ebc3,PES-01748
crm,102311,PES-03402
crm,102312,PES-02364
app,usr_f6b05599,PES-00545
crm,102313,PES-04396
crm,102314,PES-01748
crm,102315,PES-01939
crm,102316,PES-04379
crm,102317,PES-03781
loja,Loja Bairro#209,PES-02608
loja,Loja Centro#220,PES-01157
loja,Loja Shopping#210,PES-02832
crm,102318,PES-04007
crm,102319,PES-04616
loja,Loja Shopping#211,PES-04339
crm,102320,PES-04367
crm,102321,PES-01215
app,usr_ed4a3936,PES-01407
crm,102322,PES-05549
crm,102323,PES-01499
crm,102324,PES-02182
app,usr_5d5e7f3b,PES-01110
app,usr_c26dff95,PES-00910
app,usr_d8360df2,PES-01520
app,usr_1fbbbd5c,PES-04757
loja,Loja Centro#221,PES-04006
crm,102325,PES-00198
crm,102326,PES-03747
app,usr_8427134c,PES-02832
app,usr_ac749d36,PES-03729
app,usr_1dd156de,PES-04491
crm,102327,PES-01181
app,usr_2bac19a9,PES-00451
crm,102328,PES-04773
crm,102329,PES-04098
crm,102330,PES-02840
app,usr_df1baa4c,PES-00300
crm,102331,PES-00871
crm,102332,PES-00052
crm,102333,PES-05888
crm,102334,PES-00862
app,usr_ee3268c5,PES-00717
crm,102335,PES-02009
crm,102336,PES-01875
crm,102337,PES-04633
crm,102338,PES-02594
app,usr_11e6865d,PES-04705
app,usr_679049f4,PES-00377
crm,102339,PES-05140
app,usr_79f2a1da,PES-02625
crm,102340,PES-02683
app,usr_5d947ca8,PES-04711
loja,Loja Bairro#210,PES-02741
crm,102341,PES-00770
crm,102342,PES-03866
loja,Loja Centro#222,PES-00527
crm,102343,PES-00804
crm,102344,PES-05027
crm,102345,PES-03911
crm,102346,PES-04515
crm,102347,PES-00185
crm,102348,PES-00696
crm,102349,PES-02654
crm,102350,PES-00690
crm,102351,PES-00505
app,usr_d8ca490a,PES-05541
app,usr_33a30f53,PES-04977
crm,102352,PES-05385
crm,102353,PES-03903
crm,102354,PES-02649
crm,102355,PES-02130
crm,102356,PES-04826
app,usr_3211822d,PES-02051
app,usr_a3a5d24d,PES-03499
app,usr_4e3d140a,PES-01990
crm,102357,PES-02138
loja,Loja Shopping#212,PES-04539
app,usr_2f7e1403,PES-05503
app,usr_2334c9a4,PES-01024
crm,102358,PES-05053
crm,102359,PES-02219
app,usr_465d107a,PES-02886
loja,Loja Bairro#211,PES-00288
loja,Loja Shopping#213,PES-03888
crm,102360,PES-00972
app,usr_fd90fcc7,PES-03160
crm,102361,PES-03359
crm,102362,PES-05751
crm,102363,PES-01570
crm,102364,PES-04591
app,usr_14224eee,PES-03012
crm,102365,PES-01706
app,usr_211b8049,PES-00111
app,usr_20f9aad3,PES-03009
app,usr_105cd4e4,PES-04385
loja,Loja Bairro#212,PES-01728
crm,102366,PES-00457
crm,102367,PES-00698
app,usr_05c68176,PES-04038
loja,Loja Centro#223,PES-05527
loja,Loja Centro#224,PES-01582
crm,102368,PES-01131
app,usr_15c36d4f,PES-00597
loja,Loja Shopping#214,PES-04537
app,usr_87b29217,PES-02802
crm,102369,PES-05551
loja,Loja Shopping#215,PES-00456
loja,Loja Shopping#216,PES-05657
app,usr_931a195f,PES-01784
crm,102370,PES-03626
crm,102371,PES-01308
app,usr_d407e2b3,PES-03550
crm,102372,PES-04562
crm,102373,PES-05505
crm,102374,PES-02847
app,usr_f9f6b5b9,PES-01665
crm,102375,PES-02085
loja,Loja Shopping#217,PES-05449
loja,Loja Shopping#218,PES-01016
crm,102376,PES-01187
app,usr_eddda036,PES-01286
app,usr_2e3966f1,PES-00413
crm,102377,PES-03235
crm,102378,PES-00863
crm,102379,PES-03703
loja,Loja Centro#225,PES-02259
app,usr_9febf5fd,PES-05634
app,usr_77abd067,PES-05420
crm,102380,PES-05232
app,usr_8187019e,PES-03920
app,usr_3f99aa87,PES-00542
crm,102381,PES-01973
crm,102382,PES-05296
crm,102383,PES-00208
app,usr_f7743ce7,PES-02021
crm,102384,PES-04692
crm,102385,PES-05023
crm,102386,PES-03856
loja,Loja Bairro#213,PES-05870
loja,Loja Shopping#219,PES-03832
crm,102387,PES-02169
loja,Loja Centro#226,PES-05289
app,usr_e228e523,PES-05711
crm,102388,PES-02109
app,usr_ced07de6,PES-02623
crm,102389,PES-00642
app,usr_d335d66a,PES-03124
crm,102390,PES-04084
app,usr_714a0b36,PES-00785
app,usr_d34e1304,PES-05607
crm,102391,PES-03971
crm,102392,PES-00003
app,usr_845d28d2,PES-03243
crm,102393,PES-03239
crm,102394,PES-05593
crm,102395,PES-01725
app,usr_762947cd,PES-03044
app,usr_a89f4032,PES-00446
app,usr_84c432d9,PES-03846
crm,102396,PES-04053
crm,102397,PES-05715
loja,Loja Centro#227,PES-03945
app,usr_c9d87e4d,PES-00510
app,usr_840683b7,PES-04011
crm,102398,PES-02970
crm,102399,PES-01768
crm,102400,PES-04757
crm,102401,PES-01788
loja,Loja Shopping#220,PES-00434
loja,Loja Centro#228,PES-02029
crm,102402,PES-02404
app,usr_232e2000,PES-04839
loja,Loja Shopping#221,PES-00407
loja,Loja Centro#229,PES-03546
crm,102403,PES-03181
crm,102404,PES-00600
app,usr_3b140f22,PES-02533
crm,102405,PES-02787
crm,102406,PES-04664
app,usr_f57d4a77,PES-02737
crm,102407,PES-02080
app,usr_a57222b5,PES-03591
app,usr_7fdac82f,PES-00253
crm,102408,PES-01387
crm,102409,PES-04850
app,usr_0f4da6cf,PES-00568
crm,102410,PES-05916
app,usr_2b285cc4,PES-00441
crm,102411,PES-05688
app,usr_4c2aa267,PES-03527
crm,102412,PES-03086
crm,102413,PES-00694
crm,102414,PES-00452
crm,102415,PES-01426
app,usr_321e4166,PES-01481
crm,102416,PES-00048
crm,102417,PES-05131
crm,102418,PES-04416
crm,102419,PES-01796
crm,102420,PES-05641
app,usr_d19837d2,PES-02188
app,usr_68b1b689,PES-05353
loja,Loja Centro#230,PES-05536
loja,Loja Centro#231,PES-01518
crm,102421,PES-03637
app,usr_e0f7948e,PES-03537
app,usr_be12ae4a,PES-03806
app,usr_7a80ecd7,PES-04367
app,usr_60a6c6f1,PES-01982
crm,102422,PES-02773
crm,102423,PES-05931
crm,102424,PES-04407
crm,102425,PES-04578
loja,Loja Centro#232,PES-04958
app,usr_ba1348e9,PES-02337
crm,102426,PES-04895
loja,Loja Shopping#222,PES-00007
loja,Loja Bairro#214,PES-05226
crm,102427,PES-04143
loja,Loja Centro#233,PES-01667
crm,102428,PES-02093
crm,102429,PES-03521
crm,102430,PES-04739
crm,102431,PES-04559
crm,102432,PES-03772
app,usr_54cbecff,PES-04461
crm,102433,PES-05834
crm,102434,PES-05711
app,usr_819da8bd,PES-05033
loja,Loja Bairro#215,PES-02892
loja,Loja Bairro#216,PES-04404
app,usr_e52ac1b9,PES-01867
app,usr_f3cd5c94,PES-04407
app,usr_c729aa95,PES-05024
app,usr_bfc6590d,PES-02816
app,usr_4c99aa20,PES-05918
app,usr_8f9fcddd,PES-00201
app,usr_69238d8e,PES-02341
crm,102435,PES-01393
crm,102436,PES-00564
app,usr_f31a6c35,PES-05746
crm,102437,PES-05395
crm,102438,PES-03110
loja,Loja Centro#234,PES-05634
crm,102439,PES-00360
crm,102440,PES-00604
app,usr_faca5b77,PES-04527
app,usr_718e1498,PES-03548
crm,102441,PES-03580
app,usr_e3fc9384,PES-04095
crm,102442,PES-05828
crm,102443,PES-02012
crm,102444,PES-00345
app,usr_89a3a03a,PES-01733
crm,102445,PES-01901
app,usr_7b94208c,PES-03132
app,usr_49248cfc,PES-02893
crm,102446,PES-00265
app,usr_ad2b08ed,PES-01762
crm,102447,PES-03923
crm,102448,PES-00138
app,usr_e18e6de8,PES-01174
crm,102449,PES-03464
crm,102450,PES-00015
crm,102451,PES-03767
crm,102452,PES-03348
app,usr_7427f1c9,PES-02665
crm,102453,PES-01963
crm,102454,PES-01401
crm,102455,PES-03912
crm,102456,PES-05229
crm,102457,PES-03880
loja,Loja Shopping#223,PES-04672
crm,102458,PES-04747
loja,Loja Shopping#224,PES-05238
app,usr_7960500b,PES-04203
loja,Loja Shopping#225,PES-00137
crm,102459,PES-04462
crm,102460,PES-00105
app,usr_f327b039,PES-03456
loja,Loja Centro#235,PES-00016
app,usr_803f6a28,PES-04961
crm,102461,PES-05915
crm,102462,PES-03400
loja,Loja Centro#236,PES-03649
crm,102463,PES-01604
app,usr_ffd2b242,PES-04733
crm,102464,PES-03825
app,usr_6358d6b3,PES-00945
crm,102465,PES-01237
crm,102466,PES-01915
app,usr_81d42832,PES-00379
loja,Loja Bairro#217,PES-03300
app,usr_2faaa196,PES-01850
app,usr_0023e9fb,PES-03167
app,usr_a6f4a22f,PES-04654
crm,102467,PES-05705
crm,102468,PES-03855
crm,102469,PES-01927
crm,102470,PES-05481
crm,102471,PES-03900
crm,102472,PES-03966
loja,Loja Bairro#218,PES-03139
crm,102473,PES-05887
crm,102474,PES-01443
crm,102475,PES-03028
loja,Loja Centro#237,PES-01638
crm,102476,PES-05371
crm,102477,PES-04968
app,usr_9867aa6f,PES-03086
app,usr_4ae64518,PES-02411
app,usr_fea060b2,PES-01624
app,usr_05957986,PES-03483
crm,102478,PES-04454
crm,102479,PES-00587
crm,102480,PES-01281
crm,102481,PES-02789
app,usr_f60f01c1,PES-00348
crm,102482,PES-02361
crm,102483,PES-02607
crm,102484,PES-00529
crm,102485,PES-00598
crm,102486,PES-03458
crm,102487,PES-05352
loja,Loja Shopping#226,PES-03451
loja,Loja Shopping#227,PES-01719
crm,102488,PES-04754
crm,102489,PES-02741
app,usr_10d1f169,PES-00879
crm,102490,PES-05975
app,usr_b27acd07,PES-02464
app,usr_c930fd3c,PES-00485
app,usr_819033b5,PES-01594
crm,102491,PES-01280
crm,102492,PES-00070
crm,102493,PES-04880
crm,102494,PES-01356
app,usr_8d225b65,PES-02968
crm,102495,PES-01773
loja,Loja Bairro#219,PES-05791
crm,102496,PES-00858
crm,102497,PES-01001
app,usr_28a92833,PES-04204
app,usr_67bd7851,PES-05772
loja,Loja Bairro#220,PES-00955
crm,102498,PES-01886
app,usr_aa411ce9,PES-04827
crm,102499,PES-03388
crm,102500,PES-02977
app,usr_6e47fecd,PES-01383
app,usr_367b5fa5,PES-00817
app,usr_bcb5e801,PES-03084
app,usr_53a298d7,PES-04447
crm,102501,PES-04363
app,usr_cc4283b0,PES-05094
app,usr_2ec2f62a,PES-03585
loja,Loja Shopping#228,PES-02367
app,usr_65426be7,PES-00689
crm,102502,PES-01808
loja,Loja Centro#238,PES-03750
loja,Loja Bairro#221,PES-03773
crm,102503,PES-00848
crm,102504,PES-04568
crm,102505,PES-05677
loja,Loja Centro#239,PES-03742
crm,102506,PES-04109
crm,102507,PES-02365
crm,102508,PES-02929
crm,102509,PES-05284
crm,102510,PES-01262
crm,102511,PES-00503
crm,102512,PES-04563
app,usr_e2e982cd,PES-01873
crm,102513,PES-00825
app,usr_3e5ef1b3,PES-01582
crm,102514,PES-02092
crm,102515,PES-00414
app,usr_6715a57c,PES-04333
crm,102516,PES-02289
crm,102517,PES-05599
crm,102518,PES-02432
app,usr_70a52d0f,PES-00280
crm,102519,PES-02269
crm,102520,PES-01214
crm,102521,PES-05598
crm,102522,PES-00353
app,usr_04a416a1,PES-04949
loja,Loja Centro#240,PES-03457
app,usr_e62e3540,PES-01732
app,usr_0689a060,PES-03961
crm,102523,PES-03784
loja,Loja Bairro#222,PES-00560
crm,102524,PES-04184
app,usr_f9844eed,PES-04875
crm,102525,PES-01508
crm,102526,PES-01881
app,usr_8381e74c,PES-04691
app,usr_ccc61e93,PES-05434
crm,102527,PES-04765
app,usr_6833a543,PES-03405
crm,102528,PES-00708
crm,102529,PES-05381
app,usr_85d402ac,PES-00158
loja,Loja Centro#241,PES-04914
crm,102530,PES-02435
loja,Loja Shopping#229,PES-05237
app,usr_858e1ddc,PES-05555
crm,102531,PES-03328
app,usr_a34536c6,PES-05276
crm,102532,PES-05300
app,usr_c02f9e63,PES-05963
app,usr_6869ced0,PES-02499
crm,102533,PES-01904
crm,102534,PES-00565
loja,Loja Shopping#230,PES-03156
crm,102535,PES-01831
loja,Loja Centro#242,PES-02742
app,usr_9d693c33,PES-00354
crm,102536,PES-03502
app,usr_15dd2586,PES-01402
crm,102537,PES-05758
crm,102538,PES-05893
crm,102539,PES-05927
app,usr_ee541bd2,PES-00415
crm,102540,PES-01879
loja,Loja Centro#243,PES-05022
crm,102541,PES-02228
crm,102542,PES-03714
app,usr_776a3d56,PES-03743
crm,102543,PES-01943
crm,102544,PES-03592
crm,102545,PES-02215
crm,102546,PES-05195
crm,102547,PES-02630
crm,102548,PES-04952
crm,102549,PES-03700
crm,102550,PES-03765
crm,102551,PES-02072
crm,102552,PES-00337
app,usr_7c271ee8,PES-00408
crm,102553,PES-01098
app,usr_068a6d17,PES-04507
app,usr_b86cffd7,PES-03413
app,usr_12925627,PES-02861
loja,Loja Bairro#223,PES-05110
app,usr_0117bc13,PES-04834
app,usr_4f75b0f8,PES-01422
app,usr_8853620c,PES-05739
loja,Loja Bairro#224,PES-00250
crm,102554,PES-01952
crm,102555,PES-02303
app,usr_0bc6eb58,PES-04746
loja,Loja Bairro#225,PES-02264
app,usr_21ce7552,PES-02144
crm,102556,PES-00180
crm,102557,PES-04976
crm,102558,PES-01344
app,usr_f24f40dd,PES-02932
crm,102559,PES-02820
app,usr_8f164da3,PES-02331
app,usr_05dfb1e7,PES-00301
crm,102560,PES-00407
app,usr_8fc646fa,PES-02739
loja,Loja Bairro#226,PES-02139
crm,102561,PES-03570
crm,102562,PES-05796
crm,102563,PES-00010
app,usr_5c1c3664,PES-02606
app,usr_0d78e925,PES-05169
crm,102564,PES-01042
app,usr_41873d94,PES-03164
crm,102565,PES-02232
app,usr_e9a52c79,PES-03387
loja,Loja Shopping#231,PES-05318
crm,102566,PES-02455
crm,102567,PES-00837
app,usr_1fb5fa0c,PES-03286
loja,Loja Bairro#227,PES-01017
crm,102568,PES-05483
crm,102569,PES-04555
app,usr_bcd64bd5,PES-04951
crm,102570,PES-03395
app,usr_ef872029,PES-02803
crm,102571,PES-01720
loja,Loja Bairro#228,PES-04242
crm,102572,PES-04221
crm,102573,PES-04779
crm,102574,PES-02317
crm,102575,PES-03362
crm,102576,PES-05408
loja,Loja Shopping#232,PES-02155
crm,102577,PES-05022
crm,102578,PES-02818
crm,102579,PES-02166
crm,102580,PES-01264
app,usr_4f4edec8,PES-04559
crm,102581,PES-04907
crm,102582,PES-01354
app,usr_99397e0c,PES-03101
crm,102583,PES-01452
crm,102584,PES-01804
app,usr_fe4062d5,PES-02548
crm,102585,PES-01153
loja,Loja Centro#244,PES-00611
crm,102586,PES-00777
crm,102587,PES-03832
crm,102588,PES-00760
loja,Loja Centro#245,PES-02089
crm,102589,PES-03463
app,usr_e0ffc95b,PES-04325
crm,102590,PES-00528
crm,102591,PES-05884
loja,Loja Shopping#233,PES-00426
crm,102592,PES-01464
crm,102593,PES-03963
crm,102594,PES-00547
loja,Loja Centro#246,PES-02629
crm,102595,PES-04317
loja,Loja Centro#247,PES-02654
app,usr_58769102,PES-03227
crm,102596,PES-05485
loja,Loja Shopping#234,PES-04215
app,usr_cdd65260,PES-02630
app,usr_9bd8bdf1,PES-03646
crm,102597,PES-00905
crm,102598,PES-01480
app,usr_bf105d02,PES-03510
crm,102599,PES-02578
crm,102600,PES-05317
crm,102601,PES-04909
crm,102602,PES-02784
crm,102603,PES-02899
crm,102604,PES-03101
crm,102605,PES-03526
crm,102606,PES-04064
loja,Loja Bairro#229,PES-03949
loja,Loja Centro#248,PES-01071
crm,102607,PES-00849
app,usr_769844b0,PES-05315
crm,102608,PES-01574
app,usr_50499c75,PES-05376
crm,102609,PES-01095
crm,102610,PES-03967
crm,102611,PES-05133
loja,Loja Shopping#235,PES-04460
crm,102612,PES-04594
crm,102613,PES-01049
crm,102614,PES-00615
app,usr_e4a0ac6d,PES-00578
crm,102615,PES-00319
crm,102616,PES-03780
app,usr_515a1dd3,PES-00559
crm,102617,PES-01035
crm,102618,PES-00722
loja,Loja Bairro#230,PES-01515
app,usr_51d81b6e,PES-01236
crm,102619,PES-04536
crm,102620,PES-05204
crm,102621,PES-02826
app,usr_eda8b08d,PES-04337
app,usr_bdbd41c9,PES-02231
crm,102622,PES-01475
crm,102623,PES-00535
crm,102624,PES-04420
crm,102625,PES-04624
crm,102626,PES-04041
crm,102627,PES-03621
loja,Loja Bairro#231,PES-03264
crm,102628,PES-02468
crm,102629,PES-01044
crm,102630,PES-02922
loja,Loja Centro#249,PES-01552
app,usr_64e430e7,PES-03238
crm,102631,PES-02284
loja,Loja Bairro#232,PES-03025
crm,102632,PES-01331
crm,102633,PES-05472
crm,102634,PES-01183
app,usr_d01a153c,PES-05528
app,usr_1d3a6283,PES-04742
app,usr_179f0824,PES-04713
app,usr_e8d30917,PES-02879
app,usr_8531de94,PES-01480
crm,102635,PES-04716
crm,102636,PES-05970
loja,Loja Centro#250,PES-00563
crm,102637,PES-03822
app,usr_fe4c83e1,PES-04257
crm,102638,PES-05356
crm,102639,PES-04660
crm,102640,PES-00022
crm,102641,PES-04697
loja,Loja Shopping#236,PES-02744
app,usr_354ff106,PES-01132
crm,102642,PES-04017
app,usr_f901ca44,PES-03596
crm,102643,PES-01002
loja,Loja Bairro#233,PES-03532
crm,102644,PES-00841
app,usr_894c8b33,PES-02240
crm,102645,PES-02446
crm,102646,PES-02605
crm,102647,PES-05159
crm,102648,PES-04063
app,usr_38c926c4,PES-00586
crm,102649,PES-05969
loja,Loja Bairro#234,PES-05876
app,usr_503d8d4b,PES-00312
crm,102650,PES-01993
app,usr_767e0158,PES-05525
crm,102651,PES-00768
crm,102652,PES-01310
crm,102653,PES-01220
app,usr_598604ad,PES-03017
crm,102654,PES-00064
crm,102655,PES-04223
crm,102656,PES-05625
crm,102657,PES-03113
crm,102658,PES-00928
crm,102659,PES-04999
crm,102660,PES-05652
crm,102661,PES-00297
crm,102662,PES-02158
loja,Loja Bairro#235,PES-05747
crm,102663,PES-04190
loja,Loja Bairro#236,PES-05722
crm,102664,PES-03965
app,usr_83cede46,PES-01412
crm,102665,PES-00286
app,usr_5d54c413,PES-00094
crm,102666,PES-02523
crm,102667,PES-02002
app,usr_23e9ca8e,PES-03551
crm,102668,PES-02552
app,usr_00bef63a,PES-05360
crm,102669,PES-03335
loja,Loja Shopping#237,PES-04767
loja,Loja Bairro#237,PES-04947
crm,102670,PES-01985
crm,102671,PES-00366
app,usr_f983211d,PES-01555
app,usr_ae6c22df,PES-03773
app,usr_70ba3030,PES-04049
crm,102672,PES-02667
app,usr_d43177b5,PES-00237
crm,102673,PES-03164
crm,102674,PES-02467
crm,102675,PES-04651
crm,102676,PES-04740
crm,102677,PES-04530
app,usr_f53df7bc,PES-05674
crm,102678,PES-00024
app,usr_5045fbc9,PES-03923
crm,102679,PES-05729
app,usr_885cc030,PES-03666
app,usr_69b461f8,PES-02972
crm,102680,PES-01313
app,usr_0bb15c01,PES-05439
crm,102681,PES-03519
app,usr_cad0d470,PES-04885
app,usr_2cab19ec,PES-04412
crm,102682,PES-03547
crm,102683,PES-05336
crm,102684,PES-01941
crm,102685,PES-02584
crm,102686,PES-05547
loja,Loja Bairro#238,PES-00344
loja,Loja Centro#251,PES-01274
crm,102687,PES-01682
app,usr_5249e04c,PES-04471
app,usr_219c20c8,PES-05707
crm,102688,PES-02104
crm,102689,PES-00680
app,usr_ff66d620,PES-03519
crm,102690,PES-02528
app,usr_d15f77fc,PES-01136
app,usr_1e28f328,PES-02549
loja,Loja Shopping#238,PES-05141
crm,102691,PES-00169
app,usr_0b05b8c7,PES-02416
loja,Loja Bairro#239,PES-01425
crm,102692,PES-04285
app,usr_c10104fd,PES-00766
loja,Loja Bairro#240,PES-02767
loja,Loja Bairro#241,PES-00143
app,usr_69f42825,PES-05710
app,usr_d322c683,PES-04552
crm,102693,PES-03849
loja,Loja Centro#252,PES-02518
crm,102694,PES-00378
crm,102695,PES-04349
crm,102696,PES-02761
crm,102697,PES-05069
crm,102698,PES-04800
crm,102699,PES-05784
app,usr_1c96dce5,PES-00390
app,usr_a4cd6239,PES-03268
app,usr_5e344bd8,PES-04720
crm,102700,PES-02162
crm,102701,PES-01914
app,usr_4d23de66,PES-00171
app,usr_f20bb548,PES-00719
crm,102702,PES-05424
crm,102703,PES-03275
app,usr_61266319,PES-05863
loja,Loja Shopping#239,PES-02324
app,usr_0fa96956,PES-05352
crm,102704,PES-02634
crm,102705,PES-00211
crm,102706,PES-02442
crm,102707,PES-00766
loja,Loja Shopping#240,PES-01234
app,usr_0f134853,PES-04865
crm,102708,PES-00982
app,usr_3309b818,PES-02034
app,usr_dc40fd3e,PES-02960
crm,102709,PES-05151
app,usr_7d3f25c7,PES-04862
app,usr_466618bc,PES-00315
crm,102710,PES-05329
crm,102711,PES-03544
loja,Loja Centro#253,PES-05832
app,usr_842eb470,PES-00074
crm,102712,PES-01296
loja,Loja Shopping#241,PES-03291
app,usr_c9f97d7a,PES-02310
app,usr_7537e23e,PES-04428
app,usr_680f3484,PES-05803
app,usr_c760caa9,PES-04064
app,usr_583dac6c,PES-00565
crm,102713,PES-00685
crm,102714,PES-02926
crm,102715,PES-05587
crm,102716,PES-01813
crm,102717,PES-05966
crm,102718,PES-05190
crm,102719,PES-03991
app,usr_ba6c982c,PES-05835
app,usr_89d42839,PES-03822
crm,102720,PES-00431
loja,Loja Centro#254,PES-00935
app,usr_8efa8b20,PES-02624
loja,Loja Shopping#242,PES-00016
crm,102721,PES-05573
crm,102722,PES-05951
crm,102723,PES-01332
crm,102724,PES-05043
app,usr_4a6e949b,PES-03095
crm,102725,PES-00492
app,usr_900c80b7,PES-01946
loja,Loja Bairro#242,PES-02705
crm,102726,PES-05956
loja,Loja Centro#255,PES-01971
app,usr_423d7e14,PES-02845
app,usr_c645656c,PES-02677
crm,102727,PES-00828
crm,102728,PES-00130
crm,102729,PES-05279
app,usr_5d45599d,PES-00427
app,usr_ed77cd80,PES-04160
app,usr_9f522223,PES-01793
app,usr_256f6814,PES-01744
crm,102730,PES-04842
app,usr_59772c1e,PES-04781
app,usr_d3c1acbe,PES-02858
crm,102731,PES-05582
crm,102732,PES-02888
app,usr_e8e5ff53,PES-05208
app,usr_2833c90e,PES-05324
loja,Loja Bairro#243,PES-03452
app,usr_065ac6e1,PES-05104
crm,102733,PES-01325
crm,102734,PES-02071
crm,102735,PES-05078
crm,102736,PES-03921
crm,102737,PES-04281
loja,Loja Centro#256,PES-05740
loja,Loja Bairro#244,PES-00028
loja,Loja Centro#257,PES-00566
crm,102738,PES-03283
app,usr_dd3aeed9,PES-02145
loja,Loja Shopping#243,PES-04114
crm,102739,PES-04746
crm,102740,PES-04679
app,usr_dcfb52e3,PES-04445
app,usr_d064179b,PES-05158
app,usr_c2e6951e,PES-05912
crm,102741,PES-00362
crm,102742,PES-02395
app,usr_6cd26565,PES-02251
app,usr_ac687cfb,PES-01582
app,usr_c4641f57,PES-01841
app,usr_4be77e7b,PES-03036
crm,102743,PES-05397
crm,102744,PES-03134
app,usr_3a33848e,PES-03153
crm,102745,PES-02721
app,usr_15864695,PES-05157
crm,102746,PES-00616
app,usr_2739a346,PES-01729
crm,102747,PES-01372
loja,Loja Shopping#244,PES-03140
app,usr_d9b82d4c,PES-00386
crm,102748,PES-00087
crm,102749,PES-01003
app,usr_2c0294c0,PES-04245
loja,Loja Shopping#245,PES-03876
app,usr_06a3f363,PES-04623
crm,102750,PES-01212
crm,102751,PES-00830
crm,102752,PES-00808
crm,102753,PES-00161
loja,Loja Centro#258,PES-03884
crm,102754,PES-01337
crm,102755,PES-03774
loja,Loja Shopping#246,PES-00295
app,usr_55cb2605,PES-05930
app,usr_22fa8306,PES-00939
crm,102756,PES-03261
loja,Loja Shopping#247,PES-05852
crm,102757,PES-02225
crm,102758,PES-00567
app,usr_944ec472,PES-02262
app,usr_f884dccc,PES-03224
crm,102759,PES-02571
crm,102760,PES-01719
crm,102761,PES-01143
crm,102762,PES-01959
crm,102763,PES-00874
loja,Loja Shopping#248,PES-00511
crm,102764,PES-04708
crm,102765,PES-03203
loja,Loja Bairro#245,PES-00098
crm,102766,PES-05230
app,usr_81289f1d,PES-03337
crm,102767,PES-04918
app,usr_499deba9,PES-05116
crm,102768,PES-01537
crm,102769,PES-00315
crm,102770,PES-03318
app,usr_0d063be2,PES-04352
loja,Loja Bairro#246,PES-00349
loja,Loja Shopping#249,PES-03857
crm,102771,PES-02505
crm,102772,PES-00304
app,usr_f58a004d,PES-02224
app,usr_012cb569,PES-01253
loja,Loja Bairro#247,PES-00077
loja,Loja Bairro#248,PES-05841
app,usr_61827584,PES-02046
crm,102773,PES-05856
crm,102774,PES-04638
crm,102775,PES-05846
app,usr_a8f367d3,PES-00669
crm,102776,PES-05080
crm,102777,PES-01193
crm,102778,PES-01082
crm,102779,PES-03457
crm,102780,PES-01664
app,usr_69585e12,PES-03686
app,usr_ba8060c7,PES-05756
app,usr_9ef82e69,PES-02119
loja,Loja Shopping#250,PES-05532
app,usr_fdeed2e2,PES-00263
app,usr_dafe2d5a,PES-05787
loja,Loja Centro#259,PES-00148
crm,102781,PES-01498
loja,Loja Shopping#251,PES-03940
loja,Loja Centro#260,PES-03843
app,usr_28e957f9,PES-04736
app,usr_70438c31,PES-01488
app,usr_3935c4e1,PES-02539
crm,102782,PES-02421
crm,102783,PES-00291
crm,102784,PES-00201
app,usr_3d317991,PES-02437
crm,102785,PES-02782
crm,102786,PES-00591
crm,102787,PES-01467
crm,102788,PES-04009
loja,Loja Bairro#249,PES-00248
crm,102789,PES-04167
crm,102790,PES-05553
crm,102791,PES-03847
app,usr_37398a14,PES-05459
crm,102792,PES-04081
crm,102793,PES-00782
crm,102794,PES-04750
app,usr_a640c503,PES-05859
crm,102795,PES-02856
crm,102796,PES-03114
crm,102797,PES-01384
loja,Loja Shopping#252,PES-05254
crm,102798,PES-01120
crm,102799,PES-00537
crm,102800,PES-03090
loja,Loja Bairro#250,PES-04657
app,usr_5e4a04bc,PES-00262
crm,102801,PES-01645
crm,102802,PES-03397
crm,102803,PES-03266
crm,102804,PES-03535
crm,102805,PES-05273
loja,Loja Bairro#251,PES-04120
crm,102806,PES-04913
app,usr_e4812baa,PES-03011
crm,102807,PES-02286
app,usr_38d7d152,PES-00799
app,usr_3a77325b,PES-04538
crm,102808,PES-01303
crm,102809,PES-00433
crm,102810,PES-05288
crm,102811,PES-02955
crm,102812,PES-05708
crm,102813,PES-02196
app,usr_f258acb7,PES-01772
crm,102814,PES-00128
app,usr_4cfec3ba,PES-04715
crm,102815,PES-02671
crm,102816,PES-05836
app,usr_83dda260,PES-05809
crm,102817,PES-03307
crm,102818,PES-03329
app,usr_65b2a5be,PES-04568
app,usr_9f7bd17e,PES-02697
app,usr_03b35c47,PES-01058
app,usr_66e258b1,PES-05321
loja,Loja Shopping#253,PES-05246
app,usr_7f755f14,PES-00088
app,usr_f2a170b4,PES-02593
crm,102819,PES-02303
app,usr_2822ae71,PES-05974
crm,102820,PES-01093
crm,102821,PES-01022
app,usr_def8237a,PES-04811
crm,102822,PES-01379
app,usr_d0824dcb,PES-02194
crm,102823,PES-03572
crm,102824,PES-04743
crm,102825,PES-01657
crm,102826,PES-03554
crm,102827,PES-04393
crm,102828,PES-00968
loja,Loja Shopping#254,PES-03775
loja,Loja Shopping#255,PES-00967
app,usr_60335887,PES-03414
crm,102829,PES-02957
crm,102830,PES-02999
crm,102831,PES-01874
crm,102832,PES-04284
crm,102833,PES-05341
loja,Loja Shopping#256,PES-03098
crm,102834,PES-01255
loja,Loja Bairro#252,PES-04775
loja,Loja Bairro#253,PES-04486
crm,102835,PES-04525
app,usr_42a67fe4,PES-03381
app,usr_acb17dbc,PES-04677
app,usr_2c5dd7fd,PES-04951
crm,102836,PES-00635
crm,102837,PES-03768
crm,102838,PES-04138
app,usr_20964394,PES-01876
app,usr_ae2099be,PES-04828
app,usr_ee013d97,PES-01325
loja,Loja Bairro#254,PES-03630
crm,102839,PES-05313
crm,102840,PES-00629
loja,Loja Centro#261,PES-04012
app,usr_83e3e183,PES-02644
crm,102841,PES-02985
crm,102842,PES-05417
crm,102843,PES-02049
crm,102844,PES-03995
app,usr_751194a4,PES-01079
crm,102845,PES-03027
crm,102846,PES-01707
crm,102847,PES-00607
crm,102848,PES-04081
app,usr_c6dd572e,PES-02713
app,usr_7bddbcf0,PES-03070
loja,Loja Shopping#257,PES-02915
app,usr_ebcd4c95,PES-04855
loja,Loja Shopping#258,PES-03711
loja,Loja Centro#262,PES-02059
crm,102849,PES-03523
crm,102850,PES-00552
crm,102851,PES-01315
crm,102852,PES-05108
app,usr_af93548d,PES-03876
app,usr_9638ec90,PES-00149
crm,102853,PES-02120
app,usr_de666362,PES-03109
app,usr_969ddc25,PES-02040
app,usr_655a1d3f,PES-00047
app,usr_7af66ecd,PES-01622
app,usr_046227db,PES-05340
crm,102854,PES-03976
crm,102855,PES-00676
crm,102856,PES-02267
crm,102857,PES-02308
crm,102858,PES-02514
crm,102859,PES-01481
crm,102860,PES-02755
loja,Loja Bairro#255,PES-00584
app,usr_de1538cf,PES-00322
crm,102861,PES-05928
crm,102862,PES-00209
crm,102863,PES-04427
app,usr_cd0d5d15,PES-00932
crm,102864,PES-04302
loja,Loja Centro#263,PES-05917
app,usr_00098a4a,PES-03598
app,usr_652e7b88,PES-03192
crm,102865,PES-05877
app,usr_7724fdcd,PES-04368
crm,102866,PES-04344
crm,102867,PES-01731
crm,102868,PES-03692
crm,102869,PES-01433
crm,102870,PES-03846
loja,Loja Shopping#259,PES-00861
app,usr_69111cc8,PES-01473
crm,102871,PES-00880
crm,102872,PES-01967
crm,102873,PES-04180
crm,102874,PES-05269
crm,102875,PES-01492
crm,102876,PES-02065
app,usr_0eb88481,PES-04262
loja,Loja Bairro#256,PES-05708
crm,102877,PES-05451
crm,102878,PES-05694
crm,102879,PES-04661
crm,102880,PES-02759
crm,102881,PES-05923
app,usr_f768dfe9,PES-04853
app,usr_8ece99b3,PES-05747
crm,102882,PES-02669
app,usr_09002867,PES-00572
crm,102883,PES-00376
crm,102884,PES-03148
crm,102885,PES-01636
crm,102886,PES-02197
crm,102887,PES-04558
crm,102888,PES-00296
crm,102889,PES-03337
crm,102890,PES-03831
crm,102891,PES-05706
loja,Loja Centro#264,PES-01353
crm,102892,PES-05628
loja,Loja Shopping#260,PES-04117
crm,102893,PES-04439
crm,102894,PES-00191
crm,102895,PES-02696
crm,102896,PES-05767
loja,Loja Shopping#261,PES-00012
app,usr_a5173136,PES-00788
loja,Loja Bairro#257,PES-03322
loja,Loja Centro#265,PES-00179
crm,102897,PES-03230
app,usr_c8f92919,PES-01023
crm,102898,PES-02378
crm,102899,PES-02860
app,usr_d73c4046,PES-05900
app,usr_ff31079d,PES-03855
crm,102900,PES-04819
app,usr_6775a5ac,PES-02425
crm,102901,PES-01477
app,usr_21c493c0,PES-05413
app,usr_6b5b8071,PES-05370
app,usr_0f679bb3,PES-00051
crm,102902,PES-03865
app,usr_5c6fcd95,PES-03400
app,usr_3905ddc0,PES-05564
crm,102903,PES-05200
app,usr_fd3fc558,PES-02114
crm,102904,PES-02714
crm,102905,PES-05639
loja,Loja Centro#266,PES-02399
crm,102906,PES-00737
app,usr_9cf18af7,PES-02682
crm,102907,PES-03371
app,usr_af82c389,PES-03902
crm,102908,PES-05630
crm,102909,PES-05571
app,usr_09a929cb,PES-04784
crm,102910,PES-02409
crm,102911,PES-02811
app,usr_f3b826dd,PES-03102
app,usr_4e0bb794,PES-05400
crm,102912,PES-04755
app,usr_dd999c9b,PES-05708
loja,Loja Shopping#262,PES-05850
crm,102913,PES-00614
loja,Loja Centro#267,PES-05512
crm,102914,PES-02622
crm,102915,PES-02956
loja,Loja Shopping#263,PES-05384
crm,102916,PES-02720
loja,Loja Shopping#264,PES-01521
app,usr_d1b81ebe,PES-04188
crm,102917,PES-04791
crm,102918,PES-02241
crm,102919,PES-05760
crm,102920,PES-02643
crm,102921,PES-04924
crm,102922,PES-03896
crm,102923,PES-04025
app,usr_2b8b26b9,PES-05282
crm,102924,PES-01117
crm,102925,PES-01412
crm,102926,PES-02836
crm,102927,PES-02579
crm,102928,PES-05553
app,usr_b702feb7,PES-01497
loja,Loja Centro#268,PES-01004
crm,102929,PES-04954
app,usr_1b7dbd42,PES-00822
app,usr_d99b83b0,PES-04644
crm,102930,PES-05430
crm,102931,PES-05550
loja,Loja Shopping#265,PES-02100
app,usr_b993411c,PES-04441
app,usr_cf00e782,PES-02096
loja,Loja Centro#269,PES-02469
crm,102932,PES-03479
crm,102933,PES-04943
crm,102934,PES-01080
app,usr_5d6451f4,PES-00890
app,usr_c43f5d91,PES-03673
app,usr_33404d84,PES-00242
app,usr_0456ee07,PES-03140
crm,102935,PES-03630
crm,102936,PES-01125
crm,102937,PES-02042
crm,102938,PES-00571
app,usr_4bb23eac,PES-04116
app,usr_6f705b78,PES-00796
loja,Loja Shopping#266,PES-05705
loja,Loja Shopping#267,PES-04287
crm,102939,PES-03165
crm,102940,PES-01015
crm,102941,PES-03794
app,usr_453c53d3,PES-02082
loja,Loja Bairro#258,PES-05995
loja,Loja Shopping#268,PES-03180
app,usr_ee6fbc5e,PES-00186
crm,102942,PES-05925
crm,102943,PES-00266
loja,Loja Centro#270,PES-03074
loja,Loja Bairro#259,PES-00424
app,usr_21f82a5d,PES-02822
crm,102944,PES-00155
crm,102945,PES-05608
crm,102946,PES-03539
crm,102947,PES-04153
crm,102948,PES-02348
app,usr_5bc0c2b6,PES-01962
app,usr_cc0394b4,PES-02317
loja,Loja Shopping#269,PES-00762
app,usr_caca38e7,PES-02331
crm,102949,PES-05123
crm,102950,PES-04071
crm,102951,PES-01156
crm,102952,PES-05769
crm,102953,PES-02086
crm,102954,PES-00023
crm,102955,PES-00081
app,usr_c74d2427,PES-03281
loja,Loja Centro#271,PES-05517
crm,102956,PES-03349
crm,102957,PES-04906
app,usr_818879c1,PES-02237
app,usr_5c6124a0,PES-00405
app,usr_0387306d,PES-00922
crm,102958,PES-03905
crm,102959,PES-00753
app,usr_e68c82d7,PES-00275
app,usr_b2af4c1e,PES-04435
app,usr_283fb5ac,PES-00495
crm,102960,PES-03732
crm,102961,PES-01662
app,usr_edb08d76,PES-02385
app,usr_0757636a,PES-01587
loja,Loja Shopping#270,PES-02943
app,usr_a6544d63,PES-04643
crm,102962,PES-01168
crm,102963,PES-00669
app,usr_b05c98a2,PES-02921
app,usr_7d0f2012,PES-05348
app,usr_bb228653,PES-00382
crm,102964,PES-05475
app,usr_e07fae0e,PES-04749
app,usr_f10ec5ca,PES-02261
crm,102965,PES-04876
app,usr_ec7a076c,PES-00860
app,usr_108b335d,PES-03265
loja,Loja Shopping#271,PES-03852
crm,102966,PES-03372
app,usr_fc98a517,PES-04371
crm,102967,PES-04517
crm,102968,PES-01905
crm,102969,PES-03889
crm,102970,PES-04465
crm,102971,PES-05717
app,usr_b0063484,PES-00455
loja,Loja Bairro#260,PES-05872
app,usr_abec657e,PES-01832
crm,102972,PES-00965
loja,Loja Shopping#272,PES-04067
app,usr_0883c1e8,PES-00363
crm,102973,PES-04960
app,usr_82f1f4dd,PES-05610
app,usr_48f3bbc1,PES-05649
app,usr_fa7be65f,PES-04707
loja,Loja Centro#272,PES-01411
app,usr_2a58a767,PES-00335
crm,102974,PES-02463
crm,102975,PES-04890
loja,Loja Bairro#261,PES-05291
app,usr_c15ef272,PES-04815
loja,Loja Bairro#262,PES-04475
crm,102976,PES-01900
app,usr_4b05de4a,PES-05990
loja,Loja Shopping#273,PES-02645
crm,102977,PES-01996
crm,102978,PES-05375
crm,102979,PES-04719
app,usr_02cb78b2,PES-01056
app,usr_58e907f1,PES-01091
crm,102980,PES-05395
app,usr_b597f01e,PES-02899
loja,Loja Centro#273,PES-03871
app,usr_b3f82ace,PES-01001
crm,102981,PES-00236
loja,Loja Bairro#263,PES-02247
crm,102982,PES-04019
loja,Loja Shopping#274,PES-04422
crm,102983,PES-04315
loja,Loja Centro#274,PES-00769
crm,102984,PES-05660
crm,102985,PES-00163
crm,102986,PES-00703
crm,102987,PES-02519
app,usr_b00014b1,PES-02674
loja,Loja Bairro#264,PES-04183
app,usr_8cac7aa2,PES-05594
app,usr_349b7a35,PES-00384
app,usr_066adae1,PES-01463
crm,102988,PES-04587
crm,102989,PES-05882
crm,102990,PES-02531
crm,102991,PES-05409
crm,102992,PES-04963
crm,102993,PES-00483
app,usr_93b0ef34,PES-05660
crm,102994,PES-05785
crm,102995,PES-04970
loja,Loja Bairro#265,PES-02558
crm,102996,PES-03013
crm,102997,PES-02510
crm,102998,PES-00206
crm,102999,PES-04523
crm,103000,PES-00802
loja,Loja Bairro#266,PES-02239
app,usr_5e14f405,PES-01896
app,usr_4ebcdfc0,PES-05847
app,usr_60026d3d,PES-04655
app,usr_ccae83fd,PES-03751
app,usr_60e91470,PES-01830
crm,103001,PES-05177
loja,Loja Shopping#275,PES-04598
app,usr_9cf41000,PES-03018
crm,103002,PES-03834
crm,103003,PES-00330
app,usr_8e900e6b,PES-04147
app,usr_a1c57a5c,PES-05178
app,usr_98252799,PES-04143
app,usr_d0a87517,PES-01708
app,usr_f6436d24,PES-01415
app,usr_f5be9ba0,PES-00073
crm,103004,PES-05308
loja,Loja Centro#275,PES-03162
app,usr_d6f5ff66,PES-04108
loja,Loja Bairro#267,PES-03163
loja,Loja Shopping#276,PES-00359
app,usr_1026a12b,PES-03467
app,usr_b6f63b05,PES-03293
crm,103005,PES-00046
loja,Loja Centro#276,PES-04121
loja,Loja Shopping#277,PES-04853
loja,Loja Bairro#268,PES-04325
crm,103006,PES-02960
crm,103007,PES-02672
loja,Loja Centro#277,PES-01328
crm,103008,PES-01822
loja,Loja Centro#278,PES-00954
app,usr_a17b038d,PES-01963
crm,103009,PES-00516
crm,103010,PES-04734
crm,103011,PES-04894
app,usr_91c54f4a,PES-03133
crm,103012,PES-02777
crm,103013,PES-04502
app,usr_61c2589f,PES-03485
crm,103014,PES-01446
app,usr_65385138,PES-04606
app,usr_f951d75a,PES-04387
crm,103015,PES-05809
crm,103016,PES-01370
crm,103017,PES-04994
crm,103018,PES-02441
crm,103019,PES-00480
app,usr_10ea6f98,PES-05087
app,usr_0ff21890,PES-00008
app,usr_decd13d8,PES-03967
crm,103020,PES-01502
crm,103021,PES-01438
loja,Loja Shopping#278,PES-03460
app,usr_e6abe259,PES-01552
crm,103022,PES-00534
app,usr_b263c935,PES-00522
loja,Loja Bairro#269,PES-05442
app,usr_402d6d0b,PES-05129
crm,103023,PES-04940
loja,Loja Shopping#279,PES-02868
app,usr_5abbe876,PES-05240
app,usr_4b69c56a,PES-03373
app,usr_be5eb0d5,PES-00339
app,usr_85717c9d,PES-00812
loja,Loja Centro#279,PES-02739
app,usr_3be172c6,PES-00746
crm,103024,PES-02891
app,usr_6c6e63d9,PES-01008
crm,103025,PES-02193
loja,Loja Shopping#280,PES-05604
crm,103026,PES-03675
crm,103027,PES-01420
crm,103028,PES-00049
app,usr_48c046d0,PES-04826
app,usr_2d687641,PES-03566
crm,103029,PES-01269
app,usr_34b3af46,PES-01864
crm,103030,PES-05908
crm,103031,PES-03993
loja,Loja Centro#280,PES-02918
crm,103032,PES-02635
crm,103033,PES-00566
crm,103034,PES-00270
crm,103035,PES-00243
crm,103036,PES-02520
loja,Loja Centro#281,PES-01920
app,usr_4b1d3bbf,PES-05465
crm,103037,PES-04787
app,usr_b9b433ed,PES-00324
crm,103038,PES-00969
app,usr_cbfc4eb9,PES-04903
crm,103039,PES-03163
crm,103040,PES-03303
app,usr_dc3c7283,PES-00238
loja,Loja Bairro#270,PES-00886
app,usr_b9c65986,PES-05050
app,usr_1b9f65c2,PES-01521
loja,Loja Centro#282,PES-01104
app,usr_be6b5289,PES-03464
app,usr_5c0fca59,PES-04409
app,usr_24510bc3,PES-01690
crm,103041,PES-04371
crm,103042,PES-02171
crm,103043,PES-05779
crm,103044,PES-05926
app,usr_3162e006,PES-01321
crm,103045,PES-04126
crm,103046,PES-00491
loja,Loja Centro#283,PES-01938
app,usr_95399be2,PES-03530
crm,103047,PES-03979
app,usr_55fd8770,PES-02744
crm,103048,PES-02176
loja,Loja Bairro#271,PES-04173
app,usr_1c3ad602,PES-01131
crm,103049,PES-00514
crm,103050,PES-00471
crm,103051,PES-04897
crm,103052,PES-05383
crm,103053,PES-04243
crm,103054,PES-02307
crm,103055,PES-02118
crm,103056,PES-01065
crm,103057,PES-00739
app,usr_84f21ff4,PES-03422
crm,103058,PES-02379
crm,103059,PES-01270
crm,103060,PES-03380
crm,103061,PES-03615
app,usr_8253464a,PES-03371
crm,103062,PES-02913
crm,103063,PES-03871
crm,103064,PES-03827
crm,103065,PES-05603
app,usr_d691b5e6,PES-04756
crm,103066,PES-05659
crm,103067,PES-05883
crm,103068,PES-05570
crm,103069,PES-01817
loja,Loja Bairro#272,PES-05896
app,usr_a8acb1f1,PES-03672
app,usr_d45b8f2c,PES-01495
app,usr_c3e0c93d,PES-02732
crm,103070,PES-01043
crm,103071,PES-05161
app,usr_383fef2c,PES-01817
crm,103072,PES-03736
crm,103073,PES-00237
crm,103074,PES-01599
app,usr_63b65bef,PES-04055
loja,Loja Shopping#281,PES-00859
app,usr_e32a45e3,PES-01295
app,usr_a788b8c8,PES-02770
app,usr_a398dea1,PES-02519
app,usr_ef709fb8,PES-00392
crm,103075,PES-02369
crm,103076,PES-04583
crm,103077,PES-00302
app,usr_991a1d45,PES-01065
app,usr_3dd75f08,PES-04497
app,usr_4184231a,PES-00447
app,usr_2bad50c2,PES-00383
loja,Loja Centro#284,PES-03323
crm,103078,PES-04334
loja,Loja Shopping#282,PES-01398
crm,103079,PES-03602
crm,103080,PES-04189
crm,103081,PES-04621
app,usr_df0bbf93,PES-05678
crm,103082,PES-03370
crm,103083,PES-00417
crm,103084,PES-00423
crm,103085,PES-04497
app,usr_10a1609e,PES-01605
crm,103086,PES-02868
loja,Loja Shopping#283,PES-02952
crm,103087,PES-02762
loja,Loja Bairro#273,PES-01676
app,usr_c5664abc,PES-01184
app,usr_b4f48107,PES-05423
crm,103088,PES-04194
loja,Loja Bairro#274,PES-03677
crm,103089,PES-03356
crm,103090,PES-00106
crm,103091,PES-04996
app,usr_37bf7782,PES-03363
app,usr_62d62ce4,PES-04259
app,usr_52129c7b,PES-04509
app,usr_abb2817f,PES-02908
crm,103092,PES-01421
loja,Loja Bairro#275,PES-00539
app,usr_92741c7e,PES-03071
app,usr_7ad4742c,PES-02084
crm,103093,PES-00118
loja,Loja Shopping#284,PES-02596
app,usr_cbe44d69,PES-04764
loja,Loja Shopping#285,PES-02371
crm,103094,PES-05330
crm,103095,PES-03623
crm,103096,PES-04724
app,usr_66d1912a,PES-00099
loja,Loja Centro#285,PES-03634
loja,Loja Shopping#286,PES-01358
crm,103097,PES-04294
crm,103098,PES-05028
crm,103099,PES-05390
app,usr_bcab132f,PES-02773
loja,Loja Bairro#276,PES-02362
crm,103100,PES-02728
crm,103101,PES-01842
crm,103102,PES-02959
crm,103103,PES-00674
app,usr_88b43ec4,PES-02344
crm,103104,PES-05508
loja,Loja Centro#286,PES-01201
crm,103105,PES-01613
loja,Loja Centro#287,PES-00697
loja,Loja Bairro#277,PES-05501
crm,103106,PES-00588
crm,103107,PES-02061
crm,103108,PES-05683
app,usr_053e5a9e,PES-05629
app,usr_5b48e4b6,PES-05579
crm,103109,PES-03689
crm,103110,PES-04036
loja,Loja Bairro#278,PES-01158
loja,Loja Centro#288,PES-04007
app,usr_15e0ffa9,PES-00229
crm,103111,PES-04595
app,usr_9f457086,PES-03869
loja,Loja Centro#289,PES-00553
crm,103112,PES-04524
app,usr_a07d7257,PES-04433
crm,103113,PES-03624
crm,103114,PES-03606
crm,103115,PES-01235
crm,103116,PES-01987
crm,103117,PES-04570
crm,103118,PES-04369
app,usr_a1a42b3b,PES-04730
loja,Loja Shopping#287,PES-02842
crm,103119,PES-04292
crm,103120,PES-00281
crm,103121,PES-02338
app,usr_7e38dc31,PES-00921
crm,103122,PES-01626
crm,103123,PES-00870
app,usr_a9182a4f,PES-03338
loja,Loja Shopping#288,PES-00985
crm,103124,PES-03451
loja,Loja Centro#290,PES-05519
crm,103125,PES-00135
crm,103126,PES-04312
crm,103127,PES-01428
loja,Loja Shopping#289,PES-00068
crm,103128,PES-04270
crm,103129,PES-01376
crm,103130,PES-01453
app,usr_f33d6f6f,PES-04131
app,usr_74ec61b7,PES-05095
loja,Loja Bairro#279,PES-05334
crm,103131,PES-03249
app,usr_67ef2677,PES-01197
crm,103132,PES-00325
crm,103133,PES-04805
crm,103134,PES-04326
crm,103135,PES-01135
crm,103136,PES-02580
crm,103137,PES-02218
app,usr_40611bbd,PES-02622
crm,103138,PES-01007
crm,103139,PES-00184
loja,Loja Shopping#290,PES-02159
app,usr_298c4769,PES-02751
crm,103140,PES-04818
crm,103141,PES-05911
app,usr_55f13eca,PES-00943
crm,103142,PES-02076
crm,103143,PES-03897
crm,103144,PES-00838
app,usr_bca3b5ab,PES-04521
loja,Loja Shopping#291,PES-00369
crm,103145,PES-06000
crm,103146,PES-01513
crm,103147,PES-02773
loja,Loja Bairro#280,PES-00641
crm,103148,PES-03077
app,usr_b512e197,PES-00174
crm,103149,PES-01321
app,usr_0dbaf874,PES-01779
app,usr_edfe0732,PES-00361
app,usr_9c8ec4f2,PES-02594
app,usr_9a430b50,PES-03917
app,usr_5aac2b11,PES-00793
app,usr_e68d4706,PES-04750
crm,103150,PES-04107
crm,103151,PES-02024
crm,103152,PES-01540
crm,103153,PES-05691
app,usr_888db6c8,PES-03094
app,usr_321f56ac,PES-02926
app,usr_f02a574e,PES-01586
loja,Loja Bairro#281,PES-05306
crm,103154,PES-01008
crm,103155,PES-03026
crm,103156,PES-02732
app,usr_5ac4a252,PES-04997
app,usr_6d2ce6fb,PES-02966
app,usr_cba50d5b,PES-00225
app,usr_a931f24c,PES-04197
app,usr_4d4539bd,PES-03441
crm,103157,PES-02874
loja,Loja Centro#291,PES-00741
crm,103158,PES-02506
app,usr_f282b831,PES-00813
crm,103159,PES-02623
app,usr_d14864e8,PES-00428
app,usr_1785155a,PES-01438
app,usr_dd3f5e64,PES-03304
crm,103160,PES-04395
app,usr_0b2d28d3,PES-01918
app,usr_a35ca89e,PES-01278
crm,103161,PES-01568
loja,Loja Shopping#292,PES-01342
crm,103162,PES-05268
crm,103163,PES-00399
app,usr_eff12bee,PES-03928
crm,103164,PES-00954
app,usr_19929922,PES-04311
crm,103165,PES-01882
crm,103166,PES-01235
crm,103167,PES-01956
app,usr_b5d4afdc,PES-05500
loja,Loja Bairro#282,PES-05552
crm,103168,PES-02977
crm,103169,PES-00122
crm,103170,PES-01398
crm,103171,PES-04505
loja,Loja Centro#292,PES-00846
app,usr_83739f19,PES-05572
app,usr_518cf50e,PES-03525
crm,103172,PES-05509
crm,103173,PES-04718
app,usr_904bf8fa,PES-04840
crm,103174,PES-03810
crm,103175,PES-05427
loja,Loja Shopping#293,PES-00873
app,usr_05bb297d,PES-05040
loja,Loja Centro#293,PES-05804
app,usr_61c4e774,PES-02136
app,usr_199c5a71,PES-02998
crm,103176,PES-02016
crm,103177,PES-05897
app,usr_4423a5b4,PES-01294
crm,103178,PES-00463
app,usr_6c8c6d13,PES-04779
crm,103179,PES-05872
loja,Loja Centro#294,PES-04041
loja,Loja Centro#295,PES-04413
crm,103180,PES-04588
app,usr_c46f8e7f,PES-00885
loja,Loja Centro#296,PES-02995
app,usr_8440bee7,PES-03524
app,usr_3a561259,PES-02833
loja,Loja Centro#297,PES-05213
loja,Loja Centro#298,PES-02328
crm,103181,PES-02007
loja,Loja Centro#299,PES-01531
crm,103182,PES-02673
crm,103183,PES-03850
crm,103184,PES-05265
loja,Loja Centro#300,PES-02283
app,usr_8a000eac,PES-00213
app,usr_6b1c71de,PES-00256
crm,103185,PES-04119
crm,103186,PES-02864
app,usr_cf2d1823,PES-05497
crm,103187,PES-01913
crm,103188,PES-03508
crm,103189,PES-02536
app,usr_329e56cf,PES-00584
crm,103190,PES-03005
crm,103191,PES-02051
crm,103192,PES-04412
crm,103193,PES-03805
loja,Loja Shopping#294,PES-04443
loja,Loja Bairro#283,PES-05498
crm,103194,PES-03053
loja,Loja Bairro#284,PES-03614
crm,103195,PES-00375
crm,103196,PES-03711
app,usr_a4f7fab1,PES-02993
crm,103197,PES-04681
app,usr_d0e2cbf2,PES-02532
crm,103198,PES-03065
app,usr_b385cccd,PES-01964
app,usr_1eddb2a5,PES-03373
loja,Loja Bairro#285,PES-05260
loja,Loja Centro#301,PES-01281
crm,103199,PES-05852
crm,103200,PES-03581
crm,103201,PES-02213
crm,103202,PES-03422
app,usr_06224b00,PES-05269
crm,103203,PES-03080
crm,103204,PES-03507
crm,103205,PES-01297
crm,103206,PES-00809
app,usr_a0532d95,PES-05223
app,usr_7bf556d4,PES-02050
app,usr_cac1d3de,PES-01300
crm,103207,PES-00570
crm,103208,PES-04016
app,usr_cd347469,PES-00472
loja,Loja Bairro#286,PES-05248
loja,Loja Bairro#287,PES-02590
app,usr_b9d3816e,PES-01030
app,usr_b57bf330,PES-05382
crm,103209,PES-02660
crm,103210,PES-00735
crm,103211,PES-05894
app,usr_4b5e9c5d,PES-04318
app,usr_2c083b1c,PES-01449
crm,103212,PES-03316
crm,103213,PES-05155
app,usr_f22f0f29,PES-05796
crm,103214,PES-01779
crm,103215,PES-01333
crm,103216,PES-03172
app,usr_336795cb,PES-02730
crm,103217,PES-00517
crm,103218,PES-00935
app,usr_ba4e3363,PES-04111
crm,103219,PES-01834
crm,103220,PES-03503
crm,103221,PES-02244
loja,Loja Centro#302,PES-05875
loja,Loja Bairro#288,PES-05542
crm,103222,PES-00254
app,usr_65d86de2,PES-03576
crm,103223,PES-01889
loja,Loja Shopping#295,PES-00777
crm,103224,PES-02200
crm,103225,PES-02609
crm,103226,PES-01147
crm,103227,PES-03169
loja,Loja Centro#303,PES-02461
crm,103228,PES-01605
app,usr_07d6390f,PES-04336
app,usr_c01e5b33,PES-01107
loja,Loja Shopping#296,PES-05132
crm,103229,PES-04961
app,usr_05a4b03f,PES-02797
app,usr_eb84161f,PES-02056
app,usr_3f1518a9,PES-03280
loja,Loja Bairro#289,PES-03367
app,usr_732e12bb,PES-01417
crm,103230,PES-02995
crm,103231,PES-00595
app,usr_2b8032ef,PES-05676
crm,103232,PES-04554
crm,103233,PES-02603
crm,103234,PES-03382
crm,103235,PES-00522
loja,Loja Centro#304,PES-02138
loja,Loja Centro#305,PES-01632
crm,103236,PES-01411
crm,103237,PES-05245
app,usr_f17afa63,PES-05982
crm,103238,PES-01759
crm,103239,PES-01309
loja,Loja Shopping#297,PES-04305
loja,Loja Bairro#290,PES-05240
app,usr_295517c3,PES-00733
crm,103240,PES-03982
crm,103241,PES-03578
loja,Loja Centro#306,PES-00040
crm,103242,PES-03693
crm,103243,PES-05436
app,usr_997ae983,PES-01567
crm,103244,PES-04418
loja,Loja Centro#307,PES-03633
app,usr_0872da97,PES-05076
app,usr_2fb41426,PES-01631
crm,103245,PES-02146
loja,Loja Centro#308,PES-00730
crm,103246,PES-01721
crm,103247,PES-05590
app,usr_e79edc73,PES-01007
app,usr_38d3ec26,PES-01031
app,usr_bdcba1f0,PES-02245
crm,103248,PES-04820
crm,103249,PES-02095
crm,103250,PES-03651
app,usr_266e0610,PES-03523
crm,103251,PES-05059
crm,103252,PES-05680
app,usr_dc05710a,PES-03148
crm,103253,PES-05798
crm,103254,PES-02248
loja,Loja Shopping#298,PES-01230
crm,103255,PES-05113
app,usr_ecc32ee9,PES-04876
loja,Loja Shopping#299,PES-05285
app,usr_972e0a2c,PES-01698
crm,103256,PES-01497
crm,103257,PES-00619
app,usr_704bde82,PES-02923
crm,103258,PES-02601
crm,103259,PES-05506
app,usr_cdb46c29,PES-04297
app,usr_4f0712e2,PES-02789
crm,103260,PES-03501
crm,103261,PES-04288
loja,Loja Bairro#291,PES-03617
app,usr_2d57966e,PES-01833
crm,103262,PES-03828
app,usr_e49138ac,PES-01703
crm,103263,PES-00890
app,usr_56f82405,PES-03221
loja,Loja Centro#309,PES-02607
loja,Loja Centro#310,PES-00803
crm,103264,PES-00977
crm,103265,PES-00754
crm,103266,PES-05686
crm,103267,PES-01307
crm,103268,PES-02062
app,usr_10423929,PES-05600
app,usr_cf5c7fd4,PES-05761
crm,103269,PES-04982
crm,103270,PES-00961
app,usr_2e9d8a79,PES-04087
loja,Loja Shopping#300,PES-05627
crm,103271,PES-04380
crm,103272,PES-05934
loja,Loja Centro#311,PES-01923
app,usr_51a9733f,PES-00218
crm,103273,PES-03753
loja,Loja Centro#312,PES-02791
app,usr_ff39ad77,PES-00534
app,usr_7000b528,PES-03130
app,usr_586e3497,PES-03865
crm,103274,PES-00258
app,usr_9444fe97,PES-00394
crm,103275,PES-02799
crm,103276,PES-03236
app,usr_530e3217,PES-04358
crm,103277,PES-03102
crm,103278,PES-01089
app,usr_1cc7509b,PES-01546
crm,103279,PES-05831
app,usr_5590dfc1,PES-05049
loja,Loja Shopping#301,PES-01050
crm,103280,PES-05841
crm,103281,PES-04786
crm,103282,PES-05613
app,usr_bc5b2e91,PES-03168
crm,103283,PES-05661
crm,103284,PES-04989
crm,103285,PES-01260
app,usr_2291cd97,PES-05268
crm,103286,PES-03441
crm,103287,PES-05396
app,usr_42ce74b8,PES-05394
crm,103288,PES-00050
app,usr_7bf97ae4,PES-03294
crm,103289,PES-04561
loja,Loja Centro#313,PES-03468
crm,103290,PES-03313
crm,103291,PES-01939
crm,103292,PES-02911
loja,Loja Centro#314,PES-03969
crm,103293,PES-05666
app,usr_4b30f69a,PES-02563
loja,Loja Centro#315,PES-05119
crm,103294,PES-01708
crm,103295,PES-01217
crm,103296,PES-01213
crm,103297,PES-01045
crm,103298,PES-03364
app,usr_f3fa74e9,PES-02126
crm,103299,PES-02582
app,usr_97489b22,PES-02278
loja,Loja Bairro#292,PES-04843
crm,103300,PES-03383
crm,103301,PES-02276
app,usr_4bcbf6bd,PES-04202
crm,103302,PES-04710
app,usr_1c4dd0db,PES-05821
app,usr_affa2a05,PES-04082
crm,103303,PES-02998
crm,103304,PES-03051
app,usr_e0d787b9,PES-04080
crm,103305,PES-03672
crm,103306,PES-02974
loja,Loja Shopping#302,PES-02717
app,usr_9fa11992,PES-04598
app,usr_afa8f6d0,PES-01219
loja,Loja Bairro#293,PES-05193
crm,103307,PES-00704
crm,103308,PES-00356
crm,103309,PES-01663
app,usr_4f7020b8,PES-03621
loja,Loja Centro#316,PES-01311
crm,103310,PES-00172
app,usr_d69c639e,PES-01098
loja,Loja Bairro#294,PES-05061
app,usr_79caf2fc,PES-00277
crm,103311,PES-02859
app,usr_db69ae3b,PES-04041
app,usr_c849b6d7,PES-04003
app,usr_cf6e750e,PES-01356
loja,Loja Centro#317,PES-01326
loja,Loja Centro#318,PES-02302
crm,103312,PES-05196
crm,103313,PES-04436
crm,103314,PES-00707
loja,Loja Centro#319,PES-05440
crm,103315,PES-05960
crm,103316,PES-02994
app,usr_5a9b9e20,PES-03446
app,usr_e8dc6180,PES-00419
loja,Loja Centro#320,PES-04601
crm,103317,PES-03396
crm,103318,PES-05426
loja,Loja Bairro#295,PES-01918
crm,103319,PES-00976
loja,Loja Centro#321,PES-05385
crm,103320,PES-02504
crm,103321,PES-03339
loja,Loja Bairro#296,PES-05574
app,usr_7216f622,PES-01610
app,usr_50c5dc92,PES-00902
crm,103322,PES-04196
crm,103323,PES-01758
app,usr_3035811f,PES-03441
crm,103324,PES-05623
crm,103325,PES-03872
crm,103326,PES-03590
crm,103327,PES-01806
app,usr_fc76c55f,PES-03223
crm,103328,PES-04513
crm,103329,PES-03863
crm,103330,PES-04836
loja,Loja Shopping#303,PES-05618
app,usr_5a330d7e,PES-02353
crm,103331,PES-01835
crm,103332,PES-02312
crm,103333,PES-03890
crm,103334,PES-02948
loja,Loja Bairro#297,PES-02781
app,usr_a5dd3dd0,PES-05403
loja,Loja Shopping#304,PES-04918
crm,103335,PES-02697
crm,103336,PES-01190
app,usr_6f36342e,PES-04835
app,usr_c8c99f49,PES-04769
crm,103337,PES-01286
loja,Loja Bairro#298,PES-04812
crm,103338,PES-05256
crm,103339,PES-05636
app,usr_f32ef81b,PES-04928
crm,103340,PES-01319
loja,Loja Bairro#299,PES-05476
crm,103341,PES-01945
crm,103342,PES-02989
app,usr_481f590a,PES-05534
crm,103343,PES-04980
crm,103344,PES-02870
crm,103345,PES-00019
crm,103346,PES-04597
crm,103347,PES-03543
app,usr_97bc0f3b,PES-02449
crm,103348,PES-03622
crm,103349,PES-02353
crm,103350,PES-04332
loja,Loja Centro#322,PES-01487
crm,103351,PES-03154
app,usr_ef820f4f,PES-04715
crm,103352,PES-03793
crm,103353,PES-05755
crm,103354,PES-02657
loja,Loja Centro#323,PES-03142
app,usr_601c263b,PES-02438
crm,103355,PES-05917
crm,103356,PES-05791
crm,103357,PES-00839
crm,103358,PES-01661
crm,103359,PES-04736
crm,103360,PES-02264
crm,103361,PES-04314
crm,103362,PES-03946
app,usr_4b78d2e6,PES-05619
app,usr_c1138ffa,PES-02094
crm,103363,PES-01110
app,usr_d3becead,PES-00868
app,usr_ba7fa357,PES-02720
crm,103364,PES-01346
app,usr_ae5b6f7e,PES-00594
crm,103365,PES-05187
app,usr_b7e0e1f9,PES-05881
app,usr_7ea2df03,PES-05457
app,usr_981de45f,PES-02386
crm,103366,PES-02805
crm,103367,PES-00333
loja,Loja Bairro#300,PES-04450
crm,103368,PES-05353
crm,103369,PES-05130
crm,103370,PES-01738
crm,103371,PES-04612
loja,Loja Bairro#301,PES-05723
app,usr_54fe44b7,PES-03377
crm,103372,PES-02143
crm,103373,PES-02828
crm,103374,PES-01996
app,usr_1d57588b,PES-05569
crm,103375,PES-02763
app,usr_4ad33916,PES-01579
crm,103376,PES-05839
crm,103377,PES-03409
app,usr_e9e95385,PES-03490
crm,103378,PES-02954
app,usr_08b6c58d,PES-00639
app,usr_4bc2178c,PES-05768
app,usr_fd17bee6,PES-05814
crm,103379,PES-05902
app,usr_4e0d9347,PES-02217
app,usr_51a197be,PES-05219
loja,Loja Centro#324,PES-04424
app,usr_ce769ff7,PES-01239
crm,103380,PES-04653
crm,103381,PES-00797
app,usr_354eb131,PES-00148
loja,Loja Bairro#302,PES-05235
crm,103382,PES-04955
app,usr_363744a4,PES-02532
app,usr_2885d832,PES-01292
crm,103383,PES-02407
crm,103384,PES-00795
crm,103385,PES-01866
loja,Loja Shopping#305,PES-01093
crm,103386,PES-00060
loja,Loja Shopping#306,PES-04060
loja,Loja Bairro#303,PES-05418
crm,103387,PES-01509
app,usr_28df8cc5,PES-02079
crm,103388,PES-04617
app,usr_07da458d,PES-03218
app,usr_ae75479e,PES-04023
loja,Loja Bairro#304,PES-04333
crm,103389,PES-04782
crm,103390,PES-00255
crm,103391,PES-02728
crm,103392,PES-05314
app,usr_9c57a606,PES-05570
app,usr_9fd51427,PES-00883
crm,103393,PES-02724
app,usr_60e8f89e,PES-05546
crm,103394,PES-04411
crm,103395,PES-05206
crm,103396,PES-00681
crm,103397,PES-02169
crm,103398,PES-00709
crm,103399,PES-03918
crm,103400,PES-05673
crm,103401,PES-01918
crm,103402,PES-03533
app,usr_1f32e0e5,PES-01842
loja,Loja Bairro#305,PES-00915
crm,103403,PES-00679
app,usr_fd15649c,PES-00159
app,usr_a83ebf76,PES-01632
app,usr_0d7b189e,PES-05732
crm,103404,PES-05082
loja,Loja Centro#325,PES-04462
crm,103405,PES-02619
crm,103406,PES-00178
crm,103407,PES-01374
app,usr_0a9190d0,PES-04265
crm,103408,PES-05943
app,usr_caa004a8,PES-03598
app,usr_11a81ec6,PES-01291
app,usr_19ca8b52,PES-05653
app,usr_bd42ca94,PES-03179
crm,103409,PES-04808
loja,Loja Bairro#306,PES-02376
loja,Loja Shopping#307,PES-01727
crm,103410,PES-04847
app,usr_9e9d833f,PES-03061
crm,103411,PES-04860
crm,103412,PES-03152
crm,103413,PES-00408
app,usr_749cfab5,PES-04987
loja,Loja Shopping#308,PES-05070
crm,103414,PES-01504
crm,103415,PES-01520
crm,103416,PES-01544
crm,103417,PES-03058
crm,103418,PES-00355
crm,103419,PES-03187
app,usr_32a04c9a,PES-03873
app,usr_853a6494,PES-04392
app,usr_2c0f422c,PES-02125
loja,Loja Centro#326,PES-02775
app,usr_0101b1cb,PES-04738
crm,103420,PES-02079
crm,103421,PES-03189
crm,103422,PES-01129
app,usr_9a787b61,PES-05637
loja,Loja Bairro#307,PES-04193
crm,103423,PES-04121
app,usr_1f695f34,PES-00181
app,usr_37e4ffac,PES-03169
app,usr_97bf1c62,PES-03905
app,usr_1d7a3b11,PES-00873
crm,103424,PES-01245
loja,Loja Bairro#308,PES-03307
crm,103425,PES-01801
crm,103426,PES-00907
crm,103427,PES-03228
app,usr_aaa964d1,PES-05464
app,usr_c851bd0d,PES-00031
crm,103428,PES-00006
loja,Loja Shopping#309,PES-00332
crm,103429,PES-03809
app,usr_23eeacaf,PES-00326
crm,103430,PES-03087
app,usr_408e5f88,PES-05011
crm,103431,PES-01529
loja,Loja Centro#327,PES-04839
loja,Loja Centro#328,PES-04531
crm,103432,PES-00447
crm,103433,PES-04455
app,usr_aea5e05b,PES-00302
loja,Loja Shopping#310,PES-03004
crm,103434,PES-00321
crm,103435,PES-02674
crm,103436,PES-03119
app,usr_249b0c0b,PES-01155
app,usr_18671acf,PES-03497
crm,103437,PES-00477
crm,103438,PES-01523
app,usr_9483898f,PES-05964
crm,103439,PES-01843
app,usr_7ac5c41a,PES-00045
crm,103440,PES-00923
app,usr_c0b2f1d0,PES-01639
crm,103441,PES-01684
loja,Loja Centro#329,PES-03766
crm,103442,PES-01470
crm,103443,PES-05074
crm,103444,PES-05246
crm,103445,PES-04210
crm,103446,PES-03469
crm,103447,PES-01240
app,usr_7543fb2f,PES-04544
app,usr_1e04f00f,PES-05965
crm,103448,PES-04000
crm,103449,PES-05104
app,usr_df3d0759,PES-04224
crm,103450,PES-04400
crm,103451,PES-01402
crm,103452,PES-02639
app,usr_dc7ca204,PES-02880
app,usr_b977557b,PES-04743
app,usr_3ef06f5c,PES-00579
app,usr_6a880411,PES-04503
loja,Loja Bairro#309,PES-02718
loja,Loja Shopping#311,PES-00290
loja,Loja Shopping#312,PES-02550
crm,103453,PES-05086
app,usr_ac8ae3a6,PES-01559
crm,103454,PES-04908
loja,Loja Shopping#313,PES-03602
crm,103455,PES-01736
crm,103456,PES-02849
crm,103457,PES-02971
crm,103458,PES-01318
crm,103459,PES-05124
crm,103460,PES-03740
crm,103461,PES-01752
crm,103462,PES-05489
app,usr_225a4637,PES-05872
crm,103463,PES-01442
crm,103464,PES-04935
app,usr_10ff76f2,PES-00680
crm,103465,PES-05625
crm,103466,PES-01525
app,usr_765e3ecd,PES-05645
crm,103467,PES-01010
crm,103468,PES-04112
loja,Loja Shopping#314,PES-00267
crm,103469,PES-04571
app,usr_64209133,PES-05753
crm,103470,PES-04295
app,usr_24b8497e,PES-02914
crm,103471,PES-03262
crm,103472,PES-03175
crm,103473,PES-03361
loja,Loja Bairro#310,PES-05171
app,usr_0652e916,PES-00021
crm,103474,PES-03116
loja,Loja Bairro#311,PES-02611
loja,Loja Bairro#312,PES-05208
crm,103475,PES-03420
app,usr_d845d9f4,PES-04031
crm,103476,PES-05824
crm,103477,PES-05175
crm,103478,PES-00226
crm,103479,PES-05464
loja,Loja Centro#330,PES-02537
loja,Loja Centro#331,PES-03149
app,usr_4c0868c8,PES-04794
app,usr_b17bda61,PES-02529
crm,103480,PES-02285
app,usr_a95a5e81,PES-04565
app,usr_92f6e477,PES-04062
crm,103481,PES-04599
loja,Loja Centro#332,PES-04547
crm,103482,PES-03202
app,usr_53e2614c,PES-05313
app,usr_3ef527a1,PES-03120
crm,103483,PES-02704
crm,103484,PES-04566
app,usr_642c53b5,PES-04539
loja,Loja Centro#333,PES-05802
crm,103485,PES-02241
crm,103486,PES-04351
crm,103487,PES-02015
app,usr_481df04f,PES-03852
crm,103488,PES-02180
crm,103489,PES-02165
crm,103490,PES-00069
app,usr_52b39360,PES-05084
app,usr_e488f52c,PES-04300
crm,103491,PES-01650
app,usr_bfa65e20,PES-01535
app,usr_beb3831c,PES-05037
crm,103492,PES-01424
loja,Loja Bairro#313,PES-00310
app,usr_98ba28d7,PES-03934
crm,103493,PES-03969
crm,103494,PES-04078
crm,103495,PES-05533
app,usr_87f0b954,PES-00011
crm,103496,PES-02997
app,usr_04ab042f,PES-04593
crm,103497,PES-00833
crm,103498,PES-05398
app,usr_0b67685a,PES-05802
app,usr_72771a89,PES-02600
crm,103499,PES-04448
crm,103500,PES-04239
crm,103501,PES-04034
app,usr_3b5e18fa,PES-05782
crm,103502,PES-04627
loja,Loja Bairro#314,PES-01596
crm,103503,PES-00202
crm,103504,PES-02632
loja,Loja Bairro#315,PES-02875
loja,Loja Centro#334,PES-01578
crm,103505,PES-01959
app,usr_2756cb63,PES-00538
crm,103506,PES-03919
crm,103507,PES-01038
app,usr_319d0694,PES-02748
app,usr_bedd3ac8,PES-01405
app,usr_1270f74a,PES-03093
loja,Loja Bairro#316,PES-04642
app,usr_5e48dc2b,PES-05449
app,usr_7e96c25c,PES-03790
crm,103508,PES-05287
app,usr_2f0e546a,PES-03409
crm,103509,PES-03415
crm,103510,PES-03036
loja,Loja Centro#335,PES-05633
crm,103511,PES-00117
crm,103512,PES-00451
crm,103513,PES-04352
loja,Loja Shopping#315,PES-02129
crm,103514,PES-00917
app,usr_f1d6c3ce,PES-00780
crm,103515,PES-01790
crm,103516,PES-04296
crm,103517,PES-03059
loja,Loja Bairro#317,PES-04511
app,usr_322fb9cd,PES-01515
app,usr_58139abf,PES-01494
crm,103518,PES-02626
app,usr_06ab7ba1,PES-05456
loja,Loja Bairro#318,PES-03117
crm,103519,PES-03560
crm,103520,PES-00212
crm,103521,PES-01102
loja,Loja Shopping#316,PES-03629
loja,Loja Bairro#319,PES-05075
app,usr_7f301a01,PES-04366
app,usr_c43ffdb0,PES-03856
app,usr_1f14e8d0,PES-00776
crm,103522,PES-02106
app,usr_0bafb64e,PES-02151
crm,103523,PES-01327
app,usr_d0fd5579,PES-04125
crm,103524,PES-05651
loja,Loja Shopping#317,PES-05286
app,usr_a82c8498,PES-00718
app,usr_842422ae,PES-00974
crm,103525,PES-03571
crm,103526,PES-03833
loja,Loja Centro#336,PES-02832
loja,Loja Shopping#318,PES-00577
app,usr_f2007cf3,PES-00179
crm,103527,PES-02070
loja,Loja Bairro#320,PES-00702
crm,103528,PES-05662
crm,103529,PES-00555
app,usr_f4bd15f1,PES-01060
loja,Loja Bairro#321,PES-00022
crm,103530,PES-00488
crm,103531,PES-01622
app,usr_8dc02e7a,PES-04470
crm,103532,PES-00558
crm,103533,PES-03885
app,usr_689b1b19,PES-05277
app,usr_89134d37,PES-05448
crm,103534,PES-02372
loja,Loja Centro#337,PES-04589
app,usr_615f2582,PES-00715
app,usr_3d68fa53,PES-05977
crm,103535,PES-04162
crm,103536,PES-03987
app,usr_320c9814,PES-01466
app,usr_45a8a10c,PES-01689
crm,103537,PES-02221
app,usr_775cfc01,PES-04391
app,usr_a00728da,PES-03719
crm,103538,PES-03524
loja,Loja Bairro#322,PES-02184
app,usr_9d152b70,PES-04714
loja,Loja Centro#338,PES-04796
crm,103539,PES-02731
app,usr_bca236ae,PES-00230
crm,103540,PES-04449
crm,103541,PES-01295
app,usr_32a1ec72,PES-02408
crm,103542,PES-05801
app,usr_9b23cbca,PES-03826
crm,103543,PES-00586
app,usr_d40a4556,PES-00819
crm,103544,PES-03545
loja,Loja Centro#339,PES-03018
crm,103545,PES-02709
crm,103546,PES-00745
app,usr_f315de14,PES-02876
loja,Loja Centro#340,PES-01710
app,usr_ac31f67f,PES-00003
app,usr_fcf79c5f,PES-02578
crm,103547,PES-02556
crm,103548,PES-01435
app,usr_b346de16,PES-02762
loja,Loja Bairro#323,PES-03806
crm,103549,PES-01670
app,usr_1f60598e,PES-03213
crm,103550,PES-00379
crm,103551,PES-03174
app,usr_3f10d8e7,PES-04293
app,usr_9034348c,PES-03803
loja,Loja Shopping#319,PES-05016
crm,103552,PES-02973
app,usr_246c9cf5,PES-04680
crm,103553,PES-02722
app,usr_1a5274c0,PES-01003
crm,103554,PES-00847
crm,103555,PES-00791
app,usr_14e65997,PES-00957
crm,103556,PES-04663
crm,103557,PES-00622
crm,103558,PES-03089
app,usr_f7735067,PES-03520
app,usr_59ccad01,PES-01599
crm,103559,PES-05460
crm,103560,PES-02512
crm,103561,PES-05047
app,usr_914cee43,PES-01778
crm,103562,PES-03823
crm,103563,PES-05431
crm,103564,PES-01248
crm,103565,PES-00324
crm,103566,PES-03032
loja,Loja Shopping#320,PES-03474
crm,103567,PES-01016
app,usr_ae70d4d8,PES-03162
crm,103568,PES-01188
app,usr_887546e6,PES-03757
crm,103569,PES-05394
loja,Loja Bairro#324,PES-02846
app,usr_fcbd0ca5,PES-03777
crm,103570,PES-04666
crm,103571,PES-05074
crm,103572,PES-02576
loja,Loja Shopping#321,PES-03368
app,usr_3d462b13,PES-01293
loja,Loja Centro#341,PES-05008
crm,103573,PES-03955
app,usr_1c54323d,PES-03314
loja,Loja Bairro#325,PES-02142
crm,103574,PES-01688
crm,103575,PES-04165
crm,103576,PES-04812
crm,103577,PES-00016
crm,103578,PES-00823
crm,103579,PES-04450
loja,Loja Bairro#326,PES-03527
crm,103580,PES-04440
crm,103581,PES-04733
crm,103582,PES-02661
app,usr_eb81f87f,PES-03833
crm,103583,PES-05783
app,usr_dacb434f,PES-02239
crm,103584,PES-01633
crm,103585,PES-02464
crm,103586,PES-00897
crm,103587,PES-04766
crm,103588,PES-04511
app,usr_83639702,PES-04344
crm,103589,PES-00718
app,usr_03041434,PES-04211
app,usr_271a6356,PES-02222
loja,Loja Bairro#327,PES-05727
app,usr_5ec5aec1,PES-04377
crm,103590,PES-04915
app,usr_09108eff,PES-02777
crm,103591,PES-04131
crm,103592,PES-04741
loja,Loja Shopping#322,PES-00557
crm,103593,PES-02568
crm,103594,PES-01683
app,usr_7fcf7461,PES-03290
crm,103595,PES-02867
crm,103596,PES-00024
crm,103597,PES-00938
crm,103598,PES-01824
app,usr_7cc88556,PES-04809
app,usr_c8f28d84,PES-01034
crm,103599,PES-02756
loja,Loja Centro#342,PES-05786
crm,103600,PES-03434
crm,103601,PES-00824
app,usr_b7c87ae0,PES-03605
app,usr_2a8b5a3a,PES-01590
crm,103602,PES-04991
crm,103603,PES-05675
crm,103604,PES-02636
crm,103605,PES-02881
loja,Loja Bairro#328,PES-03151
app,usr_26e44679,PES-00647
crm,103606,PES-03419
crm,103607,PES-00585
app,usr_e941724f,PES-01391
crm,103608,PES-03917
app,usr_b5cc044a,PES-00897
crm,103609,PES-01632
app,usr_dae97d0d,PES-04272
app,usr_0c744b7f,PES-04020
loja,Loja Shopping#323,PES-04375
crm,103610,PES-05366
app,usr_985b6d41,PES-03219
loja,Loja Centro#343,PES-03264
crm,103611,PES-02675
app,usr_d74064ce,PES-05070
crm,103612,PES-00936
app,usr_9f4e4275,PES-02077
crm,103613,PES-02691
crm,103614,PES-05083
crm,103615,PES-03212
loja,Loja Centro#344,PES-01704
loja,Loja Bairro#329,PES-03999
app,usr_aafc6f66,PES-00319
crm,103616,PES-01075
loja,Loja Centro#345,PES-03329
crm,103617,PES-04522
crm,103618,PES-00218
loja,Loja Bairro#330,PES-01453
crm,103619,PES-04429
loja,Loja Shopping#324,PES-00399
app,usr_cdd98180,PES-02865
app,usr_6791dcac,PES-01164
crm,103620,PES-05569
app,usr_764b1bd9,PES-04524
app,usr_ea4dac5b,PES-02595
loja,Loja Shopping#325,PES-03481
crm,103621,PES-04830
crm,103622,PES-02045
loja,Loja Centro#346,PES-03498
app,usr_98e3fe0f,PES-04016
app,usr_4b97d8fe,PES-03699
crm,103623,PES-01394
crm,103624,PES-05102
app,usr_7abcd3f6,PES-04408
crm,103625,PES-04320
crm,103626,PES-04953
app,usr_fad1d8e7,PES-01436
loja,Loja Bairro#331,PES-00590
app,usr_52514dd0,PES-05056
crm,103627,PES-04695
crm,103628,PES-02081
app,usr_671587ee,PES-00754
crm,103629,PES-01815
crm,103630,PES-04640
crm,103631,PES-02402
app,usr_e0123bd5,PES-02971
loja,Loja Shopping#326,PES-00664
loja,Loja Centro#347,PES-03953
crm,103632,PES-02290
crm,103633,PES-00649
loja,Loja Shopping#327,PES-04026
crm,103634,PES-03587
app,usr_74018258,PES-02538
app,usr_2a768440,PES-00917
app,usr_afd85801,PES-04129
app,usr_3ac19a98,PES-01248
crm,103635,PES-01588
app,usr_a4832028,PES-03821
loja,Loja Shopping#328,PES-01322
crm,103636,PES-02658
app,usr_6613e8da,PES-05286
app,usr_4041c0a2,PES-05294
loja,Loja Bairro#332,PES-00248
crm,103637,PES-03294
app,usr_54ae3477,PES-00987
loja,Loja Shopping#329,PES-03274
app,usr_bde01341,PES-01863
app,usr_9adb9757,PES-05738
crm,103638,PES-04590
loja,Loja Centro#348,PES-02900
loja,Loja Bairro#333,PES-04867
crm,103639,PES-02192
app,usr_babae568,PES-04806
crm,103640,PES-05494
app,usr_9536e3fd,PES-00947
app,usr_94a2ac62,PES-05487
crm,103641,PES-02553
crm,103642,PES-00347
crm,103643,PES-02417
crm,103644,PES-05539
crm,103645,PES-05973
crm,103646,PES-01444
crm,103647,PES-04618
crm,103648,PES-01526
app,usr_20ed5432,PES-04492
crm,103649,PES-05775
loja,Loja Centro#349,PES-04592
app,usr_ade4255c,PES-00687
app,usr_a75c42cd,PES-02213
app,usr_17771f8d,PES-04773
app,usr_f59718d2,PES-01484
crm,103650,PES-04073
app,usr_3ee5dafb,PES-03668
crm,103651,PES-03049
app,usr_0f5377c9,PES-02204
crm,103652,PES-05742
app,usr_4b63e40f,PES-04630
crm,103653,PES-00900
crm,103654,PES-03136
app,usr_d0efad9c,PES-04122
crm,103655,PES-04345
app,usr_e909b45d,PES-02728
app,usr_41b54c11,PES-03022
app,usr_d043367e,PES-01006
loja,Loja Centro#350,PES-00464
app,usr_ad474461,PES-03563
crm,103656,PES-03620
crm,103657,PES-05030
crm,103658,PES-02693
app,usr_973a0292,PES-00265
crm,103659,PES-05868
loja,Loja Centro#351,PES-05428
loja,Loja Bairro#334,PES-02843
crm,103660,PES-05052
crm,103661,PES-04965
crm,103662,PES-01289
crm,103663,PES-00331
app,usr_ebdc2657,PES-01101
loja,Loja Bairro#335,PES-04344
app,usr_e3c6c44f,PES-01620
loja,Loja Shopping#330,PES-03586
app,usr_3a2bef71,PES-05843
crm,103664,PES-01607
crm,103665,PES-00294
app,usr_08e2e7b2,PES-04912
crm,103666,PES-01542
loja,Loja Shopping#331,PES-00912
crm,103667,PES-00144
loja,Loja Bairro#336,PES-04391
crm,103668,PES-05302
crm,103669,PES-01328
crm,103670,PES-00100
app,usr_29ea9c97,PES-02618
loja,Loja Shopping#332,PES-04046
loja,Loja Bairro#337,PES-02964
crm,103671,PES-05576
app,usr_f4b4cbc7,PES-00214
app,usr_7b0aeda6,PES-00993
loja,Loja Shopping#333,PES-03266
crm,103672,PES-03085
crm,103673,PES-00617
app,usr_351312a2,PES-05910
app,usr_4dce0414,PES-01774
crm,103674,PES-03196
app,usr_b1aed346,PES-03659
app,usr_608198ce,PES-01576
loja,Loja Bairro#338,PES-01449
app,usr_aaa52f69,PES-00571
crm,103675,PES-00409
crm,103676,PES-02450
crm,103677,PES-04611
app,usr_e8fd404f,PES-02424
app,usr_a8451670,PES-00880
crm,103678,PES-01133
app,usr_31f904c5,PES-03418
crm,103679,PES-05585
loja,Loja Bairro#339,PES-04966
app,usr_b78d3317,PES-01460
crm,103680,PES-00526
loja,Loja Bairro#340,PES-02564
app,usr_59ee6d96,PES-05426
app,usr_3fd78a24,PES-00102
app,usr_57773480,PES-03560
app,usr_6ef3084a,PES-04585
crm,103681,PES-00276
app,usr_96402f1e,PES-04904
crm,103682,PES-02610
app,usr_23a5df28,PES-00032
crm,103683,PES-02398
app,usr_567184a7,PES-04673
app,usr_4bcebaf3,PES-02279
crm,103684,PES-03015
app,usr_cfead9d7,PES-01476
crm,103685,PES-04571
crm,103686,PES-01341
crm,103687,PES-03376
loja,Loja Shopping#334,PES-04439
crm,103688,PES-03892
app,usr_305e2ed7,PES-01492
crm,103689,PES-04778
crm,103690,PES-04615
crm,103691,PES-02335
crm,103692,PES-05137
loja,Loja Centro#352,PES-02398
app,usr_af919e61,PES-01419
app,usr_ec0de43d,PES-00937
crm,103693,PES-02117
crm,103694,PES-01610
crm,103695,PES-05892
crm,103696,PES-00631
loja,Loja Shopping#335,PES-02408
crm,103697,PES-04338
crm,103698,PES-02033
crm,103699,PES-05498
loja,Loja Bairro#341,PES-03125
crm,103700,PES-02150
app,usr_24bba5a9,PES-04112
crm,103701,PES-05402
crm,103702,PES-01763
crm,103703,PES-05604
app,usr_1f09a7cd,PES-00420
app,usr_986aa918,PES-00050
app,usr_bf0992c4,PES-03989
crm,103704,PES-04840
crm,103705,PES-00903
crm,103706,PES-03866
loja,Loja Shopping#336,PES-05001
crm,103707,PES-00080
app,usr_5b5705e5,PES-02681
crm,103708,PES-00671
crm,103709,PES-05880
crm,103710,PES-03302
app,usr_20dc1853,PES-04057
crm,103711,PES-00160
loja,Loja Bairro#342,PES-04530
loja,Loja Centro#353,PES-03708
app,usr_3f9f7f9a,PES-03816
loja,Loja Bairro#343,PES-04084
crm,103712,PES-03927
app,usr_110528c3,PES-01362
crm,103713,PES-05443
app,usr_0a23374a,PES-02819
loja,Loja Shopping#337,PES-03357
app,usr_e3027952,PES-03859
crm,103714,PES-05347
crm,103715,PES-01204
crm,103716,PES-03034
crm,103717,PES-02907
loja,Loja Bairro#344,PES-02852
app,usr_f4337c01,PES-02872
app,usr_b2076f09,PES-02764
crm,103718,PES-02371
loja,Loja Shopping#338,PES-00364
crm,103719,PES-03741
crm,103720,PES-01769
crm,103721,PES-05748
crm,103722,PES-03495
loja,Loja Bairro#345,PES-02711
crm,103723,PES-05918
app,usr_dcc71b3c,PES-02488
crm,103724,PES-01716
crm,103725,PES-03455
loja,Loja Shopping#339,PES-02082
crm,103726,PES-05257
crm,103727,PES-04731
crm,103728,PES-05259
loja,Loja Bairro#346,PES-03898
loja,Loja Centro#354,PES-00160
app,usr_c19c6501,PES-05379
crm,103729,PES-05822
crm,103730,PES-02194
app,usr_dff69728,PES-03835
crm,103731,PES-04888
app,usr_8763a0cd,PES-01216
app,usr_2f04eeed,PES-00700
crm,103732,PES-04466
crm,103733,PES-04323
app,usr_d42eb5ff,PES-02591
crm,103734,PES-00056
crm,103735,PES-04829
app,usr_591426a0,PES-01389
loja,Loja Bairro#347,PES-02771
app,usr_e5ad3337,PES-01224
app,usr_b5511f34,PES-05007
crm,103736,PES-03795
app,usr_2c95bde9,PES-01859
app,usr_bbb5bb46,PES-04224
crm,103737,PES-02618
app,usr_c08ad631,PES-04802
crm,103738,PES-01828
app,usr_77ec548b,PES-03796
loja,Loja Shopping#340,PES-02388
app,usr_09eef39f,PES-03174
crm,103739,PES-04474
crm,103740,PES-02401
crm,103741,PES-01746
crm,103742,PES-02330
crm,103743,PES-05913
crm,103744,PES-04260
app,usr_d65876bf,PES-04070
app,usr_a05a195b,PES-01340
crm,103745,PES-03902
app,usr_f5ec0e1c,PES-04613
loja,Loja Centro#355,PES-02650
crm,103746,PES-05170
crm,103747,PES-02824
crm,103748,PES-03951
app,usr_97697cf1,PES-04609
loja,Loja Shopping#341,PES-00943
app,usr_b13c83d6,PES-05566
crm,103749,PES-02148
app,usr_9bc60359,PES-00220
crm,103750,PES-01113
crm,103751,PES-02904
crm,103752,PES-01417
crm,103753,PES-00974
crm,103754,PES-01370
app,usr_0cc10906,PES-03040
app,usr_7481813a,PES-04426
loja,Loja Shopping#342,PES-03557
loja,Loja Centro#356,PES-02610
crm,103755,PES-03723
app,usr_585962a0,PES-05060
app,usr_c833d7f6,PES-01592
crm,103756,PES-04033
crm,103757,PES-01658
crm,103758,PES-00090
app,usr_b2cb678b,PES-00688
app,usr_e16b5c5d,PES-01242
app,usr_87ff3a5a,PES-00882
crm,103759,PES-03241
crm,103760,PES-03639
crm,103761,PES-02653
loja,Loja Bairro#348,PES-03538
loja,Loja Bairro#349,PES-01892
crm,103762,PES-00145
loja,Loja Bairro#350,PES-02536
app,usr_51b3314c,PES-05898
app,usr_f41856df,PES-03759
app,usr_79dba701,PES-04025
crm,103763,PES-00647
crm,103764,PES-01642
crm,103765,PES-02749
loja,Loja Centro#357,PES-00568
loja,Loja Centro#358,PES-01607
crm,103766,PES-05632
crm,103767,PES-03201
app,usr_bd166af3,PES-02676
app,usr_20e68a81,PES-00660
app,usr_8714028f,PES-00146
app,usr_261e54d8,PES-03965
crm,103768,PES-04129
app,usr_31c34788,PES-00668
crm,103769,PES-02537
crm,103770,PES-04182
crm,103771,PES-02266
app,usr_e201854c,PES-05081
loja,Loja Bairro#351,PES-03346
loja,Loja Shopping#343,PES-04132
loja,Loja Shopping#344,PES-01619
app,usr_c44b8ece,PES-01687
app,usr_e1ceaf23,PES-04403
crm,103772,PES-05254
app,usr_0f0bc4b0,PES-04056
app,usr_61f6f015,PES-02118
loja,Loja Centro#359,PES-01653
crm,103773,PES-02112
app,usr_b902f5b7,PES-04195
loja,Loja Bairro#352,PES-00810
loja,Loja Shopping#345,PES-04373
app,usr_739ed2a7,PES-04382
crm,103774,PES-03036
app,usr_4103d11a,PES-02687
loja,Loja Centro#360,PES-03983
crm,103775,PES-01090
loja,Loja Shopping#346,PES-02792
crm,103776,PES-00030
crm,103777,PES-05947
crm,103778,PES-04701
app,usr_50873435,PES-04252
app,usr_676d5c9b,PES-02286
crm,103779,PES-05701
crm,103780,PES-04481
crm,103781,PES-03525
crm,103782,PES-00873
app,usr_f5e1d537,PES-01491
crm,103783,PES-00397
app,usr_dae24e2c,PES-01317
app,usr_5e554cb4,PES-04763
crm,103784,PES-00101
app,usr_5d97eb9b,PES-00583
crm,103785,PES-04273
crm,103786,PES-04045
app,usr_095c80c5,PES-04683
crm,103787,PES-04183
crm,103788,PES-01238
crm,103789,PES-01791
app,usr_d1cd3000,PES-03347
app,usr_cd3d3709,PES-04079
crm,103790,PES-01266
app,usr_14863ef9,PES-05770
crm,103791,PES-03392
app,usr_887c6136,PES-02758
app,usr_5f9a6f20,PES-02864
loja,Loja Bairro#353,PES-04957
crm,103792,PES-01669
crm,103793,PES-03330
loja,Loja Bairro#354,PES-03207
app,usr_37af8a8d,PES-00673
app,usr_a56fe3a9,PES-03630
crm,103794,PES-05630
crm,103795,PES-00978
crm,103796,PES-03060
loja,Loja Bairro#355,PES-03404
crm,103797,PES-02835
app,usr_9b94f5c4,PES-00486
crm,103798,PES-01615
crm,103799,PES-02637
crm,103800,PES-04237
app,usr_20065581,PES-04543
crm,103801,PES-03039
app,usr_a779fdb7,PES-02447
app,usr_b04d3558,PES-04042
loja,Loja Centro#361,PES-04425
loja,Loja Bairro#356,PES-00695
app,usr_749bb134,PES-02664
crm,103802,PES-03685
crm,103803,PES-02252
crm,103804,PES-02026
crm,103805,PES-03004
app,usr_7515cbbb,PES-02373
app,usr_a49fedf0,PES-03344
crm,103806,PES-02825
crm,103807,PES-04878
loja,Loja Shopping#347,PES-03746
app,usr_681347ab,PES-04889
app,usr_86c69e3d,PES-01149
app,usr_1635b937,PES-03396
crm,103808,PES-01348
crm,103809,PES-03272
crm,103810,PES-05066
app,usr_304da517,PES-04124
crm,103811,PES-01404
crm,103812,PES-03941
crm,103813,PES-02942
crm,103814,PES-04833
app,usr_7228a581,PES-01467
crm,103815,PES-01584
app,usr_6b722163,PES-01843
loja,Loja Shopping#348,PES-01684
crm,103816,PES-00939
app,usr_c2c317da,PES-01070
loja,Loja Bairro#357,PES-04285
app,usr_b5fa211e,PES-02466
app,usr_35db8fec,PES-02586
crm,103817,PES-05975
crm,103818,PES-02969
crm,103819,PES-01033
app,usr_a031a40f,PES-04648
crm,103820,PES-04488
crm,103821,PES-04849
crm,103822,PES-02734
app,usr_75c1961b,PES-03990
app,usr_b815ebe2,PES-02486
app,usr_9a1998f1,PES-01493
crm,103823,PES-04532
crm,103824,PES-02262
app,usr_334cc35e,PES-02560
crm,103825,PES-03576
crm,103826,PES-00710
crm,103827,PES-01655
crm,103828,PES-02048
crm,103829,PES-01029
crm,103830,PES-00287
crm,103831,PES-05099
loja,Loja Shopping#349,PES-04938
app,usr_fc4782c8,PES-02782
crm,103832,PES-00888
loja,Loja Centro#362,PES-02230
crm,103833,PES-03674
app,usr_8d3cfdfe,PES-00899
app,usr_b4902d98,PES-02265
crm,103834,PES-00536
crm,103835,PES-05234
app,usr_5e7cdd3c,PES-05553
app,usr_fe451b5a,PES-04520
crm,103836,PES-03189
app,usr_cb1bccc0,PES-03309
app,usr_d942117d,PES-01612
crm,103837,PES-01681
loja,Loja Shopping#350,PES-03331
crm,103838,PES-03687
crm,103839,PES-02846
app,usr_404159b3,PES-00017
crm,103840,PES-02322
crm,103841,PES-00963
app,usr_9a757f69,PES-03556
app,usr_eff1afe5,PES-00781
app,usr_7f226c40,PES-00349
app,usr_510df7b5,PES-01066
crm,103842,PES-04496
crm,103843,PES-04362
crm,103844,PES-04916
crm,103845,PES-00769
crm,103846,PES-05842
crm,103847,PES-03197
crm,103848,PES-00416
app,usr_31a15df2,PES-03212
loja,Loja Centro#363,PES-04466
loja,Loja Bairro#358,PES-04611
app,usr_9323daca,PES-02701
crm,103849,PES-03534
app,usr_43027e7e,PES-01872
crm,103850,PES-03838
crm,103851,PES-02638
crm,103852,PES-03749
app,usr_41f00468,PES-01786
app,usr_fb6b2012,PES-00243
app,usr_8f2af268,PES-03398
app,usr_b1f109ae,PES-05944
crm,103853,PES-00547
crm,103854,PES-03324
loja,Loja Centro#364,PES-00782
crm,103855,PES-05164
app,usr_9e77fd9c,PES-00432
crm,103856,PES-05277
app,usr_67139ffa,PES-04886
loja,Loja Centro#365,PES-01735
app,usr_a9e20586,PES-04981
crm,103857,PES-04459
crm,103858,PES-00285
crm,103859,PES-02321
loja,Loja Centro#366,PES-00116
loja,Loja Centro#367,PES-01564
crm,103860,PES-01592
crm,103861,PES-02769
crm,103862,PES-04175
crm,103863,PES-04125
crm,103864,PES-03916
crm,103865,PES-04127
crm,103866,PES-01648
crm,103867,PES-00744
crm,103868,PES-03964
crm,103869,PES-03595
crm,103870,PES-02586
crm,103871,PES-05090
crm,103872,PES-04060
app,usr_780391cc,PES-03983
app,usr_411a973a,PES-02995
crm,103873,PES-03453
crm,103874,PES-04030
crm,103875,PES-05764
app,usr_3c169d44,PES-01993
app,usr_756538e4,PES-01959
loja,Loja Centro#368,PES-04964
crm,103876,PES-01609
crm,103877,PES-03157
crm,103878,PES-02659
loja,Loja Centro#369,PES-04124
app,usr_bbb66af2,PES-04320
app,usr_410f2728,PES-02814
crm,103879,PES-05186
crm,103880,PES-03932
crm,103881,PES-00196
loja,Loja Centro#370,PES-00732
loja,Loja Shopping#351,PES-03525
crm,103882,PES-05060
crm,103883,PES-04276
app,usr_1eeec7f0,PES-00461
crm,103884,PES-02323
app,usr_57e5ffaa,PES-04357
crm,103885,PES-02314
app,usr_e98974ee,PES-04571
crm,103886,PES-05488
app,usr_b46f3794,PES-02541
crm,103887,PES-00404
crm,103888,PES-00573
crm,103889,PES-03278
crm,103890,PES-03002
crm,103891,PES-01787
crm,103892,PES-03642
app,usr_dbd73249,PES-04924
crm,103893,PES-02028
crm,103894,PES-00981
crm,103895,PES-05042
crm,103896,PES-01061
crm,103897,PES-00562
loja,Loja Bairro#359,PES-00853
app,usr_e3ff14c2,PES-02943
crm,103898,PES-03449
loja,Loja Centro#371,PES-00213
app,usr_3ef421f5,PES-01790
app,usr_dae5d17a,PES-01068
loja,Loja Shopping#352,PES-01831
crm,103899,PES-01687
crm,103900,PES-02699
app,usr_e9ce5ccf,PES-00391
app,usr_021eb242,PES-02162
app,usr_16b5ea9e,PES-00728
app,usr_fa5670dd,PES-00591
crm,103901,PES-01929
app,usr_58f49063,PES-05186
crm,103902,PES-00645
crm,103903,PES-00113
crm,103904,PES-05620
crm,103905,PES-00626
app,usr_bb0dd00a,PES-01892
crm,103906,PES-02838
app,usr_347e3fa5,PES-04761
crm,103907,PES-05656
loja,Loja Shopping#353,PES-05908
loja,Loja Centro#372,PES-02959
app,usr_5b1cd61f,PES-01350
crm,103908,PES-02812
crm,103909,PES-05429
crm,103910,PES-05682
crm,103911,PES-03260
crm,103912,PES-02563
loja,Loja Bairro#360,PES-04860
crm,103913,PES-01629
crm,103914,PES-05514
crm,103915,PES-02470
crm,103916,PES-04245
crm,103917,PES-01408
app,usr_69fdb8dd,PES-04615
crm,103918,PES-02952
app,usr_a961db2d,PES-00339
crm,103919,PES-03633
crm,103920,PES-02548
app,usr_7f8b5e6c,PES-03357
crm,103921,PES-03980
loja,Loja Shopping#354,PES-00269
crm,103922,PES-02394
crm,103923,PES-04484
crm,103924,PES-01558
app,usr_ae9ce85a,PES-02806
crm,103925,PES-01250
app,usr_6876700e,PES-04936
loja,Loja Centro#373,PES-02976
crm,103926,PES-03737
crm,103927,PES-03017
crm,103928,PES-01085
app,usr_099baa23,PES-01966
crm,103929,PES-02287
app,usr_c71091b4,PES-05858
crm,103930,PES-01196
app,usr_2a91a8f9,PES-03573
loja,Loja Bairro#361,PES-03678
crm,103931,PES-00845
crm,103932,PES-04646
app,usr_62894a0c,PES-02791
crm,103933,PES-04009
crm,103934,PES-05864
loja,Loja Shopping#355,PES-03655
crm,103935,PES-02161
app,usr_e4ffc169,PES-00654
loja,Loja Shopping#356,PES-04931
app,usr_981f90a2,PES-03137
crm,103936,PES-00247
crm,103937,PES-01259
app,usr_1db7abfb,PES-02705
app,usr_751b9514,PES-05129
crm,103938,PES-04478
crm,103939,PES-00002
crm,103940,PES-05462
crm,103941,PES-02988
crm,103942,PES-05869
app,usr_509ede11,PES-03913
crm,103943,PES-00540
crm,103944,PES-04752
crm,103945,PES-05169
app,usr_adb40736,PES-03435
crm,103946,PES-01630
crm,103947,PES-05149
crm,103948,PES-00047
crm,103949,PES-00283
crm,103950,PES-02355
crm,103951,PES-04687
app,usr_1a863afc,PES-03332
crm,103952,PES-04890
crm,103953,PES-00794
crm,103954,PES-00157
crm,103955,PES-04164
app,usr_3206dcfa,PES-02915
crm,103956,PES-03447
crm,103957,PES-02350
app,usr_26657c37,PES-01464
crm,103958,PES-00820
crm,103959,PES-04130
crm,103960,PES-01994
crm,103961,PES-01571
crm,103962,PES-01200
crm,103963,PES-02392
loja,Loja Bairro#362,PES-04556
crm,103964,PES-01079
app,usr_4bb09252,PES-01860
crm,103965,PES-01533
app,usr_54a907ee,PES-05560
crm,103966,PES-01894
crm,103967,PES-01026
loja,Loja Centro#374,PES-03811
app,usr_b319bc80,PES-02573
crm,103968,PES-05406
crm,103969,PES-01692
crm,103970,PES-05586
crm,103971,PES-00371
crm,103972,PES-00909
loja,Loja Shopping#357,PES-01573
crm,103973,PES-01698
crm,103974,PES-01101
loja,Loja Shopping#358,PES-01013
app,usr_3f3f332d,PES-01381
loja,Loja Shopping#359,PES-01192
crm,103975,PES-05614
crm,103976,PES-05119
crm,103977,PES-01010
loja,Loja Centro#375,PES-05706
app,usr_c2d0d5d5,PES-04580
loja,Loja Shopping#360,PES-00133
crm,103978,PES-03442
app,usr_176b6ebe,PES-03145
crm,103979,PES-00953
crm,103980,PES-01027
crm,103981,PES-00815
loja,Loja Centro#376,PES-05521
crm,103982,PES-03696
app,usr_28e0e6d8,PES-03681
app,usr_f0431ae7,PES-02500
loja,Loja Shopping#361,PES-04059
crm,103983,PES-04798
app,usr_bd8bdb16,PES-02605
crm,103984,PES-05447
crm,103985,PES-03194
crm,103986,PES-05129
loja,Loja Centro#377,PES-01324
app,usr_594bbbcc,PES-01923
crm,103987,PES-02723
app,usr_4d1f960a,PES-01728
loja,Loja Centro#378,PES-01824
crm,103988,PES-05059
app,usr_dd9320bb,PES-02551
app,usr_bcdfcdd7,PES-05323
crm,103989,PES-02223
crm,103990,PES-04662
loja,Loja Centro#379,PES-03245
crm,103991,PES-01932
app,usr_19c3e0d3,PES-00396
crm,103992,PES-00476
crm,103993,PES-03752
app,usr_85e67781,PES-01063
crm,103994,PES-01870
app,usr_d74fe8c0,PES-04941
app,usr_ddacb18e,PES-05215
loja,Loja Shopping#362,PES-03524
crm,103995,PES-05401
crm,103996,PES-01494
app,usr_88afb149,PES-02749
app,usr_7d966d50,PES-05228
app,usr_b273c9a9,PES-01400
crm,103997,PES-00201
crm,103998,PES-00183
crm,103999,PES-01820
crm,104000,PES-04021
crm,104001,PES-04012
app,usr_f699a992,PES-05909
crm,104002,PES-02214
app,usr_d6b02729,PES-00496
app,usr_25b4c9eb,PES-01118
crm,104003,PES-04759
crm,104004,PES-03255
crm,104005,PES-05201
app,usr_3154976d,PES-03574
crm,104006,PES-03708
app,usr_8c289754,PES-00039
crm,104007,PES-05202
app,usr_a81451de,PES-05486
app,usr_8d248a29,PES-00964
crm,104008,PES-05471
app,usr_b12b6d1d,PES-05058
crm,104009,PES-01514
crm,104010,PES-05914
app,usr_35105f99,PES-04760
app,usr_8e378e2e,PES-03715
app,usr_2a17cd77,PES-02007
crm,104011,PES-00601
loja,Loja Bairro#363,PES-02019
crm,104012,PES-01153
loja,Loja Centro#380,PES-01246
crm,104013,PES-02540
crm,104014,PES-01349
app,usr_5b13d439,PES-04517
app,usr_505e8c93,PES-00487
app,usr_a5961d53,PES-03208
app,usr_1012d7d5,PES-03513
crm,104015,PES-01560
crm,104016,PES-01638
crm,104017,PES-05992
crm,104018,PES-04297
crm,104019,PES-05227
loja,Loja Centro#381,PES-05865
crm,104020,PES-01951
crm,104021,PES-03215
loja,Loja Bairro#364,PES-05713
crm,104022,PES-00086
crm,104023,PES-04179
crm,104024,PES-03023
app,usr_4b01ad07,PES-05744
crm,104025,PES-05529
app,usr_829848d5,PES-03002
crm,104026,PES-04667
loja,Loja Centro#382,PES-00666
crm,104027,PES-03748
app,usr_87042778,PES-04939
crm,104028,PES-04793
crm,104029,PES-04910
crm,104030,PES-00127
crm,104031,PES-00401
app,usr_28dac870,PES-05128
app,usr_54451d3e,PES-01103
crm,104032,PES-02269
crm,104033,PES-05055
crm,104034,PES-03599
crm,104035,PES-01971
crm,104036,PES-04844
crm,104037,PES-05387
loja,Loja Shopping#363,PES-02220
crm,104038,PES-04031
crm,104039,PES-04066
crm,104040,PES-04133
crm,104041,PES-01276
loja,Loja Centro#383,PES-03710
crm,104042,PES-02453
crm,104043,PES-02473
loja,Loja Bairro#365,PES-05819
loja,Loja Shopping#364,PES-02032
app,usr_c01d53be,PES-03079
crm,104044,PES-03254
crm,104045,PES-00210
app,usr_159245d9,PES-00627
app,usr_64aaba17,PES-02811
app,usr_3120875d,PES-05249
app,usr_f449f3de,PES-01451
crm,104046,PES-03292
crm,104047,PES-05093
loja,Loja Centro#384,PES-00892
crm,104048,PES-05248
crm,104049,PES-03251
app,usr_581fbd7b,PES-01143
app,usr_93129b69,PES-00819
crm,104050,PES-01522
app,usr_9569a5e5,PES-01258
app,usr_bec90f8c,PES-00207
crm,104051,PES-04328
app,usr_dab1db8f,PES-01840
crm,104052,PES-02878
crm,104053,PES-01761
loja,Loja Centro#385,PES-04326
loja,Loja Bairro#366,PES-05294
app,usr_f0eee326,PES-05171
app,usr_c80f7954,PES-00474
app,usr_2ad3c90e,PES-05701
app,usr_9ffa3959,PES-00469
app,usr_00e1c718,PES-00562
crm,104054,PES-00156
crm,104055,PES-02271
app,usr_e4b39f90,PES-02895
crm,104056,PES-03276
app,usr_1ae222b6,PES-04139
loja,Loja Shopping#365,PES-02665
app,usr_17889f25,PES-00226
crm,104057,PES-05853
crm,104058,PES-04152
crm,104059,PES-00331
app,usr_8c0dfaf8,PES-03665
crm,104060,PES-03883
loja,Loja Bairro#367,PES-05233
crm,104061,PES-03928
crm,104062,PES-01579
crm,104063,PES-02190
crm,104064,PES-00559
loja,Loja Bairro#368,PES-05058
crm,104065,PES-02965
crm,104066,PES-00576
crm,104067,PES-04236
loja,Loja Centro#386,PES-05040
app,usr_c3ff3bc7,PES-02086
app,usr_f1e3bc46,PES-01617
crm,104068,PES-02779
loja,Loja Shopping#366,PES-01390
crm,104069,PES-00658
app,usr_00013b09,PES-05681
crm,104070,PES-05592
crm,104071,PES-00662
crm,104072,PES-01298
app,usr_c38181b0,PES-04319
app,usr_d52f5be3,PES-02963
app,usr_82753b5e,PES-01849
loja,Loja Bairro#369,PES-04293
loja,Loja Bairro#370,PES-05942
app,usr_9b07ab62,PES-05303
crm,104073,PES-02309
crm,104074,PES-05827
loja,Loja Centro#387,PES-04374
loja,Loja Shopping#367,PES-03424
app,usr_29ede673,PES-05301
app,usr_b571ea20,PES-05563
app,usr_1a26cf26,PES-03818
crm,104075,PES-02017
crm,104076,PES-00921
app,usr_4d5b1144,PES-05044
crm,104077,PES-03200
app,usr_8a75b6c2,PES-00664
crm,104078,PES-05404
app,usr_2dff571d,PES-03912
crm,104079,PES-03936
crm,104080,PES-00351
app,usr_50adf0b7,PES-00085
loja,Loja Bairro#371,PES-02751
app,usr_0a29db7a,PES-04906
crm,104081,PES-03837
crm,104082,PES-05066
crm,104083,PES-05671
crm,104084,PES-01169
app,usr_7b33ffd0,PES-04462
crm,104085,PES-01440
crm,104086,PES-00590
app,usr_7534cd2b,PES-01259
app,usr_e26a3c45,PES-00704
app,usr_32669738,PES-02374
crm,104087,PES-04610
app,usr_49d53dd4,PES-03308
crm,104088,PES-01367
crm,104089,PES-02462
app,usr_b0290d7b,PES-00792
crm,104090,PES-02159
loja,Loja Centro#388,PES-04228
app,usr_7520b8f6,PES-05529
crm,104091,PES-03022
crm,104092,PES-03875
loja,Loja Centro#389,PES-04410
crm,104093,PES-04789
crm,104094,PES-01077
loja,Loja Centro#390,PES-05783
loja,Loja Shopping#368,PES-00042
crm,104095,PES-00327
crm,104096,PES-03410
app,usr_c42e6e61,PES-02369
crm,104097,PES-00588
crm,104098,PES-02458
crm,104099,PES-02006
crm,104100,PES-04503
app,usr_a07ce64c,PES-03695
crm,104101,PES-02479
crm,104102,PES-03704
crm,104103,PES-03299
app,usr_0e1146b9,PES-05871
crm,104104,PES-02318
loja,Loja Centro#391,PES-05787
app,usr_7823d609,PES-01489
crm,104105,PES-03234
app,usr_65c541a8,PES-05622
crm,104106,PES-04838
app,usr_3713715f,PES-02241
crm,104107,PES-05278
app,usr_8c71294b,PES-01110
crm,104108,PES-03739
app,usr_3924083d,PES-01656
crm,104109,PES-00788
loja,Loja Bairro#372,PES-00793
crm,104110,PES-05730
app,usr_b8281973,PES-00182
crm,104111,PES-01776
crm,104112,PES-03225
app,usr_957ac4a2,PES-04777
crm,104113,PES-04380
crm,104114,PES-00546
app,usr_6d0db821,PES-03322
crm,104115,PES-00758
app,usr_91248ed1,PES-04218
crm,104116,PES-05325
app,usr_c0cc4750,PES-02333
crm,104117,PES-00386
crm,104118,PES-01268
app,usr_f65e272d,PES-04135
app,usr_3db00425,PES-01431
app,usr_f7c408af,PES-01984
loja,Loja Bairro#373,PES-02206
crm,104119,PES-00184
app,usr_6222f226,PES-05366
crm,104120,PES-04593
crm,104121,PES-04240
crm,104122,PES-03792
app,usr_5ff4a02c,PES-00431
app,usr_b66984a2,PES-04914
loja,Loja Shopping#369,PES-01293
crm,104123,PES-02076
app,usr_7a1ff864,PES-02936
crm,104124,PES-01425
crm,104125,PES-02459
app,usr_b7489212,PES-05369
app,usr_22f7045c,PES-03713
crm,104126,PES-04316
crm,104127,PES-02936
loja,Loja Centro#392,PES-03571
app,usr_d4c1075f,PES-04090
app,usr_df4b9e7b,PES-01097
crm,104128,PES-00697
app,usr_3e3e2146,PES-00421
crm,104129,PES-00959
crm,104130,PES-05272
app,usr_4010ef5b,PES-02227
app,usr_f36f97bb,PES-04633
loja,Loja Bairro#374,PES-01437
crm,104131,PES-00151
app,usr_952174ed,PES-02604
crm,104132,PES-02428
loja,Loja Centro#393,PES-04774
app,usr_917ac768,PES-00108
app,usr_e10fb50d,PES-03994
crm,104133,PES-01086
crm,104134,PES-01659
crm,104135,PES-00787
crm,104136,PES-02349
app,usr_577efdd4,PES-01347
crm,104137,PES-02195
crm,104138,PES-04366
crm,104139,PES-01653
app,usr_3e4d9d91,PES-01115
app,usr_8674750d,PES-02249
crm,104140,PES-04208
app,usr_e5d7aca5,PES-05026
crm,104141,PES-00413
app,usr_f2853f40,PES-02148
crm,104142,PES-04104
app,usr_0e9be01e,PES-01133
crm,104143,PES-03258
app,usr_1df66feb,PES-05472
crm,104144,PES-05957
crm,104145,PES-02253
crm,104146,PES-01070
crm,104147,PES-04253
app,usr_b752fa77,PES-03694
loja,Loja Centro#394,PES-05038
app,usr_24e5c0b6,PES-04206
loja,Loja Centro#395,PES-05466
crm,104148,PES-01034
crm,104149,PES-04861
app,usr_aa806e09,PES-04348
app,usr_f96bffb1,PES-05372
app,usr_392528ff,PES-02947
loja,Loja Centro#396,PES-04968
crm,104150,PES-00162
crm,104151,PES-03610
crm,104152,PES-05629
crm,104153,PES-01712
crm,104154,PES-05357
crm,104155,PES-01628
crm,104156,PES-01203
app,usr_85a03686,PES-00934
crm,104157,PES-02259
crm,104158,PES-01586
loja,Loja Centro#397,PES-03907
crm,104159,PES-05515
crm,104160,PES-03808
crm,104161,PES-02443
app,usr_b322bbc7,PES-05461
app,usr_c1371409,PES-01257
crm,104162,PES-02512
app,usr_d04b8ad7,PES-05246
crm,104163,PES-01375
app,usr_83ce94af,PES-02509
crm,104164,PES-02934
crm,104165,PES-03495
app,usr_e400b475,PES-02857
crm,104166,PES-05313
app,usr_ffdb5f32,PES-05079
crm,104167,PES-05217
loja,Loja Centro#398,PES-03507
loja,Loja Bairro#375,PES-02641
loja,Loja Bairro#376,PES-00474
crm,104168,PES-03569
app,usr_e04a20b2,PES-05696
loja,Loja Shopping#370,PES-03972
crm,104169,PES-01786
crm,104170,PES-00810
app,usr_1df6867e,PES-00938
crm,104171,PES-01307
crm,104172,PES-02791
app,usr_9de8f941,PES-04976
crm,104173,PES-01682
crm,104174,PES-00012
app,usr_2ee52d8c,PES-01710
app,usr_8ab3210f,PES-05737
crm,104175,PES-01507
crm,104176,PES-04650
crm,104177,PES-02466
crm,104178,PES-01013
app,usr_f823b713,PES-01145
crm,104179,PES-03595
app,usr_1213d9a5,PES-01603
app,usr_084683e5,PES-00448
crm,104180,PES-01073
app,usr_1fd72ffc,PES-01187
app,usr_710608ba,PES-03758
crm,104181,PES-02641
crm,104182,PES-03073
crm,104183,PES-01949
app,usr_9aa17d7d,PES-02035
crm,104184,PES-00427
crm,104185,PES-05128
crm,104186,PES-03144
app,usr_2a5fd176,PES-04237
crm,104187,PES-04674
app,usr_9845f32c,PES-01950
app,usr_d09cd90b,PES-04370
app,usr_4d577a5b,PES-05599
app,usr_81813e8f,PES-00588
crm,104188,PES-01705
app,usr_33f39d37,PES-03399
app,usr_0d08989a,PES-01448
crm,104189,PES-03204
crm,104190,PES-05681
app,usr_6d669912,PES-04751
crm,104191,PES-00316
crm,104192,PES-05335
crm,104193,PES-05211
app,usr_05f13a1f,PES-05254
crm,104194,PES-03549
crm,104195,PES-03388
app,usr_c5505f41,PES-00543
app,usr_8bb999f9,PES-05308
crm,104196,PES-05068
crm,104197,PES-05435
app,usr_4acdbcb7,PES-02473
app,usr_7b92b639,PES-02620
app,usr_c494302a,PES-01545
app,usr_cadd0e3b,PES-05114
crm,104198,PES-05718
crm,104199,PES-01921
app,usr_a6c3978c,PES-03447
crm,104200,PES-02413
crm,104201,PES-03237
loja,Loja Bairro#377,PES-00502
crm,104202,PES-00809
loja,Loja Centro#399,PES-03056
crm,104203,PES-04560
crm,104204,PES-02715
crm,104205,PES-04995
app,usr_40eab5f7,PES-01461
app,usr_2eda3654,PES-03448
app,usr_17c4a635,PES-05962
app,usr_63afacfe,PES-02910
crm,104206,PES-01332
crm,104207,PES-01555
crm,104208,PES-00450
crm,104209,PES-01651
crm,104210,PES-02574
loja,Loja Centro#400,PES-01720
crm,104211,PES-04232
app,usr_54e68514,PES-03536
app,usr_acdf5df0,PES-05686
app,usr_2ffc1c7d,PES-05559
crm,104212,PES-04306
crm,104213,PES-00441
crm,104214,PES-00120
app,usr_12677dab,PES-01033
crm,104215,PES-01231
app,usr_cc4bde92,PES-04234
crm,104216,PES-02324
crm,104217,PES-01314
loja,Loja Centro#401,PES-00194
crm,104218,PES-03616
crm,104219,PES-01675
crm,104220,PES-03550
crm,104221,PES-05867
crm,104222,PES-01534
crm,104223,PES-00729
crm,104224,PES-04220
crm,104225,PES-04945
crm,104226,PES-00342
crm,104227,PES-03346
app,usr_5045b6f7,PES-04609
crm,104228,PES-01309
crm,104229,PES-02501
app,usr_535f56f5,PES-00027
crm,104230,PES-00216
crm,104231,PES-02567
crm,104232,PES-02801
app,usr_48c675ce,PES-02157
crm,104233,PES-04707
crm,104234,PES-04459
crm,104235,PES-01935
app,usr_bed2150d,PES-00539
loja,Loja Bairro#378,PES-03597
crm,104236,PES-00368
app,usr_dc9f5468,PES-00403
loja,Loja Shopping#371,PES-05640
crm,104237,PES-02829
crm,104238,PES-03016
crm,104239,PES-05631
crm,104240,PES-02602
crm,104241,PES-00887
crm,104242,PES-04792
crm,104243,PES-05097
crm,104244,PES-05920
loja,Loja Centro#402,PES-01959
crm,104245,PES-00224
loja,Loja Centro#403,PES-01499
app,usr_682caf87,PES-04431
loja,Loja Shopping#372,PES-01747
app,usr_3cc62ba7,PES-02122
crm,104246,PES-01853
crm,104247,PES-01226
crm,104248,PES-04539
app,usr_e87176df,PES-05767
app,usr_a32ebebb,PES-05424
crm,104249,PES-00194
app,usr_cf1f2649,PES-00378
loja,Loja Bairro#379,PES-01155
loja,Loja Centro#404,PES-03962
crm,104250,PES-02418
crm,104251,PES-02055
app,usr_ccc27e71,PES-01112
app,usr_4134779f,PES-05865
crm,104252,PES-01625
crm,104253,PES-02655
crm,104254,PES-03204
loja,Loja Centro#405,PES-03941
app,usr_ceee2794,PES-00605
crm,104255,PES-03860
crm,104256,PES-03996
loja,Loja Centro#406,PES-03184
loja,Loja Centro#407,PES-01367
loja,Loja Centro#408,PES-01453
app,usr_a5d5576a,PES-02839
crm,104257,PES-00855
crm,104258,PES-05253
app,usr_62db59b4,PES-03066
crm,104259,PES-00864
crm,104260,PES-00557
crm,104261,PES-04350
crm,104262,PES-00719
crm,104263,PES-01286
app,usr_2818a351,PES-01972
app,usr_211d5cf0,PES-05028
crm,104264,PES-00075
crm,104265,PES-04256
crm,104266,PES-00460
crm,104267,PES-04608
app,usr_4a341de7,PES-05648
app,usr_8b39ba79,PES-03246
crm,104268,PES-03145
app,usr_8e5c1cd6,PES-04275
crm,104269,PES-05486
crm,104270,PES-03908
crm,104271,PES-04479
app,usr_480dde0c,PES-03714
app,usr_3ebf38ea,PES-01043
crm,104272,PES-03385
app,usr_51776b50,PES-01271
loja,Loja Bairro#380,PES-03970
crm,104273,PES-00152
app,usr_d3a0ea3b,PES-02155
crm,104274,PES-03517
crm,104275,PES-01543
crm,104276,PES-01445
app,usr_516e43aa,PES-02235
crm,104277,PES-01471
loja,Loja Bairro#381,PES-04747
loja,Loja Bairro#382,PES-01349
crm,104278,PES-03199
crm,104279,PES-05092
app,usr_986a0961,PES-03970
app,usr_336745c2,PES-05492
loja,Loja Centro#409,PES-01021
crm,104280,PES-02854
app,usr_372dbcf1,PES-00442
crm,104281,PES-02490
loja,Loja Centro#410,PES-00531
crm,104282,PES-05103
crm,104283,PES-00481
loja,Loja Shopping#373,PES-02459
crm,104284,PES-00857
crm,104285,PES-05385
app,usr_be5a6f44,PES-03277
crm,104286,PES-04934
crm,104287,PES-01677
crm,104288,PES-05645
app,usr_91749c08,PES-04709
app,usr_1641fe84,PES-04469
app,usr_fcb528ae,PES-04541
crm,104289,PES-01275
crm,104290,PES-04631
app,usr_0a060b56,PES-04237
app,usr_dc1533a1,PES-00484
app,usr_1f5d0185,PES-01827
app,usr_35238c14,PES-03085
app,usr_aec4f819,PES-00998
app,usr_272fadf3,PES-01011
loja,Loja Centro#411,PES-01732
loja,Loja Bairro#383,PES-05280
crm,104291,PES-04907
loja,Loja Shopping#374,PES-00166
app,usr_423ba141,PES-00931
loja,Loja Centro#412,PES-02054
crm,104292,PES-00580
crm,104293,PES-00684
loja,Loja Centro#413,PES-01365
loja,Loja Shopping#375,PES-01257
loja,Loja Shopping#376,PES-05393
app,usr_b7f3a82d,PES-02722
crm,104294,PES-05848
crm,104295,PES-05281
crm,104296,PES-03100
crm,104297,PES-00898
crm,104298,PES-02273
crm,104299,PES-01108
app,usr_15e6272e,PES-01009
app,usr_b78dc9a2,PES-02626
loja,Loja Shopping#377,PES-03915
app,usr_a626405a,PES-03475
crm,104300,PES-00875
app,usr_5709b586,PES-02105
crm,104301,PES-01249
loja,Loja Centro#414,PES-00721
app,usr_aa568f57,PES-02831
app,usr_51daeb68,PES-04039
loja,Loja Shopping#378,PES-00329
crm,104302,PES-04389
crm,104303,PES-01557
crm,104304,PES-02547
crm,104305,PES-02154
app,usr_9c55d73b,PES-05163
crm,104306,PES-03845
crm,104307,PES-00235
app,usr_ceb41016,PES-04848
crm,104308,PES-01789
app,usr_dc3c2c80,PES-02512
crm,104309,PES-00062
crm,104310,PES-00592
crm,104311,PES-05787
crm,104312,PES-00374
crm,104313,PES-03635
app,usr_6b3df02e,PES-02048
crm,104314,PES-01885
app,usr_75f9cf16,PES-02135
crm,104315,PES-01287
crm,104316,PES-04993
crm,104317,PES-00075
crm,104318,PES-00628
loja,Loja Centro#415,PES-04338
crm,104319,PES-00225
app,usr_752c088b,PES-03150
app,usr_7e5edee4,PES-04105
loja,Loja Centro#416,PES-00594
crm,104320,PES-04600
app,usr_3d7d66f5,PES-02735
crm,104321,PES-03353
crm,104322,PES-02222
crm,104323,PES-03670
app,usr_9c30f59e,PES-02103
app,usr_08b1008f,PES-02579
app,usr_8f8397ec,PES-03225
app,usr_afbed9a0,PES-01204
crm,104324,PES-02886
crm,104325,PES-02903
app,usr_4a68c36c,PES-05179
app,usr_9aa1f7b1,PES-01104
crm,104326,PES-02557
app,usr_11f5bdfe,PES-05896
crm,104327,PES-05807
crm,104328,PES-04008
app,usr_d0169ac1,PES-00716
app,usr_47a4a03c,PES-03451
crm,104329,PES-04735
loja,Loja Shopping#379,PES-01195
loja,Loja Centro#417,PES-05244
crm,104330,PES-03513
app,usr_b2df2571,PES-02656
app,usr_884cdc38,PES-03991
crm,104331,PES-03818
loja,Loja Centro#418,PES-05282
app,usr_e4a2cf4b,PES-02685
crm,104332,PES-03536
app,usr_221a9437,PES-00714
crm,104333,PES-02054
app,usr_4a73e77a,PES-03516
app,usr_fd86e2c9,PES-04601
app,usr_03ec719b,PES-02248
crm,104334,PES-05309
app,usr_74989f6b,PES-03136
crm,104335,PES-03240
app,usr_ed4b1f8a,PES-01414
crm,104336,PES-02027
app,usr_49728057,PES-00440
crm,104337,PES-00095
crm,104338,PES-00596
crm,104339,PES-01351
crm,104340,PES-01081
crm,104341,PES-03271
crm,104342,PES-00752
app,usr_6f423ea8,PES-05545
crm,104343,PES-01291
app,usr_8c606724,PES-04457
app,usr_1b6384d2,PES-04483
crm,104344,PES-00952
app,usr_5d212a48,PES-01426
loja,Loja Centro#419,PES-00869
crm,104345,PES-04404
crm,104346,PES-04397
crm,104347,PES-02884
loja,Loja Bairro#384,PES-03585
crm,104348,PES-05247
crm,104349,PES-01756
crm,104350,PES-01463
crm,104351,PES-01023
loja,Loja Bairro#385,PES-03715
crm,104352,PES-03462
loja,Loja Bairro#386,PES-02303
crm,104353,PES-02559
crm,104354,PES-00103
crm,104355,PES-00214
crm,104356,PES-05006
loja,Loja Centro#420,PES-03485
crm,104357,PES-01319
crm,104358,PES-03511
crm,104359,PES-00871
crm,104360,PES-04431
crm,104361,PES-01802
app,usr_83ed4253,PES-05983
app,usr_7665c6bd,PES-01304
app,usr_dca99d89,PES-01511
crm,104362,PES-02927
crm,104363,PES-02631
app,usr_4b8a70e4,PES-02452
app,usr_8ad27c8f,PES-01207
crm,104364,PES-01970
app,usr_8656cf3f,PES-01532
app,usr_80e721ca,PES-03075
crm,104365,PES-03440
loja,Loja Shopping#380,PES-01569
app,usr_917a3395,PES-00334
loja,Loja Bairro#387,PES-03593
app,usr_50c518c2,PES-03702
loja,Loja Shopping#381,PES-00875
crm,104366,PES-03496
app,usr_efe7b66b,PES-02526
app,usr_dc391cb9,PES-00544
crm,104367,PES-03334
crm,104368,PES-04443
loja,Loja Shopping#382,PES-04684
loja,Loja Centro#421,PES-00821
crm,104369,PES-03088
crm,104370,PES-02680
crm,104371,PES-01608
app,usr_239abe99,PES-05980
app,usr_1c3f19f3,PES-02095
crm,104372,PES-02351
crm,104373,PES-04069
crm,104374,PES-01279
app,usr_e2c96b7d,PES-05885
app,usr_252e11f9,PES-03798
crm,104375,PES-01770
crm,104376,PES-04790
crm,104377,PES-04102
crm,104378,PES-01854
crm,104379,PES-03895
crm,104380,PES-01041
crm,104381,PES-03411
crm,104382,PES-01922
crm,104383,PES-00468
app,usr_049cedaa,PES-01059
app,usr_7f539888,PES-05855
crm,104384,PES-02900
app,usr_36d0cf1d,PES-03472
crm,104385,PES-02652
crm,104386,PES-03494
app,usr_8fe09279,PES-05124
crm,104387,PES-00387
app,usr_adc81f2c,PES-01538
loja,Loja Centro#422,PES-04868
loja,Loja Centro#423,PES-01978
loja,Loja Bairro#388,PES-02400
loja,Loja Bairro#389,PES-01839
loja,Loja Shopping#383,PES-02869
crm,104388,PES-05906
crm,104389,PES-05210
crm,104390,PES-02311
crm,104391,PES-02186
crm,104392,PES-00988
crm,104393,PES-01338
crm,104394,PES-04837
loja,Loja Centro#424,PES-00625
crm,104395,PES-01109
loja,Loja Shopping#384,PES-00219
crm,104396,PES-04720
crm,104397,PES-05941
crm,104398,PES-04785
crm,104399,PES-00901
app,usr_de515c23,PES-02422
crm,104400,PES-05903
crm,104401,PES-01137
app,usr_8432ac72,PES-05759
crm,104402,PES-00561
app,usr_50ea00e7,PES-01632
crm,104403,PES-01548
crm,104404,PES-01005
crm,104405,PES-01211
app,usr_ca11d3d1,PES-03257
crm,104406,PES-05744
loja,Loja Bairro#390,PES-00748
app,usr_3ea68ef4,PES-02850
crm,104407,PES-01336
crm,104408,PES-02662
crm,104409,PES-05690
loja,Loja Shopping#385,PES-05785
app,usr_9a6b818b,PES-01916
crm,104410,PES-00851
app,usr_a0179201,PES-00230
crm,104411,PES-02123
app,usr_59d91d8d,PES-01730
app,usr_9798cbcc,PES-03229
crm,104412,PES-03270
loja,Loja Shopping#386,PES-04520
crm,104413,PES-01928
crm,104414,PES-00518
crm,104415,PES-03099
crm,104416,PES-01069
crm,104417,PES-01326
app,usr_1ae76a89,PES-04900
crm,104418,PES-05861
crm,104419,PES-02397
crm,104420,PES-05258
app,usr_2414e174,PES-01272
crm,104421,PES-03206
loja,Loja Centro#425,PES-02446
loja,Loja Bairro#391,PES-00691
crm,104422,PES-04156
app,usr_044553fb,PES-03735
app,usr_e6afe4d8,PES-00323
crm,104423,PES-02753
app,usr_8b21cdaa,PES-00126
app,usr_bcd4666f,PES-03325
crm,104424,PES-00197
app,usr_9fca5925,PES-00731
crm,104425,PES-03789
crm,104426,PES-04665
app,usr_2780c67d,PES-03438
app,usr_29829aef,PES-04620
app,usr_841cca26,PES-05704
crm,104427,PES-03778
crm,104428,PES-03414
loja,Loja Shopping#387,PES-01170
crm,104429,PES-05207
app,usr_388630d7,PES-01785
app,usr_3c2f22da,PES-05030
crm,104430,PES-00272
crm,104431,PES-05474
app,usr_ae142f3b,PES-02398
loja,Loja Centro#426,PES-03395
crm,104432,PES-02430
crm,104433,PES-04958
crm,104434,PES-04972
crm,104435,PES-00036
app,usr_debe394e,PES-04478
loja,Loja Shopping#388,PES-02882
crm,104436,PES-00334
crm,104437,PES-01539
app,usr_05b2761a,PES-02843
loja,Loja Shopping#389,PES-05871
app,usr_bca21a52,PES-03469
crm,104438,PES-02124
app,usr_8e5dd689,PES-02004
crm,104439,PES-04601
loja,Loja Shopping#390,PES-03390
app,usr_70671ddc,PES-00044
crm,104440,PES-05829
crm,104441,PES-05153
app,usr_42737179,PES-03135
app,usr_88a2727a,PES-04360
crm,104442,PES-04227
app,usr_e836d159,PES-03151
loja,Loja Shopping#391,PES-02276
app,usr_07935de4,PES-05165
app,usr_6c0a3124,PES-01925
app,usr_ff075066,PES-02718
crm,104443,PES-05179
app,usr_256e42c8,PES-03667
crm,104444,PES-04043
app,usr_75c1f579,PES-02219
app,usr_95390ad9,PES-01911
crm,104445,PES-03907
app,usr_e6e76ded,PES-01718
crm,104446,PES-01186
crm,104447,PES-05433
loja,Loja Shopping#392,PES-02140
app,usr_c01f5a23,PES-03369
crm,104448,PES-05446
crm,104449,PES-00195
app,usr_b87aadae,PES-05851
loja,Loja Centro#427,PES-04763
crm,104450,PES-04460
loja,Loja Shopping#393,PES-03800
loja,Loja Shopping#394,PES-03743
crm,104451,PES-00992
loja,Loja Bairro#392,PES-01841
app,usr_4d9e4ab4,PES-01890
app,usr_70ccd13d,PES-00172
crm,104452,PES-00774
crm,104453,PES-05386
app,usr_23c98f26,PES-02232
crm,104454,PES-03644
loja,Loja Shopping#395,PES-03928
crm,104455,PES-00946
crm,104456,PES-02099
crm,104457,PES-03314
crm,104458,PES-00932
crm,104459,PES-03321
crm,104460,PES-01798
app,usr_d1f3ba78,PES-00430
crm,104461,PES-00575
crm,104462,PES-03222
app,usr_9a39de8c,PES-05225
crm,104463,PES-00227
app,usr_0f4666a4,PES-01280
crm,104464,PES-03579
loja,Loja Centro#428,PES-01933
crm,104465,PES-03527
app,usr_0597fe04,PES-04807
crm,104466,PES-02693
app,usr_3c4d0fda,PES-00083
loja,Loja Shopping#396,PES-05795
crm,104467,PES-01618
crm,104468,PES-04024
app,usr_0437c866,PES-05108
crm,104469,PES-02256
crm,104470,PES-05122
app,usr_d650c16d,PES-02848
crm,104471,PES-05377
crm,104472,PES-05985
crm,104473,PES-03439
crm,104474,PES-04567
app,usr_ff5dde36,PES-02769
loja,Loja Bairro#393,PES-04727
crm,104475,PES-00381
app,usr_042b7717,PES-00284
crm,104476,PES-04230
app,usr_c2f06f13,PES-02147
crm,104477,PES-02253
crm,104478,PES-05086
crm,104479,PES-01600
app,usr_871a89ce,PES-03978
app,usr_81bded16,PES-05226
crm,104480,PES-00171
app,usr_0b095eed,PES-03940
crm,104481,PES-04136
app,usr_a39ab98b,PES-04134
app,usr_1d9c1927,PES-05389
loja,Loja Bairro#394,PES-02162
crm,104482,PES-00346
loja,Loja Shopping#397,PES-03350
loja,Loja Centro#429,PES-02485
app,usr_685a676f,PES-02141
crm,104483,PES-02296
crm,104484,PES-04804
crm,104485,PES-03300
crm,104486,PES-00835
crm,104487,PES-00170
crm,104488,PES-00231
crm,104489,PES-03127
crm,104490,PES-02183
crm,104491,PES-05303
crm,104492,PES-00032
crm,104493,PES-05410
crm,104494,PES-02875
crm,104495,PES-02097
crm,104496,PES-05399
app,usr_c1fc9d76,PES-03426
app,usr_c03ee797,PES-04529
loja,Loja Bairro#395,PES-01089
crm,104497,PES-03213
crm,104498,PES-01979
loja,Loja Bairro#396,PES-00854
crm,104499,PES-05299
app,usr_14b02038,PES-01050
crm,104500,PES-03158
loja,Loja Bairro#397,PES-00562
crm,104501,PES-00110
loja,Loja Centro#430,PES-05109
loja,Loja Shopping#398,PES-04579
crm,104502,PES-00177
crm,104503,PES-02745
crm,104504,PES-05181
crm,104505,PES-03558
app,usr_484d79f6,PES-05581
crm,104506,PES-05542
app,usr_21de5af8,PES-02183
crm,104507,PES-01811
crm,104508,PES-00432
app,usr_3c2036dc,PES-00844
app,usr_9a82778d,PES-01593
app,usr_9da49e35,PES-05254
crm,104509,PES-04639
app,usr_1d93f3ba,PES-05014
app,usr_ec586179,PES-00991
app,usr_672a2b32,PES-01254
app,usr_137a38f4,PES-01121
crm,104510,PES-02646
crm,104511,PES-05419
app,usr_a450ad63,PES-02343
crm,104512,PES-02583
loja,Loja Bairro#398,PES-04020
crm,104513,PES-05702
app,usr_b73ab121,PES-03814
crm,104514,PES-02156
crm,104515,PES-03956
app,usr_4e6910e6,PES-02805
app,usr_23d30e84,PES-01229
crm,104516,PES-05649
crm,104517,PES-01360
crm,104518,PES-01076
app,usr_f61c3c85,PES-01861
app,usr_be4ac9e0,PES-01410
crm,104519,PES-03082
app,usr_1ef9cd98,PES-02905
crm,104520,PES-04258
crm,104521,PES-00425
crm,104522,PES-02115
crm,104523,PES-02367
crm,104524,PES-00692
crm,104525,PES-01172
app,usr_28cb068f,PES-02675
app,usr_3633425e,PES-05101
crm,104526,PES-02342
crm,104527,PES-03173
loja,Loja Bairro#399,PES-02121
loja,Loja Centro#431,PES-04399
loja,Loja Shopping#399,PES-05894
crm,104528,PES-00829
app,usr_2973b70c,PES-05878
crm,104529,PES-04809
crm,104530,PES-03535
app,usr_7d67e233,PES-02912
crm,104531,PES-01924
crm,104532,PES-00738
loja,Loja Centro#432,PES-01097
crm,104533,PES-05693
app,usr_1278c2eb,PES-02890
crm,104534,PES-00063
crm,104535,PES-05349
crm,104536,PES-05414
app,usr_e2a1098a,PES-00466
app,usr_24250a9e,PES-05488
crm,104537,PES-05657
app,usr_7d24cd4d,PES-04118
app,usr_c81b1155,PES-04086
app,usr_ab42088f,PES-03499
crm,104538,PES-00957
app,usr_9b7167a6,PES-04935
crm,104539,PES-01546
loja,Loja Shopping#400,PES-02221
crm,104540,PES-00581
crm,104541,PES-05346
crm,104542,PES-01553
crm,104543,PES-04776
loja,Loja Centro#433,PES-05144
crm,104544,PES-03074
app,usr_3680c0c3,PES-05152
crm,104545,PES-00756
app,usr_2ec5df86,PES-00058
crm,104546,PES-04054
app,usr_8300a189,PES-02871
crm,104547,PES-04628
app,usr_30a64e9c,PES-03871
crm,104548,PES-02360
crm,104549,PES-01071
crm,104550,PES-04771
app,usr_20ad36d7,PES-03815
loja,Loja Centro#434,PES-01135
crm,104551,PES-02581
app,usr_a07d54df,PES-02458
crm,104552,PES-04721
loja,Loja Shopping#401,PES-01969
crm,104553,PES-01975
app,usr_679ef58d,PES-02052
app,usr_b9162f4a,PES-01252
crm,104554,PES-04038
app,usr_87aff144,PES-01805
crm,104555,PES-03884
crm,104556,PES-04382
loja,Loja Shopping#402,PES-04313
app,usr_34ed3333,PES-01851
crm,104557,PES-04190
app,usr_98e611e8,PES-05355
app,usr_795fbd28,PES-01513
crm,104558,PES-00933
loja,Loja Centro#435,PES-01446
loja,Loja Bairro#400,PES-03277
app,usr_265b15c5,PES-04065
app,usr_380c9a87,PES-04632
loja,Loja Bairro#401,PES-01934
crm,104559,PES-00293
app,usr_9c5c9956,PES-00206
loja,Loja Centro#436,PES-00728
crm,104560,PES-04761
app,usr_ec2e68d8,PES-03907
crm,104561,PES-03482
crm,104562,PES-04891
crm,104563,PES-00637
crm,104564,PES-02592
crm,104565,PES-04684
crm,104566,PES-05771
loja,Loja Bairro#402,PES-05947
app,usr_24cae511,PES-04280
crm,104567,PES-02234
app,usr_d35705cd,PES-04996
crm,104568,PES-05267
crm,104569,PES-03287
crm,104570,PES-00660
app,usr_250b48c9,PES-00344
crm,104571,PES-03973
app,usr_973ac072,PES-03210
app,usr_eb286b15,PES-00787
app,usr_fa2506b7,PES-03958
crm,104572,PES-05986
crm,104573,PES-03416
crm,104574,PES-02720
app,usr_03805cad,PES-01471
crm,104575,PES-05293
loja,Loja Shopping#403,PES-01690
crm,104576,PES-03285
app,usr_17bfd6fd,PES-01933
app,usr_b2381bc0,PES-03862
crm,104577,PES-04775
app,usr_b8cea02d,PES-01553
app,usr_d527a9f7,PES-05575
app,usr_5064f446,PES-03676
crm,104578,PES-04271
crm,104579,PES-02577
crm,104580,PES-05403
app,usr_538e7fb4,PES-04898
crm,104581,PES-02199
crm,104582,PES-02939
app,usr_0d6f1ea6,PES-03407
app,usr_264bd8ac,PES-02428
crm,104583,PES-01330
app,usr_09229476,PES-02468
loja,Loja Bairro#403,PES-03669
crm,104584,PES-03030
loja,Loja Bairro#404,PES-01775
loja,Loja Shopping#404,PES-00963
app,usr_b1031261,PES-00832
crm,104585,PES-04383
loja,Loja Bairro#405,PES-03269
crm,104586,PES-05171
crm,104587,PES-04233
crm,104588,PES-00420
crm,104589,PES-05665
crm,104590,PES-00442
app,usr_c4cddbcb,PES-03746
loja,Loja Shopping#405,PES-02111
crm,104591,PES-05655
app,usr_17416bf9,PES-03545
crm,104592,PES-01965
loja,Loja Shopping#406,PES-03793
loja,Loja Centro#437,PES-03975
crm,104593,PES-05758
loja,Loja Bairro#406,PES-02149
app,usr_9a3d3e93,PES-00637
crm,104594,PES-03761
crm,104595,PES-02212
crm,104596,PES-01277
loja,Loja Centro#438,PES-01141
crm,104597,PES-05597
crm,104598,PES-02964
crm,104599,PES-02703
crm,104600,PES-02056
crm,104601,PES-00013
crm,104602,PES-05154
crm,104603,PES-04472
app,usr_c5543920,PES-03698
crm,104604,PES-05777
crm,104605,PES-01072
app,usr_e33f2253,PES-01191
crm,104606,PES-04756
crm,104607,PES-00357
app,usr_138f3a88,PES-02699
loja,Loja Centro#439,PES-01134
crm,104608,PES-02380
crm,104609,PES-01680
crm,104610,PES-02706
app,usr_4600f45d,PES-02697
loja,Loja Centro#440,PES-04856
app,usr_ad8670dc,PES-00524
crm,104611,PES-03209
crm,104612,PES-04920
crm,104613,PES-05478
app,usr_ffbf5526,PES-03021
app,usr_6005c19d,PES-05220
app,usr_17322c72,PES-05271
crm,104614,PES-00748
app,usr_22caf458,PES-02474
crm,104615,PES-00755
crm,104616,PES-05022
loja,Loja Centro#441,PES-00650
loja,Loja Centro#442,PES-00386
loja,Loja Bairro#407,PES-04745
loja,Loja Shopping#407,PES-04641
app,usr_1b02e061,PES-01034
crm,104617,PES-04170
crm,104618,PES-01686
app,usr_f6c52bcf,PES-04512
crm,104619,PES-00257
app,usr_5d02ff17,PES-04214
crm,104620,PES-05127
crm,104621,PES-01335
app,usr_855c6ba1,PES-00556
app,usr_868abd27,PES-05601
crm,104622,PES-03421
crm,104623,PES-05240
app,usr_4452b182,PES-04605
crm,104624,PES-05712
crm,104625,PES-01751
loja,Loja Centro#443,PES-02414
crm,104626,PES-02242
app,usr_f3d38a78,PES-01138
crm,104627,PES-05996
crm,104628,PES-02306
loja,Loja Centro#444,PES-04729
app,usr_773e656e,PES-05540
crm,104629,PES-04468
loja,Loja Centro#445,PES-05412
crm,104630,PES-02898
crm,104631,PES-04542
crm,104632,PES-02454
loja,Loja Bairro#408,PES-04048
loja,Loja Centro#446,PES-04493
crm,104633,PES-01794
crm,104634,PES-04358
crm,104635,PES-04149
loja,Loja Shopping#408,PES-00686
loja,Loja Centro#447,PES-01402
crm,104636,PES-02744
crm,104637,PES-00192
crm,104638,PES-01363
crm,104639,PES-00188
app,usr_2d3c1408,PES-05493
crm,104640,PES-00205
crm,104641,PES-01992
crm,104642,PES-04452
crm,104643,PES-02827
loja,Loja Bairro#409,PES-02901
crm,104644,PES-04669
crm,104645,PES-00204
crm,104646,PES-05290
crm,104647,PES-02128
crm,104648,PES-05507
app,usr_23ce8ca9,PES-04114
app,usr_61727806,PES-00397
app,usr_b147a376,PES-00579
loja,Loja Centro#448,PES-05088
crm,104649,PES-03645
crm,104650,PES-04241
crm,104651,PES-02707
app,usr_1533c3ea,PES-05317
app,usr_25400789,PES-01263
crm,104652,PES-01267
crm,104653,PES-02706
app,usr_8df948a9,PES-01157
crm,104654,PES-02853
app,usr_750a351d,PES-04342
loja,Loja Centro#449,PES-00168
loja,Loja Bairro#410,PES-01809
app,usr_bca9fda7,PES-01169
app,usr_474ccaac,PES-05716
crm,104655,PES-03473
app,usr_36311f70,PES-03909
crm,104656,PES-03713
loja,Loja Centro#450,PES-00998
crm,104657,PES-00035
crm,104658,PES-04537
app,usr_f99fa61d,PES-03647
crm,104659,PES-04085
crm,104660,PES-05312
crm,104661,PES-05667
loja,Loja Shopping#409,PES-00307
loja,Loja Shopping#410,PES-05218
crm,104662,PES-03233
crm,104663,PES-04879
loja,Loja Centro#451,PES-00496
crm,104664,PES-01530
loja,Loja Shopping#411,PES-05415
app,usr_4c2e4592,PES-01589
crm,104665,PES-02816
app,usr_e4e26140,PES-00121
loja,Loja Shopping#412,PES-00681
crm,104666,PES-02226
crm,104667,PES-01469
app,usr_9f5407c6,PES-00143
crm,104668,PES-04167
crm,104669,PES-02600
crm,104670,PES-00443
app,usr_f6ad5553,PES-02826
crm,104671,PES-01884
crm,104672,PES-05860
crm,104673,PES-02391
crm,104674,PES-00792
crm,104675,PES-02823
app,usr_c79f6913,PES-00663
crm,104676,PES-02247
loja,Loja Bairro#411,PES-04855
crm,104677,PES-02495
app,usr_be6ae3c3,PES-04004
crm,104678,PES-03812
app,usr_c04e9da1,PES-04489
crm,104679,PES-01576
crm,104680,PES-04106
crm,104681,PES-01400
crm,104682,PES-02981
crm,104683,PES-03227
crm,104684,PES-03219
loja,Loja Shopping#413,PES-04055
crm,104685,PES-00577
crm,104686,PES-03068
crm,104687,PES-05400
crm,104688,PES-00244
crm,104689,PES-04534
app,usr_ffcfd981,PES-00540
loja,Loja Bairro#412,PES-05623
crm,104690,PES-03920
crm,104691,PES-02748
crm,104692,PES-00983
crm,104693,PES-04145
app,usr_71f99a61,PES-03465
app,usr_4a6c517b,PES-04678
crm,104694,PES-05365
crm,104695,PES-03682
app,usr_1db1762f,PES-05615
loja,Loja Shopping#414,PES-00541
crm,104696,PES-05239
app,usr_20ca8690,PES-03505
app,usr_722d272d,PES-03127
app,usr_3543ee3f,PES-03636
loja,Loja Shopping#415,PES-05499
crm,104697,PES-01797
crm,104698,PES-04506
crm,104699,PES-00632
app,usr_289f34da,PES-01633
crm,104700,PES-00856
crm,104701,PES-03310
crm,104702,PES-00065
crm,104703,PES-03756
app,usr_618d29dd,PES-03703
loja,Loja Shopping#416,PES-01953
loja,Loja Shopping#417,PES-04372
crm,104704,PES-00525
app,usr_b2ea2dc5,PES-04582
crm,104705,PES-03725
crm,104706,PES-04116
loja,Loja Bairro#413,PES-00182
crm,104707,PES-04923
loja,Loja Centro#452,PES-05214
crm,104708,PES-03804
crm,104709,PES-05813
app,usr_e0aed660,PES-03313
crm,104710,PES-02047
crm,104711,PES-00805
crm,104712,PES-02670
app,usr_88337150,PES-02412
app,usr_586882d1,PES-05429
crm,104713,PES-05237
loja,Loja Centro#453,PES-04807
crm,104714,PES-05870
crm,104715,PES-04095
crm,104716,PES-00994
app,usr_e60640d6,PES-00748
crm,104717,PES-04163
crm,104718,PES-02219
crm,104719,PES-03032
app,usr_fef890fb,PES-01764
crm,104720,PES-05147
crm,104721,PES-00940
crm,104722,PES-00623
crm,104723,PES-02938
crm,104724,PES-03882
loja,Loja Bairro#414,PES-00370
