pessoa_id,nome,cpf,genero,data_nascimento,email,telefone,cidade,uf,cep,opt_in
PES-00001,César Brandão Conceição,22890481786,M,1991-07-08,cesarconceicao278@uol.com.br,11970199913,Guarulhos,SP,07302469,False
PES-00002,Vitória Guimarães,64015948963,F,1984-04-29,vitoria.guimaraes496@outlook.com,11969899938,São Paulo,SP,05401129,False
PES-00003,Ana Assunção,89876074024,F,1969-01-20,anaassuncao870@uol.com.br,21974446788,Rio de Janeiro,RJ,28347042,True
PES-00004,Márcio Nascimento Melo,69154320437,M,1968-04-10,marcio_mel215@gmail.com,31986861128,Belo Horizonte,MG,35344283,False
PES-00005,Leonardo Dias,12501389654,M,1996-05-29,leonardo_dia411@hotmail.com,81969577419,Recife,PE,55020630,True
PES-00006,Márcia Brandão,11674054807,F,1993-10-01,marcia.brandao683@bol.com.br,61974219129,Brasília,DF,73768881,False
PES-00007,André Conceição,49086479502,M,2002-07-24,andre.conceicao199@bol.com.br,51974521955,Porto Alegre,RS,92238102,False
PES-00008,Isabela Ferreira Cardoso Assunção,57755849880,F,1993-05-12,isabela.assuncao69@hotmail.com,71977192464,Salvador,BA,43790088,False
PES-00009,Fernando Andrade Carvalho,10422988588,M,1993-01-17,fernando.carvalho173@yahoo.com.br,11978236932,São Paulo,SP,06717035,True
PES-00010,Aline Carvalho Nunes,88199687894,F,1989-06-12,aline.nunes47@hotmail.com,41961214910,Curitiba,PR,83195862,False
PES-00011,Beatriz Oliveira Silva,59856846285,F,1997-07-13,beatrizsilva377@gmail.com,11969478214,Guarulhos,SP,03862028,True
PES-00012,Daniel Freitas Moreira,83187784135,M,1999-07-28,daniel.moreira609@uol.com.br,48963845082,Florianópolis,SC,81752156,False
PES-00013,Fernando Ribeiro,06215698369,M,1983-11-02,fernando_rib656@yahoo.com.br,31964046315,Belo Horizonte,MG,33753775,True
PES-00014,Letícia Pereira,35037758203,F,1963-06-22,leticia_per131@yahoo.com.br,16965328601,Ribeirão Preto,SP,17783895,False
PES-00015,Lúcia Alves Brandão,37406707541,F,1977-10-07,lucia_bra723@gmail.com,19969235668,Campinas,SP,17734983,False
PES-00016,Raquel Alves Melo,64969780773,F,1982-01-05,raquel.melo185@bol.com.br,32990376318,Juiz de Fora,MG,35288131,False
PES-00017,Ana Assunção Rocha,73082933785,F,1982-01-08,ana.rocha129@gmail.com,32973547413,Juiz de Fora,MG,31965101,True
PES-00018,Daniel Magalhães Machado,49728710240,M,1978-09-30,danielmachado390@hotmail.com,11977887477,São Paulo,SP,09246914,True
PES-00019,Luíza Pereira,95811158629,F,1990-03-12,luizapereira853@hotmail.com,11970425741,São Paulo,SP,04560436,False
PES-00020,Márcio Alves,59992269880,M,1985-09-23,marcio.alves545@bol.com.br,11991681364,São Paulo,SP,08696138,False
PES-00021,Rodrigo Conceição Marques,76973331041,M,1988-10-23,rodrigo_mar836@yahoo.com.br,51998843964,Porto Alegre,RS,94439990,False
PES-00022,Tânia Melo Nunes,89242406252,F,1958-08-21,tania_nun417@hotmail.com,31961725964,Belo Horizonte,MG,37872369,True
PES-00023,Paulo Magalhães Marques,95450960980,M,1984-05-04,paulomarques760@gmail.com,11991636338,São Paulo,SP,08516633,False
PES-00024,Márcia Ferreira Melo,08366644189,F,1985-10-18,marciamelo922@outlook.com,21976945199,Niterói,RJ,24428662,False
PES-00025,Leonardo Melo Brandão,08825458681,M,1996-07-17,leonardobrandao420@gmail.com,19967334090,Campinas,SP,13895535,True
PES-00026,Otávio Gomes Brandão Guimarães,33834961043,M,1995-06-28,otavio_gui420@hotmail.com,11993115191,São Paulo,SP,06939628,True
PES-00027,Sônia Freitas Mendes,17584420184,F,2001-12-28,sonia_men382@outlook.com,11970806733,São Paulo,SP,02828510,False
PES-00028,Raquel Costa,64973781118,F,1979-11-09,raquel.costa378@outlook.com,11990689307,São Paulo,SP,04094542,True
PES-00029,Camila Barbosa,26418131908,F,1995-02-28,camila.barbosa14@hotmail.com,11976012485,Santo André,SP,07870036,True
PES-00030,Luís Freitas Araújo,61692856308,M,1980-07-15,luis.araujo358@uol.com.br,51997802924,Porto Alegre,RS,91291997,False
PES-00031,Leonardo Peixoto Machado,63519867370,M,1985-02-02,leonardomachado723@hotmail.com,31987746390,Belo Horizonte,MG,32190007,True
PES-00032,Joana Melo Silva Gomes,76381430001,F,2000-10-23,joana_gom59@uol.com.br,71961937176,Salvador,BA,44808125,False
PES-00033,Débora Ribeiro Santos,18501277860,F,1990-08-08,deborasantos367@outlook.com,21988218760,Rio de Janeiro,RJ,24404354,False
PES-00034,Eduardo Carvalho,57229742854,M,1999-08-20,eduardocarvalho382@hotmail.com,61984023749,Brasília,DF,78168556,True
PES-00035,Paulo Andrade Gomes Oliveira,55031888458,M,1991-08-26,paulo_oli594@outlook.com,21994609556,Rio de Janeiro,RJ,27812865,True
PES-00036,Caio Peixoto Melo,93407301197,M,1988-02-22,caio.melo571@yahoo.com.br,61980956823,Brasília,DF,78225004,False
PES-00037,Natália Dias Alves,18851858713,F,1986-11-05,natalia_alv372@uol.com.br,21981664677,Niterói,RJ,26458571,True
PES-00038,Camila Alves Brandão,53614449955,F,1988-01-31,camila.brandao974@yahoo.com.br,11983437708,São Paulo,SP,07756498,True
PES-00039,Henrique Costa Lima,05144662510,M,1987-11-16,henrique.lima284@bol.com.br,71962098717,Salvador,BA,47601530,True
PES-00040,Isabela Mendes Lima,47842859388,F,1933-12-31,isabela.lima446@gmail.com,19998844940,Campinas,SP,15279180,True
PES-00041,Fábio Nunes,91708309918,M,1973-10-29,fabio.nunes868@gmail.com,81979666116,Recife,PE,59975046,True
PES-00042,Márcio Carvalho Nunes,84224394928,M,1997-04-17,marcionunes406@uol.com.br,61974982956,Brasília,DF,77629615,True
PES-00043,Daniel Melo Moreira,52525243510,M,1998-06-04,daniel_mor311@yahoo.com.br,48991302678,Florianópolis,SC,86927593,True
PES-00044,André Moreira,37571271029,M,1996-09-14,otavioguimaraes673@uol.com.br,21968012700,Niterói,RJ,28115053,True
PES-00045,Bruno Gomes Ribeiro,90307510700,M,1993-06-14,bruno.ribeiro507@gmail.com,11968929341,Guarulhos,SP,04482266,False
PES-00046,Leonardo Guimarães,38290116608,M,1959-05-08,leonardo_gui902@outlook.com,11973415709,São Paulo,SP,07049264,True
PES-00047,Vitória Marques Assunção,96652018322,F,1983-12-09,vitoria.assuncao805@uol.com.br,51998338078,Porto Alegre,RS,99799276,True
PES-00048,Hélio Carvalho Martins,57481276528,M,1957-03-22,helio_mar317@uol.com.br,11971218812,São Paulo,SP,07363687,True
PES-00049,Tânia Moreira Araújo,39216134690,F,1998-08-23,tania_ara873@yahoo.com.br,62964712890,Goiânia,GO,75396695,True
PES-00050,Joana Ferreira Moreira,52707573892,F,1990-11-25,joanamoreira924@hotmail.com,11980539158,São Paulo,SP,03608539,False
PES-00051,Márcia Marques Dias,65028654379,F,1976-06-24,marciadias258@outlook.com,81984911606,Recife,PE,56801538,True
PES-00052,Luís Andrade,80635620545,M,1965-03-25,luisandrade128@gmail.com,71992039132,Salvador,BA,49713084,False
PES-00053,Gabriela Nunes Alves,32739479930,F,1967-01-22,gabriela.alves619@bol.com.br,31978604546,Belo Horizonte,MG,31103239,True
PES-00054,Joana Dias Silva Nunes,19054551356,F,1952-10-26,joananunes803@outlook.com,11982475191,São Paulo,SP,05223446,True
PES-00055,Letícia Pereira Mendes,82895774862,F,1988-05-04,leticiamendes826@yahoo.com.br,41982847468,Curitiba,PR,83562116,False
PES-00056,Cláudia Nunes Andrade,91009464000,F,2003-09-14,claudia.andrade548@uol.com.br,62967415772,Goiânia,GO,79304008,False
PES-00057,Larissa Oliveira Assunção,48762227890,F,1986-07-31,larissa.assuncao256@gmail.com,11974327749,São Paulo,SP,07561525,False
PES-00058,Luíza Lima Peixoto,07702825553,F,1986-07-05,luiza_pei453@gmail.com,16963827439,Ribeirão Preto,SP,16650747,False
PES-00059,Patrícia Alves Guimarães,83597067271,F,1996-02-22,patriciaguimaraes879@uol.com.br,21983915890,Rio de Janeiro,RJ,21967457,True
PES-00060,Priscila Brandão Brandão,74681409529,F,1983-07-29,priscila.brandao340@bol.com.br,32964036484,Juiz de Fora,MG,38112303,True
PES-00061,Raquel Moreira Barbosa Barbosa,17284066920,F,1965-04-02,raquelbarbosa477@uol.com.br,21979678164,Rio de Janeiro,RJ,28497674,False
PES-00062,Isabela Silva Oliveira Oliveira,21702894886,F,1993-07-06,isabelaoliveira1@hotmail.com,11975509004,São Paulo,SP,06650948,False
PES-00063,Hélio Assunção Martins,37616379265,M,1980-06-29,heliomartins791@hotmail.com,11975019993,São Paulo,SP,03727533,True
PES-00064,Fábio Martins Moreira,00905430174,M,1999-06-16,fabiomoreira829@yahoo.com.br,41987691417,Curitiba,PR,81450435,False
PES-00065,Renata Carvalho Marques,74783802718,F,1999-09-11,renatamarques774@gmail.com,62967044718,Goiânia,GO,76993408,False
PES-00066,Letícia Machado Martins,92329144504,F,1996-08-03,leticia.martins121@outlook.com,21995416571,Rio de Janeiro,RJ,26852386,False
PES-00067,Ana Assunção Lima,73863772237,F,1985-05-31,analima201@uol.com.br,31962449362,Belo Horizonte,MG,36305781,False
PES-00068,Caio Pereira Melo,87141733280,M,1974-03-12,caio.melo226@bol.com.br,11986038988,São Paulo,SP,04415337,True
PES-00069,Larissa Rocha Silva,69316336600,F,1991-04-29,larissasilva18@gmail.com,31979948559,Belo Horizonte,MG,36709066,True
PES-00070,Lucas Lima,82344112332,M,1974-12-21,lucaslima985@outlook.com,11974507942,São Paulo,SP,08395391,False
PES-00071,Simone Gomes Silva,92879779685,F,1977-04-12,simone_sil623@gmail.com,21997049755,Niterói,RJ,24992131,False
PES-00072,Isabela Moreira Pereira,42467715035,F,1974-06-11,isabela.pereira799@yahoo.com.br,11992681788,São Paulo,SP,08460444,False
PES-00073,Fernando Cardoso Costa,25631381320,M,1933-12-31,fernandocosta462@bol.com.br,31978027132,Belo Horizonte,MG,31832668,True
PES-00074,Luís Oliveira Marques,87754534525,M,1961-10-07,luis.marques305@hotmail.com,21999524487,Rio de Janeiro,RJ,28480536,False
PES-00075,Lúcia Melo,15394195501,F,1951-11-10,luciamelo147@bol.com.br,11982139224,São Paulo,SP,01916124,False
PES-00076,Patrícia Silva Nunes,26485042652,F,1949-11-26,patricianunes69@outlook.com,41979784769,Curitiba,PR,85716013,False
PES-00077,Fernando Brandão Carvalho,12140750969,M,1933-12-31,fernando.carvalho531@yahoo.com.br,11972397524,Santo André,SP,09459504,False
PES-00078,Joana Pereira,83543839624,F,1965-08-21,joana_per191@bol.com.br,81960111080,Recife,PE,54294146,False
PES-00079,Rafael Oliveira Pereira,65401895402,M,1955-04-18,rafael.pereira81@bol.com.br,31969466878,Belo Horizonte,MG,34040852,False
PES-00080,Letícia Andrade,84482658235,F,1941-04-12,leticiaandrade322@bol.com.br,21960972255,Rio de Janeiro,RJ,26624030,True
PES-00081,Rodrigo Magalhães Lima,53677821592,M,1981-11-23,rodrigo.lima561@bol.com.br,21985129474,Rio de Janeiro,RJ,21600802,False
PES-00082,Ana Carvalho,35700220806,F,1994-06-30,anacarvalho558@yahoo.com.br,11968901915,Guarulhos,SP,04413641,True
PES-00083,Márcia Carvalho Rodrigues,22373167409,F,1969-10-19,marcia_rod513@outlook.com,19978332982,Campinas,SP,17781020,True
PES-00084,Fernando Dias,23370364727,M,1988-07-07,fernando.dias640@gmail.com,11993526210,São Paulo,SP,05849846,True
PES-00085,Hélio Rocha Freitas,23737400954,M,1994-01-18,heliofreitas434@yahoo.com.br,32980693449,Juiz de Fora,MG,37253257,True
PES-00086,Natália Machado,06225634088,F,1980-10-06,natalia_mac187@gmail.com,61976717225,Brasília,DF,77325801,True
PES-00087,Aline Magalhães Nunes,64580082877,F,2003-05-05,aline.nunes517@gmail.com,19970674747,Campinas,SP,18318932,False
PES-00088,Fernanda Oliveira Conceição,20353464287,F,1970-07-16,fernanda_con360@outlook.com,11965015090,São Paulo,SP,01514557,True
PES-00089,Márcia Marques Costa,73857669438,F,1993-05-05,marcia_cos666@outlook.com,11979713150,São Paulo,SP,06306061,True
PES-00090,Rodrigo Carvalho Costa,07153685910,M,1987-07-23,rodrigo_cos233@hotmail.com,71961277813,Salvador,BA,42785286,True
PES-00091,Gabriela Alves,81338379364,F,1994-09-04,gabriela.alves619@gmail.com,31974064662,Belo Horizonte,MG,31493479,True
PES-00092,Antônio Souza Magalhães,01602339171,M,1992-01-30,antonio.magalhaes206@gmail.com,11995203655,Guarulhos,SP,02287464,False
PES-00093,Gabriela Nunes Dias,39231095803,F,1963-01-17,gabriela_dia490@gmail.com,11971223801,São Paulo,SP,05567215,False
PES-00094,Júlia Conceição Freitas,09570932848,F,2003-12-31,juliafreitas506@outlook.com,51985947476,Porto Alegre,RS,92889883,False
PES-00095,Marcelo Rodrigues Melo,73284724729,M,1982-01-08,marcelo_mel779@yahoo.com.br,51989793980,Porto Alegre,RS,93294525,True
PES-00096,Hélio Rodrigues Rodrigues,04570855334,M,1978-12-10,helio.rodrigues486@bol.com.br,51964333430,Porto Alegre,RS,94005886,True
PES-00097,Patrícia Ribeiro,64856263102,F,1962-01-22,patricia_rib758@outlook.com,41999976012,Curitiba,PR,81781105,False
PES-00098,Cecília Lima Araújo,83940850756,F,1992-07-14,cecilia.araujo602@hotmail.com,31975524892,Belo Horizonte,MG,39838597,True
PES-00099,Wagner Barbosa Machado,74582062253,M,1955-07-13,wagnermachado944@uol.com.br,11961483200,São Paulo,SP,08915202,True
PES-00100,César Andrade Dias,71439116156,M,1985-04-19,cesar_dia585@outlook.com,71979871150,Salvador,BA,48205261,False
PES-00101,Fernando Cardoso Andrade,43422517367,M,1967-10-07,fernando_and695@uol.com.br,11986041983,São Paulo,SP,04772375,True
PES-00102,Cláudia Brandão Nascimento Mendes,53318708216,F,1972-03-03,claudia_men944@yahoo.com.br,48960956555,Florianópolis,SC,83121367,False
PES-00103,Helena Dias,24947454547,F,2000-01-23,helena_dia336@hotmail.com,21963706386,Rio de Janeiro,RJ,29107376,True
PES-00104,Gustavo Nascimento Rodrigues,82601968320,M,1990-08-08,gustavorodrigues479@yahoo.com.br,31970491945,Belo Horizonte,MG,33816747,True
PES-00105,Letícia Pereira Andrade,79839854364,F,1998-08-02,leticia_and323@hotmail.com,11994056356,São Paulo,SP,07615559,False
PES-00106,Cecília Guimarães,51661011110,F,1983-08-14,cecilia_gui420@uol.com.br,11960786458,Santo André,SP,07070845,True
PES-00107,Daniel Nunes Martins,22552529020,M,1990-10-09,daniel.martins336@outlook.com,19964237531,Campinas,SP,18892178,True
PES-00108,Fernanda Silva Nunes,74776114585,F,1992-10-16,fernanda.nunes503@uol.com.br,11999023165,São Paulo,SP,05211308,False
PES-00109,Fernando Gomes Rocha,23040486500,M,1978-06-23,fernando.rocha355@hotmail.com,41966098714,Curitiba,PR,82400521,True
PES-00110,Rodrigo Ferreira Ferreira,24138296018,M,1987-08-27,rodrigo.ferreira178@uol.com.br,31984934374,Belo Horizonte,MG,34054076,False
PES-00111,Sônia Peixoto Martins Moreira,75475109222,F,1980-02-06,sonia_mor978@yahoo.com.br,51960387863,Porto Alegre,RS,97773271,True
PES-00112,Priscila Souza,37593309835,F,1953-04-18,priscila.souza316@gmail.com,31983468746,Belo Horizonte,MG,35560911,True
PES-00113,Rafael Brandão,92217195611,M,1947-08-25,rafael.brandao152@hotmail.com,41964187966,Curitiba,PR,86141050,False
PES-00114,Wagner Pereira,73184091821,M,1986-02-05,wagnerpereira899@bol.com.br,16999447001,Ribeirão Preto,SP,19102057,True
PES-00115,Larissa Dias,23077371464,F,1993-06-29,larissa.dias667@outlook.com,62988302156,Goiânia,GO,77269596,True
PES-00116,César Nunes Brandão,09410541875,M,1981-06-02,cesar.brandao668@outlook.com,11989362724,São Paulo,SP,07182224,False
PES-00117,Fábio Silva Martins,74760005790,M,2002-01-27,fabio.martins10@gmail.com,41981337972,Curitiba,PR,85445784,True
PES-00118,Sérgio Dias,06431843924,M,1971-03-05,sergio_dia27@gmail.com,61993647610,Brasília,DF,79694462,False
PES-00119,Camila Mendes Ribeiro,29555657254,F,1982-03-17,camila_rib811@outlook.com,11988762529,São Paulo,SP,02228005,False
PES-00120,Vitória Ferreira Freitas Assunção,98454356886,F,1990-04-19,vitoria.assuncao734@gmail.com,81985707438,Recife,PE,56542463,False
PES-00121,Wagner Magalhães Cardoso Santos,73728128791,M,1980-02-23,wagner.santos768@hotmail.com,11988913324,São Paulo,SP,09947202,False
PES-00122,Joana Alves Martins,42418012344,F,1980-01-08,joana_mar216@uol.com.br,32977172751,Juiz de Fora,MG,37983770,False
PES-00123,Fábio Costa Melo,32452308773,M,1996-11-27,fabio.melo153@yahoo.com.br,16969477721,Ribeirão Preto,SP,16522019,False
PES-00124,Leonardo Nascimento Lima,87280302734,M,1995-12-21,leonardo.lima576@outlook.com,71985218869,Salvador,BA,41755473,True
PES-00125,Isabela Santos,71416719431,F,1969-12-11,isabela.santos891@bol.com.br,11991397040,São Paulo,SP,05247826,False
PES-00126,Fábio Freitas,15965854986,M,1984-01-06,fabio_fre320@outlook.com,51983165753,Porto Alegre,RS,94393679,True
PES-00127,César Barbosa Gomes,17336541356,M,1987-02-10,cesargomes93@yahoo.com.br,11988677494,São Paulo,SP,06791519,False
PES-00128,Gustavo Nascimento Mendes,36254850010,M,1980-12-18,gustavomendes633@hotmail.com,21992467199,Rio de Janeiro,RJ,28065403,False
PES-00129,Lúcia Ferreira,96688559900,F,1967-07-24,luciaferreira670@bol.com.br,51968625478,Porto Alegre,RS,93963867,False
PES-00130,Hélio Santos,13936494088,M,1984-06-18,helio.santos628@gmail.com,32977175841,Juiz de Fora,MG,32737145,True
PES-00131,Isabela Rodrigues Pereira,22751598943,F,1958-11-11,isabela_per323@outlook.com,11973302276,São Paulo,SP,04472925,True
PES-00132,Gabriela Silva Andrade Silva,65178477740,F,2002-01-28,gabriela_sil179@outlook.com,11984371775,Guarulhos,SP,06107425,True
PES-00133,Luís Ferreira Mendes Peixoto,58491029656,M,1982-08-02,luispeixoto402@yahoo.com.br,71967671627,Salvador,BA,47862602,False
PES-00134,Leonardo Marques Assunção,43099479489,M,1962-10-17,leonardo.assuncao703@outlook.com,11998425573,São Paulo,SP,03226764,True
PES-00135,Aline Melo Dias Santos,51866724169,F,1989-02-04,alinesantos204@hotmail.com,11975259978,São Paulo,SP,07486945,True
PES-00136,Helena Nunes Rocha,50125910622,F,1999-12-20,helena_roc29@hotmail.com,16988514330,Ribeirão Preto,SP,15030215,True
PES-00137,Raquel Freitas Conceição,71643240692,F,1997-07-21,raquel_con540@bol.com.br,21995089865,Niterói,RJ,26251472,False
PES-00138,Leonardo Brandão Mendes,55590417180,M,1994-03-04,leonardomendes704@outlook.com,11963042353,São Paulo,SP,05109287,False
PES-00139,Antônio Lima,22135726400,M,1954-02-08,antonio.lima445@yahoo.com.br,41970931693,Curitiba,PR,88593399,False
PES-00140,Hélio Costa Marques,90749690623,M,1987-08-25,helio_mar543@outlook.com,51993775221,Porto Alegre,RS,94039822,True
PES-00141,Fernanda Araújo,29703010326,F,1965-04-20,fernanda_ara749@hotmail.com,51979532783,Porto Alegre,RS,94297067,True
PES-00142,Sônia Costa Andrade,13348925126,F,1976-05-03,sonia_and908@outlook.com,11997817124,Guarulhos,SP,08858605,True
PES-00143,Henrique Magalhães Marques,16662081400,M,1974-08-15,henrique.marques228@outlook.com,41984384227,Curitiba,PR,84685177,True
PES-00144,Eduardo Magalhães Costa Mendes,01551930587,M,1978-02-20,eduardomendes364@hotmail.com,11975823436,São Paulo,SP,07416415,False
PES-00145,Marcelo Ribeiro Silva Carvalho,08630456345,M,1992-02-11,marcelo.carvalho380@hotmail.com,31975776606,Belo Horizonte,MG,38499760,True
PES-00146,Otávio Carvalho Dias,75564909208,M,1976-01-07,otavio_dia128@outlook.com,21960968033,Niterói,RJ,24553533,True
PES-00147,Beatriz Mendes Costa Moreira,34590220601,F,1996-09-26,beatriz_mor622@outlook.com,48979772636,Florianópolis,SC,83769393,False
PES-00148,Camila Ribeiro,68007866914,F,1968-07-27,camila.ribeiro35@uol.com.br,31965341674,Belo Horizonte,MG,35917457,True
PES-00149,Patrícia Martins Souza Nunes,33478018145,F,1991-12-26,patricia_nun562@outlook.com,19987762288,Campinas,SP,18425669,True
PES-00150,Débora Peixoto Mendes,93515267476,F,2002-01-06,deboramendes66@bol.com.br,31974767099,Belo Horizonte,MG,39380144,False
PES-00151,Larissa Araújo Pereira,05562149516,F,1971-03-20,larissa.pereira677@uol.com.br,11963954278,São Paulo,SP,03386386,False
PES-00152,Débora Magalhães,31875904700,F,1996-06-16,debora.magalhaes47@hotmail.com,19994595552,Campinas,SP,17103224,False
PES-00153,Camila Machado Moreira,92696012938,F,1990-08-16,camila.moreira136@gmail.com,11971836132,Guarulhos,SP,01092385,True
PES-00154,Gustavo Melo Andrade Alves,17484912450,M,1987-06-11,gustavo_alv980@bol.com.br,51992796357,Porto Alegre,RS,97816113,False
PES-00155,Márcio Machado Ferreira,08912954105,M,1986-04-21,marcioferreira212@outlook.com,11983964815,Guarulhos,SP,01794694,True
PES-00156,Débora Mendes,77039807815,F,1984-04-26,debora.mendes565@yahoo.com.br,19964787055,Campinas,SP,14871893,True
PES-00157,Renata Nascimento Marques Nascimento,49745205397,F,1966-04-06,renatanascimento445@uol.com.br,11963879748,São Paulo,SP,02913139,True
PES-00158,Vitória Machado Ferreira,04293564128,F,2004-12-01,vitoria_fer77@hotmail.com,21996347814,Rio de Janeiro,RJ,21374407,True
PES-00159,Simone Brandão,92070287351,F,1996-11-29,simone_bra434@gmail.com,11989288752,São Paulo,SP,09694253,True
PES-00160,Henrique Melo Souza,05504316839,M,1939-10-19,henrique.souza371@yahoo.com.br,31962169238,Belo Horizonte,MG,32531863,False
PES-00161,Henrique Nascimento,14400096351,M,1966-04-28,henriquenascimento181@outlook.com,11978558947,São Paulo,SP,03191793,True
PES-00162,Eduardo Alves Barbosa,74389026259,M,1981-07-30,eduardobarbosa330@gmail.com,11995271048,Guarulhos,SP,02953579,False
PES-00163,Vinícius Pereira,81347586067,M,1992-05-16,vinicius.pereira971@hotmail.com,11987272671,São Paulo,SP,09756154,False
PES-00164,Vinícius Martins Ribeiro,33864781663,M,1968-08-03,viniciusribeiro242@uol.com.br,48969108888,Florianópolis,SC,84612568,False
PES-00165,Natália Melo Santos,38310748604,F,1970-11-13,natalia.santos382@yahoo.com.br,61986598976,Brasília,DF,71102500,True
PES-00166,Letícia Alves,79546697850,F,1977-02-10,leticia_alv286@bol.com.br,31986542451,Belo Horizonte,MG,33636316,False
PES-00167,Mateus Conceição Martins,09654649381,M,1975-11-04,mateus.martins255@bol.com.br,11995702850,São Paulo,SP,06147854,True
PES-00168,Thiago Freitas Alves,40900433957,M,1960-11-12,thiagoalves834@bol.com.br,81988469262,Recife,PE,54697328,True
PES-00169,Fernando Gomes Carvalho,05223875788,M,1997-05-11,fernando.carvalho202@gmail.com,11968954725,São Paulo,SP,09791148,True
PES-00170,Márcio Souza Oliveira,14532100402,M,1962-11-17,marcio_oli728@outlook.com,71972413445,Salvador,BA,47668480,True
PES-00171,Otávio Mendes,29351613003,M,1956-12-03,otavio.mendes312@hotmail.com,41967922020,Curitiba,PR,88123274,False
PES-00172,Luís Machado Pereira Santos,81079227601,M,1979-06-28,luis.santos623@bol.com.br,21967818850,Rio de Janeiro,RJ,22961641,False
PES-00173,Simone Moreira Marques,83880359911,F,1989-04-19,simone_mar731@bol.com.br,21993589907,Rio de Janeiro,RJ,26670752,True
PES-00174,Fernanda Melo Marques,81595904077,F,1981-01-15,fernandamarques862@bol.com.br,19967261448,Campinas,SP,19517791,False
PES-00175,Sérgio Silva Magalhães,63281382290,M,1969-04-18,sergio.magalhaes644@yahoo.com.br,71981423325,Salvador,BA,48917079,False
PES-00176,Bruno Carvalho,34949646532,M,1996-04-09,bruno_car531@uol.com.br,81968304561,Recife,PE,52514331,True
PES-00177,José Assunção,60333793226,M,1975-02-05,jose_ass354@uol.com.br,31960694383,Belo Horizonte,MG,37888617,True
PES-00178,Beatriz Peixoto Santos,60895251205,F,1980-08-21,beatriz_san137@outlook.com,19983881306,Campinas,SP,18306440,True
PES-00179,Márcia Magalhães Souza,82418980618,F,1994-07-22,marciasouza552@gmail.com,21983518795,Rio de Janeiro,RJ,29232971,True
PES-00180,Caio Conceição,71361242558,M,1963-08-14,caio.conceicao313@bol.com.br,61999102491,Brasília,DF,79537351,False
PES-00181,João Brandão,52450365508,M,1987-07-27,joao_bra938@yahoo.com.br,11964991623,São Paulo,SP,08514036,True
PES-00182,Lucas Ferreira,31257501305,M,1975-06-02,lucasferreira839@hotmail.com,21974163083,Rio de Janeiro,RJ,27573139,True
PES-00183,Priscila Moreira Costa,20162918852,F,1978-02-18,priscilacosta284@yahoo.com.br,11993409604,São Paulo,SP,01295583,False
PES-00184,Bruno Nascimento Ferreira,14333160561,M,1974-02-06,brunoferreira398@hotmail.com,11972563703,São Paulo,SP,04517110,True
PES-00185,Rodrigo Conceição Oliveira Ferreira,74292656851,M,2000-04-05,rodrigo.ferreira56@yahoo.com.br,11966257073,São Paulo,SP,01374643,True
PES-00186,Sônia Rocha Conceição,93566985546,F,1984-05-19,sonia_con159@outlook.com,21962132604,Rio de Janeiro,RJ,23551073,False
PES-00187,Vitória Rodrigues Gomes,33908713811,F,1983-10-09,vitoriagomes787@hotmail.com,61983826207,Brasília,DF,71258116,False
PES-00188,Raquel Ribeiro Brandão,61496341244,F,1973-09-12,raquelbrandao292@yahoo.com.br,11984023594,Guarulhos,SP,02717915,False
PES-00189,Larissa Machado Araújo,18163938277,F,1982-11-24,larissa.araujo418@gmail.com,19975035881,Campinas,SP,17771190,True
PES-00190,João Silva Nascimento,40696369516,M,1986-04-29,joaonascimento914@gmail.com,11964751638,São Paulo,SP,07581689,True
PES-00191,Natália Moreira Nunes,59949930502,F,1998-09-03,natalia.nunes569@outlook.com,11965248616,São Paulo,SP,05077610,False
PES-00192,Priscila Magalhães Melo,38277649479,F,1975-09-03,priscila.melo860@uol.com.br,31983049576,Belo Horizonte,MG,37102438,False
PES-00193,Ana Silva,47447795143,F,2001-11-03,ana.silva410@gmail.com,21972619582,Niterói,RJ,21871158,False
PES-00194,Lucas Machado,98646592600,M,1948-12-02,lucas_mac38@gmail.com,11967824197,São Paulo,SP,07695191,False
PES-00195,Mariana Melo Machado Nunes,48222137301,F,1995-08-24,mariananunes112@outlook.com,19994735004,Campinas,SP,15325752,True
PES-00196,Lúcia Nunes Ferreira,67503641444,F,1999-11-11,luciaferreira246@uol.com.br,16968813391,Ribeirão Preto,SP,14469882,False
PES-00197,Aline Magalhães Marques,61262213207,F,1997-01-05,alinemarques416@gmail.com,19981765849,Campinas,SP,16067952,False
PES-00198,Débora Marques Lima,01025131800,F,1991-04-30,deboralima985@outlook.com,11978725855,São Paulo,SP,08601032,False
PES-00199,Ana Pereira Ferreira,10264792661,F,1954-04-11,anaferreira11@hotmail.com,51994021142,Porto Alegre,RS,96546655,True
PES-00200,Rafael Moreira Andrade,83058965877,M,1980-05-26,rafaelandrade251@gmail.com,21978498103,Rio de Janeiro,RJ,26192709,True
PES-00201,Fernando Moreira,22856323987,M,1982-11-12,fernandomoreira752@hotmail.com,71985454216,Salvador,BA,42774160,False
PES-00202,Vinícius Souza,02917667222,M,1983-08-03,vinicius_sou55@hotmail.com,71985472842,Salvador,BA,44166385,True
PES-00203,Leonardo Peixoto,59921907751,M,1995-01-22,leonardopeixoto860@gmail.com,41974799060,Curitiba,PR,85144836,False
PES-00204,Thiago Ribeiro,32903511225,M,2000-06-30,thiagoribeiro344@outlook.com,21969957444,Rio de Janeiro,RJ,27064658,True
PES-00205,Sônia Alves Araújo,34265152376,F,1968-01-08,soniaaraujo326@bol.com.br,51987691390,Porto Alegre,RS,95219628,False
PES-00206,Letícia Assunção,80152772219,F,1992-02-16,leticia_ass610@hotmail.com,19990104643,Campinas,SP,12187932,True
PES-00207,Larissa Mendes Gomes,08564510456,F,1971-10-25,larissa_gom459@outlook.com,71984315618,Salvador,BA,48486555,True
PES-00208,Helena Dias Ribeiro,98181549244,F,1974-04-22,helena.ribeiro321@bol.com.br,11986592103,São Paulo,SP,09791307,True
PES-00209,Joana Araújo Cardoso,34706682134,F,1965-04-16,joana_car273@gmail.com,51987023722,Porto Alegre,RS,97614359,True
PES-00210,Letícia Oliveira,42488006408,F,1987-11-21,leticia_oli786@hotmail.com,19963353271,Campinas,SP,17518402,True
PES-00211,Renata Costa,11823712215,F,1989-10-04,renata_cos184@yahoo.com.br,48998695503,Florianópolis,SC,81456283,True
PES-00212,Letícia Carvalho Alves,66836994618,F,1986-08-19,leticiaalves71@hotmail.com,32970727497,Juiz de Fora,MG,33949842,True
PES-00213,Otávio Marques,34188346396,M,1958-12-06,otaviomarques589@hotmail.com,21971245472,Rio de Janeiro,RJ,26327445,False
PES-00214,Fernando Silva Dias,12727192860,M,1974-11-26,fernando.dias615@gmail.com,11970894794,São Paulo,SP,02584249,True
PES-00215,Antônio Costa Alves,40098136607,M,1988-10-11,antonio.alves195@uol.com.br,11979342648,São Paulo,SP,05276577,False
PES-00216,Priscila Rocha Dias,73412633348,F,1948-05-12,priscila_dia946@uol.com.br,11961323057,São Paulo,SP,01470598,True
PES-00217,Priscila Rodrigues Brandão,48405744991,F,1976-06-14,priscila_bra710@gmail.com,11969814244,São Paulo,SP,01546883,False
PES-00218,Beatriz Pereira Machado Barbosa,03788182016,F,1997-09-02,beatriz.barbosa865@outlook.com,11970636413,Santo André,SP,05502142,True
PES-00219,Tânia Martins Araújo,18282117374,F,1948-01-30,taniaaraujo895@bol.com.br,61969913225,Brasília,DF,72083841,False
PES-00220,Letícia Rocha Pereira,66110538833,F,1973-06-23,leticia.pereira815@gmail.com,16977365409,Ribeirão Preto,SP,14026975,True
PES-00221,Eduardo Conceição Carvalho,58862945892,M,1958-05-20,eduardocarvalho513@bol.com.br,11991801348,São Paulo,SP,03550356,True
PES-00222,Otávio Melo Ferreira,29950532884,M,1997-03-08,otavio_fer227@yahoo.com.br,41982525238,Curitiba,PR,89707636,True
PES-00223,Letícia Silva Silva,18894700070,F,1991-12-05,leticia.silva506@gmail.com,61969089251,Brasília,DF,78372566,True
PES-00224,Patrícia Rodrigues Moreira,80473789108,F,1976-10-06,patriciamoreira646@outlook.com,11992882706,São Paulo,SP,03298016,True
PES-00225,André Santos,57098370320,M,1985-03-02,andre_san808@gmail.com,48976981313,Florianópolis,SC,86374035,True
PES-00226,Gabriela Ribeiro Marques,28474820910,F,1990-05-31,gabrielamarques480@yahoo.com.br,11969508818,São Paulo,SP,06843384,True
PES-00227,Wagner Freitas,39213544472,M,1975-07-12,wagner.freitas393@yahoo.com.br,31963552779,Belo Horizonte,MG,39392294,False
PES-00228,Gustavo Pereira Martins,30350687633,M,1963-05-28,gustavomartins281@uol.com.br,21965422287,Rio de Janeiro,RJ,28721691,True
PES-00229,Eduardo Santos,00207562911,M,1971-02-21,eduardo.santos588@hotmail.com,62968425851,Goiânia,GO,74025278,False
PES-00230,André Nunes Mendes,29922070120,M,1976-05-07,andremendes25@yahoo.com.br,11977756118,São Paulo,SP,04873037,True
PES-00231,Helena Costa Carvalho,04215505542,F,1981-09-30,helena.carvalho974@gmail.com,81966521298,Recife,PE,53825724,False
PES-00232,Daniel Brandão,34767208610,M,1993-07-22,daniel_bra37@outlook.com,21984709369,Rio de Janeiro,RJ,29515327,True
PES-00233,Luíza Souza Araújo,38576935503,F,1990-09-11,luizaaraujo490@uol.com.br,51993731889,Porto Alegre,RS,91407763,False
PES-00234,Joana Lima Rocha Conceição,70579932346,F,1985-09-11,joana.conceicao707@outlook.com,71981248700,Salvador,BA,48460387,True
PES-00235,Lúcia Conceição Ribeiro,03770266978,F,1975-04-14,lucia_rib273@outlook.com,71978275818,Salvador,BA,43830856,False
PES-00236,Mateus Martins Gomes,78019491295,M,1985-12-17,mateusgomes602@outlook.com,71988332268,Salvador,BA,43747082,True
PES-00237,Ana Andrade Melo,56181728368,F,1968-02-20,ana.melo298@yahoo.com.br,51984877999,Porto Alegre,RS,97184656,True
PES-00238,Patrícia Silva,82206183021,F,1989-12-04,patricia.silva435@bol.com.br,11996578842,São Paulo,SP,04665975,False
PES-00239,Antônio Moreira Silva Oliveira,90651642191,M,2002-01-20,antonio.oliveira923@hotmail.com,11993244431,São Paulo,SP,04647325,True
PES-00240,Cecília Mendes Marques,22832246591,F,1992-03-13,cecilia_mar284@yahoo.com.br,61992402265,Brasília,DF,79215666,False
PES-00241,Joana Cardoso Ferreira,62922086216,F,1986-08-19,joana.ferreira525@yahoo.com.br,11980877414,Guarulhos,SP,04210974,True
PES-00242,Mateus Peixoto Peixoto,36040205300,M,1998-09-03,mateus.peixoto548@gmail.com,19968287026,Campinas,SP,19468331,True
PES-00243,Gustavo Dias,86553934959,M,1989-04-29,gustavo_dia723@outlook.com,11965583171,Guarulhos,SP,04441507,True
PES-00244,Márcia Marques,49416594814,F,1955-01-31,marcia_mar232@bol.com.br,62989942389,Goiânia,GO,78116850,False
PES-00245,Cláudia Guimarães Ferreira,65352046699,F,1958-11-23,claudia.ferreira347@gmail.com,11973445124,São Paulo,SP,09771648,True
PES-00246,André Mendes Alves,62624494421,M,1998-07-23,andre_alv372@uol.com.br,19998657088,Campinas,SP,13619180,False
PES-00247,Vitória Carvalho Mendes,54562010703,F,1997-04-04,vitoria.mendes337@bol.com.br,51976061712,Porto Alegre,RS,93717264,False
PES-00248,Helena Marques Barbosa Nunes,97933840698,F,1964-09-18,helena.nunes695@gmail.com,11970709487,São Paulo,SP,04688267,True
PES-00249,Wagner Peixoto,68137225064,M,1968-02-12,wagnerpeixoto283@outlook.com,62998003826,Goiânia,GO,71192316,True
PES-00250,Joana Moreira Conceição,72371628964,F,1961-12-25,joanaconceicao218@outlook.com,11995051940,Santo André,SP,05125328,False
PES-00251,Beatriz Machado Pereira,76291361450,F,1978-03-27,beatriz.pereira876@gmail.com,19983194103,Campinas,SP,11052769,False
PES-00252,Joana Machado Cardoso,37106457604,F,1987-11-26,joanacardoso911@bol.com.br,71966368531,Salvador,BA,41193788,False
PES-00253,José Alves,38509374457,M,1972-10-01,josealves895@bol.com.br,11990718075,São Paulo,SP,04777426,True
PES-00254,Joana Lima Lima,62422377416,F,1998-10-16,joana_lim992@uol.com.br,21962917085,Rio de Janeiro,RJ,25690776,False
PES-00255,Fábio Oliveira Mendes,32948726158,M,1993-05-17,fabiomendes411@gmail.com,31998521295,Belo Horizonte,MG,32007967,True
PES-00256,Renata Rocha Araújo Nascimento,66430500225,F,1993-03-07,renatanascimento916@yahoo.com.br,11970386154,Guarulhos,SP,07197477,True
PES-00257,Fernanda Magalhães Nascimento,99898359935,F,1968-05-30,fernandanascimento134@bol.com.br,16976292423,Ribeirão Preto,SP,17509605,True
PES-00258,Caio Dias Silva,11459980549,M,1965-07-01,caio_sil495@bol.com.br,31980161583,Belo Horizonte,MG,33288688,True
PES-00259,Larissa Gomes Peixoto Pereira,74364996610,F,1984-11-14,larissa_per919@hotmail.com,11993548840,Santo André,SP,05370405,True
PES-00260,Rafael Cardoso Martins Oliveira,93653648254,M,1991-04-19,rafael_oli675@gmail.com,31994501097,Belo Horizonte,MG,34493610,False
PES-00261,Fernando Andrade Carvalho,89911001806,M,1976-09-15,fernandocarvalho513@yahoo.com.br,11964449073,São Paulo,SP,02865443,False
PES-00262,Fernanda Guimarães,81082821012,F,2000-04-06,fernanda.guimaraes214@yahoo.com.br,11986961889,Santo André,SP,06375358,False
PES-00263,César Melo Rocha,71803276541,M,1969-03-18,cesar_roc66@uol.com.br,31993335028,Belo Horizonte,MG,37043972,True
PES-00264,Lúcia Ribeiro Melo,02052733000,F,1989-10-01,lucia.melo904@yahoo.com.br,51967956381,Porto Alegre,RS,91048782,False
PES-00265,Aline Freitas Mendes,04160704425,F,1981-06-11,aline_men960@gmail.com,16993158579,Ribeirão Preto,SP,16296233,True
PES-00266,Helena Dias,83608165142,F,1986-03-21,helenadias46@hotmail.com,16968864200,Ribeirão Preto,SP,13926996,True
PES-00267,Márcio Nascimento,75049417511,M,1972-12-18,marcio_nas17@gmail.com,11987509259,São Paulo,SP,06365666,True
PES-00268,José Mendes Nascimento,82896934600,M,1994-05-18,jose_nas36@hotmail.com,11983147738,São Paulo,SP,01385863,False
PES-00269,Beatriz Santos Lima,64889527575,F,1997-12-17,beatriz.lima184@bol.com.br,62985319182,Goiânia,GO,76939260,False
PES-00270,Márcio Lima Souza,69007396609,M,1992-04-20,marciosouza102@gmail.com,41969213727,Curitiba,PR,87000923,True
PES-00271,Daniel Marques Oliveira,87135054407,M,1998-06-14,daniel_oli704@bol.com.br,21991017007,Rio de Janeiro,RJ,24240746,True
PES-00272,Fábio Machado Ferreira,98938664643,M,1986-09-21,fabioferreira872@bol.com.br,31973594894,Belo Horizonte,MG,34525488,True
PES-00273,Mateus Freitas Assunção,85677808296,M,1982-11-15,mateusassuncao809@yahoo.com.br,31990738217,Belo Horizonte,MG,39330261,True
PES-00274,Otávio Costa Rodrigues Conceição,86853279034,M,2001-12-24,otavio_con252@uol.com.br,21972016085,Rio de Janeiro,RJ,28857944,False
PES-00275,Priscila Nunes Araújo,73824570521,F,1988-03-07,priscilaaraujo993@hotmail.com,11977719737,São Paulo,SP,02212723,True
PES-00276,Priscila Rocha Guimarães,29126505509,F,1968-06-13,priscilaguimaraes669@uol.com.br,11960435965,São Paulo,SP,09562144,False
PES-00277,Débora Conceição,09997467310,F,1946-03-28,deboraconceicao41@hotmail.com,11986602299,Guarulhos,SP,05597876,False
PES-00278,Priscila Assunção,01771040076,F,1975-05-18,priscila_ass792@outlook.com,11984504035,Guarulhos,SP,07015123,True
PES-00279,Henrique Melo Conceição Lima,54179703874,M,1987-01-02,henrique_lim789@yahoo.com.br,71998292802,Salvador,BA,41553388,False
PES-00280,Cecília Carvalho Nunes Costa,04314931388,F,1961-09-17,ceciliacosta392@yahoo.com.br,61972302909,Brasília,DF,72816124,True
PES-00281,Paulo Silva Freitas,39544176500,M,1987-03-12,paulo_fre875@bol.com.br,31994555706,Belo Horizonte,MG,37549997,False
PES-00282,Aline Brandão,65030032347,F,1974-08-18,alinebrandao204@yahoo.com.br,41960567090,Curitiba,PR,89189543,True
PES-00283,Tânia Gomes,12875969757,F,1967-11-16,tania.gomes801@uol.com.br,62985925285,Goiânia,GO,75723169,True
PES-00284,Cláudia Guimarães,19753251335,F,1999-10-31,claudia_gui140@uol.com.br,11991087596,São Paulo,SP,04316989,True
PES-00285,João Gomes,28162846549,M,1978-12-07,joaogomes676@uol.com.br,11989815083,Santo André,SP,01411277,True
PES-00286,Ana Andrade,83778595130,F,1982-04-08,ana_and320@hotmail.com,11996265712,São Paulo,SP,07761834,False
PES-00287,Ana Rocha,11416322337,F,1979-12-07,ana_roc906@outlook.com,61969904479,Brasília,DF,77828547,True
PES-00288,Márcio Souza Silva,11189252201,M,1987-10-23,marciosilva754@outlook.com,41969574732,Curitiba,PR,83294994,False
PES-00289,Joana Marques,44649903980,F,1942-06-26,joana.marques179@gmail.com,11960231528,Santo André,SP,04372328,False
PES-00290,Márcio Ribeiro Rocha,45149859109,M,1948-06-21,marcio_roc586@gmail.com,61968673157,Brasília,DF,76095012,False
PES-00291,Beatriz Moreira Pereira,38029096828,F,1936-02-27,beatriz_per402@gmail.com,41978361715,Curitiba,PR,86868019,False
PES-00292,João Mendes Assunção,46049011800,M,1969-11-09,joao_ass451@gmail.com,41982537795,Curitiba,PR,85282634,False
PES-00293,Mariana Gomes Marques Conceição,05166976339,F,1990-01-31,mariana.conceicao847@gmail.com,81970031244,Recife,PE,52447670,False
PES-00294,Vinícius Peixoto,26158159700,M,1969-01-17,viniciuspeixoto577@uol.com.br,21989972825,Rio de Janeiro,RJ,21288025,True
PES-00295,Rodrigo Freitas Gomes Andrade,09278415766,M,1979-09-20,rodrigoandrade197@yahoo.com.br,21994071372,Rio de Janeiro,RJ,21417866,False
PES-00296,Vitória Santos,94106509768,F,1953-11-10,vitoria_san515@outlook.com,11979475333,São Paulo,SP,04290182,False
PES-00297,Cláudia Ferreira Araújo,79632389530,F,1992-02-04,claudia.araujo627@hotmail.com,31982743839,Belo Horizonte,MG,33087625,False
PES-00298,Renata Andrade,06275914696,F,1988-08-04,renata.andrade625@outlook.com,21981799677,Rio de Janeiro,RJ,22163716,True
PES-00299,Sônia Magalhães Moreira,01884403131,F,1978-01-03,sonia_mor548@gmail.com,11986697915,São Paulo,SP,02875532,False
PES-00300,Daniel Machado,31343791553,M,1975-12-14,daniel.machado42@bol.com.br,41975956562,Curitiba,PR,82174491,True
PES-00301,Helena Moreira,16457479561,F,1987-04-17,helena_mor310@bol.com.br,11980131834,Santo André,SP,06647021,False
PES-00302,Caio Lima Rodrigues,41163747335,M,1933-12-31,caiorodrigues48@bol.com.br,11974869443,Santo André,SP,03864641,False
PES-00303,Ana Ribeiro Freitas,47944394317,F,1946-06-28,anafreitas345@outlook.com,11973312082,São Paulo,SP,09613364,True
PES-00304,Patrícia Cardoso,57756866088,F,1988-01-12,patricia_car256@hotmail.com,32975523145,Juiz de Fora,MG,39611591,False
PES-00305,Lúcia Melo Souza Nascimento,77699611730,F,1974-04-04,lucianascimento430@gmail.com,31970991453,Belo Horizonte,MG,37585431,False
PES-00306,Renata Mendes,74168705005,F,1989-02-11,renatamendes857@bol.com.br,19964564953,Campinas,SP,12259745,True
PES-00307,Patrícia Rocha Silva,77381060426,F,1986-03-07,patricia.silva948@uol.com.br,11979262770,São Paulo,SP,04404079,False
PES-00308,Eduardo Guimarães Assunção Machado,44154140280,M,1996-07-29,eduardomachado109@gmail.com,62979235131,Goiânia,GO,77323324,False
PES-00309,Thiago Ferreira Cardoso Cardoso,26787475810,M,1990-10-09,thiago_car656@gmail.com,11985245969,São Paulo,SP,06202399,True
PES-00310,Márcia Dias Peixoto Mendes,95828462245,F,1980-02-14,marciamendes759@uol.com.br,41989234003,Curitiba,PR,83387582,True
PES-00311,Gustavo Martins Lima,86716711600,M,1996-03-05,gustavo_lim560@hotmail.com,11963482418,São Paulo,SP,06956264,True
PES-00312,Fernanda Dias Gomes,12139882415,F,1965-11-22,fernanda_gom562@gmail.com,81974136436,Recife,PE,57096949,True
PES-00313,Larissa Magalhães Lima,05467107860,F,1959-03-25,larissa.lima203@uol.com.br,11968525942,Guarulhos,SP,07075295,False
PES-00314,Tânia Magalhães Pereira,51473181437,F,1951-12-09,tania_per924@yahoo.com.br,19985557759,Campinas,SP,18751376,True
PES-00315,Simone Rodrigues Pereira,50766386392,F,1999-05-06,simone_per320@gmail.com,11962466862,São Paulo,SP,07557618,True
PES-00316,Thiago Oliveira,60750098929,M,1958-03-28,thiagooliveira312@outlook.com,21999139367,Rio de Janeiro,RJ,22788877,True
PES-00317,Aline Marques,45373480037,F,1952-01-02,aline.marques131@gmail.com,61984442567,Brasília,DF,76276036,False
PES-00318,Leonardo Freitas Ribeiro,40447862596,M,1953-05-18,leonardoribeiro342@bol.com.br,21970273194,Niterói,RJ,28379502,True
PES-00319,Renata Nascimento Andrade,01965617603,F,1961-12-12,renataandrade490@uol.com.br,19961045722,Campinas,SP,15994323,True
PES-00320,Hélio Ferreira Brandão Oliveira,19246621166,M,1980-08-30,helio.oliveira715@uol.com.br,16971174644,Ribeirão Preto,SP,15546205,True
PES-00321,César Costa Souza,49905218114,M,1956-04-25,cesar.souza213@bol.com.br,11992632041,São Paulo,SP,06027387,True
PES-00322,Júlia Lima Silva Carvalho,75098251567,F,1982-05-26,julia_car576@yahoo.com.br,31998548040,Belo Horizonte,MG,36549140,False
PES-00323,Beatriz Pereira Andrade,17858128078,F,1994-06-30,beatrizandrade898@hotmail.com,11985652586,São Paulo,SP,09976911,False
PES-00324,Mateus Brandão Cardoso,21091882517,M,1979-07-04,mateus.cardoso532@yahoo.com.br,31967103833,Belo Horizonte,MG,31917813,False
PES-00325,Antônio Peixoto,49118803504,M,1993-12-30,antoniopeixoto630@hotmail.com,16989282865,Ribeirão Preto,SP,13578996,False
PES-00326,Renata Nascimento Barbosa Lima,74865216103,F,1953-05-28,renata_lim657@outlook.com,62980901135,Goiânia,GO,71371066,True
PES-00327,Fernanda Moreira Nunes Moreira,63109491109,F,1996-10-20,fernanda.moreira136@uol.com.br,51994286378,Porto Alegre,RS,97909034,False
PES-00328,Fernando Cardoso,23262576000,M,2001-04-05,fernando.cardoso177@yahoo.com.br,11983054887,São Paulo,SP,03225432,False
PES-00329,Sônia Pereira Magalhães,89639436151,F,1977-01-09,sonia_mag135@gmail.com,21961541503,Rio de Janeiro,RJ,21246376,False
PES-00330,Lúcia Souza Nunes Lima,15064755740,F,1994-11-19,lucia.lima662@outlook.com,16980958815,Ribeirão Preto,SP,13677775,False
PES-00331,Daniel Martins,79525875440,M,1986-12-18,danielmartins71@yahoo.com.br,19986722481,Campinas,SP,15522560,False
PES-00332,Isabela Silva Gomes,46110916862,F,1978-10-06,isabela_gom550@hotmail.com,11995101747,Guarulhos,SP,02760824,False
PES-00333,Priscila Gomes Peixoto,64958024980,F,1980-10-02,priscila_pei278@bol.com.br,41975496159,Curitiba,PR,81181193,False
PES-00334,Luíza Moreira Martins,87159731409,F,1953-04-27,luiza_mar207@uol.com.br,32969344645,Juiz de Fora,MG,38657641,False
PES-00335,Eduardo Santos Peixoto Magalhães,49915371420,M,1990-07-15,eduardo_mag108@gmail.com,21976347915,Rio de Janeiro,RJ,21378324,True
PES-00336,Hélio Conceição,70595019676,M,1983-04-09,helioconceicao431@yahoo.com.br,21972224943,Rio de Janeiro,RJ,21866818,False
PES-00337,Sônia Nunes Conceição Carvalho,29942270612,F,1989-09-16,sonia_car740@gmail.com,21975015821,Rio de Janeiro,RJ,23061824,False
PES-00338,Simone Assunção Araújo,66187572742,F,1984-07-30,simone.araujo757@uol.com.br,11990579508,São Paulo,SP,09465205,False
PES-00339,Joana Freitas,20179105540,F,1983-07-28,joanafreitas208@uol.com.br,61976539461,Brasília,DF,78712729,True
PES-00340,César Araújo Marques,92273499957,M,1958-12-06,cesarmarques597@yahoo.com.br,19993576781,Campinas,SP,12417985,True
PES-00341,Priscila Alves Barbosa Oliveira,60603573428,F,1992-09-09,priscila.oliveira856@uol.com.br,11977617410,São Paulo,SP,05894209,False
PES-00342,Beatriz Barbosa Moreira,41514097699,F,1986-09-27,beatrizmoreira895@hotmail.com,11993129563,São Paulo,SP,05617936,False
PES-00343,Isabela Pereira,77627977185,F,1973-08-23,isabela.pereira649@hotmail.com,11965927816,Santo André,SP,09493436,False
PES-00344,Renata Moreira Santos,25050198860,F,1984-03-31,renatasantos623@gmail.com,21988608978,Rio de Janeiro,RJ,27336577,True
PES-00345,Isabela Moreira Guimarães,37079562104,F,1970-10-24,isabela_gui773@yahoo.com.br,71997301982,Salvador,BA,45781314,False
PES-00346,Gustavo Melo Oliveira,73566411191,M,1976-07-15,gustavo_oli437@uol.com.br,48995383984,Florianópolis,SC,83861391,False
PES-00347,Cláudia Brandão Ferreira,87409921870,F,1979-10-15,claudia_fer152@uol.com.br,11969483664,São Paulo,SP,04456610,False
PES-00348,Natália Lima Araújo,95503377583,F,1967-10-25,natalia.araujo701@uol.com.br,81998909253,Recife,PE,54105460,True
PES-00349,Márcia Magalhães Mendes,60684978369,F,2001-06-21,marcia_men37@yahoo.com.br,11996477716,São Paulo,SP,09913280,True
PES-00350,Simone Rodrigues,65892191095,F,1994-08-22,simone_rod309@bol.com.br,11991322341,São Paulo,SP,06332770,True
PES-00351,Renata Andrade Guimarães,28392634322,F,1983-01-12,renataguimaraes847@outlook.com,11980075838,São Paulo,SP,09759447,False
PES-00352,Priscila Lima,31932533320,F,1982-05-06,priscila.lima572@gmail.com,11973233676,São Paulo,SP,06535418,True
PES-00353,Lúcia Cardoso Nascimento Peixoto,08201564502,F,1997-07-30,lucia.peixoto622@bol.com.br,41975171603,Curitiba,PR,84320140,False
PES-00354,Larissa Barbosa,62254322052,F,1990-04-22,larissabarbosa537@gmail.com,11983344701,São Paulo,SP,06675325,True
PES-00355,Camila Nunes Dias,32825137634,F,1984-03-16,camila_dia902@bol.com.br,21964962139,Niterói,RJ,26646804,True
PES-00356,Paulo Gomes Cardoso,27394139476,M,1999-01-15,paulo_car248@yahoo.com.br,81988139047,Recife,PE,57042267,True
PES-00357,Natália Rocha,36409268033,F,1973-06-20,natalia.rocha585@bol.com.br,16975012876,Ribeirão Preto,SP,16214043,True
PES-00358,Simone Dias Machado,32023268729,F,1995-04-06,simone_mac681@bol.com.br,11986814445,São Paulo,SP,06787689,True
PES-00359,Fernanda Magalhães Machado,55540556992,F,1993-07-23,fernandamachado554@outlook.com,11972816960,São Paulo,SP,08570397,False
PES-00360,Luíza Gomes Araújo,65570090100,F,1968-05-21,luiza.araujo732@gmail.com,31963631831,Belo Horizonte,MG,33721414,False
PES-00361,Rodrigo Gomes,37296100907,M,1958-03-29,rodrigo.gomes726@uol.com.br,19991167724,Campinas,SP,14808507,False
PES-00362,Ana Alves Moreira,45838194391,F,1992-09-11,ana.moreira953@hotmail.com,51995415602,Porto Alegre,RS,91366664,False
PES-00363,Renata Pereira Souza,19971009595,F,1997-09-17,renatasouza997@yahoo.com.br,21984682986,Rio de Janeiro,RJ,28327217,True
PES-00364,Camila Pereira Costa,07066821491,F,1986-06-17,camilacosta900@outlook.com,11986336249,São Paulo,SP,08149687,True
PES-00365,Antônio Dias,61302255711,M,1975-02-21,antoniodias620@bol.com.br,41962249985,Curitiba,PR,88984540,False
PES-00366,Larissa Ribeiro Machado,76564262485,F,1994-12-27,larissa_mac99@outlook.com,62976216105,Goiânia,GO,72207722,True
PES-00367,Joana Souza Assunção Peixoto,70520708806,F,1983-02-12,joana.peixoto106@gmail.com,11988458239,São Paulo,SP,01610109,False
PES-00368,Sônia Rocha,86879331262,F,1939-08-04,sonia_roc179@outlook.com,11992453159,São Paulo,SP,05812617,True
PES-00369,Luíza Moreira Martins,24957463905,F,1966-08-27,luizamartins837@bol.com.br,11977603532,São Paulo,SP,06340911,False
PES-00370,Natália Rodrigues,24957120617,F,2001-11-08,natalia.rodrigues485@outlook.com,31969984145,Belo Horizonte,MG,37029553,False
PES-00371,Antônio Costa Martins,25001086604,M,1999-12-31,antonio.martins464@yahoo.com.br,11987829425,São Paulo,SP,01708645,False
PES-00372,Antônio Rodrigues Guimarães,63529744492,M,1994-12-07,antonio_gui808@gmail.com,19962057500,Campinas,SP,11193268,False
PES-00373,João Oliveira,73532329867,M,1985-11-29,joao.oliveira770@uol.com.br,11996981792,Guarulhos,SP,02736639,False
PES-00374,Simone Costa Mendes Freitas,20047204257,F,1999-11-14,simone_fre286@outlook.com,11962652376,São Paulo,SP,03842724,True
PES-00375,Fábio Machado,60279776470,M,1993-12-17,fabiomachado202@gmail.com,11975368149,São Paulo,SP,08879798,False
PES-00376,Leonardo Andrade Guimarães,14362033173,M,1967-12-29,leonardo_gui152@yahoo.com.br,31964919486,Belo Horizonte,MG,39022376,True
PES-00377,Vinícius Mendes Carvalho,10857471740,M,1992-08-10,viniciuscarvalho611@uol.com.br,71998263415,Salvador,BA,44406848,True
PES-00378,Natália Peixoto Ribeiro Melo,87200810738,F,1997-05-17,natalia.melo596@gmail.com,11977653570,São Paulo,SP,05191786,False
PES-00379,Beatriz Costa Brandão,45556936803,F,1999-03-10,beatriz_bra659@bol.com.br,11969208182,São Paulo,SP,02146999,False
PES-00380,Eduardo Santos Rodrigues,04594509720,M,1985-09-15,eduardo.rodrigues667@gmail.com,21996237781,Rio de Janeiro,RJ,24351209,False
PES-00381,Lucas Barbosa,99541198090,M,1978-12-05,lucasbarbosa103@uol.com.br,11981261128,Guarulhos,SP,04776022,False
PES-00382,Hélio Alves Lima Dias,65606986108,M,1991-10-13,heliodias370@uol.com.br,11974763116,São Paulo,SP,04478798,True
PES-00383,Tânia Magalhães Brandão,72030515442,F,1983-12-07,tania.brandao899@yahoo.com.br,21989554502,Niterói,RJ,25395479,True
PES-00384,Fernando Alves,37638998200,M,1987-06-22,fernando_alv65@gmail.com,61964272953,Brasília,DF,77863080,True
PES-00385,Camila Moreira Ferreira,91248784138,F,1996-09-29,camila.ferreira67@yahoo.com.br,11974829519,Guarulhos,SP,07161661,True
PES-00386,Fernando Souza Rocha,73658358262,M,1972-05-02,fernando.rocha530@bol.com.br,62991296879,Goiânia,GO,73954058,False
PES-00387,Márcio Araújo Santos,58247796783,M,1997-01-02,marcio_san505@gmail.com,19996987082,Campinas,SP,12545993,False
PES-00388,Ana Melo,10524704163,F,1971-07-30,ana_mel742@gmail.com,19976575659,Campinas,SP,15735297,True
PES-00389,Otávio Andrade,10122646290,M,1979-03-21,otavioandrade643@yahoo.com.br,31964639071,Belo Horizonte,MG,36148375,True
PES-00390,Eduardo Dias,69973235290,M,1989-02-16,eduardo.dias540@yahoo.com.br,11989642446,Guarulhos,SP,06869020,True
PES-00391,Júlia Freitas,11579576508,F,1993-03-09,julia_fre48@gmail.com,11987455115,São Paulo,SP,07183143,False
PES-00392,Bruno Costa Nascimento,73589689218,M,1994-03-25,bruno.nascimento276@gmail.com,11960476633,São Paulo,SP,07060394,False
PES-00393,Fernando Peixoto Lima Nunes,65805543710,M,1983-08-24,fernandonunes708@bol.com.br,11991581341,São Paulo,SP,03357845,True
PES-00394,Daniel Lima Magalhães Nascimento,50480177902,M,1976-12-22,danielnascimento898@outlook.com,19975231148,Campinas,SP,12602405,False
PES-00395,Gabriela Ferreira,88643753416,F,1985-07-08,gabriela.ferreira135@uol.com.br,61976459637,Brasília,DF,72803633,True
PES-00396,Isabela Ferreira Silva,92961607400,F,1989-08-14,isabelasilva57@hotmail.com,11997871361,São Paulo,SP,09498913,False
PES-00397,Mariana Freitas Conceição,03910074081,F,1989-10-16,marianaconceicao344@yahoo.com.br,11963634762,São Paulo,SP,07812653,True
PES-00398,Raquel Santos,03159068390,F,1971-04-06,raquel_san916@uol.com.br,19980028759,Campinas,SP,15671430,True
PES-00399,Bruno Nunes Peixoto,68306615522,M,1981-07-23,brunopeixoto97@outlook.com,21994073758,Rio de Janeiro,RJ,25710903,False
PES-00400,Fábio Barbosa Carvalho,15080081082,M,1981-12-08,fabiocarvalho850@gmail.com,21973979761,Rio de Janeiro,RJ,29816159,True
PES-00401,Sérgio Brandão Carvalho Martins,00539351105,M,1982-06-28,sergio_mar706@gmail.com,16963961220,Ribeirão Preto,SP,19674283,True
PES-00402,Júlia Nunes Souza Guimarães,91993803076,F,1958-06-10,julia_gui354@uol.com.br,71997038545,Salvador,BA,46357171,True
PES-00403,Patrícia Araújo Peixoto Assunção,01188607120,F,1959-07-07,patricia.assuncao661@gmail.com,31968229722,Belo Horizonte,MG,36262184,False
PES-00404,João Ribeiro,27078593707,M,1989-11-21,joao.ribeiro807@outlook.com,32978697255,Juiz de Fora,MG,34934679,True
PES-00405,Daniel Mendes Nunes,80378610740,M,1973-07-08,danielnunes696@gmail.com,19986749581,Campinas,SP,11560618,True
PES-00406,Aline Machado Nunes,80190821159,F,1987-10-19,aline_nun103@uol.com.br,11971464438,São Paulo,SP,05602706,True
PES-00407,Mateus Costa,61495687929,M,1967-07-19,mateuscosta379@hotmail.com,31992304734,Belo Horizonte,MG,36407696,False
PES-00408,Beatriz Santos Moreira,19993281247,F,1987-04-22,beatrizmoreira100@yahoo.com.br,11994289604,São Paulo,SP,09779105,True
PES-00409,Raquel Magalhães,36177749976,F,1980-02-14,raquel_mag994@outlook.com,51969253508,Porto Alegre,RS,93796590,True
PES-00410,João Peixoto,27762306803,M,1968-09-14,joaopeixoto321@yahoo.com.br,11973856141,São Paulo,SP,08366971,False
PES-00411,Aline Pereira Rocha Silva,46148790475,F,1964-08-05,aline.silva493@gmail.com,11979206652,São Paulo,SP,01533372,False
PES-00412,Gabriela Melo Moreira,79305283756,F,1968-02-01,gabrielamoreira365@bol.com.br,11979541174,Guarulhos,SP,04134253,True
PES-00413,Renata Melo Rocha,32308034424,F,1969-05-12,renatarocha604@bol.com.br,31998578894,Belo Horizonte,MG,38706462,False
PES-00414,Thiago Carvalho Moreira,11683304160,M,1993-09-15,thiagomoreira454@yahoo.com.br,11996412720,São Paulo,SP,05191287,False
PES-00415,Hélio Santos Rodrigues Carvalho,70763001171,M,1968-05-31,heliocarvalho948@yahoo.com.br,32964874283,Juiz de Fora,MG,35547619,True
PES-00416,Letícia Peixoto Araújo Cardoso,66329227160,F,1973-07-01,leticia.cardoso62@hotmail.com,31985095481,Belo Horizonte,MG,31581275,True
PES-00417,Priscila Cardoso Assunção,25027930178,F,1958-12-18,priscila_ass204@uol.com.br,11994957844,São Paulo,SP,04618209,False
PES-00418,Eduardo Costa,43256162681,M,1950-11-12,eduardo_cos833@gmail.com,11978628732,São Paulo,SP,05392182,False
PES-00419,Ana Andrade Cardoso,77469911570,F,1978-07-27,ana_car950@uol.com.br,51984824525,Porto Alegre,RS,91075919,False
PES-00420,Vinícius Carvalho,07830068534,M,1999-11-17,vinicius_car240@hotmail.com,48981666621,Florianópolis,SC,89983086,True
PES-00421,Joana Andrade Mendes,42697010645,F,1994-05-19,joana.mendes618@bol.com.br,31992439553,Belo Horizonte,MG,39533492,False
PES-00422,Beatriz Moreira,19000953863,F,1995-02-19,beatrizmoreira124@outlook.com,31967849815,Belo Horizonte,MG,31168293,True
PES-00423,Mariana Oliveira Marques,81125396008,F,1965-04-30,mariana.marques907@uol.com.br,81984323646,Recife,PE,54681946,False
PES-00424,Fábio Nascimento,94797844400,M,1988-04-21,fabionascimento153@gmail.com,21992469690,Rio de Janeiro,RJ,23792348,True
PES-00425,Wagner Mendes Peixoto,15388256944,M,1991-10-15,wagnerpeixoto406@uol.com.br,19975615246,Campinas,SP,17949687,True
PES-00426,Fernando Gomes,89142736528,M,1989-12-23,fernando.gomes602@outlook.com,31964365720,Belo Horizonte,MG,35457354,False
PES-00427,Aline Costa Ribeiro,20025130404,F,1970-12-04,alineribeiro151@hotmail.com,31991798127,Belo Horizonte,MG,35987035,True
PES-00428,Márcio Guimarães,18058531049,M,1985-06-14,marcio_gui997@uol.com.br,31996897117,Belo Horizonte,MG,33770571,True
PES-00429,Mateus Nascimento Mendes,66285010781,M,1982-03-08,mateusmendes543@gmail.com,81962442136,Recife,PE,59480095,False
PES-00430,Luís Lima,20297286404,M,1976-08-08,luis.lima756@uol.com.br,11968882808,São Paulo,SP,09672019,True
PES-00431,Caio Marques,48716935462,M,1984-10-30,caio_mar875@yahoo.com.br,11972045007,São Paulo,SP,06798097,False
PES-00432,Márcia Assunção Conceição,60893316946,F,1976-03-02,marcia_con491@gmail.com,31961602532,Belo Horizonte,MG,34844943,True
PES-00433,Larissa Carvalho Ferreira,38459834182,F,2000-09-13,larissa_fer359@bol.com.br,41992816527,Curitiba,PR,86154806,True
PES-00434,César Assunção,79940399448,M,1996-01-01,cesarassuncao219@outlook.com,11975326520,São Paulo,SP,01933886,False
PES-00435,Simone Brandão Magalhães Ferreira,78172595778,F,1988-01-20,simoneferreira210@bol.com.br,31998244131,Belo Horizonte,MG,34225528,True
PES-00436,José Santos Souza,21644383020,M,1981-07-15,jose_sou308@uol.com.br,19995339034,Campinas,SP,17059999,True
PES-00437,Luís Peixoto Silva Magalhães,63525456530,M,1967-08-04,luismagalhaes955@gmail.com,81963299209,Recife,PE,51298639,False
PES-00438,Júlia Ribeiro Alves Nascimento,30210135204,F,1981-09-23,julia_nas343@uol.com.br,19960464704,Campinas,SP,16756203,True
PES-00439,Antônio Ribeiro,62024513352,M,1956-03-25,antonio_rib136@outlook.com,11965435349,São Paulo,SP,03860920,False
PES-00440,Hélio Santos,37783129870,M,1980-05-06,helio.santos940@outlook.com,62989901524,Goiânia,GO,78835676,True
PES-00441,Isabela Lima Freitas,37120599143,F,1992-01-13,isabela.freitas327@uol.com.br,51997156406,Porto Alegre,RS,99077248,True
PES-00442,Hélio Oliveira Ferreira Peixoto,61593862202,M,1998-01-08,helio_pei531@gmail.com,32999736330,Juiz de Fora,MG,31828972,False
PES-00443,Larissa Cardoso Moreira,25584167150,F,1993-02-02,larissa_mor196@gmail.com,11985657350,São Paulo,SP,08460796,False
PES-00444,Júlia Ribeiro Moreira Alves,93447703873,F,1994-04-24,juliaalves163@outlook.com,11991072480,São Paulo,SP,01563239,True
PES-00445,Henrique Silva,19896094225,M,1938-07-19,henrique.silva358@outlook.com,31970747849,Belo Horizonte,MG,37094060,False
PES-00446,Larissa Souza Carvalho,95333272514,F,1990-03-29,larissa.carvalho336@yahoo.com.br,11995506124,São Paulo,SP,04135492,True
PES-00447,Renata Ribeiro Costa,55640730374,F,2000-03-29,renata.costa774@yahoo.com.br,41961714501,Curitiba,PR,85642139,True
PES-00448,Simone Moreira Martins,93854895003,F,1979-11-11,simone.martins864@outlook.com,81961181655,Recife,PE,57248268,True
PES-00449,Larissa Rocha Rodrigues,09789598335,F,1982-07-07,larissa_rod53@gmail.com,32988942658,Juiz de Fora,MG,38858266,True
PES-00450,José Alves Mendes Magalhães,38174687335,M,1995-03-13,jose_mag678@hotmail.com,32976345147,Juiz de Fora,MG,38557655,True
PES-00451,Beatriz Santos Melo,39219977710,F,1961-12-14,beatrizmelo234@yahoo.com.br,61994742381,Brasília,DF,71817056,True
PES-00452,Tânia Dias Freitas Martins,36569853759,F,1974-04-28,tania_mar581@gmail.com,21997182745,Rio de Janeiro,RJ,28882463,False
PES-00453,Luíza Dias Rocha,98075109104,F,2001-10-19,luiza.rocha69@bol.com.br,21973617802,Rio de Janeiro,RJ,23115150,False
PES-00454,João Machado,58185792712,M,1992-04-26,joaomachado486@yahoo.com.br,51972763383,Porto Alegre,RS,91028797,True
PES-00455,Cláudia Magalhães Rocha,23464882322,F,1974-02-18,claudia_roc173@outlook.com,11982115722,Santo André,SP,04744267,False
PES-00456,Simone Brandão Araújo,91201608104,F,1987-07-23,simonearaujo872@gmail.com,21967914240,Rio de Janeiro,RJ,24735033,False
PES-00457,Cecília Lima,41657803244,F,1981-03-28,cecilia.lima370@gmail.com,41987538774,Curitiba,PR,83886682,False
PES-00458,Letícia Guimarães Costa,93578052060,F,1933-12-31,leticiacosta637@yahoo.com.br,21999919121,Niterói,RJ,21164803,True
PES-00459,Sônia Costa Barbosa,74718374464,F,1973-09-11,sonia.barbosa14@uol.com.br,41994277856,Curitiba,PR,81830466,False
PES-00460,Luíza Araújo Cardoso Oliveira,28638680988,F,1979-07-18,luiza.oliveira525@bol.com.br,19997313045,Campinas,SP,15081097,False
PES-00461,Leonardo Freitas Freitas,29281071002,M,1973-11-01,leonardo_fre599@bol.com.br,21979991803,Niterói,RJ,21978713,True
PES-00462,Márcio Lima Mendes,78377780062,M,1999-05-23,marcio_men257@uol.com.br,62964182686,Goiânia,GO,72192234,False
PES-00463,João Machado Silva,65260668103,M,1987-04-19,joaosilva193@outlook.com,11997652999,Santo André,SP,02374900,True
PES-00464,Rafael Freitas Ribeiro,71146124600,M,1971-07-20,rafael_rib840@uol.com.br,21982127717,Rio de Janeiro,RJ,21447707,True
PES-00465,Mateus Mendes,61687578486,M,1972-04-09,mateus.mendes501@yahoo.com.br,21963582726,Rio de Janeiro,RJ,23254544,True
PES-00466,Renata Moreira Carvalho,10155078240,F,1962-09-14,renatacarvalho698@bol.com.br,11979322518,Santo André,SP,04260029,False
PES-00467,Cecília Rodrigues Barbosa,59798033353,F,1969-06-26,cecilia.barbosa874@gmail.com,21988272700,Rio de Janeiro,RJ,25290293,True
PES-00468,Gabriela Martins,18929855512,F,1991-02-08,gabriela.martins769@outlook.com,51982834639,Porto Alegre,RS,95895108,False
PES-00469,Lucas Assunção Guimarães,53515391878,M,1992-02-04,lucasguimaraes382@gmail.com,11991187548,São Paulo,SP,05140207,True
PES-00470,Mariana Machado Cardoso,79278359556,F,1970-08-24,mariana_car199@uol.com.br,21965195561,Rio de Janeiro,RJ,24778461,True
PES-00471,Gustavo Peixoto,84327526142,M,1993-03-11,gustavopeixoto193@yahoo.com.br,21966463748,Rio de Janeiro,RJ,22890382,False
PES-00472,Tânia Brandão Brandão Pereira,63010683359,F,1967-01-28,tania.pereira25@uol.com.br,11973121148,Guarulhos,SP,08022284,True
PES-00473,Rafael Melo,03569344622,M,1995-04-11,rafaelmelo746@uol.com.br,31983953096,Belo Horizonte,MG,32469828,False
PES-00474,Larissa Andrade Guimarães,20395547261,F,1978-09-22,larissa_gui702@bol.com.br,81985995673,Recife,PE,51603204,False
PES-00475,Helena Ferreira Gomes,22679323343,F,1979-12-26,helenagomes493@hotmail.com,11996501810,São Paulo,SP,08297012,True
PES-00476,Vinícius Martins Pereira,19448650809,M,1960-10-12,viniciuspereira315@yahoo.com.br,11993288347,São Paulo,SP,02157585,True
PES-00477,Sônia Pereira Silva,77539626631,F,1977-05-21,sonia_sil343@gmail.com,41969523015,Curitiba,PR,86444388,True
PES-00478,Marcelo Carvalho,35194687192,M,1985-04-23,marcelocarvalho489@outlook.com,11986692129,Guarulhos,SP,08487575,True
PES-00479,Vinícius Rodrigues Alves,68415695390,M,1967-05-12,vinicius.alves388@yahoo.com.br,21962067165,Rio de Janeiro,RJ,28953556,False
PES-00480,Thiago Dias,78308856993,M,1958-12-18,thiagodias281@uol.com.br,11968144034,São Paulo,SP,07119116,False
PES-00481,Lúcia Ferreira Araújo Santos,39363946010,F,1944-06-01,luciasantos711@uol.com.br,21969713558,Rio de Janeiro,RJ,24136144,True
PES-00482,Vitória Moreira,84463370027,F,1999-10-19,vitoriamoreira193@yahoo.com.br,11996651745,Guarulhos,SP,07610442,False
PES-00483,Fábio Lima Melo,97215380785,M,1973-09-15,fabiomelo133@outlook.com,19998393005,Campinas,SP,12062212,False
PES-00484,Caio Souza Alves Conceição,79912561627,M,1969-07-26,caio.conceicao724@outlook.com,21992266781,Niterói,RJ,26769948,True
PES-00485,Fernanda Araújo Nascimento,20222722690,F,1993-06-17,fernanda_nas548@gmail.com,51999769244,Porto Alegre,RS,95824581,True
PES-00486,Eduardo Peixoto Oliveira,75290006753,M,1974-10-24,eduardo.oliveira383@hotmail.com,11966285933,São Paulo,SP,09178085,False
PES-00487,José Lima Cardoso Conceição,22577075081,M,1977-04-27,jose_con925@outlook.com,11985041141,Santo André,SP,09819446,True
PES-00488,Lúcia Oliveira Gomes,41594486239,F,1984-09-24,lucia.gomes101@hotmail.com,11965519585,São Paulo,SP,06046396,False
PES-00489,Camila Moreira Ribeiro,46308810347,F,1973-01-01,camilaribeiro415@hotmail.com,41976396481,Curitiba,PR,87016497,True
PES-00490,Sérgio Souza Oliveira Silva,00963197800,M,1966-10-03,sergio.silva363@yahoo.com.br,51980368625,Porto Alegre,RS,98611421,True
PES-00491,Rafael Silva Souza,60353444537,M,1978-12-02,rafael.souza526@gmail.com,19967612187,Campinas,SP,16829368,True
PES-00492,Caio Assunção Alves,75469928500,M,2001-04-25,caioalves472@yahoo.com.br,11961415275,Santo André,SP,09407697,False
PES-00493,Mateus Ferreira Nunes Nunes,26302243769,M,1975-03-13,mateus_nun732@yahoo.com.br,11998592208,Guarulhos,SP,02481882,False
PES-00494,Tânia Marques Nascimento,02150207826,F,1978-10-29,tania.nascimento532@uol.com.br,41989403268,Curitiba,PR,85866393,False
PES-00495,Fábio Gomes Costa,66193312544,M,1973-06-29,fabiocosta411@uol.com.br,11997593181,São Paulo,SP,06299661,False
PES-00496,Rodrigo Souza Souza,01057411590,M,1970-02-08,rodrigo.souza760@gmail.com,11972633029,São Paulo,SP,03562673,True
PES-00497,Ana Nunes,54041143802,F,1979-06-25,ana.nunes284@gmail.com,11975537751,Santo André,SP,01908972,True
PES-00498,Raquel Costa Ferreira,22822139806,F,1986-02-03,raquel_fer186@yahoo.com.br,61960674333,Brasília,DF,77110567,False
PES-00499,Marcelo Freitas Machado,38138149043,M,1973-06-02,marcelomachado917@outlook.com,11997534814,São Paulo,SP,01491081,True
PES-00500,Márcio Rodrigues Guimarães,52589626363,M,1998-02-04,marcio.guimaraes346@bol.com.br,19970024181,Campinas,SP,15804959,True
PES-00501,Sônia Melo Conceição,28209925105,F,1980-04-11,sonia.conceicao446@uol.com.br,21986362401,Niterói,RJ,23859058,True
PES-00502,Tânia Machado Dias,57843712909,F,1986-12-06,tania.dias398@bol.com.br,16999971553,Ribeirão Preto,SP,12092833,True
PES-00503,Ana Rocha Nascimento,00337895929,F,1964-03-09,ana.nascimento512@bol.com.br,61986194706,Brasília,DF,77212633,False
PES-00504,Priscila Pereira Souza Ferreira,24951024098,F,1985-09-30,priscilaferreira511@hotmail.com,21961894758,Rio de Janeiro,RJ,21841576,False
PES-00505,Paulo Guimarães Andrade Nascimento,36833996431,M,1958-12-28,paulo.nascimento783@gmail.com,11977783525,Santo André,SP,05978844,True
PES-00506,Renata Barbosa,20092643809,F,1935-10-24,renata.barbosa225@yahoo.com.br,16964961368,Ribeirão Preto,SP,17617741,False
PES-00507,Cláudia Martins,50100723195,F,1985-02-01,claudiamartins671@yahoo.com.br,11961036792,São Paulo,SP,04675024,False
PES-00508,Sérgio Peixoto,84644553131,M,1996-08-02,sergio_pei574@hotmail.com,51988362839,Porto Alegre,RS,92221779,True
PES-00509,Daniel Santos,99305179959,M,1989-01-09,daniel.santos44@gmail.com,81985663010,Recife,PE,59415608,True
PES-00510,Letícia Peixoto Costa,23739783770,F,1951-04-24,leticia_cos188@gmail.com,51991071418,Porto Alegre,RS,95727268,False
PES-00511,Antônio Barbosa,13435758422,M,1965-06-05,antonio_bar27@uol.com.br,19972767597,Campinas,SP,16252464,True
PES-00512,Lucas Magalhães Andrade,55184825908,M,1990-01-24,lucasandrade419@uol.com.br,71984816408,Salvador,BA,45182968,False
PES-00513,Paulo Peixoto,21268062944,M,1944-03-11,paulopeixoto947@outlook.com,31974091777,Belo Horizonte,MG,36442066,False
PES-00514,Lúcia Rodrigues Melo Peixoto,27160955315,F,1972-03-24,lucia.peixoto80@yahoo.com.br,11976874169,São Paulo,SP,04557834,False
PES-00515,Rafael Nascimento Santos Dias,09310129379,M,1985-12-22,rafael.dias625@bol.com.br,51995851112,Porto Alegre,RS,98868465,True
PES-00516,Fernanda Nascimento Andrade,74143083400,F,1976-08-26,fernanda_and585@bol.com.br,11965471716,Guarulhos,SP,03775293,False
PES-00517,Larissa Moreira Brandão Oliveira,91802805524,F,1986-11-02,larissa.oliveira117@bol.com.br,62996569784,Goiânia,GO,73452720,False
PES-00518,Luíza Araújo,85183751420,F,1995-10-04,luizaaraujo396@outlook.com,11996577118,São Paulo,SP,05480274,True
PES-00519,Fernando Silva Carvalho Gomes,88983636130,M,1965-11-06,fernando.gomes939@hotmail.com,51987397130,Porto Alegre,RS,96621643,True
PES-00520,Luís Freitas Souza,68327011529,M,2004-04-01,luissouza501@hotmail.com,21985336489,Rio de Janeiro,RJ,22511992,True
PES-00521,Camila Andrade Carvalho,57407618593,F,1960-12-30,camila_car624@outlook.com,41996737752,Curitiba,PR,81832084,True
PES-00522,Otávio Machado Andrade,51300173157,M,1989-09-06,otavioandrade213@hotmail.com,11974251722,São Paulo,SP,02213042,True
PES-00523,André Martins Conceição,72168493537,M,1963-09-05,andre_con664@hotmail.com,81996659458,Recife,PE,52581557,True
PES-00524,Bruno Moreira Alves Ribeiro,54087915050,M,1970-05-26,brunoribeiro91@gmail.com,61971109506,Brasília,DF,71972347,True
PES-00525,Márcio Ribeiro Machado Dias,93267048150,M,1988-01-06,marcio_dia703@yahoo.com.br,11990906055,São Paulo,SP,03505711,False
PES-00526,Rodrigo Moreira Silva,69572406302,M,1996-01-25,rodrigosilva46@yahoo.com.br,11969415042,Guarulhos,SP,01997107,False
PES-00527,Cecília Ferreira Brandão,03899613104,F,1980-02-13,cecilia.brandao313@uol.com.br,16984977315,Ribeirão Preto,SP,11580196,True
PES-00528,Thiago Marques,70336811608,M,1992-03-02,thiago.marques83@hotmail.com,11971997717,São Paulo,SP,06496452,True
PES-00529,Gustavo Pereira Pereira,12776356331,M,1974-02-03,gustavopereira375@outlook.com,11961893951,São Paulo,SP,06368038,True
PES-00530,Ana Martins Martins,72400581150,F,1984-06-23,ana_mar978@outlook.com,31989057754,Belo Horizonte,MG,37328148,False
PES-00531,Wagner Mendes Oliveira,07643724750,M,1936-02-07,wagner.oliveira595@hotmail.com,21990902164,Niterói,RJ,29159290,True
PES-00532,Ana Freitas,10889580529,F,1979-08-28,ana_fre629@yahoo.com.br,51999535165,Porto Alegre,RS,96153793,False
PES-00533,Vitória Ribeiro Oliveira,15374198467,F,1981-09-21,vitoriaoliveira212@outlook.com,11969138396,São Paulo,SP,02405329,True
PES-00534,José Ribeiro Machado,43410030549,M,1989-09-04,jose_mac508@uol.com.br,81991601245,Recife,PE,51778138,True
PES-00535,Helena Oliveira Ferreira,19440060794,F,1975-05-05,helena_fer318@uol.com.br,61989926039,Brasília,DF,74489812,False
PES-00536,Letícia Ribeiro Gomes,01905008163,F,1989-08-21,leticia.gomes660@gmail.com,21970769401,Rio de Janeiro,RJ,24091594,False
PES-00537,Cecília Freitas Nascimento,97697699320,F,1986-10-16,cecilia_nas640@yahoo.com.br,11970277021,São Paulo,SP,02728551,False
PES-00538,Fernanda Pereira Machado,17363246084,F,1969-03-10,fernanda_mac557@uol.com.br,11976261969,São Paulo,SP,03017578,True
PES-00539,Ana Rodrigues,09753905890,F,1986-05-21,anarodrigues957@bol.com.br,11996267185,Santo André,SP,03372731,True
PES-00540,Fernando Alves Conceição,09816733501,M,1960-10-28,fernando_con97@bol.com.br,51984155649,Porto Alegre,RS,94387252,True
PES-00541,Lucas Nascimento,16762565395,M,1987-08-03,lucas_nas161@bol.com.br,31978042330,Belo Horizonte,MG,39526885,False
PES-00542,Thiago Melo Conceição,31209032724,M,1978-10-09,thiago.conceicao204@gmail.com,61999951415,Brasília,DF,79104228,True
PES-00543,Luíza Cardoso,69943101679,F,1987-06-24,luizacardoso490@gmail.com,41970742399,Curitiba,PR,85720465,True
PES-00544,Joana Santos,10299936708,F,2000-08-26,joana_san438@uol.com.br,41968445252,Curitiba,PR,81026153,True
PES-00545,Luís Dias Conceição,72026391734,M,2002-01-08,luis.conceicao815@yahoo.com.br,31987201966,Belo Horizonte,MG,39975763,True
PES-00546,Beatriz Carvalho,78523378642,F,1973-08-22,beatrizcarvalho695@gmail.com,48982649983,Florianópolis,SC,89883846,False
PES-00547,Cecília Peixoto Moreira,50709779208,F,1976-10-09,ceciliamoreira737@gmail.com,31983303253,Belo Horizonte,MG,36818376,False
PES-00548,Hélio Silva Ferreira,61813583820,M,1985-07-29,helio_fer786@gmail.com,11979113856,São Paulo,SP,03847981,False
PES-00549,Cláudia Moreira Melo,81110036760,F,1954-06-08,claudia.melo586@outlook.com,11981341708,São Paulo,SP,01918681,True
PES-00550,Caio Gomes,39326382397,M,1990-11-19,caio.gomes868@bol.com.br,11993364540,Santo André,SP,01812336,False
PES-00551,Cecília Barbosa Costa Magalhães,94171409144,F,1995-09-13,cecilia.magalhaes514@yahoo.com.br,11989137149,São Paulo,SP,03979624,True
PES-00552,Mateus Ribeiro Peixoto Melo,47055948860,M,1978-08-06,mateus_mel513@hotmail.com,31998952315,Belo Horizonte,MG,32013638,True
PES-00553,Ana Melo Rodrigues,93890037763,F,1973-03-03,ana_rod357@uol.com.br,19982131886,Campinas,SP,12555313,True
PES-00554,Larissa Pereira Guimarães,39549402991,F,1994-10-12,larissa.guimaraes357@outlook.com,11994485444,Guarulhos,SP,08553287,False
PES-00555,Camila Magalhães Dias,82982451646,F,1983-01-05,camila.dias84@hotmail.com,21978593113,Rio de Janeiro,RJ,21516710,False
PES-00556,Thiago Rodrigues Costa Brandão,56849162608,M,1985-12-03,thiago.brandao933@bol.com.br,11984993755,São Paulo,SP,08072212,False
PES-00557,Isabela Gomes Lima,74394808561,F,1959-11-16,isabela.lima600@bol.com.br,71966846468,Salvador,BA,48996617,True
PES-00558,Bruno Rocha Ferreira,31879779870,M,1986-04-18,brunoferreira941@outlook.com,11962987622,Santo André,SP,07561338,False
PES-00559,Rafael Peixoto Cardoso,13589637200,M,1956-05-03,rafaelcardoso789@outlook.com,11989978004,São Paulo,SP,02807714,False
PES-00560,Thiago Alves,76670470495,M,1984-09-30,thiagoalves303@bol.com.br,81992877963,Recife,PE,58221082,True
PES-00561,José Moreira Magalhães,61890128767,M,1989-09-23,jose.magalhaes826@bol.com.br,11987204012,São Paulo,SP,03328357,False
PES-00562,Priscila Ribeiro Cardoso,13196498662,F,1967-04-24,priscila_car134@gmail.com,11963296676,São Paulo,SP,05346160,True
PES-00563,Daniel Costa,29626166070,M,1988-10-21,danielcosta148@hotmail.com,21974517490,Rio de Janeiro,RJ,21439432,True
PES-00564,Gustavo Pereira,21854641913,M,1977-05-28,gustavopereira673@uol.com.br,21981926346,Rio de Janeiro,RJ,22897812,False
PES-00565,Ana Melo Carvalho,99138347326,F,1999-02-07,ana_car16@bol.com.br,11996254003,São Paulo,SP,04839500,True
PES-00566,Natália Silva Andrade,40365814229,F,1959-10-26,natalia_and128@yahoo.com.br,61985685119,Brasília,DF,79451919,True
PES-00567,Rafael Lima,71601894260,M,1989-03-24,rafaellima919@uol.com.br,41970547543,Curitiba,PR,81966217,False
PES-00568,Vitória Assunção,73252024152,F,1981-02-05,vitoriaassuncao646@bol.com.br,11964136661,Guarulhos,SP,08071994,True
PES-00569,Márcio Assunção Andrade,24836878225,M,1991-12-18,marcioandrade505@gmail.com,41975813109,Curitiba,PR,81596112,True
PES-00570,Patrícia Barbosa Martins,82226679049,F,1981-04-02,patricia.martins533@hotmail.com,11991682139,São Paulo,SP,05154337,True
PES-00571,Rodrigo Guimarães Conceição,97081171028,M,1963-01-25,rodrigoconceicao502@outlook.com,21978139818,Rio de Janeiro,RJ,23542135,False
PES-00572,Helena Cardoso Gomes,64371622526,F,1977-10-05,helena_gom918@outlook.com,41976023180,Curitiba,PR,87971077,True
PES-00573,Ana Nascimento,74822644855,F,1999-02-21,ananascimento278@uol.com.br,61983687248,Brasília,DF,79062232,False
PES-00574,Fernando Oliveira Mendes,06093100979,M,1967-10-17,fernandomendes271@hotmail.com,31998437087,Belo Horizonte,MG,39118389,True
PES-00575,Gabriela Nascimento,50425713539,F,1997-03-02,gabrielanascimento110@uol.com.br,21972972712,Niterói,RJ,21719000,True
PES-00576,Sérgio Marques Ribeiro,19960011917,M,1989-10-01,sergio_rib507@yahoo.com.br,11963885499,São Paulo,SP,06153210,True
PES-00577,Fábio Alves Marques,74168848299,M,1979-09-15,fabio.marques730@yahoo.com.br,21972386198,Rio de Janeiro,RJ,26711360,False
PES-00578,Priscila Oliveira Brandão,50605879753,F,1965-04-24,priscilabrandao394@hotmail.com,11962844926,São Paulo,SP,06633966,False
PES-00579,Leonardo Santos Peixoto,35910011391,M,1986-10-11,claudia_oli541@yahoo.com.br,31981952857,Belo Horizonte,MG,32661512,False
PES-00580,Lúcia Marques Costa,10463529545,F,1976-05-01,luciacosta914@yahoo.com.br,31979163913,Belo Horizonte,MG,31641018,True
PES-00581,Antônio Rodrigues Marques,53478855721,M,2000-09-10,antonio_mar350@yahoo.com.br,61983833899,Brasília,DF,72041203,False
PES-00582,Simone Nunes Martins,32892968143,F,2003-04-14,simonemartins503@gmail.com,11992461013,São Paulo,SP,02722706,True
PES-00583,José Dias,50963309900,M,1970-12-29,julia_and527@bol.com.br,21994803354,Rio de Janeiro,RJ,21536480,False
PES-00584,Débora Assunção Carvalho,96415798006,F,1997-09-26,debora.carvalho965@yahoo.com.br,31986267263,Belo Horizonte,MG,32959252,True
PES-00585,Isabela Alves Rocha,65640602465,F,1989-04-26,isabela.rocha682@bol.com.br,11970335958,São Paulo,SP,07824346,False
PES-00586,Helena Freitas Ferreira,94988887790,F,1986-03-25,helena_fer803@gmail.com,48987115991,Florianópolis,SC,89484813,False
PES-00587,Sônia Ferreira,70353004227,F,1985-12-09,sonia_fer490@gmail.com,62994158166,Goiânia,GO,72867718,True
PES-00588,Luíza Ribeiro Lima,01677415940,F,1991-02-05,luizalima113@outlook.com,11997141832,São Paulo,SP,01432696,False
PES-00589,Paulo Barbosa Pereira,75486264011,M,1938-11-05,paulopereira159@uol.com.br,21980861305,Rio de Janeiro,RJ,21254283,False
PES-00590,Daniel Andrade Lima,18642544759,M,1983-03-13,daniel_lim649@bol.com.br,21982668007,Rio de Janeiro,RJ,29865000,True
PES-00591,Fernando Silva,40162403950,M,1933-12-31,fernando_sil160@hotmail.com,19987981201,Campinas,SP,13980315,True
PES-00592,Joana Alves Ferreira,31000763463,F,1976-01-06,joana.ferreira361@hotmail.com,11978316420,Santo André,SP,05216330,False
PES-00593,Fábio Freitas,83508494608,M,1994-09-30,fabiofreitas733@yahoo.com.br,11985521507,São Paulo,SP,01365199,True
PES-00594,Thiago Moreira Carvalho,57417211925,M,1979-07-05,thiago_car41@gmail.com,81997158889,Recife,PE,52706691,True
PES-00595,Ana Brandão,15205237180,F,1968-01-05,ana.brandao257@hotmail.com,11961238256,São Paulo,SP,03641606,False
PES-00596,Luíza Conceição,39810725108,F,1994-07-11,luiza_con807@yahoo.com.br,11972693098,Santo André,SP,07908670,True
PES-00597,Sérgio Machado,29528945074,M,1988-09-10,sergiomachado213@hotmail.com,61975472096,Brasília,DF,78903225,False
PES-00598,Hélio Mendes,16118170487,M,1979-08-26,heliomendes885@bol.com.br,21994401607,Rio de Janeiro,RJ,28882479,True
PES-00599,Renata Nascimento,66477977699,F,1983-03-29,renatanascimento156@hotmail.com,31981129965,Belo Horizonte,MG,34455979,True
PES-00600,Gabriela Souza Nunes Machado,32307686126,F,1990-02-14,gabriela_mac36@yahoo.com.br,11965291168,São Paulo,SP,07686472,False
PES-00601,Camila Nascimento Magalhães,97864376401,F,1974-06-16,camilamagalhaes962@bol.com.br,41971548530,Curitiba,PR,86202312,False
PES-00602,Leonardo Pereira Andrade,94086800900,M,1980-10-06,leonardo_and40@outlook.com,11984989486,São Paulo,SP,09871818,False
PES-00603,Camila Rodrigues,15294116456,F,1978-01-10,camilarodrigues713@outlook.com,61974213375,Brasília,DF,78143099,True
PES-00604,Fernando Moreira Pereira,12701574501,M,2001-06-20,fernando.pereira296@uol.com.br,62969815423,Goiânia,GO,73274031,True
PES-00605,Márcia Lima Marques,42115026209,F,1986-10-31,marcia_mar266@outlook.com,11979349217,São Paulo,SP,08220726,False
PES-00606,Priscila Peixoto Silva,89966279172,F,1978-09-06,priscilasilva354@gmail.com,19982706982,Campinas,SP,17357341,True
PES-00607,Márcia Machado Oliveira,95079777915,F,1993-03-18,marciaoliveira460@outlook.com,41968476429,Curitiba,PR,83596370,False
PES-00608,Débora Guimarães,52823702040,F,1966-07-04,debora.guimaraes40@bol.com.br,11980834382,Santo André,SP,02952993,False
PES-00609,Gustavo Rodrigues Marques,46930490695,M,2004-05-09,gustavomarques854@hotmail.com,61965131883,Brasília,DF,71576124,True
PES-00610,Daniel Marques,03098654333,M,1993-10-18,daniel_mar896@uol.com.br,71983162552,Salvador,BA,45456987,True
PES-00611,Letícia Marques Gomes,90441261132,F,1976-07-07,leticiagomes539@gmail.com,11974733816,São Paulo,SP,03954681,True
PES-00612,Letícia Nascimento Melo,17728625764,F,1986-06-11,leticiamelo584@yahoo.com.br,11967477143,São Paulo,SP,02241743,False
PES-00613,Natália Martins,92581407379,F,1968-05-10,natalia_mar517@yahoo.com.br,41980214005,Curitiba,PR,86516172,True
PES-00614,Simone Ferreira Silva Freitas,16879858201,F,1989-08-25,simone_fre641@gmail.com,32964653852,Juiz de Fora,MG,35782911,True
PES-00615,Vinícius Souza,62199625915,M,2005-10-06,vinicius_sou561@uol.com.br,11961215122,São Paulo,SP,04631751,False
PES-00616,Letícia Silva Ferreira,51588989879,F,1978-05-29,leticiaferreira515@hotmail.com,11986419453,São Paulo,SP,09884707,True
PES-00617,Antônio Conceição Marques,96874757571,M,1988-11-25,antoniomarques706@uol.com.br,31966049849,Belo Horizonte,MG,36713535,False
PES-00618,Mariana Marques Carvalho Martins,90481372091,F,1987-02-03,mariana_mar860@outlook.com,19984827901,Campinas,SP,18602848,False
PES-00619,Lúcia Martins,83435174234,F,1988-08-22,lucia.martins987@yahoo.com.br,31968358700,Belo Horizonte,MG,34118232,False
PES-00620,André Nunes Conceição,70489588638,M,1935-02-19,andre_con469@yahoo.com.br,48976076419,Florianópolis,SC,82208321,False
PES-00621,Hélio Souza,19087693516,M,1970-07-13,helio_sou206@yahoo.com.br,21996061837,Rio de Janeiro,RJ,28098888,False
PES-00622,José Carvalho,56735993071,M,2002-09-09,jose_car469@uol.com.br,11989339191,São Paulo,SP,04555943,False
PES-00623,Bruno Brandão,79593550704,M,1971-06-22,brunobrandao116@yahoo.com.br,11976305471,São Paulo,SP,06883199,False
PES-00624,Tânia Costa,21355485614,F,1953-01-13,tania_cos437@outlook.com,21988523927,Niterói,RJ,22135226,True
PES-00625,Letícia Ribeiro,88420717657,F,1986-04-01,leticiaribeiro22@uol.com.br,21961669597,Rio de Janeiro,RJ,27490780,False
PES-00626,Cecília Machado Marques,16934256026,F,1994-08-19,ceciliamarques611@gmail.com,62965394798,Goiânia,GO,75237728,False
PES-00627,Vitória Alves Andrade,23015054210,F,1993-01-13,vitoriaandrade370@gmail.com,11998738748,São Paulo,SP,03492792,False
PES-00628,Letícia Machado Nunes,59936670361,F,1989-09-07,leticianunes723@yahoo.com.br,62971053752,Goiânia,GO,76660284,False
PES-00629,Fábio Machado Machado,78757281009,M,1990-04-26,fabiomachado717@yahoo.com.br,21976767098,Rio de Janeiro,RJ,28272813,False
PES-00630,Helena Nascimento Santos,10186037864,F,2003-07-09,helenasantos825@hotmail.com,32965012862,Juiz de Fora,MG,34235620,False
PES-00631,Cecília Santos Marques,34329391325,F,1984-02-20,cecilia.marques554@hotmail.com,41975556045,Curitiba,PR,87406742,False
PES-00632,Renata Rocha,54127473967,F,1983-08-24,otavio_and303@hotmail.com,11972094781,Guarulhos,SP,04304872,True
PES-00633,João Rocha Lima,58877232897,M,1988-11-15,joaolima792@uol.com.br,19997371230,Campinas,SP,13045227,False
PES-00634,Raquel Moreira,51480386677,F,1991-01-26,raquel_mor433@gmail.com,21980535868,Niterói,RJ,29106906,True
PES-00635,Márcia Araújo Rocha Gomes,77106527432,F,1997-03-04,marcia_gom393@yahoo.com.br,16987771670,Ribeirão Preto,SP,15450587,False
PES-00636,Beatriz Santos Silva Dias,44330870096,F,1993-05-27,beatriz_dia876@gmail.com,61980529236,Brasília,DF,79422642,True
PES-00637,Cecília Gomes,73818528292,F,1963-01-07,ceciliagomes49@yahoo.com.br,11993025842,São Paulo,SP,09487937,False
PES-00638,Daniel Souza Carvalho Machado,63197208676,M,1997-01-02,danielmachado635@gmail.com,19978443343,Campinas,SP,18089046,False
PES-00639,Lúcia Pereira Rocha,95953761597,F,1973-03-02,luciarocha294@uol.com.br,62970702827,Goiânia,GO,76697548,False
PES-00640,Aline Gomes Peixoto Andrade,14471695908,F,1986-11-17,alineandrade632@gmail.com,21999621235,Niterói,RJ,29777619,False
PES-00641,Simone Martins Conceição,59812886044,F,1964-05-27,simone_con76@yahoo.com.br,51973864004,Porto Alegre,RS,98298307,False
PES-00642,Letícia Andrade,78700606901,F,1972-11-17,leticiaandrade491@outlook.com,41978524561,Curitiba,PR,82295038,True
PES-00643,Fábio Gomes Lima,60619690232,M,1991-01-21,fabiolima817@uol.com.br,41993067645,Curitiba,PR,86144738,False
PES-00644,Lucas Gomes Lima Melo,65591790100,M,1967-06-01,lucas.melo451@yahoo.com.br,11995825865,Guarulhos,SP,09520843,False
PES-00645,César Gomes Costa,76504916250,M,1941-01-07,cesar_cos731@gmail.com,21999168701,Rio de Janeiro,RJ,26621436,True
PES-00646,Paulo Andrade,43615368304,M,1984-08-15,paulo_and962@yahoo.com.br,41964194049,Curitiba,PR,83155751,False
PES-00647,Renata Gomes Andrade,88233756903,F,1980-06-09,renata_and114@bol.com.br,41993566401,Curitiba,PR,84649389,False
PES-00648,Luís Melo,08405783776,M,1977-12-28,luismelo81@uol.com.br,48964517696,Florianópolis,SC,85139052,False
PES-00649,Vinícius Santos Dias,74173812949,M,1971-07-20,viniciusdias430@outlook.com,32969146443,Juiz de Fora,MG,31245136,False
PES-00650,Luís Melo Brandão,23466767482,M,1973-04-29,luis_bra827@outlook.com,41975327412,Curitiba,PR,89529801,False
PES-00651,Larissa Marques Martins Costa,99302856283,F,1969-02-10,larissa.costa766@bol.com.br,11978129019,São Paulo,SP,06020949,True
PES-00652,Vitória Ribeiro Andrade,72471835783,F,1986-01-20,vitoria.andrade813@outlook.com,11973605504,São Paulo,SP,05238789,True
PES-00653,Cecília Lima Conceição,90337476187,F,1986-07-30,cecilia_con791@outlook.com,71974139695,Salvador,BA,41976515,True
PES-00654,Isabela Machado Barbosa,93956474341,F,1973-06-15,isabelabarbosa505@gmail.com,11993674246,São Paulo,SP,05401794,False
PES-00655,Priscila Nunes Brandão,47769593131,F,1971-02-06,priscila_bra300@bol.com.br,41992539242,Curitiba,PR,83967498,True
PES-00656,Lúcia Pereira Assunção,97235818174,F,1977-08-15,lucia.assuncao503@bol.com.br,11991473063,Guarulhos,SP,03223593,False
PES-00657,Sérgio Magalhães,41111376603,M,1980-04-11,sergio.magalhaes257@bol.com.br,19977561450,Campinas,SP,18366304,True
PES-00658,Luíza Rocha,12051745919,F,1997-12-06,luiza_roc361@bol.com.br,31967117727,Belo Horizonte,MG,33092188,True
PES-00659,Priscila Alves Lima,19735844842,F,1992-11-03,priscila_lim128@gmail.com,11978966980,São Paulo,SP,03491550,False
PES-00660,Luís Freitas Silva,91361087749,M,1993-03-10,luis_sil55@outlook.com,21995587534,Rio de Janeiro,RJ,21538007,False
PES-00661,Sônia Martins,97696477218,F,1965-03-23,sonia_mar615@outlook.com,51985556894,Porto Alegre,RS,97701979,True
PES-00662,Fernanda Lima Oliveira,98832258900,F,1991-05-19,fernanda_oli310@outlook.com,11989841002,São Paulo,SP,04095300,True
PES-00663,Otávio Rodrigues Melo,37393066610,M,1980-04-18,otavio.melo903@hotmail.com,21999296987,Rio de Janeiro,RJ,25526289,False
PES-00664,Simone Ferreira Assunção,50943019508,F,1941-07-03,simone_ass292@uol.com.br,19974657371,Campinas,SP,17994117,True
PES-00665,Márcio Machado Mendes,95229781831,M,1983-12-25,marcio.mendes313@outlook.com,51999969679,Porto Alegre,RS,97286695,False
PES-00666,Cláudia Ferreira Gomes,94249637697,F,1968-03-30,claudia_gom417@bol.com.br,21996141219,Rio de Janeiro,RJ,23797710,True
PES-00667,Gabriela Assunção Martins,34862216803,F,1983-12-12,gabrielamartins158@hotmail.com,81976426897,Recife,PE,55551937,False
PES-00668,Fernanda Nascimento,66136223201,F,1980-03-16,fernanda_nas774@hotmail.com,11999276612,São Paulo,SP,02576137,True
PES-00669,Fábio Pereira,05587085287,M,2004-08-30,fabio.pereira734@uol.com.br,11967933321,São Paulo,SP,02430265,False
PES-00670,Marcelo Costa,33493699280,M,1976-12-26,marcelo.costa911@yahoo.com.br,41971391915,Curitiba,PR,84575501,False
PES-00671,Helena Rocha Dias,40382226089,F,1996-12-31,helenadias220@outlook.com,11962308879,São Paulo,SP,05343172,False
PES-00672,Fernando Marques Peixoto,61212466187,M,1992-08-14,fernando_pei982@gmail.com,19960126154,Campinas,SP,16975956,True
PES-00673,Mariana Santos Moreira,03332290452,F,1979-08-16,mariana.moreira522@yahoo.com.br,61975692411,Brasília,DF,75303622,True
PES-00674,Hélio Pereira,06874963309,M,1971-06-17,helio.pereira284@yahoo.com.br,19961448579,Campinas,SP,13646885,True
PES-00675,Mateus Lima Machado,45805433192,M,1992-02-23,mateus_mac663@bol.com.br,19989731896,Campinas,SP,16762997,True
PES-00676,Vitória Ferreira Cardoso,63517857238,F,1975-06-27,vitoriacardoso88@gmail.com,11967937449,Guarulhos,SP,01366919,False
PES-00677,Luíza Magalhães,95007484792,F,1971-10-15,luizamagalhaes828@bol.com.br,11972222964,São Paulo,SP,08683313,True
PES-00678,Sônia Rocha Andrade,30369094000,F,1987-02-07,sonia_and51@uol.com.br,48989526076,Florianópolis,SC,82642517,True
PES-00679,Hélio Carvalho,17067778174,M,1978-05-27,helio.carvalho812@outlook.com,19981715611,Campinas,SP,16176777,True
PES-00680,Renata Brandão Freitas,02564854290,F,2002-05-16,renata.freitas440@uol.com.br,21975461128,Rio de Janeiro,RJ,21700484,True
PES-00681,Patrícia Mendes Alves,72880322480,F,1982-09-29,patricia_alv146@bol.com.br,62982805953,Goiânia,GO,71662230,False
PES-00682,Hélio Gomes,61028592000,M,1988-12-22,helio_gom612@outlook.com,11997583165,São Paulo,SP,06714062,True
PES-00683,César Martins Magalhães Ferreira,73946133487,M,1995-02-26,cesar.ferreira937@uol.com.br,21968599210,Rio de Janeiro,RJ,25679992,False
PES-00684,Ana Conceição Costa,71405972513,F,1962-04-28,ana_cos271@bol.com.br,11977943307,São Paulo,SP,03472462,False
PES-00685,Cecília Machado Machado,67392757180,F,1957-03-25,cecilia.machado772@outlook.com,11982809112,São Paulo,SP,08783479,False
PES-00686,Luíza Ferreira,92799429050,F,1989-03-11,luiza.ferreira823@gmail.com,19991979529,Campinas,SP,12194373,True
PES-00687,Cecília Ribeiro Alves,21281127299,F,1996-12-12,cecilia.alves228@uol.com.br,48985122762,Florianópolis,SC,88170863,True
PES-00688,Fábio Nunes Machado,17346390830,M,1969-08-27,fabio_mac694@bol.com.br,51997453562,Porto Alegre,RS,92582092,True
PES-00689,Rodrigo Pereira,16946837703,M,1983-09-19,rodrigo_per851@bol.com.br,61969146950,Brasília,DF,79182389,True
PES-00690,Simone Rodrigues Cardoso,43688887310,F,1977-07-10,simone_car479@uol.com.br,41977837504,Curitiba,PR,87775604,False
PES-00691,Mateus Carvalho Rocha Martins,99816437856,M,1996-07-18,mateusmartins558@outlook.com,11992414040,São Paulo,SP,05555180,False
PES-00692,Raquel Mendes,33182569783,F,1970-04-18,raquelmendes936@bol.com.br,19998623686,Campinas,SP,14196799,True
PES-00693,Fernanda Silva Andrade,51080050752,F,1988-01-14,fernanda_and741@gmail.com,11969506197,São Paulo,SP,07223193,False
PES-00694,Marcelo Rodrigues,69731198750,M,1996-04-24,marcelo.rodrigues518@gmail.com,11982395125,São Paulo,SP,04071636,True
PES-00695,Leonardo Araújo,02836238100,M,1986-05-21,leonardoaraujo269@uol.com.br,62986807010,Goiânia,GO,72453629,True
PES-00696,Gabriela Moreira,08729688558,F,1984-04-03,gabriela_mor799@uol.com.br,11960934291,São Paulo,SP,05030823,False
PES-00697,Paulo Ribeiro Rodrigues,32953079203,M,2003-05-26,paulo.rodrigues387@outlook.com,21973426089,Rio de Janeiro,RJ,27895384,False
PES-00698,Bruno Martins Lima Machado,88013099709,M,1991-03-20,bruno.machado956@yahoo.com.br,21981531222,Rio de Janeiro,RJ,26517654,False
PES-00699,Hélio Assunção,81754584101,M,1995-04-30,helio.assuncao345@bol.com.br,11976443795,Santo André,SP,03002469,True
PES-00700,Natália Brandão Marques,50291334881,F,1987-12-30,nataliamarques963@bol.com.br,32985917097,Juiz de Fora,MG,35061614,False
PES-00701,Márcio Melo Ribeiro Silva,44711642447,M,1981-06-18,marciosilva360@uol.com.br,81990075077,Recife,PE,52581823,True
PES-00702,Fernanda Santos,55843119602,F,1991-12-10,fernanda_san546@uol.com.br,11962292764,São Paulo,SP,04115597,False
PES-00703,Mateus Ribeiro Barbosa Rodrigues,50057385254,M,1947-10-03,mateus_rod955@hotmail.com,21974396726,Niterói,RJ,23293920,True
PES-00704,Gabriela Andrade Machado,97312408966,F,2000-09-03,gabriela.machado670@hotmail.com,11961505790,Guarulhos,SP,05427548,True
PES-00705,Mateus Moreira,22049826605,M,1993-06-16,mateus_mor268@yahoo.com.br,41974517397,Curitiba,PR,83456179,False
PES-00706,Henrique Santos,18191134349,M,1971-04-17,henriquesantos857@gmail.com,31977431679,Belo Horizonte,MG,35564071,False
PES-00707,Débora Nunes,11943848467,F,1967-04-05,debora_nun511@uol.com.br,21992411627,Rio de Janeiro,RJ,23296349,False
PES-00708,Beatriz Lima Cardoso Machado,49798362160,F,1985-01-06,beatrizmachado677@yahoo.com.br,51979459046,Porto Alegre,RS,96735502,True
PES-00709,Fábio Oliveira,67656679111,M,1978-11-13,fabio_oli35@yahoo.com.br,11979701014,São Paulo,SP,01051862,False
PES-00710,Natália Ferreira Brandão,50914004271,F,1978-06-15,nataliabrandao487@yahoo.com.br,32985267216,Juiz de Fora,MG,38892378,False
PES-00711,Mariana Dias Peixoto,02373296039,F,1984-11-04,marianapeixoto375@hotmail.com,21994224398,Niterói,RJ,21269542,True
PES-00712,Fernando Martins,42289303879,M,1976-10-26,fernandomartins625@hotmail.com,62961105183,Goiânia,GO,77776034,True
PES-00713,Aline Andrade Rodrigues,02526353610,F,1986-12-10,aline.rodrigues201@hotmail.com,11994717845,Guarulhos,SP,07772443,True
PES-00714,Hélio Melo Araújo,97521414551,M,1995-03-07,helioaraujo6@yahoo.com.br,11969304338,Guarulhos,SP,08019264,True
PES-00715,Mariana Guimarães Nascimento,95305556872,F,1987-03-05,mariananascimento395@yahoo.com.br,41964227933,Curitiba,PR,88071867,True
PES-00716,Thiago Machado Guimarães,24504453746,M,1988-10-27,thiagoguimaraes972@gmail.com,21960949869,Rio de Janeiro,RJ,27618086,True
PES-00717,Joana Freitas Magalhães,25784598198,F,1986-10-14,joanamagalhaes126@uol.com.br,21961492108,Rio de Janeiro,RJ,29053581,True
PES-00718,José Costa Peixoto Brandão,35204616411,M,1965-02-27,josebrandao238@uol.com.br,11976552798,São Paulo,SP,06249542,True
PES-00719,Márcia Ribeiro Barbosa,06316261900,F,1999-08-04,marcia_bar120@outlook.com,21979806980,Niterói,RJ,26642509,True
PES-00720,Cláudia Assunção,75575979156,F,1975-02-22,claudia_ass649@hotmail.com,11993828763,São Paulo,SP,05916717,True
PES-00721,Débora Lima Machado,37110750612,F,1996-08-01,debora_mac156@yahoo.com.br,11968229280,São Paulo,SP,02547835,True
PES-00722,Beatriz Gomes Souza,55067782447,F,1997-08-30,beatriz.souza762@bol.com.br,61962838897,Brasília,DF,73751192,False
PES-00723,Caio Santos Guimarães Nunes,77140435391,M,1962-03-20,caio.nunes94@gmail.com,11978825695,São Paulo,SP,06002083,False
PES-00724,Fernanda Mendes,38111796404,F,1979-10-23,fernandamendes62@hotmail.com,71996616549,Salvador,BA,44556116,False
PES-00725,César Rocha Brandão Conceição,56789316280,M,1978-02-12,cesar_con654@gmail.com,62998827486,Goiânia,GO,74654864,False
PES-00726,Fábio Mendes Ribeiro Pereira,76845709270,M,1978-04-29,fabio.pereira345@outlook.com,21960713391,Rio de Janeiro,RJ,22046065,False
PES-00727,Raquel Barbosa Ribeiro,83724948352,F,1933-12-31,raquelribeiro786@yahoo.com.br,48982504853,Florianópolis,SC,85284781,False
PES-00728,Júlia Rodrigues,14932459459,F,1974-09-06,julia_rod803@gmail.com,41992768931,Curitiba,PR,87174776,True
PES-00729,Tânia Andrade Ferreira,48862237880,F,2005-08-24,tania_fer121@yahoo.com.br,11995004689,São Paulo,SP,05113079,True
PES-00730,Sônia Melo,76676818647,F,1969-05-20,sonia_mel844@bol.com.br,41966702746,Curitiba,PR,87552547,True
PES-00731,Luís Oliveira Andrade,63579339290,M,1981-03-22,luis_and938@hotmail.com,11999765325,São Paulo,SP,04502939,True
PES-00732,Thiago Magalhães,36159778820,M,1994-12-03,thiago_mag624@yahoo.com.br,11967141492,São Paulo,SP,01604470,True
PES-00733,José Conceição,15213405363,M,1977-10-13,joseconceicao89@gmail.com,32983913169,Juiz de Fora,MG,34894181,True
PES-00734,Larissa Oliveira Mendes Alves,12500482308,F,1963-07-17,larissaalves540@bol.com.br,11962544342,São Paulo,SP,08313063,False
PES-00735,Vitória Freitas Pereira Silva,93576773134,F,1993-12-30,vitoria_sil197@outlook.com,11971838453,São Paulo,SP,09887841,True
PES-00736,Bruno Oliveira Gomes,55674218420,M,1993-07-06,bruno.gomes145@bol.com.br,41995375648,Curitiba,PR,86758934,False
PES-00737,Fernanda Ribeiro,57439672887,F,1985-09-06,fernandaribeiro806@yahoo.com.br,21995568736,Rio de Janeiro,RJ,22781621,True
PES-00738,Renata Oliveira Martins Ribeiro,02960596170,F,1988-01-23,renataribeiro260@gmail.com,19998911303,Campinas,SP,16601426,True
PES-00739,Lúcia Peixoto Ferreira,22480245330,F,1981-12-31,lucia_fer963@uol.com.br,19986019856,Campinas,SP,13841608,True
PES-00740,Thiago Machado Magalhães,66692288800,M,1979-11-03,thiago.magalhaes632@hotmail.com,11989292771,São Paulo,SP,06416145,True
PES-00741,Marcelo Araújo Melo Carvalho,88115684635,M,1975-12-07,marcelocarvalho769@uol.com.br,11989189275,São Paulo,SP,09619090,True
PES-00742,Fábio Peixoto Brandão,69856017076,M,1986-09-24,fabiobrandao127@bol.com.br,21994752730,Rio de Janeiro,RJ,22976327,False
PES-00743,Beatriz Araújo Nunes,98913155338,F,1984-07-19,beatriz.nunes787@bol.com.br,31964198538,Belo Horizonte,MG,36539572,True
PES-00744,Luíza Conceição,74054138624,F,1992-01-20,luizaconceicao556@gmail.com,81987017983,Recife,PE,55633305,True
PES-00745,Daniel Freitas Melo Mendes,74876294658,M,1966-02-17,daniel.mendes362@hotmail.com,11982916380,São Paulo,SP,04896523,True
PES-00746,Antônio Rocha Silva,07707046463,M,1994-10-17,antonio_sil593@yahoo.com.br,41985573911,Curitiba,PR,86549211,False
PES-00747,Lucas Gomes,50997323132,M,1996-11-20,lucasgomes423@outlook.com,32976463868,Juiz de Fora,MG,37075460,True
PES-00748,Natália Assunção,67652778468,F,1978-10-29,natalia.assuncao478@uol.com.br,19998893788,Campinas,SP,13753670,True
PES-00749,Beatriz Rocha Rocha,56815221644,F,1976-02-17,beatriz_roc871@outlook.com,21983981669,Rio de Janeiro,RJ,23751798,True
PES-00750,Joana Guimarães Machado,86475222496,F,1996-10-20,joana.machado669@bol.com.br,51995903692,Porto Alegre,RS,93645469,True
PES-00751,Larissa Dias Freitas,89439235543,F,1992-12-11,larissa_fre727@uol.com.br,11975951932,São Paulo,SP,06436656,False
PES-00752,Helena Ribeiro Souza,15116612325,F,1995-05-02,helena.souza674@bol.com.br,11998653714,Santo André,SP,04115765,True
PES-00753,Tânia Peixoto Martins Ribeiro,28715437809,F,1976-08-13,tania_rib976@hotmail.com,61983195885,Brasília,DF,71312456,False
PES-00754,Cláudia Assunção Barbosa Brandão,24830008008,F,1982-07-30,claudia_bra137@bol.com.br,11960731598,Santo André,SP,05305364,False
PES-00755,Beatriz Dias Alves,07884221462,F,1987-12-20,beatriz_alv819@outlook.com,32974565511,Juiz de Fora,MG,31916227,False
PES-00756,Hélio Lima Assunção,48929832849,M,1957-09-05,helio_ass658@hotmail.com,61989482888,Brasília,DF,78114481,True
PES-00757,Leonardo Araújo Nunes Gomes,83571265610,M,1977-01-16,leonardogomes348@gmail.com,62991196989,Goiânia,GO,79065959,True
PES-00758,Leonardo Ferreira Pereira,92364863473,M,1998-04-21,leonardopereira736@bol.com.br,11995095662,São Paulo,SP,03320930,True
PES-00759,Cláudia Marques,92941046720,F,1958-10-23,claudia.marques133@yahoo.com.br,32997699514,Juiz de Fora,MG,34113732,True
PES-00760,Natália Oliveira Gomes,40823171043,F,1971-03-16,nataliagomes59@hotmail.com,11980616492,São Paulo,SP,01915178,True
PES-00761,Vitória Marques Nascimento,93620909610,F,1975-11-15,vitoria_nas988@hotmail.com,31995058120,Belo Horizonte,MG,32237931,True
PES-00762,César Barbosa Freitas,27279621341,M,1956-12-21,cesar_fre739@gmail.com,31991435406,Belo Horizonte,MG,38926360,False
PES-00763,Patrícia Marques Dias,78316128586,F,1973-09-30,patriciadias72@hotmail.com,11968221872,São Paulo,SP,02985631,False
PES-00764,Luís Rocha Moreira,15406606565,M,1993-03-22,luismoreira544@gmail.com,11998274432,São Paulo,SP,04294272,False
PES-00765,Paulo Marques Peixoto,35896792638,M,1983-02-16,paulo_pei45@bol.com.br,11971609623,São Paulo,SP,09484545,True
PES-00766,Natália Nunes Alves,25501211718,F,1986-02-27,nataliaalves485@outlook.com,21964351369,Rio de Janeiro,RJ,24738753,False
PES-00767,Fábio Souza,69233446034,M,1965-06-13,fabio.souza452@bol.com.br,19986936805,Campinas,SP,13542496,True
PES-00768,Camila Lima Santos,04236607808,F,1974-07-21,camila_san852@outlook.com,61977757793,Brasília,DF,73005857,False
PES-00769,Bruno Santos Costa,54477256744,M,1968-12-18,bruno.costa106@outlook.com,11971866924,São Paulo,SP,09547236,True
PES-00770,Renata Silva,61479027502,F,1977-10-22,renatasilva243@uol.com.br,32982941514,Juiz de Fora,MG,35219043,False
PES-00771,Paulo Magalhães Costa,48796185945,M,1972-01-27,paulo.costa264@outlook.com,51996757992,Porto Alegre,RS,95253256,True
PES-00772,Márcio Pereira Melo,39223712807,M,1988-08-07,marcio_mel325@gmail.com,48966988674,Florianópolis,SC,84205996,False
PES-00773,Sônia Magalhães Rocha,12155068212,F,1996-12-11,sonia_roc679@bol.com.br,11984788291,Santo André,SP,07972026,True
PES-00774,Marcelo Brandão Moreira,72075704490,M,1989-09-23,marcelomoreira246@bol.com.br,31985951316,Belo Horizonte,MG,36675910,True
PES-00775,José Santos Gomes,45103860520,M,1990-04-21,jose_gom95@gmail.com,51982772144,Porto Alegre,RS,96048191,False
PES-00776,Márcia Rodrigues Rodrigues,80890685452,F,1991-04-23,marcia_rod526@yahoo.com.br,11987826165,São Paulo,SP,02515604,True
PES-00777,Rafael Andrade Mendes,87917146995,M,1995-04-22,rafaelmendes101@gmail.com,11989224681,São Paulo,SP,04331044,True
PES-00778,Larissa Guimarães Rocha Costa,26903292802,F,1997-11-29,larissa_cos722@outlook.com,11963794132,São Paulo,SP,02061362,True
PES-00779,Wagner Freitas Marques,41230289267,M,1985-08-19,wagner_mar680@gmail.com,21965137715,Rio de Janeiro,RJ,22450158,False
PES-00780,Camila Guimarães Alves Dias,14753200604,F,1969-08-04,camila_dia205@gmail.com,11982305690,São Paulo,SP,02307341,True
PES-00781,José Martins,02051759707,M,1983-11-27,jose_mar169@bol.com.br,21992042856,Niterói,RJ,22525253,True
PES-00782,Ana Dias,39300348248,F,1997-04-25,ana_dia896@hotmail.com,11979099943,Guarulhos,SP,07806808,True
PES-00783,Tânia Conceição,14559770808,F,1943-09-16,taniaconceicao98@hotmail.com,61988191260,Brasília,DF,72564308,False
PES-00784,Raquel Silva Martins,38307248450,F,1981-03-27,raquelmartins33@gmail.com,81992467486,Recife,PE,55003038,True
PES-00785,Fernando Araújo Dias,95231831174,M,1994-08-21,fernando_dia555@gmail.com,61999293662,Brasília,DF,75442864,False
PES-00786,Fernanda Santos Moreira Moreira,94622075180,F,1990-07-27,fernanda_mor132@hotmail.com,61972683142,Brasília,DF,77714485,True
PES-00787,Luís Moreira Magalhães,30170350770,M,1991-05-06,luis.magalhaes467@outlook.com,32986585036,Juiz de Fora,MG,36141465,False
PES-00788,Antônio Carvalho,96362055586,M,1971-09-30,antoniocarvalho683@gmail.com,81978926564,Recife,PE,55950264,False
PES-00789,Márcio Ferreira Marques,26047354319,M,1974-12-19,marciomarques74@yahoo.com.br,11992132185,Guarulhos,SP,01506579,False
PES-00790,Camila Machado Ferreira,31152464477,F,1998-06-22,camila.ferreira18@hotmail.com,81991967265,Recife,PE,52634885,False
PES-00791,Patrícia Ferreira Pereira,43636771981,F,1959-06-10,patricia.pereira257@gmail.com,11978868827,São Paulo,SP,09026751,False
PES-00792,Leonardo Assunção,96263851627,M,1983-12-17,leonardoassuncao803@yahoo.com.br,11968518896,Guarulhos,SP,02954039,False
PES-00793,Cecília Andrade,99299900620,F,2004-08-05,cecilia_and746@uol.com.br,41964069055,Curitiba,PR,85163766,True
PES-00794,Vinícius Assunção,29444856798,M,1966-05-28,vinicius_ass165@uol.com.br,51969634001,Porto Alegre,RS,93791386,True
PES-00795,Rafael Freitas Ribeiro,47174539211,M,1971-08-26,rafael_rib430@uol.com.br,21975461973,Niterói,RJ,24484275,True
PES-00796,Cecília Melo Mendes,83737640467,F,1987-01-02,cecilia_men427@hotmail.com,41987534081,Curitiba,PR,88918173,False
PES-00797,Sérgio Assunção Marques,22004545380,M,1983-06-24,sergio_mar820@gmail.com,11975751195,Guarulhos,SP,09727155,False
PES-00798,Mateus Pereira Ribeiro Alves,08721752192,M,1999-12-01,mateus_alv292@uol.com.br,11995561807,São Paulo,SP,09189199,True
PES-00799,Leonardo Costa,40788226142,M,2001-01-08,leonardo.costa857@outlook.com,11976784751,Santo André,SP,02308056,True
PES-00800,Sérgio Peixoto Santos,38510112606,M,1933-12-31,sergiosantos965@yahoo.com.br,51980721946,Porto Alegre,RS,98589352,True
PES-00801,Júlia Dias Nascimento,15427237364,F,1990-06-27,julianascimento768@hotmail.com,48973443043,Florianópolis,SC,81139132,True
PES-00802,Fernando Silva Ribeiro,07081444628,M,1988-06-28,fernando.ribeiro756@outlook.com,11967545046,São Paulo,SP,02502445,True
PES-00803,Cecília Gomes Gomes,94602994237,F,1980-03-30,ceciliagomes346@uol.com.br,11968297006,São Paulo,SP,03224110,False
PES-00804,André Nascimento Martins,70204586453,M,1972-07-22,andre.martins377@outlook.com,61964157437,Brasília,DF,77379863,True
PES-00805,Tânia Melo Santos,00759670064,F,1974-06-23,taniasantos40@yahoo.com.br,11992383885,São Paulo,SP,09117500,True
PES-00806,Fernando Brandão,46500548507,M,1985-03-13,fernando_bra569@gmail.com,71977574091,Salvador,BA,43779215,True
PES-00807,Lucas Freitas,73266777190,M,1977-04-23,lucas.freitas845@hotmail.com,16983257269,Ribeirão Preto,SP,11741307,False
PES-00808,Wagner Andrade Melo,78623504488,M,1976-06-23,wagnermelo89@outlook.com,11961311470,Santo André,SP,06436091,False
PES-00809,Ana Nunes Gomes,41824656440,F,1985-04-07,ana.gomes437@yahoo.com.br,21967433518,Rio de Janeiro,RJ,29415773,True
PES-00810,Priscila Rodrigues Souza Peixoto,96512301854,F,1964-06-30,priscilapeixoto95@gmail.com,41966754981,Curitiba,PR,89494055,False
PES-00811,André Moreira Magalhães,48047739751,M,1992-01-04,andre_mag507@bol.com.br,11982302110,Guarulhos,SP,06271157,True
PES-00812,Júlia Freitas Assunção,87043685923,F,1973-07-31,julia_ass486@yahoo.com.br,11979319720,São Paulo,SP,02447177,False
PES-00813,Rodrigo Brandão Ferreira,65350422359,M,1980-03-24,rodrigo.ferreira289@gmail.com,11970197284,São Paulo,SP,08259371,True
PES-00814,Cláudia Silva Machado,01636403603,F,1985-08-10,claudia_mac576@yahoo.com.br,11981012060,São Paulo,SP,08727368,True
PES-00815,Beatriz Lima Oliveira Assunção,00153383399,F,1978-10-09,beatriz.assuncao728@yahoo.com.br,81966365400,Recife,PE,51832770,True
PES-00816,Gabriela Machado,35212145597,F,1988-05-14,gabriela.machado127@bol.com.br,61986556541,Brasília,DF,79915163,True
PES-00817,André Conceição,93441832361,M,1966-06-06,andre.conceicao324@outlook.com,21961021341,Rio de Janeiro,RJ,27595719,True
PES-00818,Sérgio Moreira,62226876952,M,1988-02-04,sergio.moreira599@gmail.com,11971563125,São Paulo,SP,06259839,False
PES-00819,Eduardo Cardoso Guimarães Freitas,93554970670,M,1988-03-07,eduardo.freitas219@gmail.com,11962863525,São Paulo,SP,07168398,True
PES-00820,Bruno Carvalho Andrade,59539874637,M,1981-09-04,bruno_and84@bol.com.br,11974431657,São Paulo,SP,07530376,True
PES-00821,Joana Assunção Pereira,17344077868,F,1971-11-25,joana_per740@outlook.com,21989032832,Rio de Janeiro,RJ,28089756,True
PES-00822,José Brandão Rodrigues,12155911440,M,1985-07-30,joserodrigues742@yahoo.com.br,21991693235,Rio de Janeiro,RJ,24103514,True
PES-00823,Gustavo Nunes,71983546704,M,1988-04-15,gustavo_nun539@yahoo.com.br,21964707372,Rio de Janeiro,RJ,23836581,True
PES-00824,Camila Lima Barbosa,18621679663,F,1987-11-16,camila.barbosa948@hotmail.com,81960715445,Recife,PE,57206916,True
PES-00825,Fábio Oliveira Rocha,49350296926,M,1979-10-22,fabiorocha284@uol.com.br,11981701348,São Paulo,SP,02985688,False
PES-00826,Priscila Alves Lima,59944235482,F,1979-03-29,priscilalima177@yahoo.com.br,21979297411,Rio de Janeiro,RJ,25392012,False
PES-00827,Mateus Pereira,49840786938,M,1990-04-18,mateus_per422@gmail.com,21967939186,Niterói,RJ,24825002,True
PES-00828,André Nascimento Nunes Mendes,04006853530,M,1996-08-28,andre.mendes82@outlook.com,31992684073,Belo Horizonte,MG,37923690,True
PES-00829,João Ferreira Marques,99695733735,M,1973-11-23,joao_mar181@outlook.com,61976261212,Brasília,DF,73615014,True
PES-00830,Sônia Assunção Carvalho,50760430829,F,1994-09-19,soniacarvalho787@hotmail.com,41968229009,Curitiba,PR,81521975,False
PES-00831,Raquel Nascimento,81420099353,F,1974-01-13,raquel.nascimento397@hotmail.com,32970499197,Juiz de Fora,MG,32645113,True
PES-00832,Ana Brandão Carvalho Santos,64364878162,F,1963-09-10,ana_san930@bol.com.br,11980727672,São Paulo,SP,08750129,True
PES-00833,José Barbosa Alves,35190940454,M,1999-09-18,jose.alves38@gmail.com,51998515603,Porto Alegre,RS,98458368,True
PES-00834,Helena Brandão Conceição,99247419190,F,1986-04-04,helena_con230@uol.com.br,51998756190,Porto Alegre,RS,98832523,True
PES-00835,Fábio Assunção Alves,46455853717,M,1972-06-28,fabio_alv623@uol.com.br,21960756137,Rio de Janeiro,RJ,28278020,False
PES-00836,Letícia Martins,46226721200,F,1979-04-09,leticia_mar575@hotmail.com,11999648083,São Paulo,SP,07072691,True
PES-00837,Cecília Andrade,87640389712,F,1998-12-06,cecilia_and648@outlook.com,11995355173,São Paulo,SP,06544436,False
PES-00838,Gustavo Andrade Santos,25601728100,M,1968-07-25,gustavosantos407@uol.com.br,61961989780,Brasília,DF,74932880,False
PES-00839,Rodrigo Araújo Ribeiro,07003917467,M,1997-07-16,rodrigo.ribeiro160@hotmail.com,11976408364,Guarulhos,SP,08565608,True
PES-00840,Paulo Assunção,42533334197,M,1971-10-02,pauloassuncao727@hotmail.com,48961984137,Florianópolis,SC,89194610,False
PES-00841,Débora Ferreira Nunes,97601879496,F,1970-09-18,debora.nunes752@yahoo.com.br,81991051080,Recife,PE,56583392,False
PES-00842,Tânia Peixoto Mendes Rodrigues,33004568357,F,1996-03-05,taniarodrigues655@outlook.com,51992696034,Porto Alegre,RS,99530732,False
PES-00843,Otávio Pereira,66296371276,M,1987-01-23,otaviopereira303@hotmail.com,41985175502,Curitiba,PR,88894635,False
PES-00844,Sérgio Santos Melo,07174825370,M,1983-04-06,sergio.melo754@hotmail.com,19989252496,Campinas,SP,18289030,True
PES-00845,Rafael Araújo Pereira,90950102792,M,1972-02-10,rafael_per242@gmail.com,62969539334,Goiânia,GO,71942689,True
PES-00846,Mariana Assunção,11105183742,F,1989-11-08,mariana.assuncao346@yahoo.com.br,21970081777,Niterói,RJ,25003266,True
PES-00847,Isabela Rocha Santos,71598002570,F,1993-03-26,isabelasantos956@bol.com.br,41965659105,Curitiba,PR,87163640,True
PES-00848,Marcelo Oliveira Rocha,89413005842,M,1984-09-30,marcelo.rocha901@bol.com.br,21980765556,Rio de Janeiro,RJ,22636368,False
PES-00849,Luíza Souza Oliveira Melo,57162584411,F,1947-02-14,luiza_mel585@bol.com.br,11988265933,São Paulo,SP,02587386,True
PES-00850,Débora Santos Dias,58117997053,F,1991-09-05,debora.dias313@yahoo.com.br,21990386079,Rio de Janeiro,RJ,27586386,True
PES-00851,Lúcia Nascimento,46015764740,F,1988-01-06,lucianascimento837@outlook.com,21970975696,Rio de Janeiro,RJ,22714206,False
PES-00852,José Magalhães Assunção,64064136101,M,1933-12-31,jose.assuncao64@yahoo.com.br,61973136032,Brasília,DF,74949355,True
PES-00853,Thiago Marques Souza,48088647460,M,1969-03-18,thiagosouza625@hotmail.com,11977676736,São Paulo,SP,03772306,False
PES-00854,Gabriela Cardoso Rocha,94556488222,F,1980-12-02,gabriela_roc447@gmail.com,21968462972,Rio de Janeiro,RJ,24463442,False
PES-00855,Simone Freitas Nunes,39462588910,F,1987-01-17,simonenunes168@hotmail.com,71987457596,Salvador,BA,48580289,True
PES-00856,Raquel Araújo Santos,78481840807,F,1978-09-24,raquelsantos339@outlook.com,11996863661,São Paulo,SP,03664139,True
PES-00857,Marcelo Conceição,06969309355,M,1993-09-02,marceloconceicao338@yahoo.com.br,48967703163,Florianópolis,SC,83113329,False
PES-00858,Larissa Mendes Lima,30916863611,F,1998-12-05,larissa_lim950@yahoo.com.br,62973102486,Goiânia,GO,79486589,False
PES-00859,Márcio Ribeiro Costa,83973726876,M,1990-07-14,marciocosta758@gmail.com,81989289551,Recife,PE,53655647,False
PES-00860,José Ferreira Nascimento,33654167659,M,1983-08-27,jose.nascimento263@bol.com.br,21975112624,Rio de Janeiro,RJ,24454863,True
PES-00861,Márcio Lima Lima,76982154238,M,1985-01-15,marcio.lima221@bol.com.br,11984851126,São Paulo,SP,01373431,False
PES-00862,Larissa Melo,70580995887,F,1992-10-01,larissa.melo555@uol.com.br,11989576032,São Paulo,SP,07011416,False
PES-00863,André Ferreira Andrade,26435642940,M,1986-11-04,andre.andrade1@bol.com.br,11978978381,Guarulhos,SP,01009296,True
PES-00864,Priscila Dias Peixoto,12644382300,F,1971-11-06,priscilapeixoto168@outlook.com,11969609528,São Paulo,SP,02624968,True
PES-00865,João Carvalho,90881686441,M,1973-02-20,joao.carvalho440@yahoo.com.br,21971735318,Rio de Janeiro,RJ,29830187,True
PES-00866,Daniel Conceição Gomes Nunes,72302833376,M,1963-07-31,danielnunes424@yahoo.com.br,11967712337,Santo André,SP,07873205,False
PES-00867,Márcia Martins Nunes,56227340103,F,1975-10-17,marcianunes618@hotmail.com,11968432620,Guarulhos,SP,08204950,False
PES-00868,Lúcia Barbosa Peixoto,92113415747,F,1988-02-23,lucia.peixoto1@outlook.com,21996911622,Niterói,RJ,22136428,False
PES-00869,César Gomes Ferreira,09988619600,M,1988-07-07,cesar.ferreira501@yahoo.com.br,11987229946,São Paulo,SP,03459469,False
PES-00870,Júlia Nunes,52006628186,F,2000-03-10,julianunes940@gmail.com,19995328661,Campinas,SP,16096232,False
PES-00871,Caio Araújo Peixoto,48339769359,M,1991-01-20,caio_pei416@bol.com.br,11971583764,São Paulo,SP,09747846,False
PES-00872,José Santos Alves,92865761029,M,1985-08-12,josealves119@gmail.com,11990136164,São Paulo,SP,09856806,False
PES-00873,Eduardo Rodrigues Peixoto,69854532607,M,1978-08-20,eduardo_pei852@uol.com.br,71971216950,Salvador,BA,48281077,False
PES-00874,Gustavo Andrade,26170329068,M,1987-07-02,gustavoandrade829@bol.com.br,51978292467,Porto Alegre,RS,94175876,True
PES-00875,Leonardo Nunes,67981964970,M,1978-06-22,leonardo.nunes486@bol.com.br,41972977584,Curitiba,PR,88003974,True
PES-00876,Vinícius Magalhães,37063671146,M,1992-12-26,viniciusmagalhaes644@yahoo.com.br,19962497285,Campinas,SP,11538915,True
PES-00877,Rodrigo Gomes,54644091146,M,1967-11-28,rodrigo.gomes501@hotmail.com,41960241332,Curitiba,PR,81955898,False
PES-00878,Luíza Conceição Machado,74742763130,F,1990-02-23,luizamachado76@outlook.com,11966173793,São Paulo,SP,08087038,False
PES-00879,Otávio Gomes Nascimento,66606705053,M,1992-09-13,otavio_nas836@yahoo.com.br,81983503043,Recife,PE,51496751,True
PES-00880,Débora Araújo Freitas Marques,97558786533,F,1982-10-15,debora_mar528@bol.com.br,11994602500,São Paulo,SP,04788507,False
PES-00881,Luíza Magalhães Ferreira,78094953993,F,1973-07-27,luiza_fer295@bol.com.br,31979516819,Belo Horizonte,MG,32059673,True
PES-00882,Caio Barbosa,67000902884,M,1943-04-19,caio.barbosa977@uol.com.br,41984587094,Curitiba,PR,82997477,True
PES-00883,Patrícia Peixoto,48095097292,F,1988-12-02,patriciapeixoto771@hotmail.com,11981296153,São Paulo,SP,02109731,True
PES-00884,Camila Mendes,35862241680,F,1996-02-20,camila_men949@outlook.com,31960091237,Belo Horizonte,MG,39641640,True
PES-00885,Fernando Souza Andrade,64078497217,M,1976-02-13,fernando_and418@bol.com.br,31980835190,Belo Horizonte,MG,31517932,True
PES-00886,Priscila Brandão Pereira,34608628402,F,1989-11-10,priscilapereira753@outlook.com,11966622397,São Paulo,SP,07074386,True
PES-00887,Aline Andrade,15924288510,F,1996-11-24,aline.andrade858@bol.com.br,62982392765,Goiânia,GO,78249086,False
PES-00888,Luíza Lima Martins,30687124832,F,1970-07-08,luiza.martins267@bol.com.br,21993807818,Rio de Janeiro,RJ,27360910,False
PES-00889,Júlia Carvalho Ribeiro Oliveira,08393270219,F,1994-06-22,juliaoliveira760@bol.com.br,51994126277,Porto Alegre,RS,93720070,False
PES-00890,José Conceição Peixoto Rocha,55119145507,M,1972-04-07,jose.rocha277@outlook.com,41990085265,Curitiba,PR,84705635,False
PES-00891,Cláudia Souza Alves,98029276605,F,1985-02-18,claudia.alves79@bol.com.br,11976617867,São Paulo,SP,05736446,True
PES-00892,Beatriz Marques Pereira,84001919192,F,2000-05-22,beatriz.pereira433@hotmail.com,11965705839,São Paulo,SP,03286575,False
PES-00893,Leonardo Nunes Araújo,72686316500,M,1993-11-18,leonardo_ara20@hotmail.com,11971689328,São Paulo,SP,03800465,False
PES-00894,Henrique Araújo,00110271009,M,1984-02-16,henriquearaujo725@bol.com.br,11978851714,Santo André,SP,01204808,False
PES-00895,Luíza Nascimento Silva Ferreira,06419971594,F,1998-12-04,luizaferreira37@uol.com.br,11987278368,Guarulhos,SP,02521491,True
PES-00896,Sônia Lima,35991209278,F,1995-01-11,sonia.lima338@gmail.com,21996543617,Rio de Janeiro,RJ,28145531,True
PES-00897,Larissa Conceição Conceição,01008160458,F,1990-11-16,larissa_con371@hotmail.com,62977561933,Goiânia,GO,78229647,True
PES-00898,Antônio Guimarães Dias Conceição,78485670019,M,1961-12-21,antonioconceicao266@outlook.com,31999278983,Belo Horizonte,MG,36136426,True
PES-00899,Lucas Ribeiro Andrade,56699469010,M,1972-11-18,lucas.andrade417@gmail.com,11966609765,São Paulo,SP,07389894,True
PES-00900,Lucas Guimarães,89402592113,M,1996-12-07,lucasguimaraes128@gmail.com,61991394298,Brasília,DF,71993771,True
PES-00901,Sérgio Conceição Araújo,59575226780,M,1983-12-18,sergioaraujo93@yahoo.com.br,11993847560,São Paulo,SP,01047282,True
PES-00902,Bruno Freitas Oliveira,67525372241,M,1987-11-05,bruno_oli927@uol.com.br,21963195936,Rio de Janeiro,RJ,27136510,False
PES-00903,Cláudia Gomes,58236155668,F,1960-08-19,claudia.gomes177@hotmail.com,19962558531,Campinas,SP,13723410,False
PES-00904,Luíza Machado Machado,79310404574,F,1999-08-21,luizamachado367@uol.com.br,11974648909,São Paulo,SP,09921819,True
PES-00905,Lúcia Rocha,10978812883,F,1952-12-15,lucia.rocha208@uol.com.br,21974609986,Rio de Janeiro,RJ,25054632,True
PES-00906,Otávio Conceição Ribeiro,17214376300,M,1999-10-27,otavio_rib440@uol.com.br,32976597831,Juiz de Fora,MG,38032139,True
PES-00907,Luíza Ribeiro Cardoso,39481864138,F,1957-10-20,luiza.cardoso895@outlook.com,41973915031,Curitiba,PR,88106267,True
PES-00908,Sérgio Assunção,27423934208,M,2005-09-24,sergioassuncao517@gmail.com,21975449440,Niterói,RJ,26548216,True
PES-00909,Paulo Mendes Brandão,51795434015,M,1989-07-12,paulo.brandao380@bol.com.br,31994937396,Belo Horizonte,MG,37913699,False
PES-00910,Raquel Lima Martins,74516228009,F,1992-09-15,raquelmartins731@uol.com.br,16968187869,Ribeirão Preto,SP,12676709,True
PES-00911,Antônio Brandão,12975950683,M,2000-12-04,antonio_bra976@bol.com.br,11969534244,São Paulo,SP,07775768,True
PES-00912,Marcelo Lima Martins,23384244095,M,1957-08-10,marcelo.martins158@outlook.com,21968887834,Rio de Janeiro,RJ,28052962,True
PES-00913,Wagner Machado Andrade,51932322213,M,1973-08-14,wagner.andrade191@outlook.com,41981278123,Curitiba,PR,82634667,False
PES-00914,Raquel Marques Souza Dias,68208742945,F,2002-08-16,raquel_dia283@outlook.com,19980752030,Campinas,SP,11760400,True
PES-00915,Letícia Carvalho Oliveira Oliveira,72341748694,F,1988-05-01,leticia.oliveira195@gmail.com,61997369981,Brasília,DF,73171043,False
PES-00916,Márcio Dias Ribeiro,43332434918,M,1984-03-31,marcioribeiro12@bol.com.br,11969912381,Guarulhos,SP,01123823,False
PES-00917,João Souza Marques Oliveira,49245663655,M,1988-04-12,joaooliveira663@outlook.com,71980408506,Salvador,BA,43386771,True
PES-00918,Cecília Oliveira Souza,03367531014,F,1991-10-04,cecilia.souza249@uol.com.br,11973522951,São Paulo,SP,08451501,True
PES-00919,Cecília Mendes Gomes,62364221412,F,1977-03-30,cecilia.gomes225@hotmail.com,21985613452,Niterói,RJ,24791185,False
PES-00920,Rodrigo Nascimento Melo,88380140869,M,1987-12-28,rodrigo.melo612@bol.com.br,11961822950,São Paulo,SP,04020947,True
PES-00921,Cecília Martins Guimarães,79276923640,F,1993-08-03,ceciliaguimaraes93@hotmail.com,31962612297,Belo Horizonte,MG,37413869,False
PES-00922,Natália Rocha Cardoso,94926240106,F,1995-04-07,natalia_car961@gmail.com,11960968897,São Paulo,SP,04562036,False
PES-00923,Fernando Cardoso Peixoto,64072963232,M,1992-06-10,fernando.peixoto687@gmail.com,11969416071,Santo André,SP,01941094,True
PES-00924,Patrícia Rodrigues Brandão,09399814084,F,1959-07-09,patricia.brandao478@bol.com.br,11994932496,Santo André,SP,02011587,False
PES-00925,Bruno Cardoso Cardoso Freitas,74102687009,M,1981-08-01,brunofreitas366@hotmail.com,21990939546,Rio de Janeiro,RJ,25169599,False
PES-00926,Lúcia Nascimento,65864460150,F,1983-04-25,lucia_nas767@outlook.com,19962707120,Campinas,SP,16714327,False
PES-00927,Priscila Barbosa,58892365711,F,1978-04-18,priscila.barbosa97@bol.com.br,11984976555,São Paulo,SP,09978536,True
PES-00928,Débora Santos,94997822221,F,1973-08-05,deborasantos95@gmail.com,11970768392,Santo André,SP,09443918,False
PES-00929,Débora Gomes Mendes,97986039400,F,1979-09-13,debora_men299@yahoo.com.br,11991662026,São Paulo,SP,05863259,True
PES-00930,Leonardo Nascimento Souza,10885360265,M,1977-09-22,leonardo.souza441@uol.com.br,51965041842,Porto Alegre,RS,93096328,False
PES-00931,Patrícia Ferreira,96489039990,F,1992-12-29,patricia.ferreira2@yahoo.com.br,11980223183,São Paulo,SP,06404157,True
PES-00932,Fernando Alves Moreira,73523304105,M,1933-12-31,fernando_mor305@uol.com.br,11992097304,São Paulo,SP,01058505,True
PES-00933,Márcia Gomes Araújo,25296528808,F,1979-11-23,marcia_ara556@outlook.com,11982248348,São Paulo,SP,02332220,False
PES-00934,Paulo Oliveira Ferreira Lima,11603774564,M,1976-12-28,paulo.lima463@gmail.com,19993801660,Campinas,SP,18038642,True
PES-00935,Raquel Cardoso Assunção,66909411080,F,1970-12-09,raquel.assuncao457@yahoo.com.br,21977116512,Rio de Janeiro,RJ,29087118,False
PES-00936,Hélio Brandão Oliveira,53745143000,M,1997-06-11,helio.oliveira515@gmail.com,11991054100,São Paulo,SP,07366265,False
PES-00937,Beatriz Magalhães Ribeiro,27806969829,F,1983-12-27,beatriz_rib52@uol.com.br,11999684642,São Paulo,SP,01068462,False
PES-00938,Marcelo Melo Alves Freitas,93535164630,M,1998-05-25,marcelo.freitas149@uol.com.br,11989741675,São Paulo,SP,06137943,False
PES-00939,Patrícia Rodrigues,35287337132,F,1973-07-13,patriciarodrigues464@gmail.com,11968066704,Guarulhos,SP,06471505,True
PES-00940,Leonardo Ferreira Alves,32552672345,M,1981-06-28,leonardo_alv251@uol.com.br,19965779475,Campinas,SP,18853906,False
PES-00941,Sônia Brandão Rodrigues,62425242600,F,1992-01-05,sonia.rodrigues877@hotmail.com,31980081765,Belo Horizonte,MG,36798337,True
PES-00942,José Nascimento Freitas,04704728714,M,1972-11-22,jose_fre841@outlook.com,16987166271,Ribeirão Preto,SP,17283988,False
PES-00943,Ana Oliveira Brandão Martins,80646140400,F,1997-07-27,anamartins867@gmail.com,21965241443,Rio de Janeiro,RJ,23169083,False
PES-00944,João Pereira Alves,77079286280,M,1990-03-09,joao.alves605@yahoo.com.br,51969768775,Porto Alegre,RS,95296046,False
PES-00945,Sérgio Carvalho Nascimento,47937425210,M,1979-07-02,sergio.nascimento995@uol.com.br,11995755502,Santo André,SP,07453117,False
PES-00946,Mariana Alves Assunção,45773083558,F,1994-01-01,mariana_ass278@bol.com.br,51994227951,Porto Alegre,RS,92144723,True
PES-00947,Júlia Nascimento Silva,61310814848,F,1989-12-30,julia.silva686@outlook.com,51984361135,Porto Alegre,RS,99549882,True
PES-00948,Aline Brandão,65480358286,F,1988-07-03,aline_bra821@hotmail.com,11962612517,São Paulo,SP,03358046,False
PES-00949,Hélio Araújo,36098790841,M,1985-04-05,helioaraujo880@outlook.com,11983273566,São Paulo,SP,04939383,False
PES-00950,Beatriz Andrade Peixoto Carvalho,16277493493,F,1998-03-27,gabriela_alv496@gmail.com,48969741396,Florianópolis,SC,83804552,True
PES-00951,Antônio Araújo Guimarães,48119767705,M,1986-05-05,antonio.guimaraes845@bol.com.br,16968315994,Ribeirão Preto,SP,12372044,False
PES-00952,Luís Guimarães Carvalho,13087020435,M,1980-09-23,luis_car326@bol.com.br,11989495690,São Paulo,SP,06698479,True
PES-00953,Mateus Machado Nascimento,00705471730,M,1991-12-27,mateus.nascimento873@hotmail.com,71992324260,Salvador,BA,48257473,True
PES-00954,Lucas Moreira Ribeiro Costa,33906739031,M,1985-01-30,lucas_cos349@uol.com.br,71982103826,Salvador,BA,44864184,True
PES-00955,Mariana Barbosa Nascimento,30624189074,F,1981-01-19,mariana.nascimento814@bol.com.br,11972905028,São Paulo,SP,05511623,False
PES-00956,Lúcia Ribeiro Santos,42453890956,F,1998-11-22,lucia.santos605@bol.com.br,11973185979,São Paulo,SP,08151662,True
PES-00957,Raquel Oliveira Machado Santos,69147146656,F,1963-11-03,raquel.santos228@uol.com.br,51989787731,Porto Alegre,RS,99475759,True
PES-00958,Fernanda Assunção,98957850546,F,1970-03-03,fernanda_ass813@outlook.com,11977288407,São Paulo,SP,07525595,False
PES-00959,Helena Santos,35250934706,F,1986-08-02,helena.santos416@gmail.com,61977142759,Brasília,DF,72999171,False
PES-00960,Aline Freitas,13721546202,F,1980-12-31,aline.freitas788@uol.com.br,11981477339,São Paulo,SP,08147221,False
PES-00961,Marcelo Conceição,59928276412,M,1950-02-17,marceloconceicao368@hotmail.com,11960031708,São Paulo,SP,03663422,False
PES-00962,Luíza Silva Mendes,91620727900,F,1975-10-19,luizamendes924@outlook.com,48963005468,Florianópolis,SC,81657059,True
PES-00963,Caio Rodrigues Oliveira,89534457604,M,1934-05-19,caio.oliveira641@yahoo.com.br,11966246552,São Paulo,SP,04085963,True
PES-00964,Fernando Santos Silva,43090788187,M,1971-02-10,fernando_sil318@bol.com.br,71968503538,Salvador,BA,43151651,False
PES-00965,Gabriela Gomes Dias,59033987821,F,1988-03-26,gabrieladias986@outlook.com,11990949262,São Paulo,SP,05507586,False
PES-00966,André Peixoto Alves,95479676652,M,1973-12-16,andre.alves181@yahoo.com.br,32984141099,Juiz de Fora,MG,32403740,True
PES-00967,Débora Peixoto,18493767190,F,1991-11-17,debora.peixoto361@bol.com.br,21989381353,Rio de Janeiro,RJ,23784310,False
PES-00968,Antônio Mendes Cardoso,00518847047,M,1988-08-06,antonio.cardoso890@outlook.com,31962003277,Belo Horizonte,MG,38026122,False
PES-00969,Aline Oliveira Carvalho,06750683045,F,1990-10-27,aline.carvalho254@outlook.com,11973824661,São Paulo,SP,09869470,False
PES-00970,Raquel Lima Souza,38667660418,F,1983-04-05,raquel.souza198@gmail.com,32993375186,Juiz de Fora,MG,39073216,False
PES-00971,Marcelo Souza,96739055254,M,1974-04-07,marcelo_sou716@bol.com.br,11983592595,São Paulo,SP,06991241,True
PES-00972,Lúcia Barbosa Barbosa,69045933934,F,1985-11-21,lucia_bar212@outlook.com,62960359764,Goiânia,GO,73334270,True
PES-00973,Cláudia Oliveira,46092610221,F,1978-02-01,claudia.oliveira374@hotmail.com,16995662481,Ribeirão Preto,SP,18055243,True
PES-00974,Márcia Souza,42563366720,F,1949-07-30,marciasouza479@uol.com.br,31967776087,Belo Horizonte,MG,32402696,False
PES-00975,Daniel Mendes Souza,85210551105,M,1969-07-12,danielsouza775@gmail.com,16974289954,Ribeirão Preto,SP,13518390,True
PES-00976,André Santos Rodrigues,49960094111,M,1978-09-22,andrerodrigues252@hotmail.com,62969197036,Goiânia,GO,71647939,True
PES-00977,Gustavo Conceição Nunes,78784272163,M,1961-11-23,gustavo.nunes882@bol.com.br,11984044324,São Paulo,SP,04749887,False
PES-00978,João Rodrigues Guimarães,68686192432,M,1979-08-24,joao.guimaraes100@uol.com.br,11999783490,São Paulo,SP,06015927,True
PES-00979,Natália Andrade,93623352802,F,1980-07-22,natalia_and935@bol.com.br,31980918385,Belo Horizonte,MG,31181427,False
PES-00980,Patrícia Marques Barbosa,98753896335,F,1987-08-01,patricia_bar704@bol.com.br,11976315519,Guarulhos,SP,03608593,False
PES-00981,Renata Melo,89027155828,F,1969-04-25,renatamelo131@outlook.com,16963876526,Ribeirão Preto,SP,13529626,True
PES-00982,Caio Alves,04135364403,M,1986-06-06,caioalves894@hotmail.com,71994504799,Salvador,BA,42431948,True
PES-00983,Fernanda Nascimento Araújo,16624416815,F,1960-11-09,fernanda.araujo233@outlook.com,16987312779,Ribeirão Preto,SP,17548588,True
PES-00984,Caio Ribeiro Marques,07183742660,M,1984-03-16,caio.marques944@yahoo.com.br,11965277257,Guarulhos,SP,02682530,False
PES-00985,César Pereira Souza Ribeiro,67447652725,M,1946-08-12,cesar_rib242@outlook.com,41981677345,Curitiba,PR,87748870,True
PES-00986,Mariana Melo,41174709227,F,1981-03-31,mariana.melo788@uol.com.br,19968817194,Campinas,SP,12557229,False
PES-00987,Fernanda Gomes Ferreira,18231079823,F,1995-05-15,fernanda_fer70@gmail.com,11964576142,São Paulo,SP,01699441,True
PES-00988,Thiago Barbosa Oliveira,54815325308,M,1993-02-22,thiagooliveira896@gmail.com,41988394744,Curitiba,PR,83780822,False
PES-00989,Sérgio Nunes,37054128842,M,1986-07-29,sergio_nun15@gmail.com,19985034173,Campinas,SP,15596186,True
PES-00990,Cláudia Alves Carvalho,32175841120,F,1953-01-17,claudia_car380@uol.com.br,81962735384,Recife,PE,54383558,True
PES-00991,Eduardo Freitas,89989120820,M,1980-10-02,eduardofreitas239@gmail.com,32986929097,Juiz de Fora,MG,39461603,False
PES-00992,Mateus Nunes,52724664701,M,1968-12-27,mateus_nun101@gmail.com,19977843238,Campinas,SP,16636330,True
PES-00993,Leonardo Conceição Cardoso,31086825632,M,1990-12-31,leonardo.cardoso927@outlook.com,21973644646,Niterói,RJ,27065850,True
PES-00994,Raquel Carvalho Araújo Pereira,65719699040,F,1989-06-16,raquel.pereira202@outlook.com,32988048965,Juiz de Fora,MG,33317543,True
PES-00995,Daniel Souza,77156830430,M,1973-07-05,daniel.souza931@bol.com.br,21980165657,Rio de Janeiro,RJ,29401091,False
PES-00996,Fernanda Rodrigues Pereira Marques,41341360750,F,1988-03-13,fernandamarques840@bol.com.br,51960104838,Porto Alegre,RS,99421384,False
PES-00997,Mateus Assunção Costa,40233364080,M,1974-06-17,mateus.costa981@gmail.com,71969829934,Salvador,BA,48301131,True
PES-00998,Vitória Rodrigues Machado,30194559793,F,1995-10-23,vitoria.machado672@gmail.com,41975721009,Curitiba,PR,83730912,False
PES-00999,Simone Oliveira Peixoto,50056771517,F,1992-07-17,simone_pei735@gmail.com,71967872813,Salvador,BA,46118420,True
PES-01000,Vinícius Moreira,85681328805,M,1994-03-10,vinicius.moreira858@yahoo.com.br,81988442719,Recife,PE,57578939,True
PES-01001,Rodrigo Marques Peixoto,90673796973,M,1978-06-16,rodrigo.peixoto890@gmail.com,11979041227,São Paulo,SP,08648413,False
PES-01002,Joana Mendes Costa,17347682908,F,1984-03-01,joanacosta346@gmail.com,21967523135,Rio de Janeiro,RJ,27597830,False
PES-01003,Isabela Santos,88038670159,F,1964-08-20,isabela.santos484@outlook.com,16986729612,Ribeirão Preto,SP,11441516,True
PES-01004,Bruno Santos,36764282005,M,1992-02-19,bruno_san755@uol.com.br,11993057475,São Paulo,SP,03501220,True
PES-01005,Renata Machado Rodrigues Guimarães,68095896861,F,1994-11-16,renata.guimaraes232@hotmail.com,71987207884,Salvador,BA,45713427,False
PES-01006,Renata Mendes Souza,35564433335,F,1984-04-27,renata.souza769@hotmail.com,41998183753,Curitiba,PR,84463089,False
PES-01007,Márcia Moreira Alves Nunes,68059872885,F,1976-03-16,marcia_nun445@gmail.com,19971279707,Campinas,SP,15022629,False
PES-01008,Marcelo Moreira Souza,15779840725,M,1976-01-24,marcelo.souza608@gmail.com,16979018811,Ribeirão Preto,SP,19572477,False
PES-01009,Cecília Brandão Oliveira,31696014743,F,1973-10-13,cecilia.oliveira830@outlook.com,11978475301,São Paulo,SP,09479550,False
PES-01010,Simone Magalhães Rocha,54875334230,F,1974-09-08,simone.rocha208@yahoo.com.br,16994069391,Ribeirão Preto,SP,11576492,False
PES-01011,Lúcia Melo Lima,81170331190,F,1973-06-11,lucia.lima660@uol.com.br,21966032562,Rio de Janeiro,RJ,29038735,True
PES-01012,Simone Freitas Martins,64223455931,F,1957-12-11,simonemartins455@hotmail.com,11961368274,São Paulo,SP,06918841,True
PES-01013,Lúcia Costa Peixoto,37098953750,F,1982-01-23,lucia.peixoto624@hotmail.com,11980916364,São Paulo,SP,03694641,True
PES-01014,Raquel Mendes Araújo,42270612884,F,1993-12-01,raquel_ara50@yahoo.com.br,11967789816,São Paulo,SP,07840569,False
PES-01015,Sônia Souza Alves,07295140050,F,1968-08-02,sonia_alv735@gmail.com,41996945339,Curitiba,PR,87608685,True
PES-01016,Mateus Magalhães Carvalho,42419958292,M,1991-05-23,mateus.carvalho522@bol.com.br,11986124653,São Paulo,SP,01210327,True
PES-01017,Sérgio Cardoso,07057407734,M,1994-01-21,sergiocardoso232@outlook.com,21978916991,Niterói,RJ,28687344,False
PES-01018,João Gomes Carvalho,49935050190,M,1974-06-17,joao.carvalho438@bol.com.br,11969877796,Santo André,SP,02963597,True
PES-01019,Rodrigo Alves Alves,75888005932,M,1997-07-05,rodrigo.alves830@uol.com.br,51984678947,Porto Alegre,RS,95293833,True
PES-01020,Antônio Silva Brandão,32363669665,M,1964-10-04,antoniobrandao635@hotmail.com,31981924823,Belo Horizonte,MG,32798635,True
PES-01021,Isabela Moreira Melo,92610385579,F,1988-04-05,isabela_mel949@gmail.com,11979053283,São Paulo,SP,06048914,False
PES-01022,Patrícia Lima,43351900856,F,1977-07-25,patricia_lim419@outlook.com,21970687881,Rio de Janeiro,RJ,22196320,True
PES-01023,João Rodrigues Brandão Rodrigues,56339511821,M,1997-02-08,joao_rod798@gmail.com,11982503218,São Paulo,SP,05339185,False
PES-01024,Sônia Ribeiro Martins,78899518505,F,1985-05-05,soniamartins847@yahoo.com.br,48999635181,Florianópolis,SC,85173255,True
PES-01025,Helena Ferreira,84677947716,F,1997-09-09,helena_fer186@gmail.com,31998523309,Belo Horizonte,MG,31540121,False
PES-01026,Fernanda Rodrigues Pereira Silva,87393622998,F,1979-06-03,fernanda_sil474@hotmail.com,51964027895,Porto Alegre,RS,93852064,True
PES-01027,Beatriz Santos Cardoso,38116126466,F,1993-06-08,beatrizcardoso191@hotmail.com,71987064100,Salvador,BA,49413231,False
PES-01028,Ana Santos Marques,68022699969,F,1999-09-17,anamarques820@hotmail.com,71964471410,Salvador,BA,42813066,True
PES-01029,Raquel Rocha,82079710290,F,1972-01-29,raquel.rocha964@outlook.com,19999575802,Campinas,SP,17371029,True
PES-01030,André Nunes Mendes,09007719173,M,1961-05-18,andre_men504@yahoo.com.br,11960955527,Santo André,SP,01545438,False
PES-01031,Priscila Guimarães Alves,50695382179,F,1980-04-27,priscila.alves163@outlook.com,11989008419,São Paulo,SP,01186968,False
PES-01032,Aline Costa Nascimento Magalhães,55531049552,F,1989-10-16,aline.magalhaes22@uol.com.br,81989278635,Recife,PE,51451784,False
PES-01033,Vitória Dias,61321386095,F,1933-12-31,vitoriadias248@gmail.com,11996937861,São Paulo,SP,02768153,True
PES-01034,Priscila Gomes Ribeiro,45337256866,F,2003-09-05,priscilaribeiro817@yahoo.com.br,21971357654,Rio de Janeiro,RJ,29216193,True
PES-01035,Sônia Oliveira Assunção,92511424916,F,2004-12-17,sonia_ass947@outlook.com,62986962701,Goiânia,GO,73844522,False
PES-01036,Otávio Nascimento Magalhães,97796708157,M,1998-10-27,otavio.magalhaes488@yahoo.com.br,11988539896,São Paulo,SP,03280382,True
PES-01037,Júlia Marques,19685240108,F,1993-12-25,julia.marques866@gmail.com,21977366771,Rio de Janeiro,RJ,21509055,False
PES-01038,Daniel Melo Souza Martins,74949600583,M,1984-02-04,daniel.martins68@hotmail.com,11999556652,São Paulo,SP,08650085,False
PES-01039,Ana Carvalho Rodrigues,10907680879,F,1965-07-25,ana.rodrigues49@uol.com.br,11977422430,São Paulo,SP,02477001,True
PES-01040,Marcelo Gomes Costa Martins,43385116562,M,1962-04-26,marcelo.martins387@uol.com.br,11996381730,Santo André,SP,08424495,True
PES-01041,Antônio Silva Barbosa Moreira,82043207601,M,1945-09-11,antonio_mor117@hotmail.com,31962557809,Belo Horizonte,MG,33966636,True
PES-01042,Raquel Brandão Peixoto,09633955998,F,1972-01-06,raquel.peixoto173@outlook.com,11986382205,Guarulhos,SP,09856513,True
PES-01043,Sônia Carvalho Araújo Ferreira,87993575346,F,1976-07-05,sonia_fer679@uol.com.br,62970536429,Goiânia,GO,74333941,True
PES-01044,Camila Melo Nunes,14922960406,F,1981-12-06,camila.nunes343@hotmail.com,11989782764,São Paulo,SP,04428917,False
PES-01045,Marcelo Mendes Dias,03629092020,M,1980-02-27,marcelo.dias846@yahoo.com.br,62965992401,Goiânia,GO,78962508,False
PES-01046,José Alves Conceição,53132244929,M,1991-07-14,jose_con279@hotmail.com,71961676095,Salvador,BA,41466682,True
PES-01047,Leonardo Moreira,79873386300,M,1995-08-01,leonardo.moreira230@uol.com.br,16990622800,Ribeirão Preto,SP,14953165,False
PES-01048,Priscila Peixoto Carvalho Freitas,47749638105,F,1997-01-14,priscila.freitas146@hotmail.com,11978911157,São Paulo,SP,07369128,False
PES-01049,João Souza Peixoto,33521229033,M,1994-08-09,joaopeixoto413@gmail.com,41994523475,Curitiba,PR,82923447,False
PES-01050,Sérgio Brandão,36955999109,M,1990-04-02,sergio_bra468@uol.com.br,11978247020,São Paulo,SP,07126478,True
PES-01051,Gustavo Lima Conceição,59266394920,M,1969-02-05,gustavo_con106@yahoo.com.br,11977585271,São Paulo,SP,05477565,True
PES-01052,Marcelo Peixoto Marques,99845900976,M,1984-09-10,marcelo_mar754@yahoo.com.br,11990549976,São Paulo,SP,06024371,False
PES-01053,Raquel Santos,65107017401,F,1989-11-30,raquel.santos879@bol.com.br,51996594029,Porto Alegre,RS,98203424,True
PES-01054,Luís Alves Alves,57923328277,M,1993-08-25,luis.alves273@yahoo.com.br,41968074470,Curitiba,PR,86872079,True
PES-01055,José Gomes Melo Ribeiro,55986540085,M,1999-01-27,jose_rib446@gmail.com,61969394810,Brasília,DF,77746172,True
PES-01056,Joana Santos Guimarães,26308716227,F,1964-04-23,joana_gui87@uol.com.br,11979714886,São Paulo,SP,05166426,True
PES-01057,Paulo Machado,93241785556,M,1964-03-08,paulomachado200@uol.com.br,61987911131,Brasília,DF,76142773,False
PES-01058,Ana Carvalho Santos,35463752460,F,1973-11-29,ana_san544@yahoo.com.br,11994984033,São Paulo,SP,05753052,True
PES-01059,Luís Carvalho Moreira,71905000308,M,1984-02-03,luismoreira416@bol.com.br,16965674736,Ribeirão Preto,SP,11583935,True
PES-01060,Lucas Silva Costa Barbosa,40917087062,M,1993-02-13,lucasbarbosa597@yahoo.com.br,71985312777,Salvador,BA,43863799,False
PES-01061,Luíza Santos Machado,82268384870,F,1984-05-11,luizamachado278@bol.com.br,71985731389,Salvador,BA,46920606,True
PES-01062,Henrique Alves Rodrigues,65606812118,M,1990-03-21,henriquerodrigues28@gmail.com,31987462539,Belo Horizonte,MG,34004389,True
PES-01063,Sônia Rocha Souza,65609743320,F,1987-04-05,soniasouza264@gmail.com,16983982611,Ribeirão Preto,SP,11362958,True
PES-01064,Rafael Machado Machado,05733086912,M,1993-12-17,rafael.machado289@hotmail.com,31987076063,Belo Horizonte,MG,33873928,True
PES-01065,Márcio Souza Assunção,63726531920,M,1988-04-19,marcio.assuncao232@gmail.com,48963885648,Florianópolis,SC,89887224,False
PES-01066,Aline Nunes Brandão,35960997495,F,1974-04-30,aline.brandao785@gmail.com,11967647536,Guarulhos,SP,02673058,True
PES-01067,Otávio Brandão Pereira Peixoto,04328532359,M,1971-11-05,otavio_pei175@outlook.com,32965986814,Juiz de Fora,MG,38783051,True
PES-01068,Fábio Andrade,77915564641,M,1959-04-12,fabio.andrade834@bol.com.br,11982166775,São Paulo,SP,04334645,True
PES-01069,Bruno Oliveira Silva,38027869552,M,1959-04-13,brunosilva683@bol.com.br,41998905178,Curitiba,PR,82036484,True
PES-01070,Cláudia Mendes Barbosa,06355858393,F,1988-10-12,claudia_bar158@hotmail.com,11973145428,São Paulo,SP,05167861,True
PES-01071,Isabela Souza,89200496539,F,1994-07-11,isabela.souza406@outlook.com,11991287109,São Paulo,SP,07215657,True
PES-01072,Rafael Carvalho Machado Moreira,46185277654,M,1982-08-25,rafael.moreira84@bol.com.br,11982587064,São Paulo,SP,06417985,False
PES-01073,Fernando Peixoto Araújo,82895030081,M,1986-04-01,fernando_ara185@bol.com.br,11977959946,Guarulhos,SP,08322404,True
PES-01074,Aline Alves Rodrigues,58504484548,F,2002-01-21,aline.rodrigues975@gmail.com,31984851595,Belo Horizonte,MG,33195178,False
PES-01075,Mariana Melo Dias,07442018963,F,1979-11-08,mariana_dia170@gmail.com,11968536105,São Paulo,SP,01766396,True
PES-01076,Wagner Nascimento,63057799612,M,1975-09-19,wagnernascimento348@outlook.com,11995179363,São Paulo,SP,01920985,True
PES-01077,Sérgio Marques Rodrigues Conceição,15177925501,M,1946-05-13,sergioconceicao432@gmail.com,11968326498,São Paulo,SP,06201026,False
PES-01078,André Machado Mendes,56345119849,M,1981-06-04,andre.mendes257@hotmail.com,21989568520,Rio de Janeiro,RJ,24402282,False
PES-01079,Gabriela Andrade Nunes Brandão,74652758308,F,1964-08-30,gabriela_bra859@bol.com.br,11976891971,São Paulo,SP,06836980,True
PES-01080,Henrique Mendes Mendes,27089080307,M,1983-08-22,henrique.mendes900@gmail.com,41999251227,Curitiba,PR,82977295,False
PES-01081,Daniel Barbosa Costa,94099895904,M,1976-11-08,daniel_cos49@yahoo.com.br,16982904183,Ribeirão Preto,SP,16762208,False
PES-01082,Gustavo Rocha Melo,99912796950,M,1961-06-04,gustavo.melo778@bol.com.br,51972537530,Porto Alegre,RS,95286598,True
PES-01083,Júlia Peixoto Souza,11268022390,F,1969-09-01,julia_sou31@yahoo.com.br,21999096312,Rio de Janeiro,RJ,28235174,False
PES-01084,Beatriz Silva Alves,41424610605,F,1974-12-28,beatrizalves226@bol.com.br,41964471719,Curitiba,PR,83227480,False
PES-01085,Henrique Nascimento Silva,45080901500,M,2000-01-12,henrique_sil80@yahoo.com.br,19978946837,Campinas,SP,17823194,False
PES-01086,Henrique Rodrigues Cardoso,97716698931,M,1969-04-28,henrique_car596@outlook.com,71969031661,Salvador,BA,48312715,False
PES-01087,Hélio Peixoto,88335827281,M,1962-03-06,helio_pei143@uol.com.br,11994321079,São Paulo,SP,02772152,False
PES-01088,Bruno Santos,80388689943,M,1980-05-23,bruno.santos846@uol.com.br,11994525238,São Paulo,SP,04685588,False
PES-01089,Tânia Gomes Alves,86162474240,F,1995-03-31,tania.alves838@outlook.com,62970516039,Goiânia,GO,71373225,True
PES-01090,César Barbosa Mendes,59860901015,M,1989-06-02,cesar_men489@uol.com.br,32971092673,Juiz de Fora,MG,36136309,False
PES-01091,Júlia Mendes,42854520068,F,1981-01-28,julia_men544@yahoo.com.br,21996432058,Rio de Janeiro,RJ,22744711,True
PES-01092,Antônio Nunes,51704130417,M,1970-04-14,antonio_nun537@bol.com.br,21970669263,Rio de Janeiro,RJ,27992320,True
PES-01093,Otávio Costa Guimarães Andrade,51912405709,M,1990-08-10,otavio_and303@hotmail.com,41975498381,Curitiba,PR,83519328,False
PES-01094,Otávio Gomes Andrade,23036741909,M,1995-02-01,otavio.andrade833@gmail.com,11974844388,São Paulo,SP,05031677,True
PES-01095,Márcia Carvalho Brandão Machado,41356609759,F,2002-03-05,marcia_mac644@outlook.com,11969682968,São Paulo,SP,03375949,False
PES-01096,Bruno Lima Brandão,65847857691,M,1986-08-10,bruno_bra729@uol.com.br,19979597314,Campinas,SP,13960284,True
PES-01097,Sérgio Conceição,00268679827,M,1959-01-05,sergioconceicao758@bol.com.br,19972838808,Campinas,SP,18508474,False
PES-01098,José Barbosa,89458546818,M,1977-07-23,jose_bar779@bol.com.br,11994082615,São Paulo,SP,07537979,False
PES-01099,Lúcia Marques Moreira,70068438044,F,1958-10-15,lucia.moreira238@outlook.com,71987139204,Salvador,BA,49764204,True
PES-01100,Hélio Freitas Moreira,24214620887,M,1989-06-29,helio_mor134@uol.com.br,48996432925,Florianópolis,SC,81027716,True
PES-01101,Mariana Alves,42977237437,F,1961-05-17,mariana_alv601@uol.com.br,31975969130,Belo Horizonte,MG,32573068,True
PES-01102,Sônia Cardoso Mendes,64173034970,F,1974-01-09,sonia.mendes357@yahoo.com.br,11994416688,São Paulo,SP,01430839,True
PES-01103,Vitória Rodrigues Peixoto,21918630275,F,1978-09-18,vitoriapeixoto96@yahoo.com.br,32999579069,Juiz de Fora,MG,35488999,False
PES-01104,Fernanda Rocha,11573728055,F,1974-08-05,fernandarocha173@outlook.com,19997002135,Campinas,SP,14612830,True
PES-01105,Joana Peixoto,90979437792,F,1976-01-28,joanapeixoto602@outlook.com,41961559866,Curitiba,PR,89151970,False
PES-01106,Daniel Nascimento,98813337094,M,1977-11-10,daniel_nas282@uol.com.br,21965167801,Rio de Janeiro,RJ,29618847,True
PES-01107,Ana Gomes Lima,52585450910,F,1979-04-01,analima855@bol.com.br,21979647200,Rio de Janeiro,RJ,28972957,True
PES-01108,Otávio Costa Rocha Conceição,97970707785,M,1983-07-04,otavio.conceicao748@gmail.com,48964862575,Florianópolis,SC,86059707,True
PES-01109,Fernanda Lima Dias,64998951130,F,1986-12-05,fernandadias193@gmail.com,21974736536,Rio de Janeiro,RJ,28755953,True
PES-01110,Daniel Moreira Ferreira,83598200668,M,1986-02-03,daniel_fer206@uol.com.br,11999414265,São Paulo,SP,09623582,False
PES-01111,Beatriz Nunes Ferreira,97643485720,F,1984-02-21,beatriz.ferreira988@bol.com.br,62989799195,Goiânia,GO,79003549,True
PES-01112,César Rocha Conceição,96473231900,M,1986-02-05,cesar.conceicao171@outlook.com,11994107132,Guarulhos,SP,02882156,False
PES-01113,Lucas Oliveira Oliveira,42265539503,M,1980-04-16,lucasoliveira904@uol.com.br,11993297458,São Paulo,SP,01824704,True
PES-01114,José Freitas Oliveira Oliveira,40677040466,M,1992-01-07,joseoliveira362@gmail.com,61997325526,Brasília,DF,78704382,True
PES-01115,Larissa Pereira,76296243367,F,2004-01-22,larissa.pereira26@uol.com.br,21961102129,Rio de Janeiro,RJ,23891206,False
PES-01116,Márcio Martins Moreira Araújo,91711726966,M,1963-03-01,marcio_ara814@gmail.com,11978674098,São Paulo,SP,05453931,False
PES-01117,Vitória Peixoto Machado,30962844748,F,1983-01-30,vitoria.machado405@bol.com.br,19987958856,Campinas,SP,12520912,True
PES-01118,Helena Barbosa Rocha,29593529713,F,1979-03-16,helena_roc966@hotmail.com,41986717508,Curitiba,PR,87116026,False
PES-01119,Camila Nunes Barbosa Costa,34437916468,F,2000-09-23,camila.costa595@outlook.com,41982191730,Curitiba,PR,84967766,False
PES-01120,Raquel Guimarães,07923785635,F,1990-04-17,raquelguimaraes348@gmail.com,71978979744,Salvador,BA,47756152,True
PES-01121,Júlia Assunção,96353325134,F,1987-05-14,julia.assuncao401@bol.com.br,19996319729,Campinas,SP,14195083,False
PES-01122,Natália Moreira Rocha,36259048378,F,1998-10-16,natalia_roc882@hotmail.com,21971057912,Niterói,RJ,25634708,True
PES-01123,Fábio Nunes Nascimento,72373243490,M,1984-06-16,fabio_nas197@bol.com.br,21987351688,Rio de Janeiro,RJ,28543753,False
PES-01124,Aline Costa Silva,82306560293,F,1983-09-02,alinesilva692@hotmail.com,71975801886,Salvador,BA,48731270,True
PES-01125,Aline Gomes,54888761973,F,1970-09-23,aline.gomes945@hotmail.com,48991934746,Florianópolis,SC,89977659,False
PES-01126,Isabela Oliveira Rodrigues,06552055943,F,1971-11-21,isabela.rodrigues468@yahoo.com.br,19975984377,Campinas,SP,17076581,False
PES-01127,Otávio Rodrigues Freitas Guimarães,17530865234,M,1999-03-04,otavioguimaraes215@yahoo.com.br,11973366836,São Paulo,SP,04447431,True
PES-01128,Luís Moreira Brandão,60147198143,M,1962-05-23,luisbrandao963@bol.com.br,61960307652,Brasília,DF,74643559,True
PES-01129,João Moreira Carvalho,24079654693,M,1959-07-14,joao_car900@uol.com.br,21990892536,Rio de Janeiro,RJ,26247473,True
PES-01130,Fernando Silva Andrade,88921876863,M,1999-07-07,fernandoandrade843@gmail.com,48985697812,Florianópolis,SC,86572513,False
PES-01131,Wagner Moreira Rodrigues,38061829657,M,1983-10-11,wagnerrodrigues253@outlook.com,11988171456,Santo André,SP,09766662,True
PES-01132,Joana Marques Mendes,44008779655,F,1979-01-18,joanamendes90@hotmail.com,51979525717,Porto Alegre,RS,96710336,True
PES-01133,Patrícia Mendes,86599636365,F,1955-10-28,patriciamendes339@uol.com.br,62976885844,Goiânia,GO,79522097,True
PES-01134,Vitória Brandão Rocha,13711029370,F,1969-08-06,vitoriarocha454@yahoo.com.br,71983012864,Salvador,BA,44783118,True
PES-01135,Luíza Conceição Souza Dias,11760182567,F,1984-06-09,luizadias549@yahoo.com.br,11977898739,Santo André,SP,08697238,False
PES-01136,Gabriela Marques Martins,68534042624,F,1987-06-20,gabriela.martins638@yahoo.com.br,51987352278,Porto Alegre,RS,92384160,False
PES-01137,Sérgio Mendes Carvalho,68672054539,M,1978-01-09,sergio_car512@bol.com.br,19971037949,Campinas,SP,14594981,True
PES-01138,Letícia Marques Nunes,88127541478,F,1998-02-13,leticianunes533@hotmail.com,19980075539,Campinas,SP,11992503,False
PES-01139,Lúcia Cardoso,31252720688,F,1982-08-05,lucia.cardoso619@yahoo.com.br,11999512507,São Paulo,SP,07908952,True
PES-01140,Ana Souza Araújo,29562651487,F,1978-10-03,ana_ara22@bol.com.br,51970631839,Porto Alegre,RS,99114721,True
PES-01141,Bruno Moreira,08000459639,M,1988-02-23,brunomoreira197@gmail.com,51964411877,Porto Alegre,RS,97547265,True
PES-01142,Rodrigo Silva Machado Peixoto,65576026241,M,1984-01-15,rodrigopeixoto614@bol.com.br,21978966303,Rio de Janeiro,RJ,26238188,True
PES-01143,Fernanda Magalhães Andrade Guimarães,61113816520,F,1979-05-20,fernandaguimaraes379@hotmail.com,19970459332,Campinas,SP,15153860,True
PES-01144,Marcelo Dias Martins Cardoso,10067778143,M,1983-10-09,marcelo.cardoso707@yahoo.com.br,48977344916,Florianópolis,SC,88943063,False
PES-01145,Bruno Moreira Alves,12689078201,M,1987-12-13,bruno.alves822@bol.com.br,11969755965,São Paulo,SP,03806859,False
PES-01146,Márcio Marques,07922413122,M,1963-02-21,marcio.marques867@uol.com.br,19962711792,Campinas,SP,18775751,True
PES-01147,Beatriz Nunes Nascimento,96255240100,F,1974-10-02,beatriznascimento998@uol.com.br,81982371300,Recife,PE,53448284,True
PES-01148,Wagner Brandão Costa,23016949504,M,1979-03-13,wagner_cos167@bol.com.br,81977884658,Recife,PE,53347953,True
PES-01149,Renata Barbosa,26400750550,F,1985-06-11,renata.barbosa975@gmail.com,11974137300,Santo André,SP,04437213,False
PES-01150,Luíza Freitas,32750042208,F,1983-09-03,luizafreitas334@outlook.com,62975573228,Goiânia,GO,78083677,True
PES-01151,Simone Machado Machado,08623479041,F,1993-06-21,simonemachado713@yahoo.com.br,19960641571,Campinas,SP,11378838,True
PES-01152,Antônio Rocha,34717406869,M,1978-04-01,antonio.rocha125@gmail.com,19976387154,Campinas,SP,18088106,True
PES-01153,Lúcia Costa Ribeiro,03126161634,F,1990-12-03,lucia.ribeiro777@uol.com.br,11993857996,São Paulo,SP,07243056,True
PES-01154,Aline Barbosa Carvalho,94080298951,F,1995-12-09,aline_car959@uol.com.br,71969868106,Salvador,BA,46925051,False
PES-01155,Wagner Pereira Nascimento Freitas,55596605077,M,1995-02-28,wagner_fre808@uol.com.br,11984975589,São Paulo,SP,04141802,True
PES-01156,Rodrigo Rocha,64833254794,M,1998-03-29,rodrigo.rocha922@outlook.com,81980677986,Recife,PE,55400933,False
PES-01157,Priscila Marques Andrade Pereira,20185696430,F,1983-03-29,priscilapereira487@bol.com.br,21987172702,Rio de Janeiro,RJ,24281351,True
PES-01158,Caio Nascimento Souza Brandão,37529848569,M,1992-07-24,caio.brandao445@bol.com.br,41983217295,Curitiba,PR,86657842,True
PES-01159,Simone Lima Andrade,65906102400,F,1992-11-08,simoneandrade253@hotmail.com,31996452004,Belo Horizonte,MG,33473073,True
PES-01160,Cláudia Araújo Araújo,90938977725,F,1980-05-14,claudiaaraujo53@gmail.com,41974013733,Curitiba,PR,86813293,True
PES-01161,Mariana Magalhães,60605100608,F,1978-03-27,mariana.magalhaes76@uol.com.br,11990216155,São Paulo,SP,07804096,True
PES-01162,Thiago Mendes Nunes,77156097652,M,1977-02-03,thiago_nun503@bol.com.br,11972067385,Santo André,SP,04745710,True
PES-01163,Otávio Gomes,49542720769,M,1992-11-15,otavio_gom128@outlook.com,31980971155,Belo Horizonte,MG,34129850,False
PES-01164,Lucas Nunes Marques,09093289780,M,1955-01-29,lucasmarques933@outlook.com,51990889648,Porto Alegre,RS,99615467,False
PES-01165,Aline Martins,63986018581,F,1952-12-11,alinemartins982@yahoo.com.br,61991031208,Brasília,DF,73293154,False
PES-01166,Letícia Andrade Pereira,73367946370,F,1998-09-16,leticiapereira344@outlook.com,61961277253,Brasília,DF,78357829,True
PES-01167,Ana Marques Cardoso,44408892807,F,1992-08-19,ana_car496@hotmail.com,11987772314,São Paulo,SP,04470542,True
PES-01168,Márcia Cardoso Moreira Moreira,51176513834,F,1989-04-09,marciamoreira237@uol.com.br,11972519216,São Paulo,SP,03263213,True
PES-01169,Fábio Moreira Barbosa,00239313020,M,1984-10-11,fabiobarbosa397@uol.com.br,41981924981,Curitiba,PR,81082076,False
PES-01170,Sônia Martins,24087649393,F,1987-11-14,sonia_mar749@bol.com.br,11969182990,São Paulo,SP,05720042,False
PES-01171,Antônio Andrade Silva,84633566563,M,1983-08-30,antoniosilva495@hotmail.com,19963645769,Campinas,SP,16326403,False
PES-01172,Camila Martins Santos,51831415259,F,1991-11-24,camila_san925@outlook.com,71962127651,Salvador,BA,44683419,True
PES-01173,Gabriela Araújo,61421534223,F,1968-07-27,gabrielaaraujo57@uol.com.br,21992859610,Rio de Janeiro,RJ,21890523,True
PES-01174,Simone Santos Machado Nascimento,42106016590,F,1971-04-01,simonenascimento548@outlook.com,11968527342,Guarulhos,SP,04775456,True
PES-01175,Raquel Rodrigues Ferreira,76970848213,F,1979-04-15,raquel.ferreira481@outlook.com,21973921421,Rio de Janeiro,RJ,22263720,False
PES-01176,Débora Rodrigues Souza,90971807400,F,1986-02-27,debora.souza187@outlook.com,32971809185,Juiz de Fora,MG,31867594,True
PES-01177,Cecília Gomes,06089990167,F,1965-11-09,cecilia_gom765@uol.com.br,11984061932,São Paulo,SP,02425801,False
PES-01178,Beatriz Souza,77981859921,F,1940-04-07,beatriz.souza150@bol.com.br,48986065684,Florianópolis,SC,86493972,True
PES-01179,Cecília Araújo Alves Freitas,30664789552,F,1983-04-16,ceciliafreitas803@uol.com.br,11987312768,São Paulo,SP,07952331,False
PES-01180,Raquel Ribeiro Pereira,80641382804,F,1966-04-17,raquel_per17@yahoo.com.br,61987227429,Brasília,DF,77904001,False
PES-01181,Luíza Ferreira Santos,92127018095,F,1980-03-22,luiza_san844@bol.com.br,11993142359,São Paulo,SP,04248760,False
PES-01182,Simone Alves Martins Lima,64070956204,F,1966-10-15,simone.lima511@gmail.com,19963421311,Campinas,SP,11920172,False
PES-01183,Cláudia Lima,34671582503,F,1996-01-11,claudia.lima550@hotmail.com,31998273170,Belo Horizonte,MG,32536903,True
PES-01184,Gustavo Mendes,73078718310,M,1982-09-10,gustavo_men844@hotmail.com,21998709167,Rio de Janeiro,RJ,27410138,True
PES-01185,Renata Melo Moreira Pereira,32184331856,F,1977-04-14,renata.pereira650@gmail.com,11971183491,Guarulhos,SP,07140613,True
PES-01186,Márcio Carvalho,12621352812,M,2000-12-11,marcio_car792@hotmail.com,81971048161,Recife,PE,56951699,False
PES-01187,Ana Oliveira Pereira,59850964839,F,1986-10-02,ana.pereira203@bol.com.br,16968403021,Ribeirão Preto,SP,19641602,False
PES-01188,Márcio Nascimento,32128673372,M,1969-08-14,marcio_nas863@uol.com.br,51999842331,Porto Alegre,RS,98985892,True
PES-01189,Isabela Carvalho Rocha,60952909880,F,1989-06-20,isabela_roc465@gmail.com,11982421001,São Paulo,SP,08532598,False
PES-01190,Fernanda Oliveira Dias,68513321400,F,1984-06-27,fernandadias95@bol.com.br,48986758269,Florianópolis,SC,86103003,True
PES-01191,Vitória Assunção Marques,31917365497,F,1978-08-23,vitoriamarques253@yahoo.com.br,11977585722,São Paulo,SP,09917299,True
PES-01192,Luíza Machado Peixoto,13503153209,F,1962-12-14,luiza.peixoto376@bol.com.br,11984688023,São Paulo,SP,02100310,True
PES-01193,Larissa Silva Dias,03077223503,F,1997-08-09,larissa.dias750@hotmail.com,21988444838,Rio de Janeiro,RJ,27439751,False
PES-01194,Priscila Oliveira Lima,68159387270,F,1983-12-05,priscila_lim247@gmail.com,19980338702,Campinas,SP,15443324,True
PES-01195,Ana Machado Melo Brandão,74038485510,F,1982-02-24,ana_bra667@bol.com.br,11981122867,São Paulo,SP,08767541,True
PES-01196,Otávio Pereira Santos,55127592487,M,1967-07-28,otavio_san689@uol.com.br,31971128775,Belo Horizonte,MG,32250753,True
PES-01197,Bruno Souza,10253524245,M,1982-04-14,bruno.souza658@outlook.com,11962433431,São Paulo,SP,01380292,True
PES-01198,Ana Pereira Marques,38399487031,F,1982-10-09,anamarques759@bol.com.br,16972712581,Ribeirão Preto,SP,14886292,False
PES-01199,Otávio Costa,19974967805,M,1967-12-09,otavio_cos411@gmail.com,11990535462,São Paulo,SP,09664224,False
PES-01200,Simone Oliveira Rodrigues,93463516160,F,1977-01-17,simonerodrigues943@gmail.com,31994348298,Belo Horizonte,MG,34364602,True
PES-01201,Eduardo Magalhães,02464939927,M,1991-01-05,eduardo.magalhaes355@gmail.com,11969063749,Guarulhos,SP,08574630,False
PES-01202,Lucas Ferreira,97573452101,M,1985-03-29,lucas.ferreira417@gmail.com,11974789743,São Paulo,SP,05604011,False
PES-01203,Vitória Rocha Assunção Ferreira,01972150332,F,1957-08-14,vitoriaferreira647@yahoo.com.br,19969447667,Campinas,SP,14710651,True
PES-01204,Beatriz Moreira Brandão,67795690548,F,1984-10-27,beatriz_bra252@bol.com.br,31998206221,Belo Horizonte,MG,38347463,True
PES-01205,Lucas Melo,31121984924,M,1986-04-01,lucas_mel860@bol.com.br,11971626715,Guarulhos,SP,07531251,False
PES-01206,Mariana Costa Assunção,93886684997,F,1996-04-13,mariana.assuncao607@hotmail.com,16966753218,Ribeirão Preto,SP,19557880,False
PES-01207,Isabela Pereira,51684278392,F,1981-11-05,isabela.pereira149@outlook.com,51969343925,Porto Alegre,RS,94728997,False
PES-01208,Patrícia Mendes Nascimento,60312860412,F,1975-01-17,patricia.nascimento75@yahoo.com.br,21987007320,Rio de Janeiro,RJ,24950760,False
PES-01209,Cecília Nunes Peixoto,80666046530,F,1979-11-27,cecilia.peixoto91@bol.com.br,31973384813,Belo Horizonte,MG,39906237,True
PES-01210,Helena Silva Ribeiro,93810013242,F,1975-04-17,helena_rib33@hotmail.com,48980645580,Florianópolis,SC,81173374,False
PES-01211,João Assunção Marques,15477801859,M,1958-11-22,joao.marques142@hotmail.com,11986228764,São Paulo,SP,01892212,False
PES-01212,Gustavo Silva,91884207286,M,1988-01-02,gustavosilva684@hotmail.com,71986012222,Salvador,BA,43657968,True
PES-01213,Marcelo Ribeiro Alves,95282827760,M,1959-12-14,marceloalves335@uol.com.br,11981383819,São Paulo,SP,02220816,True
PES-01214,Isabela Gomes,85708394722,F,1985-12-30,isabela_gom944@hotmail.com,62994898942,Goiânia,GO,71701453,True
PES-01215,Fernanda Pereira Oliveira,37740099619,F,1953-10-22,fernanda.oliveira238@gmail.com,11996843975,São Paulo,SP,03635936,True
PES-01216,Camila Ferreira Barbosa Rocha,33541907959,F,1989-06-24,camilarocha597@bol.com.br,62978039550,Goiânia,GO,78782330,True
PES-01217,Beatriz Martins Lima,69429982818,F,1968-06-05,beatrizlima393@bol.com.br,16967122427,Ribeirão Preto,SP,14104309,False
PES-01218,Lúcia Martins Guimarães,57983185910,F,1962-11-28,lucia_gui584@bol.com.br,19991449850,Campinas,SP,14233181,False
PES-01219,Mariana Rocha,09468898644,F,1988-03-05,marianarocha682@bol.com.br,21988047000,Rio de Janeiro,RJ,24171297,False
PES-01220,Cecília Freitas,41675307407,F,1960-05-07,ceciliafreitas923@uol.com.br,11984832353,São Paulo,SP,05011041,False
PES-01221,Hélio Ferreira Andrade,77858427440,M,2004-09-07,helio.andrade245@yahoo.com.br,81970064422,Recife,PE,56211339,False
PES-01222,Paulo Peixoto Dias,80629716196,M,1980-05-27,paulodias641@outlook.com,71974188315,Salvador,BA,41775906,True
PES-01223,Paulo Souza,22704602603,M,1964-12-25,paulo_sou809@uol.com.br,11960501342,São Paulo,SP,04180810,False
PES-01224,Beatriz Magalhães Conceição,77498222248,F,1972-10-06,beatrizconceicao373@bol.com.br,31983026600,Belo Horizonte,MG,34054223,True
PES-01225,Isabela Alves Machado,34179456150,F,1966-04-20,isabelamachado398@uol.com.br,11997452107,São Paulo,SP,08227781,False
PES-01226,Fernando Lima Lima,76446583940,M,2005-10-04,fernando_lim182@gmail.com,41970714384,Curitiba,PR,83927108,True
PES-01227,Thiago Assunção,45015284942,M,1945-05-19,thiagoassuncao412@gmail.com,11987025647,São Paulo,SP,09154220,True
PES-01228,Vinícius Alves,53844436340,M,1980-01-25,vinicius.alves447@uol.com.br,19983259858,Campinas,SP,19644270,True
PES-01229,Vitória Machado,00387442529,F,1987-04-23,vitoria_mac312@hotmail.com,11964317537,São Paulo,SP,06937301,True
PES-01230,Aline Santos,12964628203,F,1981-02-23,aline.santos916@bol.com.br,48990296336,Florianópolis,SC,83356441,True
PES-01231,Henrique Pereira Andrade,52074059345,M,2000-04-08,henrique.andrade719@uol.com.br,71999453892,Salvador,BA,48090647,False
PES-01232,Gustavo Santos Barbosa,55485644201,M,1977-08-16,gustavo.barbosa827@hotmail.com,11968997951,Santo André,SP,05461712,True
PES-01233,César Pereira Ribeiro,80997208490,M,1994-03-17,cesar_rib419@yahoo.com.br,11999147052,São Paulo,SP,01563299,False
PES-01234,Raquel Oliveira,54746744149,F,1933-12-31,raqueloliveira834@hotmail.com,31996358780,Belo Horizonte,MG,36047807,False
PES-01235,Gustavo Pereira Mendes Marques,08709349022,M,1984-02-26,gustavomarques773@yahoo.com.br,11982606768,Santo André,SP,02221718,False
PES-01236,Débora Nunes Andrade,03784949371,F,1981-06-25,debora_and717@bol.com.br,32982765851,Juiz de Fora,MG,39568342,True
PES-01237,Cláudia Machado Brandão Nunes,23798580391,F,1973-01-26,claudia_nun193@uol.com.br,11983553046,São Paulo,SP,08695166,True
PES-01238,Mateus Guimarães,40362589747,M,1965-03-19,mateusguimaraes672@uol.com.br,51988018801,Porto Alegre,RS,92999576,True
PES-01239,Ana Souza Peixoto Martins,06975193924,F,1953-06-30,anamartins315@outlook.com,11968602764,São Paulo,SP,02593292,True
PES-01240,Lucas Ferreira,37806182578,M,1984-04-22,lucasferreira776@bol.com.br,32997322433,Juiz de Fora,MG,32565465,True
PES-01241,Simone Araújo,60806749474,F,1997-01-08,simone.araujo180@hotmail.com,19978302541,Campinas,SP,14524494,True
PES-01242,Aline Martins Costa Nunes,33106202807,F,1979-12-05,aline_nun644@hotmail.com,71972244873,Salvador,BA,44758751,False
PES-01243,Camila Lima Pereira,69620257006,F,1992-02-29,camila_per82@bol.com.br,11972122612,Santo André,SP,06447278,True
PES-01244,Camila Melo Martins,04198811237,F,1968-12-06,camila_mar884@outlook.com,61998408047,Brasília,DF,73255471,True
PES-01245,Wagner Conceição Brandão,56267938441,M,1951-05-19,wagnerbrandao236@uol.com.br,21974398539,Rio de Janeiro,RJ,29352938,True
PES-01246,Fernando Brandão Marques Nascimento,52817128885,M,1993-01-24,fernando_nas393@outlook.com,11989466432,São Paulo,SP,01655812,False
PES-01247,Lucas Brandão Freitas,36406197496,M,1981-02-22,lucasfreitas399@yahoo.com.br,11965088114,São Paulo,SP,07829111,True
PES-01248,Vitória Rocha Souza,15092022850,F,1991-09-22,vitoria.souza269@bol.com.br,21990255758,Niterói,RJ,25201888,False
PES-01249,Vitória Silva Nascimento Melo,69045123347,F,1995-04-25,vitoriamelo390@outlook.com,19996179253,Campinas,SP,15251418,True
PES-01250,Gabriela Cardoso Silva,76148606402,F,1987-05-13,gabriela_sil672@uol.com.br,11972757361,São Paulo,SP,04058403,True
PES-01251,Isabela Barbosa Martins,01128724251,F,1981-11-16,isabela.martins553@yahoo.com.br,61989577135,Brasília,DF,78996508,True
PES-01252,Vitória Alves Assunção,06540750854,F,1968-09-11,vitoriaassuncao629@hotmail.com,21990587316,Rio de Janeiro,RJ,25944457,True
PES-01253,Sônia Moreira Costa Magalhães,17861589579,F,1993-08-02,sonia_mag428@uol.com.br,61996977606,Brasília,DF,77104036,True
PES-01254,Patrícia Souza Nunes,93177052271,F,1989-09-12,patricia.nunes102@hotmail.com,32986565649,Juiz de Fora,MG,32281751,True
PES-01255,Vinícius Araújo,83142024794,M,1995-09-22,vinicius.araujo682@hotmail.com,11964632143,São Paulo,SP,04036416,True
PES-01256,Lúcia Alves,22690575116,F,1978-12-13,lucia_alv48@gmail.com,19973689184,Campinas,SP,19782440,True
PES-01257,Cláudia Santos Andrade,53196048900,F,1999-05-12,claudiaandrade864@outlook.com,11971249668,São Paulo,SP,06392655,False
PES-01258,Joana Lima Lima,86611584943,F,1986-02-08,joana_lim126@gmail.com,32977787943,Juiz de Fora,MG,35842110,True
PES-01259,José Oliveira Ferreira,68658727467,M,1972-02-15,joseferreira506@outlook.com,11994627074,São Paulo,SP,05532241,False
PES-01260,Helena Silva Martins Rodrigues,62208254970,F,1991-03-27,helena.rodrigues579@hotmail.com,11965362929,São Paulo,SP,01903609,True
PES-01261,Márcio Melo,53459599006,M,1964-02-03,marcio_mel108@yahoo.com.br,41990233879,Curitiba,PR,86760073,True
PES-01262,Leonardo Araújo Araújo Araújo,42092051334,M,1980-12-31,leonardo_ara953@gmail.com,31977259337,Belo Horizonte,MG,34891584,True
PES-01263,Cecília Carvalho Araújo,15546895209,F,1981-09-23,cecilia.araujo922@yahoo.com.br,11963818831,Santo André,SP,08462209,False
PES-01264,Cecília Moreira Cardoso,70120825180,F,1977-08-31,cecilia_car184@bol.com.br,11965021498,São Paulo,SP,08799715,True
PES-01265,Rafael Andrade Andrade Souza,39924514459,M,2002-06-17,rafaelsouza643@hotmail.com,51984093616,Porto Alegre,RS,97963216,True
PES-01266,Larissa Mendes Nascimento,74576360647,F,1979-02-18,larissa_nas198@bol.com.br,11988841455,São Paulo,SP,09403278,True
PES-01267,Henrique Gomes Cardoso,53653020360,M,1983-07-21,henrique_car173@hotmail.com,51970606258,Porto Alegre,RS,91694865,False
PES-01268,Tânia Cardoso Souza,14885010098,F,1963-09-06,tania_sou924@bol.com.br,11983475941,São Paulo,SP,01638544,False
PES-01269,Larissa Ribeiro,24596308837,F,1984-04-29,larissa_rib66@gmail.com,11973231486,São Paulo,SP,05888737,False
PES-01270,Luíza Guimarães Machado Oliveira,54640807830,F,1991-01-18,luiza.oliveira135@hotmail.com,21972552740,Rio de Janeiro,RJ,29563542,True
PES-01271,Aline Melo Machado,81586852000,F,1972-10-16,alinemachado348@bol.com.br,62984608283,Goiânia,GO,77541211,True
PES-01272,Débora Cardoso,92356597522,F,1983-03-04,deboracardoso794@gmail.com,19983854125,Campinas,SP,17375765,False
PES-01273,Débora Rocha,10466509120,F,1980-03-22,deborarocha86@yahoo.com.br,11973761611,Santo André,SP,09079447,True
PES-01274,Beatriz Rodrigues,17799998369,F,1998-12-01,beatrizrodrigues669@yahoo.com.br,21987226471,Rio de Janeiro,RJ,27188047,False
PES-01275,Sérgio Mendes Rocha Costa,77515682248,M,1987-08-26,sergio.costa663@uol.com.br,41999672650,Curitiba,PR,88941804,False
PES-01276,Caio Ribeiro Guimarães Barbosa,08704704770,M,1962-09-13,caio_bar532@yahoo.com.br,21972456519,Rio de Janeiro,RJ,24087585,False
PES-01277,Márcio Lima Rocha,91257807277,M,1979-01-22,marciorocha520@gmail.com,21988276103,Rio de Janeiro,RJ,26319052,False
PES-01278,Sérgio Peixoto Dias,44773689170,M,1985-11-25,sergio.dias656@hotmail.com,41999495985,Curitiba,PR,87057841,True
PES-01279,Rafael Martins,30562415610,M,1998-08-17,rafael_mar218@outlook.com,51981096982,Porto Alegre,RS,98003112,False
PES-01280,Débora Machado Silva,88266684260,F,1996-11-04,debora_sil231@bol.com.br,21987388683,Niterói,RJ,28270146,True
PES-01281,Thiago Gomes Barbosa Souza,23161464222,M,1976-04-15,thiago.souza472@yahoo.com.br,41974595525,Curitiba,PR,81748504,True
PES-01282,Paulo Rocha,92769842676,M,1993-07-24,paulo.rocha95@yahoo.com.br,21971131846,Rio de Janeiro,RJ,28093505,True
PES-01283,Débora Silva Carvalho,75962204441,F,1995-10-17,deboracarvalho817@outlook.com,62974214172,Goiânia,GO,72071807,False
PES-01284,Letícia Carvalho Carvalho,05397634700,F,1996-07-24,leticiacarvalho187@hotmail.com,32964369853,Juiz de Fora,MG,36676853,True
PES-01285,Leonardo Souza Nascimento,43709382106,M,1965-09-10,leonardo_nas99@yahoo.com.br,62993398836,Goiânia,GO,78568887,True
PES-01286,Márcia Andrade Cardoso,16701043895,F,1966-07-30,marcia.cardoso776@outlook.com,32998835522,Juiz de Fora,MG,39826291,True
PES-01287,Thiago Brandão Rocha,73512279694,M,2002-02-14,thiagorocha163@yahoo.com.br,31961085610,Belo Horizonte,MG,36915367,True
PES-01288,Vitória Ferreira,34078824595,F,1988-06-16,vitoria.ferreira221@bol.com.br,41977859249,Curitiba,PR,83771254,False
PES-01289,Leonardo Assunção Andrade,03392064890,M,1987-12-07,leonardoandrade218@yahoo.com.br,21977847926,Niterói,RJ,22012708,False
PES-01290,Larissa Martins,13055650026,F,1999-06-14,larissa.martins873@hotmail.com,51963434028,Porto Alegre,RS,91062044,True
PES-01291,Aline Barbosa Lima,65998632729,F,1986-12-07,aline_lim158@hotmail.com,19977684035,Campinas,SP,19566992,False
PES-01292,Tânia Nascimento Brandão,57055055660,F,1976-01-29,tania_bra737@yahoo.com.br,21993575881,Niterói,RJ,28201133,False
PES-01293,Márcio Martins,01529995663,M,1976-03-23,marcio_mar334@outlook.com,16982954626,Ribeirão Preto,SP,11168314,True
PES-01294,Sônia Gomes,97003633760,F,1992-07-19,sonia_gom263@bol.com.br,11992931618,São Paulo,SP,05822938,False
PES-01295,Lucas Machado Ferreira,82868155057,M,1970-05-11,lucas_fer613@hotmail.com,21960879376,Niterói,RJ,27170592,True
PES-01296,Ana Freitas Ferreira Rodrigues,07129477792,F,1979-08-11,anarodrigues608@yahoo.com.br,21961865908,Rio de Janeiro,RJ,21348301,True
PES-01297,Cláudia Araújo,74903148521,F,1964-11-08,claudia_ara357@yahoo.com.br,11991309581,São Paulo,SP,07164884,True
PES-01298,Ana Martins Carvalho,08240077358,F,1994-12-02,ana_car699@gmail.com,11995035852,São Paulo,SP,08379521,False
PES-01299,Gabriela Pereira Souza,81880516080,F,1977-10-29,gabriela.souza260@outlook.com,11971367697,São Paulo,SP,01260121,True
PES-01300,Camila Carvalho,04143861089,F,1971-02-14,camila_car700@yahoo.com.br,21973467820,Rio de Janeiro,RJ,27172048,True
PES-01301,João Marques Araújo,78861759130,M,1984-03-08,joao_ara586@uol.com.br,16995548771,Ribeirão Preto,SP,18956151,True
PES-01302,Lúcia Souza Carvalho,18789958047,F,2004-07-25,lucia.carvalho262@bol.com.br,61996834385,Brasília,DF,74008100,True
PES-01303,Henrique Gomes Carvalho,97336727930,M,1993-08-09,henrique_car825@gmail.com,19971595272,Campinas,SP,13474572,True
PES-01304,César Rodrigues,52445165237,M,1989-05-19,luciabarbosa379@yahoo.com.br,16994641114,Ribeirão Preto,SP,13508099,True
PES-01305,Simone Melo Melo Souza,59540287456,F,1975-09-14,simone_sou206@yahoo.com.br,21970087865,Rio de Janeiro,RJ,27264400,False
PES-01306,Rodrigo Cardoso Martins,07160315901,M,1987-06-28,rodrigo_mar650@outlook.com,11976793111,São Paulo,SP,07554567,True
PES-01307,Otávio Magalhães,21812746229,M,1993-06-16,otavio.magalhaes530@yahoo.com.br,62974082412,Goiânia,GO,71447526,False
PES-01308,Tânia Freitas,59210204190,F,1986-10-01,taniafreitas484@hotmail.com,21982733156,Rio de Janeiro,RJ,28941064,False
PES-01309,Márcia Conceição Andrade Andrade,26108484390,F,1991-04-16,marcia_and507@yahoo.com.br,61973797645,Brasília,DF,78552289,True
PES-01310,Thiago Mendes Moreira,47098368687,M,2000-08-02,thiago_mor451@outlook.com,11976951561,São Paulo,SP,03276345,False
PES-01311,Aline Machado,12528628498,F,1967-12-09,aline_mac782@gmail.com,71984633501,Salvador,BA,43246672,True
PES-01312,Eduardo Dias,53497751898,M,1988-06-04,eduardo.dias883@bol.com.br,51986336033,Porto Alegre,RS,91741397,True
PES-01313,Fábio Souza,57199155670,M,1954-08-22,fabiosouza945@yahoo.com.br,51969879519,Porto Alegre,RS,97553893,False
PES-01314,Caio Cardoso,41806976102,M,1951-02-08,caio.cardoso296@bol.com.br,11977089404,São Paulo,SP,03319232,False
PES-01315,Débora Martins Nunes,19768599138,F,1971-05-31,deboranunes533@outlook.com,31992853223,Belo Horizonte,MG,34446902,False
PES-01316,Sérgio Barbosa,61569636850,M,1980-12-08,sergio_bar149@bol.com.br,11980046550,Guarulhos,SP,09724725,False
PES-01317,Daniel Peixoto Guimarães,92973600685,M,1993-12-18,daniel.guimaraes706@uol.com.br,31997784775,Belo Horizonte,MG,38977828,True
PES-01318,Mariana Martins Barbosa,06335923076,F,1998-02-12,mariana.barbosa444@yahoo.com.br,41974337619,Curitiba,PR,89873110,False
PES-01319,Joana Araújo Costa,21896823637,F,1964-10-28,joana_cos251@uol.com.br,71999185599,Salvador,BA,41348932,False
PES-01320,Henrique Costa Oliveira,40119533855,M,1977-12-07,henrique_oli608@yahoo.com.br,81994979129,Recife,PE,57059342,True
PES-01321,Larissa Nascimento,36741145508,F,1996-03-30,larissa_nas464@hotmail.com,11999828000,São Paulo,SP,04627692,False
PES-01322,Hélio Melo Cardoso,21463797230,M,1961-09-15,helio.cardoso884@outlook.com,11992371892,Guarulhos,SP,05808224,True
PES-01323,Sérgio Cardoso Magalhães Assunção,18337416254,M,1978-11-29,sergio_ass932@uol.com.br,11985833779,São Paulo,SP,06596219,False
PES-01324,Vitória Assunção Souza,66689485617,F,1998-03-04,vitoriasouza143@gmail.com,11985592397,São Paulo,SP,02976587,False
PES-01325,Rodrigo Andrade Souza,09015283311,M,2002-01-22,rodrigo.souza402@gmail.com,71974607794,Salvador,BA,45463421,True
PES-01326,Daniel Alves Conceição,90846784866,M,1986-04-17,daniel_con529@outlook.com,61972609990,Brasília,DF,76222490,True
PES-01327,Leonardo Machado,55756017739,M,1933-12-31,leonardo_mac487@yahoo.com.br,21980786212,Rio de Janeiro,RJ,25415167,True
PES-01328,Bruno Carvalho Assunção Ferreira,19264724206,M,1968-08-15,bruno.ferreira421@bol.com.br,11971845302,Guarulhos,SP,03363119,True
PES-01329,Márcia Barbosa,38441598860,F,1979-02-17,marciabarbosa645@outlook.com,11973691504,São Paulo,SP,05819940,False
PES-01330,Antônio Lima,29210650026,M,2000-11-24,antonio_lim335@bol.com.br,81990311368,Recife,PE,54065718,True
PES-01331,Letícia Gomes Costa,60748930981,F,1986-11-24,leticia_cos390@outlook.com,21971227266,Niterói,RJ,25326721,False
PES-01332,Simone Conceição,71925781348,F,1991-02-08,simone_con870@yahoo.com.br,48990027050,Florianópolis,SC,88730939,True
PES-01333,Gustavo Rodrigues Machado,29317029515,M,1981-08-13,gustavo.machado412@outlook.com,19962929345,Campinas,SP,13317207,True
PES-01334,Mariana Barbosa Costa,19150221183,F,1995-07-13,marianacosta533@yahoo.com.br,11971412914,São Paulo,SP,05260080,False
PES-01335,Débora Silva Assunção,62786256100,F,2005-12-08,debora.assuncao671@hotmail.com,41984256799,Curitiba,PR,83557673,False
PES-01336,Cláudia Freitas,19322883502,F,1975-05-16,claudia.freitas250@gmail.com,11993147138,São Paulo,SP,05165546,True
PES-01337,Tânia Cardoso Nascimento Cardoso,96396091100,F,1942-07-14,taniacardoso478@gmail.com,21981887469,Rio de Janeiro,RJ,27678509,False
PES-01338,Camila Silva Ribeiro,41826687157,F,1977-12-13,camila.ribeiro418@uol.com.br,11992922085,São Paulo,SP,08180258,False
PES-01339,Daniel Peixoto,73751879242,M,1968-08-02,daniel.peixoto706@gmail.com,31975738461,Belo Horizonte,MG,39463177,True
PES-01340,Márcia Rocha Carvalho,45992074465,F,1976-09-22,marciacarvalho633@uol.com.br,31997484853,Belo Horizonte,MG,35520602,False
PES-01341,Gabriela Nunes Brandão,97946639210,F,1973-01-24,gabriela_bra67@uol.com.br,11969569740,São Paulo,SP,09447241,False
PES-01342,Camila Martins,40751724300,F,1967-03-16,camila_mar876@hotmail.com,81998728739,Recife,PE,51098936,False
PES-01343,Rodrigo Pereira Ribeiro,64586781505,M,1984-07-03,rodrigoribeiro944@hotmail.com,11981361816,São Paulo,SP,08820286,True
PES-01344,Fernando Ribeiro,00049649698,M,1990-05-03,fernandoribeiro362@hotmail.com,61990923465,Brasília,DF,74490014,False
PES-01345,Henrique Mendes Nascimento,01270810545,M,1963-08-27,henrique_nas257@bol.com.br,19963111866,Campinas,SP,17616864,False
PES-01346,Rodrigo Magalhães Peixoto,66603507560,M,1985-06-21,rodrigo_pei489@hotmail.com,21981342578,Niterói,RJ,21283714,True
PES-01347,Priscila Mendes Santos,25560765694,F,1997-09-14,priscilasantos792@yahoo.com.br,31973859702,Belo Horizonte,MG,34602397,True
PES-01348,Sônia Silva,77571169291,F,1993-06-28,sonia.silva74@hotmail.com,11968974310,Santo André,SP,01440363,True
PES-01349,Luíza Carvalho,15611160417,F,1982-01-23,luiza_car896@yahoo.com.br,11995887704,São Paulo,SP,06177106,False
PES-01350,Sérgio Mendes Conceição,69244569280,M,1953-03-10,sergio_con744@gmail.com,21993259005,Rio de Janeiro,RJ,22996548,False
PES-01351,Marcelo Cardoso Guimarães,47687958896,M,1944-02-20,marcelo_gui272@bol.com.br,11988143974,São Paulo,SP,03440049,False
PES-01352,Daniel Ferreira Rocha,69222544730,M,1994-05-19,daniel_roc594@yahoo.com.br,21977966089,Rio de Janeiro,RJ,26328441,True
PES-01353,Camila Martins,99677917480,F,1970-01-23,camilamartins78@gmail.com,61992197669,Brasília,DF,78489897,True
PES-01354,Henrique Lima,54106181142,M,1988-09-16,henrique.lima726@outlook.com,21992349329,Rio de Janeiro,RJ,21997513,False
PES-01355,Mariana Pereira Rodrigues,04999988801,F,1970-08-17,marianarodrigues679@yahoo.com.br,11996888902,São Paulo,SP,04589775,False
PES-01356,Eduardo Carvalho Freitas,78615773769,M,1980-12-21,eduardo_fre21@hotmail.com,11988221963,São Paulo,SP,03052435,True
PES-01357,Marcelo Brandão,19186111817,M,1980-10-26,marcelobrandao303@uol.com.br,31979655993,Belo Horizonte,MG,39685860,True
PES-01358,Mariana Marques Barbosa,63288089840,F,1957-08-05,mariana_bar987@hotmail.com,21986083532,Rio de Janeiro,RJ,21020660,True
PES-01359,Márcia Marques Ribeiro,95696229468,F,1994-02-25,marciaribeiro541@bol.com.br,21960647009,Rio de Janeiro,RJ,27701599,True
PES-01360,César Souza Melo,68921070109,M,1967-10-21,cesar.melo696@gmail.com,19995883425,Campinas,SP,17452379,True
PES-01361,Henrique Araújo Pereira,52269263758,M,1996-09-07,henriquepereira546@yahoo.com.br,11984896765,Santo André,SP,02868003,False
PES-01362,Raquel Andrade Mendes,76788899177,F,1988-11-06,raquel_men727@outlook.com,11979207250,São Paulo,SP,08692621,False
PES-01363,Caio Souza Mendes,88655300306,M,1994-09-06,caiomendes468@outlook.com,11986215683,São Paulo,SP,04756088,False
PES-01364,José Ribeiro Nunes,94216876129,M,1949-09-26,josenunes709@hotmail.com,41968658831,Curitiba,PR,89460739,True
PES-01365,Gabriela Ferreira Machado,43829776497,F,1992-11-03,gabriela_mac721@bol.com.br,11980243013,São Paulo,SP,09547801,True
PES-01366,João Rodrigues,13775637907,M,1973-06-19,joao.rodrigues206@uol.com.br,32976658531,Juiz de Fora,MG,39201683,False
PES-01367,Raquel Mendes Freitas,60357425561,F,1999-07-16,raquelfreitas299@bol.com.br,11966963222,São Paulo,SP,08866133,True
PES-01368,Letícia Moreira Marques,29289833173,F,1991-01-08,leticiamarques931@hotmail.com,11970334312,São Paulo,SP,03881435,False
PES-01369,Cláudia Costa,29496438253,F,1984-09-12,claudia.costa720@hotmail.com,16996707565,Ribeirão Preto,SP,13855568,True
PES-01370,Wagner Andrade,34520090687,M,1969-02-12,wagner.andrade908@bol.com.br,11991885589,Guarulhos,SP,01618575,True
PES-01371,Joana Cardoso,37348752853,F,1995-10-18,joana_car465@yahoo.com.br,11966809868,Guarulhos,SP,02542294,True
PES-01372,Bruno Souza Moreira Nunes,86767979945,M,2003-03-23,bruno.nunes887@uol.com.br,11979864846,São Paulo,SP,03974722,False
PES-01373,Otávio Ribeiro Araújo,37992785916,M,1984-09-11,otavioaraujo586@bol.com.br,51987916973,Porto Alegre,RS,96860925,True
PES-01374,Luíza Dias,68652464111,F,1961-01-15,luiza.dias687@gmail.com,11994045499,Santo André,SP,04612564,False
PES-01375,Antônio Costa Assunção,82216568600,M,1975-09-06,antonio.assuncao551@uol.com.br,71966631254,Salvador,BA,48536106,True
PES-01376,Priscila Melo Machado Santos,45236989108,F,1988-02-26,priscila.santos852@hotmail.com,11963781123,São Paulo,SP,01428701,False
PES-01377,César Silva Magalhães Carvalho,02097193897,M,1975-11-27,cesar.carvalho872@gmail.com,11964977028,São Paulo,SP,09378865,True
PES-01378,Sérgio Nunes Mendes,88893734150,M,1979-08-13,sergio.mendes404@bol.com.br,11993237805,São Paulo,SP,06804278,True
PES-01379,Gabriela Freitas Guimarães,12387487672,F,1998-04-25,gabriela_gui365@gmail.com,11976716953,Guarulhos,SP,08999796,True
PES-01380,Sérgio Marques Santos,86469747744,M,1987-01-13,sergio_san187@outlook.com,61995291788,Brasília,DF,75021410,False
PES-01381,Leonardo Andrade Martins,83460286440,M,1968-08-25,leonardomartins365@hotmail.com,21983205909,Rio de Janeiro,RJ,23910401,True
PES-01382,Débora Brandão Gomes Nascimento,58238933293,F,2000-05-15,debora_nas613@bol.com.br,11989948739,São Paulo,SP,05738922,True
PES-01383,Fernanda Martins Silva,77646052558,F,1933-12-31,fernanda.silva70@gmail.com,31990074453,Belo Horizonte,MG,36390173,False
PES-01384,Isabela Mendes Oliveira,50412669480,F,1980-10-09,isabela_oli751@bol.com.br,11962642295,São Paulo,SP,03902648,True
PES-01385,Cláudia Araújo Gomes,28807638789,F,1958-11-11,claudia.gomes809@yahoo.com.br,11964139461,Guarulhos,SP,09395368,True
PES-01386,Bruno Nunes Oliveira,31361034670,M,1993-02-09,bruno_oli237@hotmail.com,61998536757,Brasília,DF,72871434,True
PES-01387,Natália Marques Brandão,19102866994,F,1983-03-29,nataliabrandao738@uol.com.br,11983435704,São Paulo,SP,09996340,False
PES-01388,Cecília Assunção Ferreira,67771062601,F,1971-07-07,cecilia_fer398@uol.com.br,19975932490,Campinas,SP,18588241,False
PES-01389,João Carvalho,89402848363,M,1967-03-12,joao.carvalho991@gmail.com,11995535948,São Paulo,SP,06269417,True
PES-01390,Natália Costa Costa,92192498128,F,1985-09-19,natalia_cos558@outlook.com,62974905965,Goiânia,GO,71152378,False
PES-01391,Paulo Marques,07981445132,M,1982-04-08,paulo.marques773@bol.com.br,31992132301,Belo Horizonte,MG,34899871,True
PES-01392,Cecília Oliveira Ribeiro,86839677788,F,1976-11-03,cecilia_rib759@yahoo.com.br,21997864251,Rio de Janeiro,RJ,27785799,True
PES-01393,André Machado Machado,76791813733,M,1991-04-12,andre.machado962@bol.com.br,11963975120,Guarulhos,SP,01589945,False
PES-01394,Camila Lima Melo,10628702639,F,1992-08-15,camila_mel606@hotmail.com,21989195649,Rio de Janeiro,RJ,26716818,True
PES-01395,Cláudia Marques Assunção,76648111208,F,1975-02-06,claudiaassuncao418@yahoo.com.br,21967175093,Niterói,RJ,24673049,True
PES-01396,Beatriz Conceição Mendes,46892136150,F,1966-10-19,beatrizmendes184@yahoo.com.br,81993718827,Recife,PE,59784334,False
PES-01397,Fernando Rocha Melo,82989197931,M,1983-04-03,fernando_mel378@yahoo.com.br,11993232266,São Paulo,SP,06027463,False
PES-01398,Isabela Gomes Dias,64584300194,F,1944-03-07,isabela_dia570@yahoo.com.br,11988842264,São Paulo,SP,07294325,True
PES-01399,Lúcia Mendes Guimarães,26183019518,F,1973-04-22,luciaguimaraes246@uol.com.br,19987197404,Campinas,SP,19096325,True
PES-01400,Aline Pereira Marques,76283971660,F,1969-03-10,aline_mar286@yahoo.com.br,31985468795,Belo Horizonte,MG,33566889,False
PES-01401,Gabriela Rodrigues Peixoto,36938990611,F,1955-07-07,gabriela.peixoto825@gmail.com,11975691279,São Paulo,SP,01256202,True
PES-01402,Renata Nascimento Alves,69414643729,F,1998-04-20,renataalves839@hotmail.com,31992051914,Belo Horizonte,MG,34793686,True
PES-01403,Débora Guimarães Pereira,23485216011,F,1985-12-03,debora_per89@outlook.com,21960588788,Rio de Janeiro,RJ,23828350,True
PES-01404,Patrícia Pereira Conceição,24588365932,F,1953-09-25,patricia.conceicao195@bol.com.br,11983325010,São Paulo,SP,09397495,False
PES-01405,Priscila Nunes Ferreira,59067746614,F,1977-10-05,priscila.ferreira579@uol.com.br,11997538025,São Paulo,SP,07525852,True
PES-01406,Larissa Gomes Rodrigues Rocha,24341433261,F,1991-06-14,larissa.rocha196@bol.com.br,21961027311,Rio de Janeiro,RJ,26545224,False
PES-01407,César Melo Rocha,85770029269,M,1997-07-08,cesar_roc60@gmail.com,11988891116,São Paulo,SP,09306793,False
PES-01408,Raquel Peixoto,79431369184,F,1968-03-06,raquel_pei636@gmail.com,21976712982,Rio de Janeiro,RJ,29906378,True
PES-01409,João Barbosa Lima,22391060343,M,1986-05-21,joao_lim518@bol.com.br,21964384380,Niterói,RJ,21495673,False
PES-01410,Sérgio Alves,10039589820,M,1979-07-19,sergio.alves168@yahoo.com.br,19968233487,Campinas,SP,18402610,False
PES-01411,Patrícia Andrade,07503908831,F,1987-06-02,patricia_and307@hotmail.com,11970321327,São Paulo,SP,04652002,False
PES-01412,Gustavo Ferreira Andrade Peixoto,44578964892,M,1964-10-21,gustavopeixoto141@yahoo.com.br,51978653048,Porto Alegre,RS,98470415,True
PES-01413,Rafael Araújo,87412146092,M,1998-01-23,rafael.araujo965@outlook.com,21990296530,Rio de Janeiro,RJ,29937806,True
PES-01414,Simone Barbosa,58371193882,F,1954-01-01,simone_bar220@yahoo.com.br,81976614239,Recife,PE,54756434,False
PES-01415,Antônio Nascimento Souza Moreira,92240240768,M,1977-04-28,antonio.moreira224@bol.com.br,71975691331,Salvador,BA,45534504,True
PES-01416,Simone Gomes,55676117303,F,2003-08-28,simone.gomes148@hotmail.com,11993494224,São Paulo,SP,06271472,True
PES-01417,Fábio Rocha Araújo,57990561751,M,1977-11-02,fabio_ara313@outlook.com,21972364620,Rio de Janeiro,RJ,25602845,True
PES-01418,Débora Freitas Costa,73933796946,F,1981-12-01,debora_cos105@outlook.com,48984095154,Florianópolis,SC,82089677,False
PES-01419,Cláudia Rocha Nunes Machado,03695722207,F,1985-11-08,claudiamachado151@outlook.com,71976696340,Salvador,BA,45208229,True
PES-01420,Márcia Alves Peixoto,25815049352,F,1988-10-14,marciapeixoto652@hotmail.com,31990703404,Belo Horizonte,MG,31685730,True
PES-01421,Luís Costa Martins,43069592368,M,1983-02-19,luismartins569@outlook.com,21983451329,Rio de Janeiro,RJ,23350003,False
PES-01422,Wagner Brandão,83990531123,M,1996-05-06,wagner_bra472@hotmail.com,11964084056,São Paulo,SP,03430714,True
PES-01423,Cecília Guimarães,17662703606,F,1972-07-13,cecilia_gui282@uol.com.br,11992944434,Santo André,SP,02851311,False
PES-01424,Tânia Dias Gomes,29405926756,F,1965-09-18,tania.gomes963@bol.com.br,71967932184,Salvador,BA,46535244,True
PES-01425,Márcia Dias Lima Mendes,90090196597,F,1979-10-15,marciamendes699@yahoo.com.br,21968695895,Rio de Janeiro,RJ,24883592,True
PES-01426,Fernando Peixoto,85188840804,M,1982-03-03,fernando_pei762@uol.com.br,11995943955,São Paulo,SP,07885498,False
PES-01427,José Freitas Martins,77808424790,M,1992-08-24,jose_mar96@bol.com.br,51960413503,Porto Alegre,RS,96644978,False
PES-01428,Cláudia Barbosa,13359919645,F,1980-10-30,claudia.barbosa751@bol.com.br,11990886442,São Paulo,SP,09102851,True
PES-01429,Henrique Oliveira Dias,83734413443,M,1983-02-27,henriquedias410@bol.com.br,21998102733,Niterói,RJ,21004932,False
PES-01430,Lúcia Oliveira Souza,87855879587,F,1983-12-24,luciasouza454@outlook.com,11970515990,São Paulo,SP,09937870,False
PES-01431,Larissa Magalhães,30849158494,F,1948-03-24,larissa_mag876@outlook.com,81983094122,Recife,PE,55700927,False
PES-01432,Daniel Machado,36886676628,M,1942-09-30,daniel.machado543@yahoo.com.br,11999212244,São Paulo,SP,07066864,True
PES-01433,José Pereira Gomes,94430377006,M,1993-11-06,josegomes43@gmail.com,11999873867,São Paulo,SP,01406398,True
PES-01434,Caio Marques Pereira,83739053593,M,1985-03-02,caio_per975@yahoo.com.br,41997561648,Curitiba,PR,86107637,True
PES-01435,Lúcia Souza Cardoso,93720467104,F,1995-06-06,lucia.cardoso814@uol.com.br,51975038381,Porto Alegre,RS,91731320,False
PES-01436,Caio Guimarães Ferreira,89268069016,M,1995-10-30,caioferreira356@gmail.com,31998156631,Belo Horizonte,MG,37231464,False
PES-01437,Tânia Peixoto Machado,93786222401,F,1998-10-23,taniamachado731@yahoo.com.br,62980401593,Goiânia,GO,76763939,False
PES-01438,Hélio Souza Melo,68513506885,M,1986-01-27,helio.melo541@hotmail.com,21997502208,Rio de Janeiro,RJ,25957409,False
PES-01439,Júlia Barbosa Ribeiro Andrade,47034812195,F,1982-03-31,juliaandrade837@bol.com.br,11989216087,Santo André,SP,03259766,True
PES-01440,Antônio Freitas Moreira,81992343853,M,1977-03-16,antonio_mor847@outlook.com,31974107549,Belo Horizonte,MG,39822661,False
PES-01441,Vitória Conceição,29388284461,F,1933-12-31,vitoria_con834@gmail.com,11999453262,São Paulo,SP,02376109,False
PES-01442,Cecília Gomes Cardoso,16585523342,F,1997-06-20,cecilia.cardoso249@gmail.com,11980808020,São Paulo,SP,02071536,True
PES-01443,Simone Conceição Melo,97378413364,F,1960-05-28,simone.melo865@bol.com.br,41967177641,Curitiba,PR,81221667,True
PES-01444,Caio Barbosa Marques,83316344705,M,1961-12-28,caio.marques124@gmail.com,31967679112,Belo Horizonte,MG,32863051,True
PES-01445,Thiago Rodrigues Melo,50862233852,M,1983-10-21,thiagomelo617@gmail.com,71966778021,Salvador,BA,44481840,True
PES-01446,Bruno Pereira,96992954814,M,1987-07-31,brunopereira524@uol.com.br,11975777601,Guarulhos,SP,05820093,True
PES-01447,Fábio Costa,10905476255,M,1984-06-18,fabiocosta400@hotmail.com,16999021688,Ribeirão Preto,SP,17626673,True
PES-01448,Larissa Melo Nunes,89208049663,F,1973-03-28,larissa_nun868@bol.com.br,48966563090,Florianópolis,SC,86810686,True
PES-01449,Larissa Oliveira Mendes Barbosa,61600134750,F,1993-04-26,larissabarbosa852@yahoo.com.br,61979979002,Brasília,DF,72689640,False
PES-01450,Caio Costa,16205962616,M,1946-10-11,caiocosta289@hotmail.com,21993236290,Niterói,RJ,23076742,True
PES-01451,Rodrigo Rodrigues Gomes,61903731437,M,1977-01-08,rodrigo.gomes936@gmail.com,32968721237,Juiz de Fora,MG,34750492,False
PES-01452,Camila Moreira,99304466806,F,1944-07-10,camilamoreira573@gmail.com,61980561584,Brasília,DF,76928340,False
PES-01453,Tânia Silva Martins,74055799810,F,1996-08-12,tania_mar620@bol.com.br,11985489257,Guarulhos,SP,01579949,False
PES-01454,Ana Santos Barbosa,19052187533,F,1988-03-14,ana_bar162@gmail.com,31995553073,Belo Horizonte,MG,36891891,False
PES-01455,Bruno Magalhães Cardoso,32520149477,M,1980-10-24,bruno.cardoso110@uol.com.br,41994797095,Curitiba,PR,82444971,False
PES-01456,Fábio Martins Guimarães,08535766960,M,1975-02-08,fabioguimaraes808@yahoo.com.br,31972472169,Belo Horizonte,MG,33267993,False
PES-01457,Débora Araújo Melo Nunes,24777196100,F,1986-05-05,debora.nunes244@outlook.com,21961591712,Rio de Janeiro,RJ,23343363,True
PES-01458,César Barbosa,59349231298,M,1985-10-25,cesar.barbosa132@outlook.com,32982878713,Juiz de Fora,MG,34245365,True
PES-01459,Camila Rocha Peixoto Ferreira,35559567280,F,2005-10-28,camilaferreira975@gmail.com,11995812422,São Paulo,SP,09024289,True
PES-01460,Tânia Barbosa,00369897978,F,1968-08-27,taniabarbosa6@yahoo.com.br,11984915702,São Paulo,SP,07669501,True
PES-01461,Vitória Gomes Melo,43889892078,F,1991-05-23,vitoria.melo267@uol.com.br,11964293801,São Paulo,SP,05671126,False
PES-01462,Camila Guimarães Lima,92206820447,F,1986-12-14,camila.lima688@yahoo.com.br,21977633896,Niterói,RJ,22349761,False
PES-01463,Letícia Ribeiro Dias,75642666274,F,1993-05-25,leticia_dia137@outlook.com,21993499303,Rio de Janeiro,RJ,24893933,False
PES-01464,Fernando Machado Gomes,47799853077,M,1962-03-29,fernando.gomes9@gmail.com,11967508945,São Paulo,SP,06431967,True
PES-01465,Beatriz Magalhães Carvalho,56968384051,F,2001-08-05,beatriz_car293@uol.com.br,21998452509,Rio de Janeiro,RJ,22832500,True
PES-01466,Hélio Alves Ferreira,94460723603,M,1961-04-13,helio.ferreira285@uol.com.br,19993869083,Campinas,SP,14640303,False
PES-01467,Helena Souza,21556448929,F,1984-05-29,helena.souza766@bol.com.br,21990057142,Rio de Janeiro,RJ,22194375,True
PES-01468,Aline Conceição Mendes Santos,43288361450,F,1968-02-11,aline.santos877@yahoo.com.br,11978649298,São Paulo,SP,01027279,False
PES-01469,João Pereira Pereira Dias,67178669004,M,1996-06-21,joao_dia432@yahoo.com.br,11985494704,São Paulo,SP,09503441,True
PES-01470,Wagner Conceição,86645376405,M,1989-05-02,wagnerconceicao404@outlook.com,11995406858,São Paulo,SP,05525786,True
PES-01471,Luís Brandão Araújo,69528675115,M,1980-04-24,luis.araujo184@uol.com.br,61967409416,Brasília,DF,73934041,False
PES-01472,Camila Nascimento Mendes Rodrigues,74160765289,F,1986-06-27,camila_rod650@bol.com.br,41972114623,Curitiba,PR,85592769,True
PES-01473,Henrique Ribeiro Brandão Moreira,56812996947,M,1991-12-29,henrique_mor981@hotmail.com,11974922041,Guarulhos,SP,02918492,False
PES-01474,Renata Lima,36630228030,F,1977-06-07,renata_lim801@outlook.com,11991072926,São Paulo,SP,08094656,False
PES-01475,Mariana Cardoso Carvalho,22209126983,F,1975-11-18,mariana_car54@outlook.com,11995655710,São Paulo,SP,06061542,True
PES-01476,Renata Melo,94780296064,F,1946-07-29,renatamelo615@outlook.com,11998389903,São Paulo,SP,07659140,True
PES-01477,Isabela Costa Santos,73649377900,F,1982-04-03,isabelasantos691@yahoo.com.br,11995153125,Santo André,SP,07242800,False
PES-01478,Sônia Cardoso Guimarães,25418963287,F,1972-09-08,sonia_gui943@outlook.com,51963815794,Porto Alegre,RS,97909907,False
PES-01479,Mariana Souza Cardoso,36071151090,F,1982-12-05,mariana.cardoso218@hotmail.com,41965534912,Curitiba,PR,88773695,True
PES-01480,Mariana Magalhães Moreira Costa,55261834406,F,2000-05-09,mariana_cos95@outlook.com,41989649689,Curitiba,PR,87013056,False
PES-01481,Júlia Alves,04056167591,F,1951-09-11,julia_alv931@bol.com.br,11994903479,São Paulo,SP,06626226,True
PES-01482,Sérgio Costa,02427804908,M,1988-02-08,sergiocosta887@yahoo.com.br,21976188442,Niterói,RJ,23985366,True
PES-01483,Márcia Cardoso Peixoto,83229218450,F,1986-12-26,marcia.peixoto925@outlook.com,21981478570,Rio de Janeiro,RJ,29734067,True
PES-01484,Raquel Martins Guimarães,92959726006,F,1987-06-27,raquel_gui911@bol.com.br,32994664364,Juiz de Fora,MG,34269689,False
PES-01485,Gabriela Gomes Machado,15690828556,F,1985-12-16,gabriela.machado139@bol.com.br,11993961133,São Paulo,SP,06192889,False
PES-01486,Priscila Nunes Cardoso Santos,54733771738,F,1977-03-04,priscilasantos778@outlook.com,48968264782,Florianópolis,SC,83392494,True
PES-01487,João Cardoso Rodrigues,43804885861,M,1988-09-09,joao.rodrigues55@uol.com.br,51979087308,Porto Alegre,RS,99304565,False
PES-01488,Priscila Ferreira Machado,80547235712,F,1992-05-13,priscilamachado893@uol.com.br,21975788849,Niterói,RJ,28944642,False
PES-01489,Simone Brandão,72554973571,F,1964-04-29,simonebrandao642@hotmail.com,21997009394,Rio de Janeiro,RJ,28746100,True
PES-01490,Renata Guimarães Dias,28210509250,F,1975-11-25,renata_dia894@yahoo.com.br,62994239166,Goiânia,GO,74740158,True
PES-01491,Paulo Gomes,79351556310,M,1997-03-28,paulo_gom899@outlook.com,31973672252,Belo Horizonte,MG,33522446,False
PES-01492,Henrique Araújo,06561245121,M,1934-05-11,henrique_ara939@uol.com.br,51984896021,Porto Alegre,RS,99702552,False
PES-01493,Simone Pereira Peixoto,68373673237,F,2000-04-12,simonepeixoto998@bol.com.br,71971052497,Salvador,BA,44454808,True
PES-01494,Daniel Nascimento Costa,74945078688,M,1945-07-18,daniel.costa22@hotmail.com,21986553001,Rio de Janeiro,RJ,24365582,True
PES-01495,Beatriz Moreira Brandão Peixoto,48924313975,F,1986-08-08,beatriz_pei591@hotmail.com,41996994659,Curitiba,PR,81537853,True
PES-01496,Ana Brandão Melo,67726673281,F,1982-11-20,anamelo224@gmail.com,11987991761,São Paulo,SP,09454472,False
PES-01497,Gustavo Barbosa Andrade,43923531419,M,1950-01-20,gustavo_and308@bol.com.br,51961938883,Porto Alegre,RS,93053308,True
PES-01498,Wagner Peixoto Lima,83430011256,M,1990-06-06,wagner.lima100@uol.com.br,11985022266,São Paulo,SP,04354775,False
PES-01499,Thiago Barbosa Conceição,90233365699,M,1996-11-12,thiago_con482@gmail.com,21962939156,Rio de Janeiro,RJ,27049712,False
PES-01500,Luíza Melo Andrade,55884887418,F,1969-04-04,luizaandrade354@hotmail.com,11969551555,Santo André,SP,01942305,False
PES-01501,Márcia Andrade Dias,57720824008,F,1967-01-30,marcia_dia453@uol.com.br,41982439502,Curitiba,PR,85896658,True
PES-01502,Leonardo Brandão Lima,58749363948,M,2002-01-23,leonardo_lim765@yahoo.com.br,11987355173,São Paulo,SP,08780297,True
PES-01503,Cecília Carvalho Araújo,87135116704,F,1991-12-21,cecilia_ara752@yahoo.com.br,11998434759,São Paulo,SP,06757106,True
PES-01504,Sérgio Magalhães,04400531023,M,2002-02-13,sergio.magalhaes756@bol.com.br,11966104017,Santo André,SP,08269845,False
PES-01505,Sônia Ferreira Ferreira,24075541754,F,1952-12-26,soniaferreira259@gmail.com,11993233877,São Paulo,SP,02374820,False
PES-01506,Leonardo Assunção Silva,19801124873,M,1974-08-08,leonardo.silva933@outlook.com,32978983017,Juiz de Fora,MG,32622325,False
PES-01507,Thiago Santos Lima,19800563741,M,1958-09-04,thiago.lima51@gmail.com,21974946349,Rio de Janeiro,RJ,24634817,False
PES-01508,Cláudia Silva,42438576600,F,1971-01-02,claudia.silva278@outlook.com,11963959776,Santo André,SP,08441672,True
PES-01509,Sônia Melo Rocha,24238274156,F,1990-01-13,soniarocha17@uol.com.br,71985865141,Salvador,BA,42435972,False
PES-01510,Otávio Ferreira,54050625709,M,2006-04-06,sonia_mac374@outlook.com,62985447101,Goiânia,GO,77548906,False
PES-01511,João Gomes Moreira,10760539391,M,1985-05-03,joao_mor992@yahoo.com.br,19972358183,Campinas,SP,13189365,True
PES-01512,César Brandão Mendes Souza,70799422258,M,1999-01-31,cesar_sou349@yahoo.com.br,32972529944,Juiz de Fora,MG,32714688,False
PES-01513,Patrícia Freitas Rodrigues,82291813900,F,1988-11-02,patricia_rod499@outlook.com,11981512069,São Paulo,SP,08569604,True
PES-01514,Helena Lima Pereira Conceição,14927917177,F,1946-05-08,helena.conceicao66@yahoo.com.br,11974133605,São Paulo,SP,08878684,False
PES-01515,Fernanda Martins Alves,35875129069,F,1994-10-05,fernanda_alv430@yahoo.com.br,11998914824,São Paulo,SP,01036338,True
PES-01516,Simone Rocha Melo Ribeiro,04925892088,F,1983-01-02,simone.ribeiro214@yahoo.com.br,11969332202,Guarulhos,SP,03782742,True
PES-01517,Marcelo Lima,58548280220,M,1978-03-13,marcelo_lim357@hotmail.com,11993516431,São Paulo,SP,05303927,False
PES-01518,Júlia Freitas Souza,78458429071,F,1942-03-09,juliasouza366@hotmail.com,81980251646,Recife,PE,56758353,False
PES-01519,Isabela Marques Andrade,40620952202,F,1964-06-19,isabela.andrade30@bol.com.br,62972768132,Goiânia,GO,75400329,False
PES-01520,Caio Martins Freitas,81672430526,M,1958-07-08,caio.freitas110@outlook.com,11994663193,São Paulo,SP,07747247,True
PES-01521,Henrique Ribeiro,60571302009,M,1990-10-15,henrique_rib815@bol.com.br,48985334882,Florianópolis,SC,88941844,False
PES-01522,Larissa Brandão Oliveira,72102460886,F,1984-07-14,larissa_oli614@uol.com.br,11985245795,São Paulo,SP,02325999,False
PES-01523,Mariana Peixoto Cardoso,88917883095,F,1992-12-08,marianacardoso295@gmail.com,11972587934,Santo André,SP,03116828,True
PES-01524,Márcia Machado Pereira,95103211416,F,1996-06-21,marciapereira804@hotmail.com,11963728047,São Paulo,SP,09871442,True
PES-01525,Antônio Lima Moreira,11534152830,M,2001-02-04,antonio.moreira690@uol.com.br,62964094022,Goiânia,GO,74961729,True
PES-01526,Joana Ribeiro Brandão,23571786041,F,2001-12-22,joana_bra826@hotmail.com,31992981475,Belo Horizonte,MG,39353689,True
PES-01527,Paulo Rodrigues,71235406202,M,1955-05-24,paulorodrigues181@bol.com.br,21964661771,Rio de Janeiro,RJ,21219228,True
PES-01528,Lúcia Souza Oliveira,68322143087,F,1966-03-16,lucia.oliveira389@bol.com.br,11979889839,São Paulo,SP,06398941,False
PES-01529,Ana Machado,37104100377,F,1997-04-30,ana_mac693@outlook.com,11993634038,São Paulo,SP,09875961,False
PES-01530,Débora Dias,81013631579,F,1968-08-09,debora_dia640@gmail.com,11997908159,São Paulo,SP,05866502,True
PES-01531,Isabela Guimarães,05590986850,F,1987-10-06,isabelaguimaraes623@hotmail.com,11965277774,São Paulo,SP,03844191,False
PES-01532,Camila Cardoso,26791364971,F,1990-04-18,camila.cardoso296@gmail.com,51969246181,Porto Alegre,RS,95277844,True
PES-01533,Luís Gomes Brandão,93153909385,M,1999-07-02,luisbrandao686@gmail.com,11988934470,São Paulo,SP,05442002,False
PES-01534,João Dias Conceição,60707103630,M,1994-02-16,joaoconceicao865@bol.com.br,48986254747,Florianópolis,SC,87786448,False
PES-01535,Beatriz Souza Cardoso,49447312560,F,1957-07-22,beatriz.cardoso991@outlook.com,11965676399,São Paulo,SP,09797324,False
PES-01536,Paulo Souza,00231957971,M,1950-08-05,paulosouza669@gmail.com,21980063299,Rio de Janeiro,RJ,23629598,False
PES-01537,Natália Nascimento Nunes Cardoso,21009239430,F,1983-11-07,natalia_car526@outlook.com,71970241991,Salvador,BA,47612204,True
PES-01538,Fábio Alves Peixoto,69576578256,M,1975-02-14,fabiopeixoto981@uol.com.br,41983249324,Curitiba,PR,89290305,True
PES-01539,Lucas Barbosa,69131966012,M,1997-12-27,lucasbarbosa384@outlook.com,51961202854,Porto Alegre,RS,98849333,True
PES-01540,Renata Oliveira Lima Lima,91125889977,F,1979-10-31,renata_lim706@uol.com.br,11970438606,São Paulo,SP,04726503,True
PES-01541,Priscila Conceição Nunes,79131845584,F,1957-09-05,priscila_nun737@hotmail.com,21994104592,Niterói,RJ,28425858,True
PES-01542,Joana Araújo Freitas,40165760249,F,1939-07-23,joana.freitas40@yahoo.com.br,41968698355,Curitiba,PR,84394082,True
PES-01543,Mateus Barbosa Araújo,39188371905,M,1969-02-14,mateus_ara372@gmail.com,11962576732,São Paulo,SP,06312445,True
PES-01544,Vinícius Pereira Peixoto Brandão,82493300130,M,1957-06-03,vinicius.brandao154@bol.com.br,32979684518,Juiz de Fora,MG,33327431,False
PES-01545,Antônio Nunes Nascimento Machado,52619205310,M,1981-12-02,antonio.machado607@yahoo.com.br,61996643449,Brasília,DF,75498859,True
PES-01546,Cláudia Souza Oliveira,82972372069,F,1973-05-02,claudiaoliveira342@uol.com.br,41974075075,Curitiba,PR,89242844,True
PES-01547,Sérgio Silva Andrade Nunes,92879292620,M,1990-08-03,sergio.nunes550@outlook.com,16986016127,Ribeirão Preto,SP,11322701,False
PES-01548,Natália Machado Ferreira,72850581577,F,1988-01-28,natalia.ferreira474@bol.com.br,11965248682,São Paulo,SP,02492743,True
PES-01549,Daniel Carvalho,85659034438,M,1951-01-14,danielcarvalho695@hotmail.com,21992666847,Niterói,RJ,25317679,True
PES-01550,Cecília Assunção Santos,94005239200,F,1999-06-24,ceciliasantos390@outlook.com,62966568723,Goiânia,GO,71011470,False
PES-01551,Isabela Assunção,37495940743,F,1963-08-27,isabela_ass649@gmail.com,19974647718,Campinas,SP,16481420,False
PES-01552,Fernanda Martins Assunção Nascimento,47632017607,F,1987-02-27,fernanda_nas630@yahoo.com.br,48996842587,Florianópolis,SC,84112089,True
PES-01553,Daniel Santos,58831776622,M,1988-10-19,daniel.santos201@bol.com.br,11993884102,São Paulo,SP,01691330,False
PES-01554,Sônia Costa Andrade,46281130502,F,1985-02-09,sonia_and828@uol.com.br,11990611993,Guarulhos,SP,06805013,True
PES-01555,Priscila Araújo,22618034511,F,1962-08-11,priscila.araujo179@bol.com.br,11998666691,São Paulo,SP,04249308,False
PES-01556,Fernanda Guimarães Martins,43061235299,F,1990-12-28,fernandamartins135@yahoo.com.br,11986421331,São Paulo,SP,03446212,True
PES-01557,Isabela Barbosa Gomes,11507975767,F,1957-07-08,isabela.gomes462@uol.com.br,51995988439,Porto Alegre,RS,91438682,True
PES-01558,Isabela Marques,17549859558,F,1982-02-25,isabelamarques75@bol.com.br,11964738891,Guarulhos,SP,01643354,True
PES-01559,Vitória Rocha Andrade,56152794358,F,1978-09-10,vitoriaandrade943@outlook.com,11981023453,São Paulo,SP,09904925,True
PES-01560,Rafael Souza Ribeiro,39265478128,M,1985-11-27,rafael_rib937@hotmail.com,31981017407,Belo Horizonte,MG,35194140,True
PES-01561,João Alves,17721923760,M,1978-04-01,joao.alves400@outlook.com,11990055678,São Paulo,SP,03458268,True
PES-01562,Cláudia Mendes Alves,85867926753,F,1987-11-07,claudia.alves560@gmail.com,21975708622,Rio de Janeiro,RJ,22467816,False
PES-01563,Aline Nunes,87470790969,F,1999-11-01,aline_nun475@outlook.com,11988936757,Santo André,SP,04331332,True
PES-01564,Joana Brandão Alves,77612682745,F,1993-09-10,joanaalves700@uol.com.br,11968264259,São Paulo,SP,01202946,False
PES-01565,José Martins,60491182996,M,1962-07-17,jose.martins802@yahoo.com.br,11998302019,Guarulhos,SP,06317642,False
PES-01566,Daniel Freitas Marques,41120022207,M,1965-08-23,daniel_mar176@yahoo.com.br,11977922727,São Paulo,SP,08157444,False
PES-01567,Ana Araújo,11448927838,F,1977-11-20,ana_ara756@outlook.com,19961429166,Campinas,SP,14223652,True
PES-01568,Sônia Freitas Brandão,51017041644,F,1969-09-29,sonia_bra222@bol.com.br,11965016019,Guarulhos,SP,07203198,False
PES-01569,Cecília Ribeiro Alves,27905638537,F,1987-01-30,ceciliaalves828@bol.com.br,11969177304,São Paulo,SP,05468349,False
PES-01570,Leonardo Machado Martins,18222601083,M,1996-05-01,leonardo_mar148@outlook.com,51992679569,Porto Alegre,RS,92342231,True
PES-01571,Rodrigo Peixoto Ferreira Dias,47174505740,M,1987-11-27,rodrigo.dias127@yahoo.com.br,11989467692,São Paulo,SP,06678324,True
PES-01572,Márcia Magalhães Peixoto,58973694960,F,1984-01-16,marcia_pei220@yahoo.com.br,51981951249,Porto Alegre,RS,92103736,True
PES-01573,Paulo Assunção Martins,16638171038,M,1988-11-06,paulo_mar146@bol.com.br,21964785396,Rio de Janeiro,RJ,28458266,True
PES-01574,Fernando Brandão Moreira,87228370007,M,1989-01-16,fernando.moreira997@yahoo.com.br,31994646464,Belo Horizonte,MG,38574131,True
PES-01575,Luís Dias Silva,22556071150,M,1985-01-17,luis_sil622@uol.com.br,19967194075,Campinas,SP,13686339,True
PES-01576,Aline Mendes,63724719817,F,1959-02-28,aline_men991@bol.com.br,21971588800,Rio de Janeiro,RJ,26364843,True
PES-01577,Antônio Gomes,70718096665,M,2001-01-12,antoniogomes897@outlook.com,51964597684,Porto Alegre,RS,91009060,False
PES-01578,Cecília Mendes Machado,65659089828,F,1933-12-31,ceciliamachado490@gmail.com,71998258211,Salvador,BA,43164752,False
PES-01579,Raquel Martins Silva Santos,11752847261,F,1970-05-10,raquel_san849@outlook.com,41982758479,Curitiba,PR,87827433,True
PES-01580,Rodrigo Costa,57632074830,M,2000-10-20,rodrigo.costa854@hotmail.com,11971692059,São Paulo,SP,08786038,False
PES-01581,Fernanda Guimarães,34149218986,F,1979-09-12,fernanda_gui221@outlook.com,16967992406,Ribeirão Preto,SP,17920633,True
PES-01582,Vitória Brandão Araújo,10684919656,F,1974-06-29,vitoria.araujo192@gmail.com,31992048431,Belo Horizonte,MG,36122797,True
PES-01583,Helena Silva Melo,12233922794,F,1979-08-19,helena.melo724@bol.com.br,11968621298,Santo André,SP,05372417,True
PES-01584,Otávio Ferreira,39912133382,M,1972-03-04,otavio.ferreira627@hotmail.com,11975667192,São Paulo,SP,05284922,True
PES-01585,Júlia Conceição Cardoso Nascimento,90000540366,F,2001-12-04,julia_nas28@yahoo.com.br,31978395329,Belo Horizonte,MG,33059415,True
PES-01586,Eduardo Guimarães,65796183702,M,1990-02-17,eduardoguimaraes336@yahoo.com.br,11966379406,São Paulo,SP,05452343,True
PES-01587,Gabriela Moreira Gomes,12995027767,F,1989-01-08,gabriela.gomes675@yahoo.com.br,19997667543,Campinas,SP,15488260,True
PES-01588,Joana Guimarães Andrade,20912104120,F,1968-12-15,joana.andrade597@bol.com.br,11976108809,Santo André,SP,07334690,True
PES-01589,Fábio Machado Gomes,86161121891,M,1997-05-31,fabiogomes596@uol.com.br,11962339327,São Paulo,SP,03698206,False
PES-01590,Paulo Lima Guimarães,44520879906,M,1955-05-11,paulo.guimaraes250@hotmail.com,11986832652,São Paulo,SP,08727810,False
PES-01591,Rodrigo Andrade,70066967473,M,1983-08-03,rodrigoandrade281@hotmail.com,11992806848,São Paulo,SP,06263403,True
PES-01592,Sérgio Nascimento Lima,97779824373,M,1989-11-15,sergio_lim545@gmail.com,21989905867,Rio de Janeiro,RJ,23304797,True
PES-01593,Vitória Guimarães Melo,51806428172,F,1994-03-22,vitoria.melo203@yahoo.com.br,21973441942,Niterói,RJ,22851317,False
PES-01594,Letícia Silva Gomes,23385721229,F,1984-09-15,leticia.gomes223@uol.com.br,11965764754,São Paulo,SP,03050579,False
PES-01595,Beatriz Nunes Dias,76528069506,F,1992-09-14,beatriz.dias171@hotmail.com,11988137284,Santo André,SP,03786323,False
PES-01596,Lucas Melo,21150309903,M,1972-02-19,lucas.melo274@outlook.com,31983639609,Belo Horizonte,MG,38634214,True
PES-01597,Isabela Nunes Brandão Alves,67558479339,F,1945-07-25,isabelaalves316@uol.com.br,11974837248,Santo André,SP,06016946,True
PES-01598,Vitória Nunes Rocha,07218375065,F,1977-06-02,vitoriarocha902@hotmail.com,81970755216,Recife,PE,59118911,True
PES-01599,Priscila Melo Alves,39076824401,F,1964-04-13,priscila.alves593@gmail.com,32977353211,Juiz de Fora,MG,35341094,True
PES-01600,Leonardo Santos Peixoto Pereira,57742250896,M,1988-03-06,leonardo_per762@hotmail.com,21962636300,Rio de Janeiro,RJ,24056552,True
PES-01601,Paulo Souza Nascimento,48720960964,M,1943-11-22,paulonascimento371@outlook.com,51983785291,Porto Alegre,RS,97414418,False
PES-01602,Fernanda Costa Conceição,78803091874,F,2007-01-12,fernandaconceicao923@uol.com.br,19994351159,Campinas,SP,18863795,True
PES-01603,Simone Freitas Moreira,18402214703,F,1957-01-18,simone_mor896@hotmail.com,11988283743,São Paulo,SP,01113016,True
PES-01604,Patrícia Mendes Magalhães,68925558530,F,1983-11-06,patricia.magalhaes363@hotmail.com,48987964380,Florianópolis,SC,83589142,True
PES-01605,Marcelo Oliveira Rocha Oliveira,76819874600,M,1970-05-18,marcelo_oli106@hotmail.com,32975702244,Juiz de Fora,MG,35930936,False
PES-01606,Wagner Machado Magalhães,45406567080,M,1970-11-23,wagnermagalhaes807@hotmail.com,16997699525,Ribeirão Preto,SP,14214614,False
PES-01607,Rodrigo Melo Ferreira Costa,65020656003,M,1948-01-27,rodrigo_cos520@yahoo.com.br,21974254889,Rio de Janeiro,RJ,28142518,False
PES-01608,Mateus Nascimento Machado,74061767089,M,1986-02-03,mateus_mac281@bol.com.br,11996976419,São Paulo,SP,02287992,True
PES-01609,Ana Oliveira Silva,73559489890,F,1997-04-05,ana.silva169@uol.com.br,71968321942,Salvador,BA,44738106,True
PES-01610,Renata Carvalho Silva,76540322690,F,1974-05-26,renata_sil381@uol.com.br,11993974877,São Paulo,SP,08004709,True
PES-01611,Lucas Brandão,71374680397,M,1972-03-29,lucas_bra328@uol.com.br,71966936526,Salvador,BA,41449154,True
PES-01612,Tânia Costa Nunes,01932108432,F,2000-09-07,tania_nun853@bol.com.br,31970294228,Belo Horizonte,MG,39955906,False
PES-01613,Simone Pereira Rocha,41523268166,F,1992-05-23,simonerocha109@uol.com.br,11984273293,Guarulhos,SP,09301896,True
PES-01614,Cecília Peixoto,71543562000,F,1990-11-29,ceciliapeixoto276@yahoo.com.br,11988223948,São Paulo,SP,08543102,False
PES-01615,Sônia Dias Oliveira Araújo,38347169284,F,1982-12-03,soniaaraujo139@outlook.com,41991141040,Curitiba,PR,88214356,False
PES-01616,Ana Martins Rodrigues,53891392672,F,1966-03-24,ana.rodrigues14@outlook.com,81962256876,Recife,PE,57716890,True
PES-01617,Lúcia Silva,62344140603,F,1977-07-06,lucia_sil967@hotmail.com,11965721744,Santo André,SP,07109710,True
PES-01618,Antônio Souza Pereira Nascimento,12846216002,M,1992-11-01,antonio_nas121@gmail.com,11994094865,São Paulo,SP,01183471,True
PES-01619,Sérgio Nunes Melo Souza,53432357192,M,1983-11-13,sergio.souza90@yahoo.com.br,41990029224,Curitiba,PR,87782055,True
PES-01620,Wagner Peixoto,84798624241,M,1983-08-01,wagnerpeixoto458@hotmail.com,11998957220,São Paulo,SP,04789877,False
PES-01621,Luíza Oliveira Nunes,37674687279,F,1980-11-03,luiza_nun94@uol.com.br,21985725669,Niterói,RJ,22165292,True
PES-01622,Cecília Lima Magalhães Pereira,46981290952,F,1972-10-09,cecilia.pereira247@bol.com.br,21962822956,Niterói,RJ,24155121,True
PES-01623,Luís Rodrigues Alves,22350566447,M,1987-04-24,luisalves360@bol.com.br,81986906673,Recife,PE,53909830,True
PES-01624,Camila Melo Costa,97897521214,F,1966-01-19,camila_cos647@outlook.com,51973483220,Porto Alegre,RS,96362635,True
PES-01625,Luíza Guimarães Costa,24296853104,F,1933-12-31,luizacosta227@hotmail.com,21967998891,Rio de Janeiro,RJ,21879594,False
PES-01626,Rodrigo Martins,20164958045,M,2001-08-26,rodrigo_mar797@outlook.com,41997635400,Curitiba,PR,83391557,True
PES-01627,Beatriz Silva,53726057315,F,1967-06-30,beatriz.silva298@yahoo.com.br,11981241464,São Paulo,SP,04527987,True
PES-01628,Renata Santos Martins,41243331534,F,1965-08-16,renata_mar459@gmail.com,31974924070,Belo Horizonte,MG,37995181,False
PES-01629,Tânia Moreira Pereira,66664390230,F,1994-06-30,tania_per7@bol.com.br,21963582268,Rio de Janeiro,RJ,27141880,True
PES-01630,Camila Silva,83679526776,F,1997-07-19,camilasilva960@gmail.com,31972458568,Belo Horizonte,MG,32963791,True
PES-01631,Sérgio Freitas Silva,05332967306,M,1948-11-17,sergiosilva552@uol.com.br,11996927297,São Paulo,SP,05081435,True
PES-01632,Márcia Pereira Moreira,69548700808,F,1967-07-22,marcia_mor516@uol.com.br,11976394410,Santo André,SP,06185576,False
PES-01633,Cláudia Souza,56076363568,F,1970-12-03,claudia.souza643@uol.com.br,62978007869,Goiânia,GO,72191708,False
PES-01634,Patrícia Moreira Dias,46725815197,F,1986-03-06,patricia.dias856@gmail.com,11981648279,São Paulo,SP,05611423,True
PES-01635,Isabela Araújo,98845213366,F,1987-08-20,isabela_ara3@yahoo.com.br,21992119310,Rio de Janeiro,RJ,26971868,False
PES-01636,César Dias Rocha,31804087823,M,1974-01-06,cesar.rocha524@gmail.com,11968011361,São Paulo,SP,07129414,True
PES-01637,Fernando Costa Marques,85291114940,M,1987-03-06,fernandomarques185@bol.com.br,11979968764,São Paulo,SP,04921088,True
PES-01638,Fernanda Costa,16094428730,F,1956-03-05,fernanda.costa691@bol.com.br,11994126026,São Paulo,SP,01082043,True
PES-01639,Bruno Nunes Guimarães,19098677649,M,2000-11-13,bruno_gui368@bol.com.br,21961851289,Rio de Janeiro,RJ,28272075,True
PES-01640,Vinícius Nunes Rocha,45490152842,M,1964-08-13,viniciusrocha232@uol.com.br,61969371280,Brasília,DF,74844700,True
PES-01641,Antônio Assunção Melo,78070557230,M,1981-04-25,antoniomelo369@gmail.com,11983026619,São Paulo,SP,07677429,False
PES-01642,Márcio Santos,63628883911,M,1991-01-27,marcio_san978@hotmail.com,41990781662,Curitiba,PR,86441248,True
PES-01643,Luíza Mendes Brandão,69405800779,F,1985-12-13,luizabrandao294@bol.com.br,31977184093,Belo Horizonte,MG,38746595,True
PES-01644,Raquel Santos Cardoso,15704223389,F,1983-02-26,raquelcardoso769@hotmail.com,81966936704,Recife,PE,59321088,True
PES-01645,Cláudia Mendes Santos Marques,55096943607,F,1971-05-28,claudia.marques752@uol.com.br,71962007733,Salvador,BA,43953843,False
PES-01646,Sérgio Ferreira Marques,06525368839,M,1986-08-23,sergio.marques369@uol.com.br,19972118445,Campinas,SP,19361065,True
PES-01647,Sérgio Mendes Machado,92897454520,M,1947-02-24,sergio_mac819@gmail.com,31979349322,Belo Horizonte,MG,37432693,False
PES-01648,Wagner Machado Nunes,45946731637,M,1978-06-05,wagner_nun361@bol.com.br,21974801401,Rio de Janeiro,RJ,26337602,True
PES-01649,André Santos,19570309920,M,1972-10-26,andresantos346@bol.com.br,21967195604,Rio de Janeiro,RJ,24730534,False
PES-01650,Isabela Mendes Alves,06195618586,F,1973-05-29,isabela_alv592@gmail.com,11968295340,São Paulo,SP,04951410,True
PES-01651,Helena Brandão Rodrigues,13682352120,F,1977-09-10,helena.rodrigues830@outlook.com,16975907473,Ribeirão Preto,SP,14116337,False
PES-01652,Thiago Machado Melo,66323367289,M,1974-06-26,thiago_mel215@outlook.com,51968435750,Porto Alegre,RS,96161056,False
PES-01653,Cláudia Cardoso Souza Oliveira,85353996909,F,1990-08-24,claudia_oli541@yahoo.com.br,11993477612,São Paulo,SP,02357366,False
PES-01654,Márcio Oliveira Peixoto Alves,60891223860,M,1967-08-25,marcioalves756@bol.com.br,11991425094,São Paulo,SP,05007101,True
PES-01655,Antônio Cardoso Ribeiro,45494201546,M,1976-11-04,antonioribeiro251@hotmail.com,61966968252,Brasília,DF,78894553,False
PES-01656,Eduardo Oliveira,11500918946,M,2002-08-26,eduardo.oliveira901@uol.com.br,81966702279,Recife,PE,54290004,False
PES-01657,Rafael Assunção Brandão Brandão,20128865407,M,1982-05-04,rafael_bra847@yahoo.com.br,31989793884,Belo Horizonte,MG,37042578,False
PES-01658,César Silva Andrade,39697873275,M,1998-04-27,cesar_and685@uol.com.br,51987254300,Porto Alegre,RS,95657838,True
PES-01659,Vitória Araújo Machado,56180024502,F,1983-08-07,vitoria_mac163@outlook.com,31975984345,Belo Horizonte,MG,38981110,True
PES-01660,Luíza Silva Pereira,81737052326,F,1980-08-16,luiza.pereira116@bol.com.br,41975999776,Curitiba,PR,85470571,False
PES-01661,Bruno Costa Ferreira Cardoso,07684403940,M,1987-07-03,brunocardoso4@bol.com.br,11990746703,São Paulo,SP,02998963,True
PES-01662,Mariana Guimarães,40061890014,F,1978-08-02,mariana_gui925@gmail.com,81963813793,Recife,PE,51080640,True
PES-01663,Sérgio Freitas Rocha Costa,01467360368,M,1975-06-22,sergio_cos742@outlook.com,21980028872,Rio de Janeiro,RJ,23881306,True
PES-01664,Vinícius Barbosa Souza Ribeiro,86605194187,M,1957-09-08,vinicius_rib974@uol.com.br,21976709597,Rio de Janeiro,RJ,28221670,True
PES-01665,Fábio Moreira Magalhães,48266617970,M,1974-06-22,fabio.magalhaes255@uol.com.br,21984833353,Rio de Janeiro,RJ,21595563,True
PES-01666,Débora Nascimento,44841290940,F,1989-08-16,debora_nas911@bol.com.br,48994278891,Florianópolis,SC,85158507,False
PES-01667,Joana Freitas Ferreira Pereira,84297765160,F,1981-12-04,joanapereira90@uol.com.br,11985808830,São Paulo,SP,04050269,False
PES-01668,Cláudia Ribeiro,41939644852,F,1975-08-25,claudiaribeiro519@yahoo.com.br,32965404955,Juiz de Fora,MG,37595798,True
PES-01669,José Nunes Freitas,84472789213,M,1988-02-14,jose_fre127@gmail.com,71963108817,Salvador,BA,49689006,False
PES-01670,Cecília Freitas Santos,22367146292,F,1975-10-08,cecilia_san716@uol.com.br,11967914130,São Paulo,SP,01302527,False
PES-01671,Isabela Magalhães,04801867235,F,1986-02-02,isabelamagalhaes896@bol.com.br,31977809569,Belo Horizonte,MG,38722567,False
PES-01672,Mariana Machado,29103552098,F,1967-05-09,mariana_mac51@hotmail.com,31962522089,Belo Horizonte,MG,37091524,True
PES-01673,Cláudia Silva Araújo Costa,01335364404,F,2005-01-07,claudia.costa785@outlook.com,32978775282,Juiz de Fora,MG,32373478,False
PES-01674,César Moreira,12028242779,M,1951-05-31,cesar_mor292@bol.com.br,11981563863,São Paulo,SP,01643780,False
PES-01675,Isabela Melo,42394393963,F,1992-01-10,isabelamelo6@outlook.com,21970516295,Rio de Janeiro,RJ,21471779,False
PES-01676,Marcelo Nunes Ribeiro Martins,31263037658,M,1993-03-20,marcelo_mar884@gmail.com,81978659514,Recife,PE,51937799,True
PES-01677,Fernanda Silva,78653359206,F,1980-01-06,fernanda.silva505@hotmail.com,21982082280,Niterói,RJ,26275434,False
PES-01678,Fábio Melo,48596460535,M,1978-01-23,fabiomelo417@hotmail.com,71961972451,Salvador,BA,48465326,True
PES-01679,João Barbosa Melo,10196868807,M,1975-10-15,joao_mel6@uol.com.br,32997005458,Juiz de Fora,MG,31281075,False
PES-01680,Caio Melo Peixoto,00481154442,M,1988-11-10,caiopeixoto284@outlook.com,41996552212,Curitiba,PR,83270849,False
PES-01681,Gustavo Guimarães,32536007693,M,1951-04-05,gustavoguimaraes808@hotmail.com,11987982345,São Paulo,SP,09530836,True
PES-01682,Raquel Alves,42105683339,F,1958-08-13,raquel_alv774@outlook.com,62976978293,Goiânia,GO,74067921,True
PES-01683,Thiago Machado Barbosa Alves,15739351669,M,1969-10-22,thiagoalves46@hotmail.com,61962039110,Brasília,DF,79580773,True
PES-01684,Fernanda Lima Melo,39720521708,F,1985-12-20,fernanda_mel207@hotmail.com,11986284925,São Paulo,SP,04299720,True
PES-01685,Eduardo Alves Assunção,89968400840,M,1954-07-11,eduardo.assuncao723@yahoo.com.br,71967311942,Salvador,BA,41266992,False
PES-01686,Thiago Ferreira,45080297956,M,1995-11-15,thiagoferreira352@outlook.com,51973788339,Porto Alegre,RS,93958491,True
PES-01687,Luís Ferreira Andrade Andrade,24863719159,M,1988-09-18,luis.andrade50@yahoo.com.br,31967839483,Belo Horizonte,MG,31292771,False
PES-01688,Wagner Conceição,49844204569,M,1999-04-18,wagner.conceicao277@uol.com.br,71993246123,Salvador,BA,45610528,True
PES-01689,Otávio Martins Rodrigues,55697235445,M,1971-11-19,otavio.rodrigues870@outlook.com,11963449519,São Paulo,SP,03350758,False
PES-01690,Gabriela Araújo,06706140929,F,1996-08-17,gabriela.araujo842@outlook.com,62966232320,Goiânia,GO,72377073,False
PES-01691,Beatriz Guimarães Gomes Machado,68589861970,F,1987-10-29,beatriz_mac943@hotmail.com,11984374292,São Paulo,SP,02426603,False
PES-01692,Henrique Santos Peixoto,31570731764,M,2001-09-03,henriquepeixoto906@yahoo.com.br,31983673539,Belo Horizonte,MG,39406289,True
PES-01693,Gabriela Conceição Lima,10845398881,F,1993-09-29,gabriela.lima179@hotmail.com,11972204525,Santo André,SP,05222389,False
PES-01694,Beatriz Santos Barbosa,37237315382,F,1997-04-30,beatriz.barbosa702@hotmail.com,11968185726,São Paulo,SP,05045156,True
PES-01695,Lúcia Santos Martins Pereira,59467092085,F,1982-11-04,lucia_per478@hotmail.com,11981807554,São Paulo,SP,06695440,False
PES-01696,Cecília Peixoto Magalhães Costa,80429842007,F,1984-02-13,cecilia.costa41@hotmail.com,11979651983,São Paulo,SP,07860199,True
PES-01697,Márcio Alves Marques,09159199407,M,1988-09-22,marcio_mar470@hotmail.com,11982388129,São Paulo,SP,09275350,True
PES-01698,Helena Oliveira Rodrigues Mendes,45640144556,F,1985-02-19,helena_men522@uol.com.br,21980999513,Rio de Janeiro,RJ,22215997,False
PES-01699,Aline Lima Cardoso Andrade,78547196080,F,1993-12-11,alineandrade418@gmail.com,62973569132,Goiânia,GO,73153836,True
PES-01700,Hélio Ribeiro Costa,53065725100,M,1953-12-06,heliocosta536@gmail.com,11997542951,Santo André,SP,04010703,True
PES-01701,Joana Dias Magalhães,00262823560,F,1997-09-20,joanamagalhaes233@bol.com.br,11960394017,Guarulhos,SP,06840757,False
PES-01702,João Brandão,67907098947,M,1993-09-24,joao_bra959@gmail.com,62985608104,Goiânia,GO,71971742,False
PES-01703,Cláudia Dias Assunção,70265859085,F,1974-02-28,claudia_ass64@gmail.com,41980093386,Curitiba,PR,84246360,False
PES-01704,Raquel Guimarães Machado,48637759114,F,1975-07-26,raquel.machado226@hotmail.com,11999419132,Santo André,SP,07674412,False
PES-01705,Mateus Ferreira Mendes,28714075849,M,1988-02-16,mateus.mendes487@outlook.com,11975011693,São Paulo,SP,03915805,True
PES-01706,Mariana Conceição Cardoso,56477083159,F,1984-02-26,marianacardoso554@gmail.com,21960384015,Rio de Janeiro,RJ,23994592,False
PES-01707,Vitória Ferreira Alves,31708947140,F,1985-10-28,vitoriaalves211@outlook.com,11979203684,Guarulhos,SP,01237421,True
PES-01708,Daniel Costa Martins,65813235787,M,1973-12-04,daniel_mar77@yahoo.com.br,62993352541,Goiânia,GO,71200704,False
PES-01709,Márcia Rocha Marques Conceição,31936936500,F,1986-08-07,marcia.conceicao563@yahoo.com.br,11974707267,São Paulo,SP,05262427,True
PES-01710,Joana Rodrigues Lima,69934833786,F,1955-05-05,joanalima312@outlook.com,21982265119,Rio de Janeiro,RJ,22455866,True
PES-01711,Ana Costa,06078283405,F,1973-12-04,ana_cos889@outlook.com,11981056959,São Paulo,SP,04789345,False
PES-01712,Fernando Peixoto,80064680525,M,1993-10-11,fernando.peixoto864@hotmail.com,41990265146,Curitiba,PR,89593134,True
PES-01713,Mariana Lima Melo Ferreira,85955600302,F,1988-04-04,marianaferreira742@yahoo.com.br,11978636009,São Paulo,SP,04362418,False
PES-01714,Cecília Araújo Araújo,15308051550,F,1999-04-01,cecilia_ara251@bol.com.br,31975109900,Belo Horizonte,MG,37701629,False
PES-01715,Renata Oliveira Souza,76492652185,F,1988-10-26,renata.souza250@gmail.com,19992821563,Campinas,SP,18376241,False
PES-01716,Vitória Oliveira,43386445322,F,1954-05-05,vitoria.oliveira422@hotmail.com,11980726333,São Paulo,SP,04070608,True
PES-01717,César Peixoto Souza,76635054332,M,2000-11-08,cesar.souza986@outlook.com,61979843166,Brasília,DF,76559723,False
PES-01718,Tânia Guimarães,15888064483,F,1990-07-18,tania.guimaraes237@bol.com.br,61992088721,Brasília,DF,78677536,False
PES-01719,Lucas Mendes,55595903040,M,1969-08-31,lucas_men587@hotmail.com,19979667295,Campinas,SP,15936394,False
PES-01720,Caio Freitas Santos Martins,00300088400,M,1980-06-20,caio.martins330@hotmail.com,11992547400,São Paulo,SP,08427115,False
PES-01721,Priscila Ferreira Alves,79981106860,F,1991-05-01,priscila.alves694@yahoo.com.br,31998501126,Belo Horizonte,MG,37620344,True
PES-01722,Rafael Rocha Barbosa,16994323412,M,1995-09-18,rafael_bar486@uol.com.br,11987289870,Santo André,SP,02932362,True
PES-01723,Márcia Melo Andrade Barbosa,52806100038,F,1982-02-20,marciabarbosa648@yahoo.com.br,21989541074,Rio de Janeiro,RJ,22912685,True
PES-01724,Vinícius Magalhães Nascimento,01712522256,M,1976-07-04,viniciusnascimento959@gmail.com,51976048124,Porto Alegre,RS,91186820,True
PES-01725,Bruno Rodrigues Alves,48175283548,M,1973-09-24,brunoalves966@hotmail.com,19995121436,Campinas,SP,13602181,False
PES-01726,Tânia Nascimento Guimarães,20514395320,F,1973-04-26,tania.guimaraes584@outlook.com,11998083196,Guarulhos,SP,06373531,True
PES-01727,Mariana Silva Santos,88350931639,F,1979-05-04,mariana.santos891@gmail.com,11994033380,São Paulo,SP,09169003,True
PES-01728,Priscila Freitas Freitas,26836135208,F,1980-03-23,priscilafreitas692@hotmail.com,11987837302,São Paulo,SP,01616161,True
PES-01729,Henrique Marques Guimarães Peixoto,45080353961,M,1957-12-31,henrique.peixoto89@yahoo.com.br,62981046091,Goiânia,GO,78320715,True
PES-01730,Débora Marques Gomes,17851412285,F,1979-07-11,deboragomes762@hotmail.com,41995491696,Curitiba,PR,84331295,True
PES-01731,Henrique Mendes Mendes,09468603199,M,1997-03-30,henriquemendes29@hotmail.com,19972294175,Campinas,SP,11881184,True
PES-01732,André Santos,13172835030,M,1964-07-31,andresantos588@yahoo.com.br,11984753733,São Paulo,SP,04438928,False
PES-01733,Hélio Alves Marques,49070165490,M,1981-03-17,helio_mar428@outlook.com,21985232681,Rio de Janeiro,RJ,28055199,True
PES-01734,Camila Ribeiro Cardoso,39487612998,F,1981-05-10,camilacardoso146@gmail.com,41980943664,Curitiba,PR,85590883,True
PES-01735,Bruno Marques Silva,51783489316,M,1992-05-13,brunosilva613@hotmail.com,51979624421,Porto Alegre,RS,96651505,False
PES-01736,Priscila Oliveira Santos,57872182998,F,1977-05-14,priscila_san901@hotmail.com,31972605075,Belo Horizonte,MG,32344691,True
PES-01737,Camila Magalhães Marques,94719327770,F,1977-08-12,camilamarques926@uol.com.br,11992905454,Guarulhos,SP,01698764,False
PES-01738,Leonardo Conceição Nascimento,56620972403,M,2002-01-31,leonardo_nas284@hotmail.com,11985204125,São Paulo,SP,02018983,False
PES-01739,João Santos Alves,78881891050,M,1987-08-12,joao_alv601@bol.com.br,19975401559,Campinas,SP,15349920,False
PES-01740,Sônia Assunção Ferreira,74203045568,F,1984-05-18,andre.costa121@bol.com.br,11996607439,São Paulo,SP,05957126,False
PES-01741,Fábio Barbosa Peixoto,62818112168,M,1970-07-24,fabio.peixoto852@bol.com.br,62989496827,Goiânia,GO,71662317,False
PES-01742,Luíza Carvalho Rodrigues,37620475532,F,1977-10-08,luiza_rod564@outlook.com,21988617033,Rio de Janeiro,RJ,22864490,False
PES-01743,Marcelo Cardoso Peixoto,76036823983,M,1981-12-28,marcelopeixoto364@uol.com.br,31998533434,Belo Horizonte,MG,35168708,True
PES-01744,Rodrigo Alves Moreira,98079852855,M,1989-05-13,rodrigo.moreira441@bol.com.br,31966804257,Belo Horizonte,MG,35294223,True
PES-01745,Paulo Martins Mendes,17704856359,M,1990-11-03,paulomendes928@uol.com.br,62991972738,Goiânia,GO,76396344,True
PES-01746,Daniel Santos Magalhães,29959294269,M,1985-03-25,danielmagalhaes665@bol.com.br,19971033995,Campinas,SP,19854021,True
PES-01747,Márcia Nascimento,14972894679,F,1982-12-23,marcia_nas814@gmail.com,31971352632,Belo Horizonte,MG,35732841,False
PES-01748,César Oliveira Andrade,31319887031,M,1968-11-08,cesarandrade782@yahoo.com.br,48984537138,Florianópolis,SC,87257965,False
PES-01749,Cláudia Alves,44353320270,F,1968-05-16,claudia_alv90@yahoo.com.br,51972151942,Porto Alegre,RS,94595003,False
PES-01750,João Andrade Conceição,55242243791,M,1990-03-31,joao.conceicao59@bol.com.br,11995196679,São Paulo,SP,04638874,True
PES-01751,Camila Carvalho Brandão,23836700220,F,1998-08-08,camila_bra737@yahoo.com.br,48993388155,Florianópolis,SC,81890274,True
PES-01752,Camila Assunção Ribeiro,57560551777,F,1986-11-15,camilaribeiro972@yahoo.com.br,71965368994,Salvador,BA,43507839,True
PES-01753,Vitória Martins Assunção,46042390619,F,1990-04-19,vitoriaassuncao681@gmail.com,71983894706,Salvador,BA,43274458,True
PES-01754,Natália Magalhães Conceição,82392701237,F,1992-04-28,nataliaconceicao750@hotmail.com,71986149639,Salvador,BA,44126952,True
PES-01755,Luís Cardoso Araújo,03107780693,M,1936-03-05,luis.araujo496@gmail.com,51979382193,Porto Alegre,RS,96438263,False
PES-01756,Vinícius Ribeiro,65428888881,M,1973-10-18,vinicius_rib222@uol.com.br,11984023570,São Paulo,SP,09374505,False
PES-01757,Larissa Guimarães Santos Moreira,69029459697,F,1971-04-11,larissa.moreira550@uol.com.br,21980227153,Rio de Janeiro,RJ,27255844,False
PES-01758,Lucas Melo,00807508853,M,1975-09-11,lucas_mel192@outlook.com,11984555549,São Paulo,SP,07261660,False
PES-01759,Lúcia Martins Barbosa,21635974585,F,1950-09-07,luciabarbosa379@yahoo.com.br,11998696968,São Paulo,SP,04978200,True
PES-01760,Aline Moreira Dias,84494807281,F,1970-11-15,aline.dias736@uol.com.br,11998711798,São Paulo,SP,08935289,True
PES-01761,Eduardo Lima,32594731900,M,1944-11-18,eduardolima787@outlook.com,31974096646,Belo Horizonte,MG,35998504,True
PES-01762,Hélio Pereira,02902023880,M,1993-12-23,helio_per206@gmail.com,11970659572,São Paulo,SP,05738817,True
PES-01763,Débora Brandão Gomes,07922699425,F,1967-06-15,deboragomes279@yahoo.com.br,31971201396,Belo Horizonte,MG,33017352,True
PES-01764,Lúcia Guimarães Ferreira Silva,18578939301,F,1982-09-27,lucia_sil717@outlook.com,11966688206,São Paulo,SP,03826005,True
PES-01765,André Melo Martins,33709681189,M,1997-02-11,andremartins276@uol.com.br,31973356934,Belo Horizonte,MG,31317307,False
PES-01766,Larissa Rodrigues Rocha,26202132744,F,1983-05-21,larissa_roc798@yahoo.com.br,48982958044,Florianópolis,SC,83877117,True
PES-01767,João Machado Lima,08308818404,M,1974-04-18,joao_lim82@uol.com.br,21964405618,Rio de Janeiro,RJ,24680183,False
PES-01768,André Moreira Gomes,81863236198,M,2003-01-07,andre.gomes828@uol.com.br,21961557816,Rio de Janeiro,RJ,29350790,True
PES-01769,Antônio Ribeiro,56412683488,M,1963-02-25,antonio.ribeiro899@yahoo.com.br,11979033392,Santo André,SP,04539219,False
PES-01770,Sônia Gomes,78712552232,F,1978-06-29,sonia_gom369@yahoo.com.br,31979833660,Belo Horizonte,MG,32057897,True
PES-01771,Gabriela Lima Gomes,43706576104,F,1983-05-07,gabriela_gom44@hotmail.com,62967724619,Goiânia,GO,75654282,False
PES-01772,João Magalhães Souza,75069591789,M,1957-10-03,joaosouza437@bol.com.br,61997638052,Brasília,DF,72340649,False
PES-01773,Wagner Conceição,63735407900,M,1959-01-28,wagnerconceicao921@uol.com.br,19961534320,Campinas,SP,19432885,True
PES-01774,José Assunção Silva Pereira,08167304159,M,1988-11-30,josepereira919@yahoo.com.br,11973187015,São Paulo,SP,04781731,True
PES-01775,Cecília Ribeiro,92337386635,F,1965-08-31,cecilia.ribeiro976@bol.com.br,19998932965,Campinas,SP,18991932,False
PES-01776,Wagner Marques Nunes Pereira,60200056158,M,1994-02-04,wagner.pereira277@gmail.com,11995953194,São Paulo,SP,05155543,False
PES-01777,Débora Carvalho,99827706241,F,1992-06-26,debora.carvalho181@uol.com.br,11993871813,São Paulo,SP,07755711,True
PES-01778,Natália Brandão,01847582893,F,1961-04-01,natalia.brandao682@gmail.com,61999744747,Brasília,DF,76415366,True
PES-01779,Cláudia Guimarães Rodrigues,09273533698,F,1997-01-18,claudia.rodrigues319@outlook.com,11965122055,São Paulo,SP,05540692,True
PES-01780,Letícia Alves,06477383330,F,1967-09-30,leticia_alv308@gmail.com,11986027707,São Paulo,SP,06115337,False
PES-01781,Otávio Souza,74349344330,M,1978-08-23,otavio_sou211@gmail.com,71969295687,Salvador,BA,47091919,False
PES-01782,Larissa Peixoto Nunes Moreira,61812742274,F,1959-01-28,larissa.moreira168@outlook.com,31977451070,Belo Horizonte,MG,36206594,False
PES-01783,Márcio Ribeiro Oliveira,27514198369,M,1984-06-08,marcio.oliveira446@yahoo.com.br,16972941990,Ribeirão Preto,SP,17240414,False
PES-01784,Antônio Freitas Martins Pereira,91913162354,M,1998-11-24,antonio.pereira830@yahoo.com.br,19965892228,Campinas,SP,12774895,True
PES-01785,Hélio Carvalho Barbosa Costa,40816949239,M,1987-03-17,heliocosta899@gmail.com,11998691682,Guarulhos,SP,09683857,True
PES-01786,André Andrade Dias,44198842663,M,1991-09-17,andredias23@gmail.com,32979536266,Juiz de Fora,MG,32692312,True
PES-01787,Sônia Pereira Alves,35334288694,F,1973-05-30,soniaalves992@gmail.com,51976549894,Porto Alegre,RS,94528596,True
PES-01788,Cláudia Ribeiro Freitas,12033294820,F,1980-07-22,claudia_fre62@uol.com.br,11985643437,Guarulhos,SP,08704184,True
PES-01789,Fábio Araújo,90397211147,M,1988-06-08,fabio.araujo391@bol.com.br,51983551876,Porto Alegre,RS,93008883,False
PES-01790,André Souza Melo Santos,58528533999,M,1991-03-03,andre.santos633@gmail.com,31985444411,Belo Horizonte,MG,36898529,False
PES-01791,Paulo Rodrigues,14112842910,M,1996-05-18,paulorodrigues31@uol.com.br,11971495271,São Paulo,SP,02507471,True
PES-01792,Simone Machado Rocha,65549748304,F,1973-03-07,simone_roc469@bol.com.br,41977163810,Curitiba,PR,83589965,True
PES-01793,Paulo Lima Guimarães,96116014925,M,1947-12-03,pauloguimaraes462@bol.com.br,11984594782,Santo André,SP,03211514,False
PES-01794,Priscila Gomes,91001304357,F,1974-05-30,priscila_gom566@bol.com.br,16977086791,Ribeirão Preto,SP,14010391,False
PES-01795,Márcia Martins Peixoto,03007110262,F,1994-03-08,marciapeixoto452@hotmail.com,51998529033,Porto Alegre,RS,95298026,True
PES-01796,André Dias,64281134492,M,1967-04-05,andredias327@hotmail.com,31969389984,Belo Horizonte,MG,31365523,True
PES-01797,Priscila Dias Mendes Silva,42916747591,F,1985-11-01,priscila.silva809@outlook.com,51983065462,Porto Alegre,RS,97771204,False
PES-01798,Fernanda Barbosa Freitas Nunes,46746887014,F,1959-08-24,fernanda_nun192@uol.com.br,31997859816,Belo Horizonte,MG,36362516,True
PES-01799,Antônio Pereira Oliveira,02929246235,M,1980-12-26,antonio_oli722@uol.com.br,19970217764,Campinas,SP,15501019,True
PES-01800,Tânia Ferreira,27376543279,F,1992-08-18,taniaferreira63@uol.com.br,11964383676,São Paulo,SP,01321350,False
PES-01801,Priscila Martins Gomes,83846933317,F,1958-12-22,priscila.gomes983@yahoo.com.br,71993034596,Salvador,BA,47915024,True
PES-01802,Vitória Melo Machado Ferreira,43656660026,F,1961-02-23,vitoriaferreira817@yahoo.com.br,61991064163,Brasília,DF,74392189,False
PES-01803,Mariana Melo Barbosa,49893920434,F,1998-10-15,mariana_bar447@outlook.com,11992806201,São Paulo,SP,04938169,False
PES-01804,Márcio Lima Dias Ferreira,80731331729,M,1958-05-25,marcio.ferreira144@bol.com.br,11983708902,São Paulo,SP,09974206,False
PES-01805,Henrique Machado Nascimento Alves,64615264127,M,1985-07-05,henrique_alv374@uol.com.br,31976487391,Belo Horizonte,MG,31248147,True
PES-01806,Luís Ferreira Gomes,13597413803,M,1981-08-03,luis_gom554@yahoo.com.br,71994205811,Salvador,BA,46897963,False
PES-01807,Renata Costa,64575088714,F,1988-04-10,renatacosta203@uol.com.br,62996893514,Goiânia,GO,75299856,False
PES-01808,Joana Moreira Nascimento,60149682379,F,1933-12-31,joana.nascimento712@bol.com.br,11971023001,São Paulo,SP,08966520,True
PES-01809,Beatriz Gomes Alves Conceição,94096185760,F,1982-11-01,beatriz.conceicao128@bol.com.br,71961364188,Salvador,BA,49707012,True
PES-01810,Márcia Freitas Machado,89874076089,F,1963-08-03,marcia_mac628@uol.com.br,16996781813,Ribeirão Preto,SP,18080750,True
PES-01811,Tânia Marques Pereira,52199830160,F,1997-02-20,taniapereira68@outlook.com,41988303486,Curitiba,PR,83503510,False
PES-01812,Mariana Gomes Araújo,95858682618,F,1977-06-30,mariana_ara53@bol.com.br,11964711317,Guarulhos,SP,05665743,False
PES-01813,José Cardoso,61010127276,M,1963-06-01,jose_car751@bol.com.br,19994295918,Campinas,SP,17406267,False
PES-01814,Fernanda Moreira Guimarães,86514774571,F,1991-03-15,fernandaguimaraes829@yahoo.com.br,11990247891,Guarulhos,SP,06241506,True
PES-01815,Gabriela Melo,82558306340,F,1965-01-21,gabriela.melo469@uol.com.br,11998816392,Santo André,SP,07481885,False
PES-01816,Aline Rodrigues,32485652333,F,1995-11-17,aline_rod558@uol.com.br,31977931384,Belo Horizonte,MG,34481749,True
PES-01817,Helena Oliveira,95081345776,F,1969-11-07,helena.oliveira783@uol.com.br,71971217690,Salvador,BA,41252573,False
PES-01818,Renata Peixoto,36327327796,F,1978-01-01,renatapeixoto242@gmail.com,31962027934,Belo Horizonte,MG,33664709,False
PES-01819,Raquel Peixoto Oliveira,45258948650,F,1987-07-12,raquel.oliveira989@yahoo.com.br,81979014998,Recife,PE,59229834,True
PES-01820,Beatriz Conceição Pereira,96114004973,F,1975-08-28,beatriz_per439@outlook.com,21971279948,Niterói,RJ,29729202,True
PES-01821,Márcio Cardoso Mendes,50119323974,M,1985-03-07,marcio_men393@outlook.com,48964163396,Florianópolis,SC,83145147,True
PES-01822,Renata Peixoto Freitas,37843604405,F,1967-05-30,renata.freitas658@uol.com.br,11962452455,São Paulo,SP,04427312,False
PES-01823,Fernando Guimarães Souza,44243526842,M,1986-10-24,fernando_sou802@outlook.com,81985678580,Recife,PE,58002132,True
PES-01824,Rafael Magalhães,35241454691,M,1998-08-06,rafaelmagalhaes372@outlook.com,41975854605,Curitiba,PR,81706464,False
PES-01825,Gabriela Cardoso,12540559590,F,1989-01-13,gabriela.cardoso55@bol.com.br,21963043938,Rio de Janeiro,RJ,23054267,True
PES-01826,Patrícia Melo Silva,79266256633,F,1989-01-18,patricia.silva237@hotmail.com,11988512212,São Paulo,SP,01588057,False
PES-01827,Débora Assunção,59926415725,F,1966-10-23,debora.assuncao116@yahoo.com.br,19976448265,Campinas,SP,17074550,False
PES-01828,Wagner Mendes Araújo,22181223408,M,1969-09-03,wagner_ara982@yahoo.com.br,51964597209,Porto Alegre,RS,95729557,True
PES-01829,Lúcia Pereira,81701221632,F,1957-11-30,lucia_per219@bol.com.br,11991447306,São Paulo,SP,04893398,True
PES-01830,Márcio Peixoto Marques,24272050010,M,1976-02-18,marcio.marques743@bol.com.br,81977436170,Recife,PE,54766058,True
PES-01831,Rodrigo Brandão,05067677520,M,1988-06-19,rodrigobrandao803@yahoo.com.br,11975928326,Santo André,SP,03641575,False
PES-01832,Camila Cardoso Mendes,35782760575,F,1969-01-30,camilamendes345@gmail.com,21978244545,Rio de Janeiro,RJ,25288682,False
PES-01833,Tânia Freitas,85427400176,F,1978-11-17,tania_fre720@outlook.com,21990403897,Rio de Janeiro,RJ,29630440,False
PES-01834,Vinícius Barbosa Ferreira,77456815372,M,1980-03-05,vinicius_fer294@uol.com.br,11996856395,São Paulo,SP,01216685,True
PES-01835,Júlia Gomes Assunção,34292970793,F,1993-11-24,julia_ass832@gmail.com,11966983332,São Paulo,SP,06013294,True
PES-01836,Sônia Rodrigues Lima Martins,38746583416,F,1978-05-12,danielmachado635@gmail.com,32963165457,Juiz de Fora,MG,38251049,True
PES-01837,Eduardo Peixoto Santos,82744206598,M,1989-10-31,eduardo_san165@outlook.com,21994955365,Rio de Janeiro,RJ,24092197,True
PES-01838,Vitória Brandão,33811329383,F,1965-08-01,vitoria.brandao86@gmail.com,11977348904,São Paulo,SP,03834185,False
PES-01839,Priscila Araújo Machado,37702061340,F,1966-11-19,priscila.machado422@gmail.com,61963253641,Brasília,DF,77148394,False
PES-01840,Cláudia Alves Oliveira,61239012659,F,1986-10-03,claudia_oli550@bol.com.br,11995617634,São Paulo,SP,06330371,True
PES-01841,Sérgio Araújo,88889754893,M,2001-06-04,sergioaraujo730@bol.com.br,32983179951,Juiz de Fora,MG,34245688,False
PES-01842,Helena Melo Magalhães Costa,35602471367,F,1954-11-11,helena_cos359@uol.com.br,11968092832,Guarulhos,SP,08771221,True
PES-01843,Rodrigo Guimarães Gomes,00415021162,M,1987-08-03,rodrigogomes596@bol.com.br,11963395012,São Paulo,SP,04134350,False
PES-01844,Letícia Marques Rodrigues,63180739223,F,1969-07-25,leticiarodrigues515@hotmail.com,62997756573,Goiânia,GO,72197883,False
PES-01845,Fernanda Assunção Santos Magalhães,17798858229,F,1985-10-17,fernanda.magalhaes953@yahoo.com.br,11988629440,São Paulo,SP,05418531,True
PES-01846,Henrique Barbosa Marques Souza,01368431402,M,1974-02-13,henriquesouza297@outlook.com,51969124802,Porto Alegre,RS,94665557,True
PES-01847,Paulo Gomes Freitas Melo,16428806126,M,1975-03-31,paulo.melo535@uol.com.br,11978473378,São Paulo,SP,03256696,True
PES-01848,Marcelo Cardoso Silva,86423147612,M,1962-11-25,marcelosilva786@outlook.com,11972428497,São Paulo,SP,02053797,True
PES-01849,Vitória Machado Dias,86967656562,F,1999-01-30,vitoriadias822@uol.com.br,11969228748,São Paulo,SP,07687579,True
PES-01850,Marcelo Magalhães Rocha,24345040272,M,1999-05-02,marcelo.rocha581@yahoo.com.br,11971731073,São Paulo,SP,01486435,True
PES-01851,Luís Peixoto Alves Machado,94924148725,M,1986-12-05,luismachado117@gmail.com,51972262746,Porto Alegre,RS,94694122,True
PES-01852,Helena Moreira Magalhães,96518955945,F,1974-10-24,helena_mag118@gmail.com,31997833400,Belo Horizonte,MG,38673079,True
PES-01853,Rodrigo Pereira,66159642600,M,1995-04-16,rodrigo.pereira991@gmail.com,11988258503,São Paulo,SP,06766020,False
PES-01854,Aline Alves Santos,90067912028,F,1998-05-08,aline.santos309@gmail.com,41960023620,Curitiba,PR,84635441,True
PES-01855,César Carvalho Freitas Barbosa,07317917702,M,1996-04-21,cesar.barbosa262@uol.com.br,11988274172,São Paulo,SP,03032030,False
PES-01856,Sérgio Alves Alves,68989474604,M,1963-08-22,sergioalves580@bol.com.br,11989224757,São Paulo,SP,02640727,False
PES-01857,Vinícius Santos Silva,70931635217,M,1976-02-06,viniciussilva582@bol.com.br,11989322235,São Paulo,SP,02944422,False
PES-01858,Aline Carvalho Oliveira,35111252274,F,2004-05-03,alineoliveira45@bol.com.br,11973288047,São Paulo,SP,03307285,True
PES-01859,Luíza Santos Brandão,39512460300,F,1983-10-25,luizabrandao893@gmail.com,31979124147,Belo Horizonte,MG,34943098,False
PES-01860,Márcia Melo,76653837505,F,1990-08-27,marcia_mel814@gmail.com,11986206746,São Paulo,SP,05755394,False
PES-01861,Camila Costa Gomes Santos,65049243505,F,1981-05-30,camila_san926@bol.com.br,51966539112,Porto Alegre,RS,97075458,True
PES-01862,Eduardo Lima Conceição,64232310010,M,1970-04-29,eduardo_con204@hotmail.com,16990147334,Ribeirão Preto,SP,13767862,False
PES-01863,Natália Silva Oliveira Guimarães,01989938116,F,1991-10-03,nataliaguimaraes952@uol.com.br,41990573973,Curitiba,PR,88412480,False
PES-01864,Rodrigo Freitas,58485122135,M,1975-09-19,rodrigo.freitas952@gmail.com,62995765438,Goiânia,GO,77688908,False
PES-01865,Ana Alves,45995390589,F,1976-10-14,anaalves746@uol.com.br,11983642900,Santo André,SP,09926041,False
PES-01866,Leonardo Dias Andrade,11488435740,M,1990-07-14,leonardoandrade54@uol.com.br,11977785250,Guarulhos,SP,07065146,True
PES-01867,Luíza Oliveira Alves,75522740426,F,1981-11-13,luiza.alves418@hotmail.com,11963042008,São Paulo,SP,07213124,True
PES-01868,Larissa Mendes Alves,15767231605,F,1968-01-03,larissaalves47@hotmail.com,11962126945,São Paulo,SP,06086850,False
PES-01869,Lúcia Guimarães Oliveira,32904997156,F,1933-12-31,lucia_oli761@uol.com.br,11973923006,Guarulhos,SP,03733582,True
PES-01870,Patrícia Carvalho Conceição,07672503545,F,1986-01-02,patriciaconceicao741@outlook.com,19961072231,Campinas,SP,14886865,False
PES-01871,César Carvalho,96423994820,M,1983-11-23,cesarcarvalho254@gmail.com,21997443899,Rio de Janeiro,RJ,22340512,True
PES-01872,Renata Rodrigues Moreira,69681365038,F,1960-06-16,renata.moreira733@hotmail.com,11996842752,São Paulo,SP,08052942,False
PES-01873,Caio Costa Nascimento,77903217909,M,1962-03-08,caionascimento140@yahoo.com.br,41973516191,Curitiba,PR,87184385,True
PES-01874,Eduardo Costa Lima,77968472113,M,1985-01-15,eduardo.lima50@gmail.com,11976854609,Guarulhos,SP,05912902,False
PES-01875,Camila Costa,11980727171,F,1990-02-21,camila.costa3@gmail.com,61961771742,Brasília,DF,72399820,True
PES-01876,Daniel Melo Nascimento,76217079330,M,1977-08-02,daniel_nas600@yahoo.com.br,41991139597,Curitiba,PR,88489768,True
PES-01877,Marcelo Mendes Nascimento,68236710688,M,1978-06-01,marcelo.nascimento35@gmail.com,11967238587,São Paulo,SP,07224555,True
PES-01878,Cláudia Peixoto Souza,52569239275,F,1975-07-21,claudia.souza299@yahoo.com.br,31981655679,Belo Horizonte,MG,34799388,True
PES-01879,Bruno Mendes,04258865494,M,1998-05-03,bruno_men803@yahoo.com.br,21983434069,Rio de Janeiro,RJ,29844577,False
PES-01880,Mariana Mendes Nascimento,89628996207,F,1969-11-18,mariana.nascimento575@outlook.com,11995016897,São Paulo,SP,03018478,False
PES-01881,Otávio Andrade Rodrigues,08968712158,M,1955-05-11,otaviorodrigues71@outlook.com,11975847233,Guarulhos,SP,07619044,False
PES-01882,Thiago Silva Alves Moreira,10081799578,M,1968-02-04,thiago_mor453@outlook.com,61977238722,Brasília,DF,76353650,False
PES-01883,César Rocha Freitas,46180770859,M,1970-11-05,cesarfreitas42@bol.com.br,11962729884,Guarulhos,SP,06354077,False
PES-01884,Priscila Martins Oliveira Conceição,41398337692,F,1976-08-28,priscilaconceicao772@gmail.com,11964858341,São Paulo,SP,09387813,True
PES-01885,Letícia Mendes,33830315350,F,1974-12-23,leticiamendes27@hotmail.com,71986019740,Salvador,BA,41946969,True
PES-01886,Hélio Lima Andrade,76046547385,M,1995-07-13,helioandrade508@yahoo.com.br,11978887418,São Paulo,SP,09048365,True
PES-01887,Sônia Souza,39187963965,F,1995-07-02,soniasouza268@yahoo.com.br,51985594509,Porto Alegre,RS,96588200,True
PES-01888,Fernando Oliveira,09489143782,M,1981-04-15,fernandooliveira757@yahoo.com.br,11995316820,São Paulo,SP,03817230,True
PES-01889,Priscila Dias,07169191920,F,1988-12-02,priscila_dia715@uol.com.br,81987374806,Recife,PE,52740268,True
PES-01890,Débora Moreira,76387967058,F,1975-08-16,debora.moreira83@gmail.com,61989402938,Brasília,DF,73881236,True
PES-01891,Aline Dias,70323996906,F,1994-10-26,aline_dia626@bol.com.br,41962761236,Curitiba,PR,89790048,True
PES-01892,Caio Marques Pereira,46170050802,M,1994-11-03,caiopereira96@bol.com.br,11998591682,São Paulo,SP,03651732,True
PES-01893,Sérgio Costa,88297185133,M,1971-09-14,sergio_cos895@gmail.com,41991579948,Curitiba,PR,88676318,True
PES-01894,Gabriela Nunes,40012964204,F,1986-05-27,gabriela.nunes664@gmail.com,19988935149,Campinas,SP,14428324,True
PES-01895,Isabela Rocha Freitas,89951427405,F,1982-12-20,isabela.freitas763@bol.com.br,21987432871,Rio de Janeiro,RJ,22032246,True
PES-01896,Patrícia Andrade Alves,64848394414,F,1970-12-02,patriciaalves755@outlook.com,31960971369,Belo Horizonte,MG,31203610,True
PES-01897,Daniel Assunção Rocha Machado,80919552277,M,1976-03-22,daniel_mac559@hotmail.com,51979166170,Porto Alegre,RS,95354924,False
PES-01898,Lucas Moreira,07386021593,M,1979-07-26,lucas.moreira781@outlook.com,21983235953,Rio de Janeiro,RJ,23702951,True
PES-01899,João Oliveira Dias,31480720496,M,1974-10-11,joaodias600@bol.com.br,61970285778,Brasília,DF,76317963,True
PES-01900,Bruno Brandão,67069645147,M,1990-04-30,bruno_bra984@bol.com.br,41974919042,Curitiba,PR,88855281,False
PES-01901,Márcio Conceição Machado,05029293248,M,1989-01-20,marciomachado897@bol.com.br,41982889866,Curitiba,PR,89027341,True
PES-01902,Helena Martins Rodrigues,85271377989,F,1984-03-26,helena_rod31@gmail.com,11991114237,Guarulhos,SP,01651372,False
PES-01903,José Santos Andrade,42377895433,M,1990-08-11,joseandrade955@outlook.com,11977644439,Santo André,SP,08537646,True
PES-01904,Lúcia Gomes Dias Lima,70353937223,F,1993-06-05,lucia_lim392@outlook.com,71965647018,Salvador,BA,49548814,True
PES-01905,Sônia Pereira,65698430608,F,1987-04-14,soniapereira207@gmail.com,21981011284,Rio de Janeiro,RJ,25817436,True
PES-01906,Wagner Cardoso Rocha Peixoto,36385158934,M,1989-11-08,wagnerpeixoto148@hotmail.com,51993536326,Porto Alegre,RS,94563542,True
PES-01907,Beatriz Peixoto Conceição,84943009468,F,1997-01-22,beatriz.conceicao633@uol.com.br,11990015487,Guarulhos,SP,09886269,True
PES-01908,Henrique Moreira,34143130491,M,1976-12-31,henriquemoreira338@outlook.com,21978363100,Rio de Janeiro,RJ,26589834,True
PES-01909,Aline Moreira Araújo,27848921077,F,1977-03-29,aline.araujo968@gmail.com,11967116085,São Paulo,SP,05708637,False
PES-01910,Lúcia Melo,86329099081,F,1983-02-22,luciamelo43@outlook.com,11991489485,São Paulo,SP,06311297,True
PES-01911,Sônia Peixoto Machado Brandão,15931500677,F,1970-09-17,sonia_bra420@outlook.com,31960452536,Belo Horizonte,MG,31544409,True
PES-01912,Mariana Alves Barbosa Peixoto,28057347180,F,1989-10-21,mariana.peixoto681@yahoo.com.br,31993413802,Belo Horizonte,MG,32996625,False
PES-01913,Camila Assunção Martins,16296763735,F,1990-03-20,camilamartins562@bol.com.br,21962865500,Rio de Janeiro,RJ,21939733,True
PES-01914,Raquel Barbosa Guimarães,27534421691,F,1977-10-11,raquelguimaraes841@hotmail.com,21972826889,Niterói,RJ,29547018,False
PES-01915,Isabela Machado Marques,44594377750,F,1954-02-07,isabela.marques61@hotmail.com,11990662485,São Paulo,SP,07031253,True
PES-01916,André Mendes,25054573798,M,1973-08-27,andremendes270@gmail.com,11993036023,São Paulo,SP,05285265,True
PES-01917,Sônia Araújo,68820395185,F,1997-02-20,sonia.araujo689@bol.com.br,81970777026,Recife,PE,51507041,True
PES-01918,Márcia Pereira Melo,13956795687,F,1970-05-31,marcia.melo789@bol.com.br,11965942908,São Paulo,SP,06313706,True
PES-01919,Lúcia Machado Mendes,91817717545,F,1977-05-27,lucia.mendes844@bol.com.br,51973477293,Porto Alegre,RS,95357975,True
PES-01920,Hélio Conceição,54564502670,M,1976-05-25,helio_con283@hotmail.com,11997799078,São Paulo,SP,09013300,True
PES-01921,Aline Guimarães Barbosa,48912467239,F,1976-04-29,aline.barbosa976@yahoo.com.br,51994032950,Porto Alegre,RS,93173862,True
PES-01922,Fábio Moreira,74644710407,M,1989-01-21,fabio_mor139@hotmail.com,19983341429,Campinas,SP,17075404,True
PES-01923,Tânia Ferreira,40061681288,F,1999-07-24,taniaferreira406@uol.com.br,11985616513,São Paulo,SP,04188919,False
PES-01924,Rodrigo Araújo,59872271194,M,1980-05-09,rodrigo_ara539@bol.com.br,11980337158,São Paulo,SP,08701769,False
PES-01925,Gabriela Ribeiro Rodrigues,42629707288,F,2000-10-17,gabrielarodrigues237@hotmail.com,16999708066,Ribeirão Preto,SP,11398564,True
PES-01926,Letícia Dias Andrade,51729325696,F,1951-01-06,leticiaandrade586@outlook.com,16993531020,Ribeirão Preto,SP,11372380,True
PES-01927,Priscila Lima Moreira Pereira,67575225943,F,1995-11-21,priscila.pereira114@gmail.com,21985017630,Rio de Janeiro,RJ,21541510,True
PES-01928,Letícia Mendes Rocha,26899104890,F,1965-02-03,leticiarocha548@outlook.com,11973752250,São Paulo,SP,08140775,True
PES-01929,Márcia Freitas Silva,32966110619,F,1987-04-19,marcia_sil609@gmail.com,41972107118,Curitiba,PR,82994655,False
PES-01930,César Andrade Dias,68662840825,M,1995-11-10,cesar.dias13@uol.com.br,21971411100,Rio de Janeiro,RJ,21777654,True
PES-01931,Gustavo Assunção,97457464280,M,1984-03-03,gustavoassuncao782@yahoo.com.br,11978309838,São Paulo,SP,03348346,False
PES-01932,Thiago Souza Araújo,24262054314,M,1984-06-13,thiago.araujo209@yahoo.com.br,21997285324,Rio de Janeiro,RJ,21333402,False
PES-01933,Rafael Guimarães Alves,58724115452,M,1949-03-26,rafaelalves507@hotmail.com,11991281713,São Paulo,SP,04234310,True
PES-01934,Fábio Silva,59687052996,M,1970-11-24,fabio_sil86@yahoo.com.br,11975578252,São Paulo,SP,08541493,False
PES-01935,Tânia Carvalho Ferreira Mendes,70065953126,F,1946-03-13,tania.mendes411@uol.com.br,11997682117,São Paulo,SP,02326629,True
PES-01936,Cláudia Silva,58166529742,F,2002-07-23,claudia.silva960@uol.com.br,11990262477,Santo André,SP,09615664,True
PES-01937,Thiago Melo Brandão,33519370670,M,1946-05-18,thiago_bra228@yahoo.com.br,19985142196,Campinas,SP,13403264,True
PES-01938,Eduardo Pereira,73273032600,M,1999-09-25,eduardo.pereira503@bol.com.br,32973475165,Juiz de Fora,MG,31563986,False
PES-01939,Renata Assunção,37479258550,F,1974-03-03,renata.assuncao858@gmail.com,11999885742,São Paulo,SP,03874854,True
PES-01940,Natália Peixoto Andrade Melo,36832389760,F,1975-03-21,natalia.melo630@outlook.com,21980696325,Rio de Janeiro,RJ,21484307,False
PES-01941,Cecília Assunção Nunes,73186677009,F,2000-12-08,cecilia.nunes781@uol.com.br,11994212000,Guarulhos,SP,04580959,False
PES-01942,Vitória Dias Marques,16051629491,F,1959-10-24,vitoria_mar607@outlook.com,11997741577,São Paulo,SP,06785458,True
PES-01943,Vinícius Conceição Melo,36834970410,M,1965-06-30,vinicius_mel379@uol.com.br,41969915973,Curitiba,PR,81604456,False
PES-01944,Vinícius Ferreira Rodrigues Silva,74633729446,M,1973-01-26,vinicius.silva306@uol.com.br,11983126270,São Paulo,SP,05272710,True
PES-01945,Fernanda Dias Melo,10730267520,F,1968-07-31,fernanda.melo888@hotmail.com,19985722944,Campinas,SP,18561477,False
PES-01946,Gustavo Moreira Rocha,20015064654,M,1947-06-10,gustavo_roc663@bol.com.br,81970687590,Recife,PE,53126903,False
PES-01947,Márcia Martins Mendes Gomes,95791526245,F,1992-05-20,marciagomes920@bol.com.br,48964258723,Florianópolis,SC,81696951,True
PES-01948,Antônio Marques Martins,42175094723,M,1977-08-04,antoniomartins179@outlook.com,11996135122,São Paulo,SP,04883465,False
PES-01949,Simone Pereira,38453380244,F,1984-09-27,simone.pereira715@outlook.com,11983944373,São Paulo,SP,07714623,False
PES-01950,Júlia Santos Rocha Conceição,85657821238,F,2000-11-24,julia_con625@gmail.com,48978008066,Florianópolis,SC,89799895,True
PES-01951,Marcelo Magalhães,37660052861,M,1993-11-04,marcelomagalhaes922@bol.com.br,21993882103,Niterói,RJ,28761701,True
PES-01952,Fernando Santos,20930282124,M,1991-07-23,fernando.santos951@hotmail.com,21966035746,Rio de Janeiro,RJ,21327273,False
PES-01953,Ana Araújo Freitas Assunção,83097635815,F,1999-07-26,anaassuncao237@hotmail.com,19963557679,Campinas,SP,13623802,False
PES-01954,Priscila Rocha Dias,66860825111,F,1971-10-16,prisciladias522@bol.com.br,51987009845,Porto Alegre,RS,94918584,False
PES-01955,Joana Alves,50094836531,F,1982-03-07,joana_alv926@gmail.com,11963128382,São Paulo,SP,09657021,True
PES-01956,Henrique Peixoto Alves,30603074820,M,1976-03-13,henrique_alv153@outlook.com,41985469286,Curitiba,PR,86630492,False
PES-01957,Aline Araújo,45319353499,F,1966-06-28,aline.araujo981@bol.com.br,11971115845,São Paulo,SP,02512758,True
PES-01958,Simone Lima Assunção,82150987112,F,1991-08-14,simoneassuncao145@uol.com.br,51981164735,Porto Alegre,RS,97313271,True
PES-01959,Antônio Rodrigues,29789771320,M,1993-01-13,antonio.rodrigues710@bol.com.br,31965612227,Belo Horizonte,MG,35869054,True
PES-01960,Gabriela Santos Santos,23275387855,F,1985-03-29,gabrielasantos469@uol.com.br,11965636494,São Paulo,SP,02971980,False
PES-01961,Fernanda Oliveira Andrade,32271473004,F,1933-12-31,fernanda_and306@yahoo.com.br,31961342306,Belo Horizonte,MG,38190688,True
PES-01962,Marcelo Barbosa Andrade,90584819218,M,2000-10-19,marcelo.andrade377@yahoo.com.br,51991351258,Porto Alegre,RS,92224919,False
PES-01963,Raquel Rocha Santos,26552531249,F,1975-08-23,raquel.santos399@uol.com.br,71975475432,Salvador,BA,48622726,True
PES-01964,Isabela Machado Oliveira,93380220132,F,1995-05-24,isabelaoliveira319@uol.com.br,41995506565,Curitiba,PR,83006949,True
PES-01965,César Nunes,03693505020,M,1949-08-07,cesarnunes479@uol.com.br,11987022070,São Paulo,SP,02729353,True
PES-01966,Luíza Cardoso Ferreira,14237485900,F,1988-01-23,luiza_fer259@yahoo.com.br,81967029043,Recife,PE,52463061,True
PES-01967,Gustavo Silva,71467418269,M,1978-02-25,gustavo_sil532@bol.com.br,31978134653,Belo Horizonte,MG,32587104,True
PES-01968,Natália Alves Guimarães,65569255516,F,1979-12-14,nataliaguimaraes502@yahoo.com.br,11986269741,São Paulo,SP,01917266,False
PES-01969,Sônia Melo Assunção,21741659884,F,1993-12-09,soniaassuncao145@hotmail.com,11976969451,São Paulo,SP,07715093,False
PES-01970,Fernanda Martins,34812963397,F,1979-07-13,fernanda.martins176@bol.com.br,11979364330,Santo André,SP,09505812,False
PES-01971,Eduardo Ferreira Martins,37067131871,M,1973-02-04,eduardo_mar97@hotmail.com,62962857201,Goiânia,GO,79665062,False
PES-01972,Luís Moreira,71693680564,M,1989-06-28,luismoreira102@bol.com.br,32980371921,Juiz de Fora,MG,32624008,True
PES-01973,Lúcia Brandão,77987088471,F,1986-05-09,lucia_bra239@yahoo.com.br,32967484228,Juiz de Fora,MG,35041718,False
PES-01974,Priscila Alves Gomes Peixoto,63326546351,F,1982-10-15,priscila.peixoto956@bol.com.br,11988222867,São Paulo,SP,06512531,False
PES-01975,Daniel Brandão Magalhães Machado,01130954064,M,1993-07-23,daniel_mac755@gmail.com,21967577289,Niterói,RJ,21720595,True
PES-01976,Camila Souza,76140527228,F,1995-08-28,camila.souza169@gmail.com,11973175471,São Paulo,SP,02193580,False
PES-01977,Beatriz Pereira,63210388148,F,2001-05-29,beatrizpereira670@bol.com.br,11965001832,São Paulo,SP,05380293,True
PES-01978,Isabela Lima,33371766748,F,1971-04-28,isabela_lim869@hotmail.com,11962507028,São Paulo,SP,02844371,False
PES-01979,Aline Rocha Cardoso,38211177960,F,1987-09-19,aline.cardoso27@gmail.com,19995316509,Campinas,SP,13385656,False
PES-01980,Hélio Brandão Marques Melo,62627215094,M,1974-10-25,helio_mel448@outlook.com,11981841161,São Paulo,SP,07419491,False
PES-01981,Gustavo Moreira Nascimento,75782146672,M,1967-04-04,gustavonascimento981@uol.com.br,62964485269,Goiânia,GO,73248824,True
PES-01982,Helena Brandão Nascimento Mendes,85768714081,F,1997-05-09,helenamendes29@hotmail.com,16980979051,Ribeirão Preto,SP,13381607,False
PES-01983,Mariana Costa Souza,83733853806,F,1985-11-22,mariana_sou851@yahoo.com.br,11968654321,Santo André,SP,08666513,True
PES-01984,Márcio Ferreira Freitas,57514725270,M,1971-07-18,marcio_fre232@bol.com.br,21977145588,Niterói,RJ,23698836,False
PES-01985,Isabela Pereira,55320721757,F,1977-09-30,isabelapereira483@hotmail.com,11994651542,São Paulo,SP,06993434,True
PES-01986,Cláudia Rodrigues Moreira,73291841603,F,1968-06-29,claudia.moreira643@yahoo.com.br,21989046437,Rio de Janeiro,RJ,27575362,True
PES-01987,Beatriz Peixoto,85942642915,F,1998-10-15,beatriz.peixoto64@outlook.com,81988459052,Recife,PE,58625518,False
PES-01988,Caio Nunes Freitas,99920432539,M,2002-10-06,caiofreitas962@gmail.com,11969727757,São Paulo,SP,02198052,False
PES-01989,Henrique Santos,24208830204,M,1964-03-18,henrique_san755@uol.com.br,61981076666,Brasília,DF,74865944,False
PES-01990,Fernando Conceição Magalhães,32075692424,M,1989-08-01,fernando.magalhaes151@uol.com.br,11983957363,São Paulo,SP,05381352,False
PES-01991,Antônio Silva,34399729333,M,1969-04-27,antonio.silva331@uol.com.br,61997332869,Brasília,DF,73467913,False
PES-01992,Renata Lima Martins,54319713605,F,1963-12-24,renatamartins314@yahoo.com.br,19979269408,Campinas,SP,11002692,False
PES-01993,Júlia Moreira Nunes,94342118408,F,1997-12-27,julianunes350@yahoo.com.br,41988925184,Curitiba,PR,84428858,True
PES-01994,Camila Rodrigues,90575584912,F,1976-10-20,camila_rod454@outlook.com,16989552374,Ribeirão Preto,SP,17227830,False
PES-01995,Hélio Costa Rocha,01236712641,M,1995-10-21,heliorocha514@yahoo.com.br,21967077427,Rio de Janeiro,RJ,27573735,True
PES-01996,Sérgio Souza Nascimento,69519212450,M,1974-08-03,sergio_nas675@uol.com.br,11973294867,Santo André,SP,05668330,False
PES-01997,Fernando Magalhães,19348043200,M,2004-04-15,fernandomagalhaes650@hotmail.com,21971867285,Rio de Janeiro,RJ,24378838,True
PES-01998,Raquel Rocha,82254794086,F,1956-09-29,raquel_roc606@outlook.com,62986375537,Goiânia,GO,74251165,False
PES-01999,Patrícia Pereira Melo,44843225959,F,1978-10-06,patricia_mel747@outlook.com,32965384325,Juiz de Fora,MG,37686558,True
PES-02000,Beatriz Dias Cardoso,19517460317,F,1988-04-12,beatrizcardoso187@uol.com.br,31998457423,Belo Horizonte,MG,35910460,True
PES-02001,Bruno Dias Pereira Silva,35563000877,M,1973-10-08,brunosilva547@hotmail.com,48995279270,Florianópolis,SC,82233450,True
PES-02002,Júlia Assunção Rodrigues,16865510534,F,1981-03-24,julia.rodrigues229@outlook.com,11998995460,São Paulo,SP,06974602,True
PES-02003,Gabriela Lima,26635260536,F,1995-06-21,gabriela.lima861@outlook.com,62965918351,Goiânia,GO,73739129,True
PES-02004,Mateus Magalhães Dias,91037237200,M,1987-02-20,mateus.dias215@yahoo.com.br,11983358717,São Paulo,SP,08305736,True
PES-02005,Débora Lima Pereira,11883696283,F,1990-08-26,debora_per658@uol.com.br,41992441544,Curitiba,PR,83472816,False
PES-02006,Tânia Andrade Cardoso,11557204314,F,1981-07-02,tania.cardoso230@uol.com.br,21986453211,Rio de Janeiro,RJ,28462479,True
PES-02007,Marcelo Dias,06258823181,M,1993-04-04,marcelo.dias914@hotmail.com,11964148547,São Paulo,SP,09183950,True
PES-02008,Ana Machado Ribeiro,88960919187,F,2000-07-13,ana_rib280@yahoo.com.br,81966025049,Recife,PE,59933005,True
PES-02009,Gustavo Nunes Marques,75988322778,M,1963-05-09,gustavo_mar139@outlook.com,11981673859,São Paulo,SP,07719535,False
PES-02010,Júlia Souza Carvalho,47759478933,F,1978-04-24,julia_car232@yahoo.com.br,19972363637,Campinas,SP,12559328,False
PES-02011,Vinícius Barbosa,38634065839,M,1986-05-16,viniciusbarbosa39@hotmail.com,11975364794,São Paulo,SP,03462196,False
PES-02012,Gustavo Martins Nascimento,71125332360,M,1983-01-20,gustavo_nas485@gmail.com,19976099020,Campinas,SP,13576190,True
PES-02013,José Andrade Martins Pereira,66198778690,M,1981-07-09,jose.pereira109@yahoo.com.br,31966911017,Belo Horizonte,MG,33227767,True
PES-02014,Daniel Freitas Guimarães,40854551840,M,1992-10-31,danielguimaraes599@outlook.com,48989077290,Florianópolis,SC,82426115,True
PES-02015,Rodrigo Carvalho,76764333637,M,1965-06-21,rodrigocarvalho212@hotmail.com,11976191349,São Paulo,SP,08026118,False
PES-02016,André Brandão Assunção,87351917752,M,1991-10-03,andreassuncao640@bol.com.br,21977488331,Rio de Janeiro,RJ,27579978,True
PES-02017,Eduardo Ferreira Carvalho Oliveira,94645292021,M,1991-11-04,eduardo_oli410@hotmail.com,11970598707,São Paulo,SP,01205957,False
PES-02018,Beatriz Cardoso Guimarães Nascimento,02292507005,F,1933-12-31,beatriz_nas687@hotmail.com,41966505341,Curitiba,PR,83077153,True
PES-02019,Fábio Freitas,97894129402,M,1969-12-10,fabiofreitas263@gmail.com,48967228706,Florianópolis,SC,87758460,True
PES-02020,Vinícius Ferreira Ribeiro,13029744167,M,1988-01-05,vinicius.ribeiro180@outlook.com,32972934897,Juiz de Fora,MG,33650881,True
PES-02021,Beatriz Dias,22728097666,F,1948-02-29,beatriz.dias118@gmail.com,11986894279,São Paulo,SP,06386097,False
PES-02022,Gabriela Conceição,70883499223,F,1961-10-16,gabrielaconceicao286@bol.com.br,41964965334,Curitiba,PR,87685395,True
PES-02023,Raquel Magalhães,67526615962,F,1975-06-15,raquel.magalhaes568@bol.com.br,61964013473,Brasília,DF,75301524,False
PES-02024,Eduardo Magalhães Santos,84208327316,M,1989-01-27,eduardosantos367@uol.com.br,31990308043,Belo Horizonte,MG,36549310,False
PES-02025,Larissa Guimarães,29947084183,F,1965-01-15,larissaguimaraes343@yahoo.com.br,19992364731,Campinas,SP,17781953,True
PES-02026,Tânia Carvalho Santos,22299674365,F,1983-02-27,tania.santos27@yahoo.com.br,11990319833,São Paulo,SP,03294577,True
PES-02027,Mateus Rodrigues,45826072920,M,1994-05-27,mateus.rodrigues979@outlook.com,51976277605,Porto Alegre,RS,91083860,True
PES-02028,José Melo,33571945387,M,1950-02-17,josemelo872@outlook.com,11993807089,Guarulhos,SP,02498321,True
PES-02029,Lucas Carvalho Alves,40847169014,M,1993-06-12,lucas_alv722@yahoo.com.br,19983785912,Campinas,SP,12245939,False
PES-02030,Otávio Costa Silva,06211137273,M,1989-06-01,otaviosilva649@outlook.com,41994825789,Curitiba,PR,82024143,True
PES-02031,Júlia Melo Lima,78592179297,F,1990-07-18,julia_lim263@hotmail.com,21990403633,Rio de Janeiro,RJ,25183601,True
PES-02032,Lucas Carvalho,00938005332,M,1983-06-08,lucas_car158@outlook.com,71982488519,Salvador,BA,42136175,True
PES-02033,Vinícius Nunes Mendes Carvalho,76030887718,M,1983-03-30,vinicius.carvalho733@outlook.com,11962406677,São Paulo,SP,09872369,False
PES-02034,João Carvalho,92641726610,M,1982-01-12,joaocarvalho907@uol.com.br,11964546369,São Paulo,SP,07771003,True
PES-02035,Renata Peixoto Cardoso Freitas,98068537767,F,1983-05-02,renatafreitas520@bol.com.br,11987722797,São Paulo,SP,02419538,True
PES-02036,Vitória Souza,65340722708,F,2000-02-25,vitoria.souza952@bol.com.br,41977894684,Curitiba,PR,84272767,True
PES-02037,Henrique Conceição,96314528674,M,1941-11-21,henrique.conceicao490@gmail.com,11987422185,São Paulo,SP,01671490,True
PES-02038,Gustavo Santos Gomes,01357856180,M,1957-03-29,gustavogomes741@bol.com.br,11980995166,São Paulo,SP,01142909,True
PES-02039,Otávio Martins,20532854357,M,1988-07-06,otavio.martins834@outlook.com,11980203490,São Paulo,SP,07421749,True
PES-02040,Sérgio Santos Gomes Ribeiro,91948593963,M,2001-11-01,sergio_rib498@gmail.com,41970284397,Curitiba,PR,88023318,True
PES-02041,Rafael Costa,95401343663,M,1996-08-19,rafael_cos496@hotmail.com,11961657864,São Paulo,SP,06103200,True
PES-02042,Tânia Oliveira Pereira,88883784804,F,1993-07-05,tania.pereira466@hotmail.com,81974923131,Recife,PE,55918901,True
PES-02043,Marcelo Gomes Cardoso,13257169876,M,1960-08-16,marcelocardoso721@outlook.com,19965443225,Campinas,SP,17660032,True
PES-02044,Camila Brandão Assunção,98467558130,F,1977-04-30,camilaassuncao197@bol.com.br,21981707628,Rio de Janeiro,RJ,28602727,True
PES-02045,Leonardo Andrade,62165045843,M,1964-01-13,leonardo_and475@yahoo.com.br,21968627149,Niterói,RJ,25751694,False
PES-02046,Simone Gomes Martins,06113394042,F,1989-10-25,simone_mar225@outlook.com,11995219456,São Paulo,SP,05461020,False
PES-02047,Sônia Marques Martins,63488274616,F,1981-06-06,sonia_mar145@outlook.com,11989301372,São Paulo,SP,07201088,False
PES-02048,Joana Freitas Peixoto,45232598015,F,1972-10-19,joana.peixoto499@gmail.com,11991503875,São Paulo,SP,07340833,True
PES-02049,Patrícia Pereira,30390883190,F,1993-11-29,patriciapereira791@yahoo.com.br,61985495851,Brasília,DF,76986888,False
PES-02050,Ana Cardoso Nunes,88787390574,F,2001-11-04,ana_nun353@yahoo.com.br,11970382923,São Paulo,SP,05958286,True
PES-02051,Thiago Mendes Costa,69329231810,M,1950-05-28,thiagocosta233@uol.com.br,11997366385,São Paulo,SP,08339628,True
PES-02052,Gustavo Gomes,55675420622,M,1995-06-11,gustavo_gom109@outlook.com,21961636482,Rio de Janeiro,RJ,22727707,True
PES-02053,Helena Pereira Cardoso,78907534624,F,1963-12-29,helena_car833@outlook.com,11962164511,São Paulo,SP,02824409,True
PES-02054,Larissa Brandão Pereira,56825502930,F,1978-10-04,larissa_per906@yahoo.com.br,21969804818,Rio de Janeiro,RJ,29676426,True
PES-02055,Luís Magalhães Alves,98632816705,M,1989-09-19,luis.alves472@gmail.com,71963801244,Salvador,BA,45060904,False
PES-02056,Vitória Cardoso,56605855078,F,1996-03-10,vitoriacardoso498@gmail.com,11986243817,São Paulo,SP,01213378,True
PES-02057,Márcia Araújo Rodrigues,36998042752,F,1989-05-29,marciarodrigues736@outlook.com,19979365341,Campinas,SP,12095488,True
PES-02058,José Guimarães Brandão,78947154091,M,1983-06-13,jose_bra933@outlook.com,19962775644,Campinas,SP,17760745,False
PES-02059,Eduardo Marques Guimarães Conceição,15872816278,M,1985-07-12,eduardo_con476@uol.com.br,11974818569,São Paulo,SP,06842296,False
PES-02060,Aline Alves,37984533229,F,1985-10-29,aline_alv266@outlook.com,11964417888,São Paulo,SP,08387331,False
PES-02061,Vitória Andrade,13029422801,F,2000-09-17,vitoria_and905@outlook.com,51984442926,Porto Alegre,RS,92519528,False
PES-02062,Rodrigo Mendes Pereira,17350941455,M,2000-12-29,rodrigopereira406@yahoo.com.br,11983796309,São Paulo,SP,04338794,False
PES-02063,Vitória Brandão Oliveira,82992569259,F,1987-09-20,vitoriaoliveira966@bol.com.br,31982197522,Belo Horizonte,MG,33261860,False
PES-02064,Henrique Conceição Assunção,28300088474,M,1982-01-08,henrique_ass756@outlook.com,21982483672,Rio de Janeiro,RJ,22474614,True
PES-02065,Sônia Marques Moreira,48204143133,F,1989-08-05,sonia_mor279@bol.com.br,11996621198,São Paulo,SP,05854027,False
PES-02066,Rodrigo Carvalho Guimarães,89187108283,M,1955-10-31,rodrigoguimaraes260@hotmail.com,48985769651,Florianópolis,SC,82615189,False
PES-02067,Patrícia Ribeiro,86769325810,F,1973-01-30,patriciaribeiro335@outlook.com,71996745563,Salvador,BA,47026844,False
PES-02068,Marcelo Martins,65282434334,M,1944-08-11,marcelo_mar346@outlook.com,11960655627,São Paulo,SP,02044433,False
PES-02069,Helena Guimarães,02695541651,F,1994-04-20,helena.guimaraes372@outlook.com,11992376798,São Paulo,SP,05578711,True
PES-02070,Cecília Nunes Assunção,22089431989,F,1980-06-28,cecilia_ass692@uol.com.br,11972484543,São Paulo,SP,09960686,False
PES-02071,Mateus Silva Souza Carvalho,26821051658,M,1961-12-14,mateuscarvalho984@uol.com.br,41975828675,Curitiba,PR,83671626,True
PES-02072,Fernanda Ribeiro Carvalho,29364739426,F,1991-07-19,fernandacarvalho673@hotmail.com,11960117785,São Paulo,SP,03737777,False
PES-02073,Isabela Alves Lima,60581993284,F,1981-04-07,isabelalima811@yahoo.com.br,21961214362,Rio de Janeiro,RJ,27156954,True
PES-02074,Fábio Barbosa Carvalho Lima,39084811046,M,1991-02-15,fabiolima947@gmail.com,21991191088,Rio de Janeiro,RJ,25644818,True
PES-02075,José Melo Melo,14372792603,M,1981-07-05,josemelo459@bol.com.br,11997549235,São Paulo,SP,01549151,True
PES-02076,Cecília Guimarães,95812642567,F,2000-07-12,cecilia_gui222@yahoo.com.br,11999283227,São Paulo,SP,06709464,True
PES-02077,Camila Costa Santos,85779654816,F,1985-06-11,camila_san467@hotmail.com,19988158361,Campinas,SP,16352478,False
PES-02078,Bruno Andrade Oliveira,04396015763,M,1978-01-24,bruno.oliveira825@bol.com.br,11961024125,São Paulo,SP,02503160,True
PES-02079,Tânia Oliveira Gomes,02289005223,F,1989-06-19,taniagomes35@bol.com.br,31999649408,Belo Horizonte,MG,35646356,False
PES-02080,Raquel Santos Carvalho,63612293516,F,1992-10-05,raquel.carvalho873@hotmail.com,11988636621,São Paulo,SP,07664489,False
PES-02081,César Pereira,95772902059,M,1961-10-26,cesar.pereira104@bol.com.br,41981589889,Curitiba,PR,89927676,False
PES-02082,Camila Carvalho Magalhães,03556995328,F,1974-01-30,camilamagalhaes4@yahoo.com.br,21974575037,Rio de Janeiro,RJ,22604995,True
PES-02083,Vinícius Moreira Santos,17651402189,M,1991-12-26,vinicius.santos203@uol.com.br,11999536263,São Paulo,SP,05907581,True
PES-02084,Patrícia Carvalho,94738439766,F,1980-02-09,patriciacarvalho604@hotmail.com,11960245006,São Paulo,SP,08346315,True
PES-02085,Otávio Guimarães Andrade Assunção,35655652684,M,1994-01-17,otavioassuncao332@bol.com.br,21996394462,Rio de Janeiro,RJ,21556218,True
PES-02086,Beatriz Cardoso Nunes,06100745046,F,1990-03-02,beatriznunes898@outlook.com,48992139582,Florianópolis,SC,87424824,False
PES-02087,Fernanda Rocha,02491101300,F,1982-02-25,fernanda.rocha873@outlook.com,11995095664,São Paulo,SP,05598150,True
PES-02088,Priscila Peixoto Conceição,56486197820,F,1972-03-27,priscilaconceicao120@hotmail.com,11964655730,Guarulhos,SP,08425189,False
PES-02089,Joana Carvalho Marques,74916288424,F,1994-02-04,joana.marques546@yahoo.com.br,21980706003,Rio de Janeiro,RJ,24095754,True
PES-02090,Cláudia Pereira Cardoso,00217006647,F,1988-04-22,claudiacardoso953@uol.com.br,11967811901,São Paulo,SP,06448963,True
PES-02091,Paulo Lima Pereira,17500722117,M,1997-07-06,paulo_per20@gmail.com,11998402406,São Paulo,SP,07115373,False
PES-02092,Eduardo Machado,11344857272,M,1986-06-16,eduardomachado645@yahoo.com.br,21974929598,Rio de Janeiro,RJ,28106521,True
PES-02093,Mariana Freitas,68808931048,F,1933-12-31,mariana_fre672@uol.com.br,51993054929,Porto Alegre,RS,95967728,False
PES-02094,Cecília Andrade Oliveira,02062779895,F,1970-08-19,ceciliaoliveira84@outlook.com,21990078748,Rio de Janeiro,RJ,25497286,True
PES-02095,Lucas Guimarães,40297337947,M,1957-09-06,lucas.guimaraes400@hotmail.com,32976593243,Juiz de Fora,MG,38186254,True
PES-02096,César Rodrigues Peixoto,17939267434,M,1973-04-27,cesar.peixoto346@bol.com.br,11976285875,Santo André,SP,08791080,False
PES-02097,Márcia Machado,96329481300,F,1983-09-23,marciamachado314@uol.com.br,21982644103,Niterói,RJ,26038434,False
PES-02098,Gabriela Souza Barbosa Oliveira,28921147055,F,1991-09-10,gabrielaoliveira769@gmail.com,31995236239,Belo Horizonte,MG,38526833,True
PES-02099,Débora Peixoto Rodrigues Ferreira,16776311714,F,1995-04-02,debora_fer552@bol.com.br,21975938462,Rio de Janeiro,RJ,27320813,False
PES-02100,Otávio Araújo Oliveira,52729226036,M,1979-02-06,otaviooliveira945@gmail.com,21998363925,Niterói,RJ,29315003,True
PES-02101,Vitória Peixoto Cardoso,52159519774,F,1991-04-27,vitoriacardoso36@bol.com.br,11972694581,Guarulhos,SP,09951030,False
PES-02102,Aline Freitas,57401112930,F,1971-07-23,aline_fre578@yahoo.com.br,19982265986,Campinas,SP,12035416,False
PES-02103,Vitória Ferreira,45397577090,F,1984-12-18,vitoriaferreira995@yahoo.com.br,21990551138,Rio de Janeiro,RJ,21792004,False
PES-02104,Simone Ribeiro Costa Araújo,95098430674,F,1954-03-19,simone.araujo486@yahoo.com.br,71979193914,Salvador,BA,45214780,True
PES-02105,Márcio Rocha,68744793502,M,1971-03-10,marcio_roc152@bol.com.br,41996633461,Curitiba,PR,84863874,False
PES-02106,Wagner Gomes,58660761103,M,1986-11-16,wagner.gomes179@hotmail.com,11993622324,São Paulo,SP,05496011,True
PES-02107,Daniel Rocha Costa,94097330659,M,2000-01-20,danielcosta987@uol.com.br,31981733775,Belo Horizonte,MG,33809305,True
PES-02108,Caio Costa Martins,25669969200,M,1994-02-25,caiomartins712@yahoo.com.br,21992702956,Rio de Janeiro,RJ,22448511,False
PES-02109,Júlia Nunes Andrade,36025342008,F,1989-08-30,julia_and817@yahoo.com.br,11995296097,Guarulhos,SP,08471542,False
PES-02110,Letícia Rocha Cardoso,09489049255,F,2002-01-01,leticiacardoso426@gmail.com,71999832063,Salvador,BA,44458582,False
PES-02111,Sônia Carvalho Cardoso,45862948503,F,1991-02-02,soniacardoso591@uol.com.br,19995342666,Campinas,SP,16648578,True
PES-02112,Natália Mendes,02352998557,F,1995-02-24,natalia_men413@outlook.com,81994988498,Recife,PE,54222896,True
PES-02113,Bruno Moreira Peixoto,33800484706,M,1992-04-06,bruno.peixoto422@yahoo.com.br,11989402685,São Paulo,SP,07719721,True
PES-02114,Vitória Magalhães Barbosa,85468977435,F,1949-04-11,vitoria.barbosa915@outlook.com,16969711000,Ribeirão Preto,SP,14856717,True
PES-02115,Cecília Cardoso Freitas,05272721403,F,1948-09-23,cecilia_fre54@outlook.com,11981403394,São Paulo,SP,06084182,True
PES-02116,Cecília Souza Rodrigues,54600754166,F,1995-12-10,ceciliarodrigues424@gmail.com,16999126219,Ribeirão Preto,SP,16337684,False
PES-02117,Tânia Souza,04869217600,F,1985-02-14,tania_sou364@gmail.com,21996488917,Rio de Janeiro,RJ,29087358,False
PES-02118,Caio Cardoso Moreira,58466287299,M,1998-09-18,caio.moreira117@yahoo.com.br,61985349306,Brasília,DF,73292946,True
PES-02119,Renata Souza Araújo Oliveira,49968610372,F,1974-11-08,renata_oli881@gmail.com,11983852495,São Paulo,SP,09917678,False
PES-02120,Aline Melo Conceição,46551989586,F,1992-03-16,alineconceicao830@yahoo.com.br,61983196612,Brasília,DF,73782886,False
PES-02121,Fernanda Peixoto Ribeiro Magalhães,93291881761,F,1994-02-14,fernanda.magalhaes845@yahoo.com.br,21996496092,Rio de Janeiro,RJ,23640945,True
PES-02122,Renata Costa Machado,23496145579,F,1980-09-16,renata_mac778@uol.com.br,48988741953,Florianópolis,SC,86245671,False
PES-02123,Débora Pereira,52388949610,F,1988-07-07,deborapereira186@bol.com.br,11987185546,Guarulhos,SP,03593490,False
PES-02124,Gustavo Freitas Moreira,66832948018,M,1978-09-13,gustavomoreira845@outlook.com,48994882271,Florianópolis,SC,88543689,False
PES-02125,Ana Andrade,51562399357,F,1995-03-19,anaandrade500@uol.com.br,11975186095,São Paulo,SP,06790004,True
PES-02126,Joana Nunes,02223065210,F,1979-04-21,joana_nun506@gmail.com,11984955487,São Paulo,SP,09175217,False
PES-02127,Márcia Gomes Oliveira,26526880657,F,1982-06-22,marciaoliveira332@uol.com.br,61996301172,Brasília,DF,75187639,False
PES-02128,Lúcia Assunção,81327554992,F,1983-04-16,lucia.assuncao346@uol.com.br,19970991257,Campinas,SP,11745310,False
PES-02129,Daniel Pereira Martins Rodrigues,00635781743,M,1984-11-30,daniel_rod182@outlook.com,11980283157,São Paulo,SP,06183117,False
PES-02130,Isabela Andrade Nunes,76727982945,F,1982-09-28,isabela.nunes968@bol.com.br,19969656748,Campinas,SP,18374694,False
PES-02131,Gabriela Nascimento,33918150275,F,1983-06-07,gabriela_nas91@gmail.com,62978311639,Goiânia,GO,79926706,True
PES-02132,Joana Nascimento Araújo,20252612507,F,1996-07-22,joanaaraujo613@hotmail.com,21968226110,Rio de Janeiro,RJ,29234009,True
PES-02133,Cláudia Oliveira Rocha Magalhães,47063458043,F,1984-03-27,claudiamagalhaes904@outlook.com,11991266366,São Paulo,SP,07437916,True
PES-02134,Mariana Souza Araújo,35196226028,F,1979-08-02,marianaaraujo955@gmail.com,11962032741,São Paulo,SP,08567614,True
PES-02135,Márcia Pereira Oliveira Andrade,78870956032,F,1967-06-09,marcia.andrade737@outlook.com,11999912309,Guarulhos,SP,03253592,True
PES-02136,Vitória Araújo Machado,14255103968,F,1989-05-30,vitoria.machado996@hotmail.com,21969243736,Rio de Janeiro,RJ,25557821,True
PES-02137,Luís Assunção Nunes,15073325729,M,1976-05-04,luis_nun733@outlook.com,61988611217,Brasília,DF,78467851,False
PES-02138,Wagner Rodrigues,45385205516,M,1946-04-06,wagnerrodrigues793@gmail.com,61974843420,Brasília,DF,75611419,False
PES-02139,Natália Gomes Assunção,13309547000,F,1985-01-11,natalia.assuncao114@uol.com.br,11963278604,São Paulo,SP,08993478,True
PES-02140,Leonardo Melo Nunes Moreira,84086847280,M,1973-03-11,leonardo.moreira358@bol.com.br,31992236933,Belo Horizonte,MG,37866114,False
PES-02141,Aline Marques Rodrigues,61132499569,F,1991-11-24,aline.rodrigues335@hotmail.com,61960315661,Brasília,DF,78199834,True
PES-02142,Vitória Costa Pereira,71043785450,F,1979-09-30,vitoria_per438@bol.com.br,31999928943,Belo Horizonte,MG,36757285,False
PES-02143,Débora Martins Rocha,56101532712,F,1973-11-12,debora_roc981@uol.com.br,21969212694,Rio de Janeiro,RJ,25536719,True
PES-02144,Débora Ferreira Brandão,77589697125,F,1990-02-01,deborabrandao915@uol.com.br,21966196442,Rio de Janeiro,RJ,28940179,False
PES-02145,José Rodrigues,38264886108,M,2000-07-20,joserodrigues635@hotmail.com,11973135608,Santo André,SP,04746985,True
PES-02146,Raquel Machado,31207910678,F,1973-10-14,raquel_mac683@outlook.com,31963877301,Belo Horizonte,MG,36871436,True
PES-02147,Joana Mendes Lima Barbosa,31344823718,F,1997-09-06,joana_bar607@outlook.com,41975262374,Curitiba,PR,85157366,True
PES-02148,Lúcia Freitas Carvalho,79344206090,F,1991-07-08,luciacarvalho163@yahoo.com.br,41987489633,Curitiba,PR,84961183,False
PES-02149,Vitória Brandão Pereira,96062514119,F,1947-10-21,vitoria.pereira445@hotmail.com,21995891636,Niterói,RJ,25187727,True
PES-02150,André Nunes,91675538859,M,1960-11-14,andre.nunes503@outlook.com,31988926178,Belo Horizonte,MG,39371374,False
PES-02151,Paulo Costa Machado,58760741600,M,1994-12-14,paulo.machado672@bol.com.br,31962191165,Belo Horizonte,MG,34677621,True
PES-02152,Luíza Mendes Conceição,45384705540,F,1985-06-22,luizaconceicao710@outlook.com,21976557516,Rio de Janeiro,RJ,24990951,False
PES-02153,Paulo Carvalho Ribeiro Conceição,89874265132,M,1950-12-08,paulo_con31@uol.com.br,71999496132,Salvador,BA,49813722,True
PES-02154,Fernando Ferreira Moreira,13964051942,M,1977-07-15,fernandomoreira192@gmail.com,31966043851,Belo Horizonte,MG,31941155,False
PES-02155,Cláudia Carvalho,20250818639,F,1989-12-10,claudiacarvalho678@bol.com.br,16975628765,Ribeirão Preto,SP,17379492,True
PES-02156,Antônio Silva Conceição,50765506181,M,2001-01-27,antonioconceicao920@bol.com.br,41998005124,Curitiba,PR,89833424,False
PES-02157,Márcia Mendes Gomes,47503443030,F,1944-04-18,marciagomes880@gmail.com,21969649012,Niterói,RJ,22616681,True
PES-02158,Márcio Costa Moreira,67527610603,M,1974-02-09,marciomoreira875@gmail.com,19983741785,Campinas,SP,16027529,False
PES-02159,Aline Dias Freitas,40832454176,F,1983-05-20,aline_fre110@yahoo.com.br,11987222099,Guarulhos,SP,07364132,True
PES-02160,Mariana Gomes Conceição,71965403360,F,1988-09-15,marianaconceicao53@outlook.com,11988651215,São Paulo,SP,03334983,True
PES-02161,Eduardo Cardoso Mendes,52695629796,M,1973-10-26,eduardo.mendes765@hotmail.com,11992015937,Guarulhos,SP,07071651,True
PES-02162,Raquel Rodrigues,22835771107,F,1980-10-25,raquel_rod244@uol.com.br,21992222394,Rio de Janeiro,RJ,27530355,True
PES-02163,Fernando Andrade,55004296200,M,1976-08-28,fernando_and721@outlook.com,11982588773,São Paulo,SP,08760864,True
PES-02164,Lúcia Lima,70312614063,F,1994-08-19,lucia.lima941@bol.com.br,21982612839,Niterói,RJ,23239960,True
PES-02165,César Freitas Guimarães,23851157273,M,1995-02-27,cesar.guimaraes914@outlook.com,32967621723,Juiz de Fora,MG,32920903,True
PES-02166,Eduardo Santos,27748547254,M,1988-08-24,eduardosantos252@bol.com.br,11975854651,São Paulo,SP,09354982,True
PES-02167,Fernando Andrade Magalhães,48884513200,M,1989-05-27,fernando.magalhaes262@uol.com.br,61973396323,Brasília,DF,76543392,True
PES-02168,Letícia Nascimento Conceição,69293264617,F,1990-01-08,leticia.conceicao179@hotmail.com,41985759194,Curitiba,PR,89217019,False
PES-02169,Thiago Moreira,23772548377,M,1980-09-12,thiago.moreira971@gmail.com,21968591638,Rio de Janeiro,RJ,23653844,True
PES-02170,Luíza Alves Alves,82927411514,F,1990-06-08,luiza_alv962@yahoo.com.br,21974343744,Niterói,RJ,23466729,True
PES-02171,Patrícia Peixoto Marques Silva,26649644293,F,1975-09-25,patricia_sil984@hotmail.com,31968596802,Belo Horizonte,MG,36124294,False
PES-02172,Isabela Martins Melo,07969523706,F,1987-06-09,isabela_mel632@bol.com.br,11978205711,São Paulo,SP,03749194,True
PES-02173,Vinícius Melo Ferreira Gomes,84477742878,M,1989-08-21,vinicius_gom454@uol.com.br,32997768819,Juiz de Fora,MG,35919174,False
PES-02174,Otávio Araújo Barbosa,70224556274,M,1987-09-30,otavio_bar395@yahoo.com.br,21983431222,Rio de Janeiro,RJ,27259259,False
PES-02175,Aline Assunção Assunção Melo,55628425567,F,1977-03-13,aline_mel12@hotmail.com,11984247116,São Paulo,SP,06346699,True
PES-02176,José Assunção Santos,91242481931,M,1985-02-19,josesantos221@hotmail.com,19996992084,Campinas,SP,16586422,False
PES-02177,Rodrigo Moreira Martins Carvalho,56792145475,M,1949-09-13,rodrigocarvalho625@uol.com.br,48971139572,Florianópolis,SC,81309439,True
PES-02178,André Rocha Souza,98666206977,M,1971-03-13,andre_sou228@gmail.com,81984972607,Recife,PE,52273334,True
PES-02179,Antônio Pereira Rocha Alves,17860281740,M,1933-12-31,antonio.alves60@bol.com.br,11986619199,São Paulo,SP,03539090,True
PES-02180,Raquel Nunes,09098164927,F,1966-11-09,raquel_nun734@yahoo.com.br,19979673415,Campinas,SP,19505953,True
PES-02181,Renata Oliveira Araújo,08581322816,F,1995-04-16,renataaraujo889@outlook.com,21968826410,Rio de Janeiro,RJ,22015369,False
PES-02182,Simone Silva Nascimento,96318018700,F,1988-01-06,simone.nascimento577@uol.com.br,71978764599,Salvador,BA,41211315,True
PES-02183,Isabela Melo,29474975540,F,1970-01-27,isabela.melo331@uol.com.br,31960068898,Belo Horizonte,MG,31949610,False
PES-02184,Cecília Ribeiro Melo,93003517295,F,1980-09-29,cecilia.melo561@bol.com.br,11993911694,Santo André,SP,01722384,False
PES-02185,Lúcia Magalhães Conceição,25396484365,F,1992-05-22,lucia_con51@bol.com.br,11975859792,São Paulo,SP,09554818,False
PES-02186,Vinícius Marques Rocha,44826365411,M,1996-12-06,vinicius_roc788@outlook.com,61984155978,Brasília,DF,71559420,False
PES-02187,Mariana Marques Ferreira,13362262422,F,1996-04-03,marianaferreira728@uol.com.br,11969581373,Guarulhos,SP,09858733,True
PES-02188,Antônio Ferreira,81664879501,M,1982-02-18,antonioferreira256@outlook.com,21981748117,Rio de Janeiro,RJ,26296516,False
PES-02189,Rafael Barbosa Mendes,63496796367,M,1933-12-31,rafael_men85@outlook.com,11998295183,São Paulo,SP,03274967,False
PES-02190,Luíza Alves Guimarães,17906315308,F,2002-10-08,luiza_gui949@outlook.com,62966388066,Goiânia,GO,76965417,False
PES-02191,Lúcia Alves,23847829246,F,1980-10-22,luciaalves57@uol.com.br,19979995851,Campinas,SP,15382412,True
PES-02192,Isabela Araújo,67109963284,F,1985-07-11,isabelaaraujo555@uol.com.br,71964804996,Salvador,BA,43732222,False
PES-02193,Henrique Oliveira,42435106602,M,1999-03-05,henrique_oli507@hotmail.com,19969558742,Campinas,SP,17803129,False
PES-02194,Eduardo Marques Melo,51338427679,M,1965-02-04,eduardo.melo737@bol.com.br,11975563145,São Paulo,SP,06197510,False
PES-02195,Natália Nascimento,35684880193,F,1983-03-30,natalia.nascimento131@gmail.com,11993792400,São Paulo,SP,06707400,True
PES-02196,Lúcia Guimarães,38843657623,F,1935-07-14,luciaguimaraes544@hotmail.com,21972603162,Rio de Janeiro,RJ,22527694,True
PES-02197,Camila Ribeiro,46777311874,F,1952-10-25,camilaribeiro869@gmail.com,61997353964,Brasília,DF,78764254,True
PES-02198,Leonardo Alves Marques,09030841478,M,1995-02-13,leonardo.marques741@outlook.com,11981625109,São Paulo,SP,01610098,True
PES-02199,Beatriz Carvalho Araújo,97318056727,F,1971-08-13,beatriz_ara19@uol.com.br,81988022790,Recife,PE,57132823,True
PES-02200,Cecília Guimarães,10200131923,F,1991-12-29,cecilia_gui465@yahoo.com.br,19976215842,Campinas,SP,15532616,True
PES-02201,Isabela Freitas Martins,07562203601,F,1987-08-27,isabela.martins205@bol.com.br,21974669774,Niterói,RJ,23731247,False
PES-02202,Sônia Carvalho,42487824131,F,1983-09-13,soniacarvalho642@bol.com.br,11962519292,São Paulo,SP,05703179,True
PES-02203,Priscila Machado Costa Machado,76052024747,F,1961-07-02,priscila.machado334@outlook.com,51982868654,Porto Alegre,RS,91335312,False
PES-02204,Helena Araújo Oliveira,61857549830,F,1990-10-04,helenaoliveira364@bol.com.br,11971552889,São Paulo,SP,05160381,True
PES-02205,André Oliveira Araújo,98525530204,M,1984-12-26,andre_ara510@yahoo.com.br,11978368444,São Paulo,SP,01337707,True
PES-02206,Rodrigo Dias,90030000696,M,2001-02-02,rodrigo.dias170@uol.com.br,11994165280,São Paulo,SP,02602543,True
PES-02207,Cláudia Assunção,01919468188,F,2001-06-20,claudia_ass42@uol.com.br,11970371789,São Paulo,SP,02820784,True
PES-02208,César Gomes,20428892299,M,1995-11-11,cesargomes830@uol.com.br,31972918434,Belo Horizonte,MG,39421579,True
PES-02209,Paulo Marques Brandão,09640041947,M,1995-01-22,paulo.brandao339@uol.com.br,21997036400,Rio de Janeiro,RJ,25981723,False
PES-02210,Raquel Nunes,12853726622,F,1943-10-04,raquel_nun636@hotmail.com,11988624372,Guarulhos,SP,03375315,False
PES-02211,José Andrade,59287360375,M,1997-05-06,jose_and97@outlook.com,11962791461,São Paulo,SP,09299933,True
PES-02212,Isabela Gomes Magalhães,59881626064,F,1993-03-22,isabelamagalhaes14@outlook.com,11969976986,Guarulhos,SP,05821630,True
PES-02213,João Moreira Melo,53533127320,M,1981-10-26,joao_mel901@yahoo.com.br,11970906928,São Paulo,SP,02437933,True
PES-02214,Larissa Pereira Dias,16082320344,F,1992-04-03,larissa_dia710@uol.com.br,19993078102,Campinas,SP,13749403,False
PES-02215,Sônia Souza,46506225904,F,1964-02-03,sonia_sou45@yahoo.com.br,11985121256,São Paulo,SP,06202754,True
PES-02216,Renata Ribeiro Ferreira,15888500640,F,1983-08-02,renataferreira498@bol.com.br,32995884940,Juiz de Fora,MG,39350997,True
PES-02217,Sônia Alves Dias Freitas,77571380430,F,1986-11-04,sonia.freitas178@yahoo.com.br,51979834616,Porto Alegre,RS,96112689,False
PES-02218,Camila Ribeiro,57707239202,F,1994-10-23,camilaribeiro904@hotmail.com,41968398878,Curitiba,PR,87547628,False
PES-02219,César Nascimento Oliveira,28280922598,M,1975-08-27,cesaroliveira253@hotmail.com,21976778437,Rio de Janeiro,RJ,29683415,False
PES-02220,Lúcia Nunes,29880677838,F,1933-12-31,lucia_nun199@bol.com.br,51979987833,Porto Alegre,RS,94270242,False
PES-02221,João Melo Ribeiro Lima,65108294441,M,1988-12-20,joao_lim296@gmail.com,21964272152,Rio de Janeiro,RJ,22531462,False
PES-02222,Fernanda Magalhães Brandão Brandão,04032320314,F,1990-09-23,fernanda_bra396@gmail.com,21967465444,Rio de Janeiro,RJ,24460991,False
PES-02223,Márcia Rocha Conceição Machado,01938473450,F,1933-12-31,marcia_mac763@bol.com.br,19996332090,Campinas,SP,14784559,True
PES-02224,Beatriz Costa Rodrigues,73829982666,F,1985-06-17,beatriz.rodrigues335@yahoo.com.br,16969134942,Ribeirão Preto,SP,11172225,False
PES-02225,Aline Rodrigues,51718278420,F,1971-04-22,alinerodrigues273@bol.com.br,61964631375,Brasília,DF,77498545,True
PES-02226,Beatriz Machado Freitas Silva,22003525068,F,1951-09-13,beatrizsilva875@yahoo.com.br,21969947580,Niterói,RJ,25234315,True
PES-02227,Helena Freitas Martins Andrade,37063589806,F,1990-10-15,helena_and271@yahoo.com.br,21963961727,Rio de Janeiro,RJ,28171701,True
PES-02228,Sônia Carvalho Ferreira,29422859077,F,1985-02-19,sonia.ferreira306@uol.com.br,11975132960,São Paulo,SP,08639415,True
PES-02229,Vinícius Nascimento,57706123987,M,1980-10-21,vinicius.nascimento622@uol.com.br,62968855251,Goiânia,GO,77633807,False
PES-02230,José Ferreira Silva,23768614549,M,2000-09-07,jose_sil467@gmail.com,11975806701,São Paulo,SP,01853936,False
PES-02231,Simone Melo Dias,92042132802,F,1991-08-01,simone_dia216@uol.com.br,41961627541,Curitiba,PR,82418283,True
PES-02232,Simone Barbosa,84478361185,F,1963-08-29,simonebarbosa343@bol.com.br,11976373176,São Paulo,SP,05751576,True
PES-02233,Otávio Moreira Machado,14439450482,M,1983-10-31,otaviomachado301@outlook.com,21967777291,Niterói,RJ,24936403,True
PES-02234,Vinícius Gomes Brandão,86412691693,M,1978-01-14,vinicius.brandao643@uol.com.br,61977436953,Brasília,DF,76987342,False
PES-02235,Débora Santos Guimarães,24445523771,F,1989-02-11,debora.guimaraes378@hotmail.com,11990025148,São Paulo,SP,03270985,False
PES-02236,Bruno Martins Moreira,60291266010,M,1993-03-03,bruno_mor182@uol.com.br,11962761697,São Paulo,SP,05502933,False
PES-02237,Mateus Machado,99913767040,M,1978-08-08,mateusmachado767@hotmail.com,11987887976,São Paulo,SP,06100131,False
PES-02238,Gustavo Carvalho Rocha Machado,91572443324,M,2002-10-25,gustavomachado260@outlook.com,51963643529,Porto Alegre,RS,93673380,True
PES-02239,Daniel Ferreira,10658242890,M,1972-01-27,danielferreira22@uol.com.br,21961846753,Niterói,RJ,27784507,False
PES-02240,Caio Marques,88107636376,M,1963-11-27,caio_mar492@hotmail.com,51974788607,Porto Alegre,RS,95092167,True
PES-02241,Mateus Nascimento,69924112172,M,1978-03-08,mateus.nascimento363@uol.com.br,41973791596,Curitiba,PR,81673510,False
PES-02242,Fernanda Cardoso,64427164579,F,1961-04-11,fernandacardoso700@gmail.com,16968205450,Ribeirão Preto,SP,14099124,True
PES-02243,Henrique Alves Oliveira,46516332851,M,1978-11-29,henrique_oli310@yahoo.com.br,11986714764,São Paulo,SP,04030657,False
PES-02244,Gustavo Nascimento Martins,68307800471,M,1994-02-01,gustavo_mar96@outlook.com,11986955837,São Paulo,SP,03921486,True
PES-02245,Henrique Costa,10559361149,M,1980-10-17,henrique_cos134@uol.com.br,21962241450,Niterói,RJ,22685524,True
PES-02246,Antônio Nunes Nunes,92166192602,M,1991-07-10,antonio_nun79@gmail.com,51962926995,Porto Alegre,RS,93590791,False
PES-02247,Raquel Ferreira Martins,77482333819,F,1992-03-28,raquel_mar869@yahoo.com.br,11967232316,Guarulhos,SP,02920260,True
PES-02248,Mariana Barbosa Gomes,82515100406,F,1985-08-19,mariana.gomes106@yahoo.com.br,21990294871,Rio de Janeiro,RJ,21298176,True
PES-02249,Tânia Magalhães Moreira,74389168630,F,1973-12-07,taniamoreira821@gmail.com,31970236587,Belo Horizonte,MG,35764984,True
PES-02250,Luíza Freitas Nunes,78695604217,F,1977-12-09,luizanunes449@bol.com.br,21976051468,Niterói,RJ,23923132,True
PES-02251,Cláudia Peixoto Ferreira Peixoto,40288188691,F,1991-10-28,claudiapeixoto751@hotmail.com,32984782870,Juiz de Fora,MG,37778580,True
PES-02252,Vinícius Melo Araújo Gomes,69221165183,M,1964-04-23,vinicius_gom894@gmail.com,11989828537,São Paulo,SP,01448814,True
PES-02253,Aline Freitas Conceição,35191211669,F,1987-08-05,aline_con463@yahoo.com.br,32978646824,Juiz de Fora,MG,31065286,True
PES-02254,Fernando Carvalho Martins,13481080107,M,1946-10-03,fernando_mar558@outlook.com,11995883862,Santo André,SP,06194807,True
PES-02255,Helena Nunes Alves,64961781355,F,1992-02-21,helena.alves373@yahoo.com.br,31978345647,Belo Horizonte,MG,31619675,True
PES-02256,Vitória Rocha Mendes,82771566850,F,1984-08-04,vitoria.mendes870@gmail.com,21966405429,Rio de Janeiro,RJ,23125425,False
PES-02257,Rafael Rocha Souza,00035686871,M,2002-01-06,rafaelsouza877@yahoo.com.br,19977116584,Campinas,SP,13397858,True
PES-02258,Gabriela Silva Rocha,21026669804,F,1972-03-06,gabriela.rocha234@hotmail.com,51960273351,Porto Alegre,RS,94400190,False
PES-02259,Júlia Melo,84625589649,F,1950-12-06,juliamelo697@yahoo.com.br,62974129269,Goiânia,GO,75849240,False
PES-02260,Fernando Pereira,31106484150,M,1996-07-21,fernando_per333@outlook.com,19966883901,Campinas,SP,16280024,False
PES-02261,Caio Cardoso Pereira,84729656601,M,1998-09-07,caiopereira991@outlook.com,31966104247,Belo Horizonte,MG,34858564,False
PES-02262,Natália Assunção,63167627638,F,1987-12-29,natalia.assuncao218@hotmail.com,11972025646,Guarulhos,SP,04455388,False
PES-02263,Letícia Melo,84896864670,F,1998-12-10,leticia.melo574@yahoo.com.br,11960552286,São Paulo,SP,06230522,True
PES-02264,Débora Melo Melo,48879274015,F,1980-05-30,debora_mel901@gmail.com,31961187920,Belo Horizonte,MG,38360878,False
PES-02265,Rodrigo Melo Dias,80197756760,M,1982-09-13,rodrigo.dias735@yahoo.com.br,19983487533,Campinas,SP,11278314,False
PES-02266,Lucas Machado Carvalho Mendes,89113005863,M,1983-08-19,lucasmendes362@gmail.com,11984821072,São Paulo,SP,09567421,True
PES-02267,Henrique Peixoto Carvalho,20813521173,M,2001-05-30,henrique.carvalho115@bol.com.br,71996132311,Salvador,BA,42672378,True
PES-02268,Leonardo Ferreira Alves Pereira,72961948550,M,1989-02-22,leonardo_per570@gmail.com,11977087556,São Paulo,SP,06364658,False
PES-02269,Helena Freitas,16123078330,F,1982-02-08,helena_fre577@yahoo.com.br,41988033572,Curitiba,PR,85024160,True
PES-02270,Fábio Assunção Magalhães Rodrigues,68168041801,M,1983-02-07,fabiorodrigues24@outlook.com,19974503959,Campinas,SP,15848219,False
PES-02271,Leonardo Brandão Martins,65854181231,M,1977-02-02,leonardo_mar13@bol.com.br,11975616002,São Paulo,SP,04288092,False
PES-02272,Cláudia Guimarães Marques,20795677308,F,1996-06-03,claudiamarques261@hotmail.com,11974089726,São Paulo,SP,01564784,False
PES-02273,Márcia Rodrigues,67195747875,F,1974-02-25,marcia.rodrigues407@bol.com.br,71978364988,Salvador,BA,42551010,True
PES-02274,Márcia Rodrigues Guimarães,37493367256,F,2001-04-23,marcia_gui984@hotmail.com,21960892031,Niterói,RJ,27752962,True
PES-02275,Débora Nunes,35360503955,F,1944-07-16,debora.nunes326@outlook.com,21986713873,Rio de Janeiro,RJ,22301265,False
PES-02276,Hélio Machado Souza,90535865554,M,1972-01-24,helio.souza194@gmail.com,62994994757,Goiânia,GO,79030093,True
PES-02277,Wagner Marques Pereira Dias,77611478338,M,1950-09-15,wagner.dias278@bol.com.br,11978806781,Santo André,SP,04101627,True
PES-02278,Isabela Freitas Machado,93893067523,F,1975-06-01,isabela.machado879@gmail.com,11978724979,Santo André,SP,02877857,True
PES-02279,Lucas Lima Costa Souza,28238350247,M,1998-04-24,lucas.souza81@uol.com.br,11977558300,São Paulo,SP,04961188,False
PES-02280,Gabriela Guimarães Ferreira,62947106695,F,1978-07-16,gabrielaferreira189@bol.com.br,31999314387,Belo Horizonte,MG,37823777,True
PES-02281,Júlia Conceição,24595011881,F,1976-10-20,julia_con977@bol.com.br,11994487539,São Paulo,SP,09264873,False
PES-02282,Helena Magalhães Conceição Gomes,09436192703,F,2001-11-07,helenagomes401@gmail.com,11996927763,São Paulo,SP,01625281,True
PES-02283,Camila Martins Souza,14713803006,F,1966-11-21,camilasouza259@gmail.com,11970585464,São Paulo,SP,04323792,False
PES-02284,Renata Martins,80633560987,F,1978-10-02,renata.martins670@hotmail.com,51961462230,Porto Alegre,RS,99769958,True
PES-02285,Bruno Ribeiro Rocha,93395871460,M,1977-02-15,brunorocha854@uol.com.br,16963085927,Ribeirão Preto,SP,13673696,True
PES-02286,Débora Silva Magalhães,41796702242,F,1963-08-28,debora.magalhaes340@gmail.com,11996209174,São Paulo,SP,04561543,False
PES-02287,Simone Rodrigues Cardoso,47892766430,F,1971-09-04,simonecardoso866@uol.com.br,11964242542,São Paulo,SP,09520713,False
PES-02288,Letícia Magalhães,32239090952,F,1954-11-15,leticiamagalhaes727@outlook.com,11998187479,São Paulo,SP,04259899,True
PES-02289,Márcia Mendes Cardoso,07688121515,F,1962-02-18,marcia_car714@bol.com.br,62981236971,Goiânia,GO,75549607,False
PES-02290,Gabriela Araújo Alves,92233393830,F,1989-02-19,gabriela_alv496@gmail.com,11980443082,São Paulo,SP,01238663,True
PES-02291,Márcio Pereira Mendes,03695919680,M,1962-05-25,marcio.mendes359@outlook.com,11999648333,São Paulo,SP,05602598,True
PES-02292,Helena Santos,97993549868,F,1979-05-10,helenasantos640@outlook.com,11969306155,São Paulo,SP,02967328,False
PES-02293,Aline Assunção Cardoso,11041856792,F,1971-12-26,aline.cardoso275@uol.com.br,51974149746,Porto Alegre,RS,99966936,False
PES-02294,Leonardo Marques Mendes Pereira,55073817800,M,1959-04-15,leonardo.pereira251@gmail.com,11992309181,São Paulo,SP,01119475,True
PES-02295,Sônia Silva Alves,06392890882,F,1959-12-13,sonia_alv339@bol.com.br,21964743468,Rio de Janeiro,RJ,28248289,False
PES-02296,Larissa Assunção Santos Marques,57946801726,F,1963-03-17,larissamarques894@gmail.com,11999178774,São Paulo,SP,08708101,True
PES-02297,Bruno Freitas Rocha,62864106949,M,1974-09-03,bruno.rocha775@gmail.com,48982117205,Florianópolis,SC,84379228,True
PES-02298,César Carvalho Ferreira,48375741060,M,1980-10-03,cesar.ferreira65@uol.com.br,21992293253,Rio de Janeiro,RJ,21467258,False
PES-02299,Lúcia Oliveira Mendes,46848080250,F,1981-03-01,luciamendes97@bol.com.br,51987932712,Porto Alegre,RS,99629056,False
PES-02300,Júlia Magalhães Rocha,66483563671,F,1982-09-19,juliarocha950@hotmail.com,11971599889,São Paulo,SP,02149775,True
PES-02301,Joana Freitas Nascimento Magalhães,13946518052,F,1972-03-28,joanamagalhaes107@uol.com.br,61962138758,Brasília,DF,75089870,False
PES-02302,Cecília Carvalho,91290049343,F,1992-08-28,ceciliacarvalho742@hotmail.com,31966199159,Belo Horizonte,MG,38366433,True
PES-02303,Lucas Gomes,06208493986,M,1990-06-03,lucasgomes276@yahoo.com.br,61976218964,Brasília,DF,79310981,True
PES-02304,Thiago Ribeiro Rodrigues Nascimento,82664416340,M,1947-06-01,thiagonascimento950@outlook.com,31967304648,Belo Horizonte,MG,33550582,True
PES-02305,Júlia Alves Alves Brandão,80711335583,F,1957-06-01,julia.brandao894@outlook.com,32961189159,Juiz de Fora,MG,35988303,True
PES-02306,Paulo Marques Nunes,30839603444,M,1970-02-20,paulonunes279@yahoo.com.br,48986943231,Florianópolis,SC,84691265,True
PES-02307,Lúcia Rodrigues Pereira,68946299606,F,1971-10-15,luciapereira185@hotmail.com,81962487144,Recife,PE,57994950,True
PES-02308,Fernanda Melo Assunção Conceição,30040120309,F,1983-11-17,fernanda.conceicao586@outlook.com,19961377640,Campinas,SP,19580823,False
PES-02309,Otávio Santos,73563300674,M,2001-01-31,otaviosantos3@gmail.com,62977854271,Goiânia,GO,76074436,True
PES-02310,Isabela Cardoso Araújo,89120133197,F,1990-04-26,isabelaaraujo342@outlook.com,62985496307,Goiânia,GO,74896503,False
PES-02311,José Conceição,39991128751,M,1959-09-10,joseconceicao103@gmail.com,11962933916,São Paulo,SP,01653586,True
PES-02312,Vinícius Pereira,63404895240,M,1994-02-27,vinicius.pereira910@outlook.com,32994794502,Juiz de Fora,MG,34077966,True
PES-02313,Gabriela Machado Araújo,29016965203,F,1995-09-08,gabrielaaraujo60@bol.com.br,11994784873,Santo André,SP,08438099,True
PES-02314,Lúcia Peixoto,25439116770,F,1999-05-15,lucia.peixoto827@hotmail.com,31980421644,Belo Horizonte,MG,34544630,True
PES-02315,Sônia Rocha,35148352418,F,1987-08-28,sonia.rocha381@gmail.com,11961593428,Guarulhos,SP,02980024,True
PES-02316,Bruno Brandão Gomes,89697175101,M,1996-01-22,bruno_gom42@gmail.com,11981618579,São Paulo,SP,01560583,True
PES-02317,Márcia Machado Mendes Alves,13595510186,F,1987-07-29,marciaalves309@uol.com.br,81968528188,Recife,PE,56633641,True
PES-02318,Caio Marques Martins,80024900028,M,1993-06-08,caio_mar734@bol.com.br,31976448268,Belo Horizonte,MG,33237914,True
PES-02319,Ana Costa Pereira Carvalho,58898556462,F,1977-03-16,ana_car755@uol.com.br,11990247951,São Paulo,SP,08660459,False
PES-02320,Bruno Peixoto Carvalho,26388353665,M,1976-04-13,brunocarvalho457@gmail.com,19966522674,Campinas,SP,13320719,True
PES-02321,Aline Souza Araújo,53474640542,F,1984-08-28,aline_ara671@yahoo.com.br,21987498461,Rio de Janeiro,RJ,26405399,True
PES-02322,Fábio Melo Ribeiro Peixoto,01148157042,M,1992-10-21,luis_car326@bol.com.br,32966175604,Juiz de Fora,MG,37219958,False
PES-02323,Isabela Machado Andrade,61639330607,F,1988-08-26,isabela_and716@bol.com.br,61974817989,Brasília,DF,71506647,True
PES-02324,Letícia Rodrigues Rodrigues,38921656456,F,1974-01-16,leticia_rod753@gmail.com,31971462306,Belo Horizonte,MG,35138871,True
PES-02325,Cecília Cardoso Nascimento,67344955580,F,1973-01-08,cecilia_nas424@bol.com.br,21990629617,Rio de Janeiro,RJ,24145724,True
PES-02326,Leonardo Gomes Brandão,10785214682,M,1989-10-29,leonardo_bra83@uol.com.br,81986047270,Recife,PE,52819944,False
PES-02327,Cláudia Pereira Santos,39998190304,F,1985-08-29,claudiasantos67@gmail.com,81974974834,Recife,PE,51351612,True
PES-02328,André Carvalho Ribeiro,69908986589,M,1983-06-19,andre.ribeiro848@outlook.com,11986044754,Guarulhos,SP,09300652,False
PES-02329,Lucas Costa Magalhães Rodrigues,51540900800,M,1996-07-31,lucasrodrigues733@bol.com.br,31996525279,Belo Horizonte,MG,33915168,True
PES-02330,Cecília Oliveira Nascimento,75541132401,F,1984-02-10,cecilianascimento342@hotmail.com,16993329286,Ribeirão Preto,SP,17420515,True
PES-02331,Vitória Machado,11914313127,F,1995-01-05,vitoriamachado968@outlook.com,51972117747,Porto Alegre,RS,97021324,True
PES-02332,Hélio Gomes Ferreira,61121589812,M,1995-04-10,helio_fer653@hotmail.com,11996113359,São Paulo,SP,05556257,True
PES-02333,Ana Martins,74385693498,F,1970-09-27,ana_mar110@yahoo.com.br,11988309043,Guarulhos,SP,07478390,False
PES-02334,Gabriela Brandão,45518337205,F,1985-11-03,gabriela.brandao222@gmail.com,51968165967,Porto Alegre,RS,95029220,True
PES-02335,Fernando Magalhães,87505331850,M,1968-02-11,fernando.magalhaes809@gmail.com,11977234663,São Paulo,SP,04330247,False
PES-02336,Ana Marques Santos,60392336804,F,1966-07-04,ana.santos212@hotmail.com,61987461368,Brasília,DF,77936745,True
PES-02337,Isabela Nunes Martins,94991522706,F,1952-06-02,isabela.martins871@outlook.com,11984551039,São Paulo,SP,01447339,True
PES-02338,Mariana Guimarães,89977238391,F,1985-01-03,mariana_gui822@outlook.com,11963196598,São Paulo,SP,02911373,True
PES-02339,Márcio Freitas,79069358883,M,1962-07-21,marcio_fre418@bol.com.br,11960441069,Santo André,SP,08357139,True
PES-02340,Rafael Marques Guimarães Barbosa,33267173264,M,2000-05-08,rafaelbarbosa658@yahoo.com.br,41985828984,Curitiba,PR,88999660,False
PES-02341,Rafael Nascimento Souza,19185550361,M,1990-01-24,rafaelsouza603@hotmail.com,21975807173,Rio de Janeiro,RJ,27010665,True
PES-02342,Luíza Peixoto Costa,42073892299,F,1981-09-04,luiza.costa286@uol.com.br,51985254686,Porto Alegre,RS,95700756,True
PES-02343,Vitória Magalhães Conceição,89769379964,F,1943-02-11,vitoriaconceicao297@uol.com.br,11962977290,São Paulo,SP,06289734,True
PES-02344,Fernanda Brandão Costa,16906242644,F,1980-10-22,fernanda.costa25@bol.com.br,48964855009,Florianópolis,SC,84332368,True
PES-02345,Otávio Santos Cardoso,15746044148,M,1993-10-31,otavio.cardoso466@gmail.com,31984352731,Belo Horizonte,MG,35542270,True
PES-02346,Bruno Martins Marques Brandão,47253084802,M,1988-05-08,bruno_bra293@hotmail.com,16996196745,Ribeirão Preto,SP,14723115,True
PES-02347,Débora Conceição Machado,65323144041,F,1956-04-12,debora_mac950@outlook.com,11966562341,Santo André,SP,08889823,False
PES-02348,Eduardo Costa Dias,41847931774,M,1988-02-03,eduardo_dia825@uol.com.br,19973612923,Campinas,SP,16741576,False
PES-02349,Cláudia Alves Brandão,24348855196,F,1976-03-21,claudiabrandao811@bol.com.br,16995945493,Ribeirão Preto,SP,19242160,True
PES-02350,Fernando Guimarães Gomes,68513133914,M,1987-04-14,fernando.gomes831@outlook.com,21988213441,Rio de Janeiro,RJ,29058538,True
PES-02351,João Andrade,53580407147,M,1987-07-20,joao.andrade204@yahoo.com.br,11972406642,São Paulo,SP,09421860,True
PES-02352,Sônia Moreira,98239855709,F,1946-01-18,soniamoreira615@yahoo.com.br,16968848538,Ribeirão Preto,SP,13524091,False
PES-02353,Eduardo Moreira,11163352551,M,1937-11-20,eduardomoreira796@outlook.com,21995088081,Rio de Janeiro,RJ,22774116,False
PES-02354,Júlia Guimarães Nascimento Moreira,66509032210,F,1961-03-30,julia.moreira243@yahoo.com.br,62991785601,Goiânia,GO,71749633,False
PES-02355,Antônio Guimarães Araújo,98802822301,M,1951-07-25,antonio_ara900@yahoo.com.br,41982701037,Curitiba,PR,81043320,True
PES-02356,Priscila Brandão Barbosa,07015087367,F,1971-12-24,priscilabarbosa633@yahoo.com.br,71984781829,Salvador,BA,48204443,False
PES-02357,Aline Cardoso,64347018100,F,1978-02-26,aline.cardoso467@hotmail.com,41990501954,Curitiba,PR,81282138,True
PES-02358,Mateus Lima,72076686940,M,1971-06-01,mateus_lim846@yahoo.com.br,11986641476,Santo André,SP,05029305,True
PES-02359,Camila Araújo Gomes,88742887275,F,1958-04-23,camilagomes16@yahoo.com.br,51999802025,Porto Alegre,RS,93068195,True
PES-02360,Lucas Assunção Pereira Santos,65010031132,M,1988-09-26,lucas_san453@outlook.com,71980265543,Salvador,BA,48688192,True
PES-02361,Aline Oliveira,18123420129,F,1995-11-27,aline.oliveira86@uol.com.br,41985599054,Curitiba,PR,86856747,True
PES-02362,Tânia Assunção Souza Alves,55922869531,F,1998-09-18,tania_alv16@hotmail.com,11976183476,São Paulo,SP,01300614,False
PES-02363,Gustavo Souza,74431752056,M,1954-11-03,gustavosouza371@gmail.com,21976324408,Niterói,RJ,25215535,False
PES-02364,Gustavo Machado Nunes Moreira,95327587207,M,1999-05-31,gustavo.moreira555@uol.com.br,21984603930,Rio de Janeiro,RJ,29208759,False
PES-02365,Cecília Guimarães Nunes Cardoso,41770658629,F,1965-01-07,cecilia.cardoso7@bol.com.br,11988871428,São Paulo,SP,08492309,True
PES-02366,Rodrigo Santos Alves,49705807159,M,1996-11-09,rodrigo_alv167@outlook.com,61979797466,Brasília,DF,74134372,True
PES-02367,Daniel Pereira Martins,14401658230,M,1992-12-14,danielmartins176@bol.com.br,11999261305,São Paulo,SP,09573392,False
PES-02368,Joana Souza,12170781501,F,1998-01-18,joana_sou804@bol.com.br,11960257491,São Paulo,SP,02291491,True
PES-02369,Camila Melo Ribeiro,53673145703,F,1988-10-02,camila.ribeiro350@yahoo.com.br,19961031115,Campinas,SP,17168045,False
PES-02370,José Peixoto Melo Nunes,73218099358,M,1976-10-09,jose_nun189@gmail.com,61989018024,Brasília,DF,72701348,True
PES-02371,Márcia Andrade Melo,93884608207,F,2000-11-21,marciamelo965@uol.com.br,71976469271,Salvador,BA,41267691,True
PES-02372,Marcelo Oliveira Souza,80510359337,M,1961-11-23,marcelo_sou184@gmail.com,31962967394,Belo Horizonte,MG,34601879,True
PES-02373,Leonardo Peixoto Andrade,97722003761,M,2001-11-02,leonardo_and267@uol.com.br,31994325279,Belo Horizonte,MG,36220875,False
PES-02374,Eduardo Machado Andrade,52375560000,M,2000-05-01,eduardoandrade413@uol.com.br,71978259861,Salvador,BA,48325633,False
PES-02375,Camila Ferreira Barbosa,99248530672,F,2002-07-26,camila_bar810@gmail.com,51988577526,Porto Alegre,RS,94419705,False
PES-02376,Lúcia Melo,10025065300,F,1995-11-20,lucia_mel902@bol.com.br,71969228115,Salvador,BA,41465566,True
PES-02377,César Conceição Moreira,91384604081,M,1933-12-31,cesar.moreira55@bol.com.br,21996026056,Niterói,RJ,26174499,True
PES-02378,Luíza Peixoto Nascimento Moreira,50925216518,F,1978-07-30,luiza_mor68@gmail.com,11967044933,São Paulo,SP,03047888,False
PES-02379,André Mendes,51023056380,M,1949-09-21,andre.mendes372@yahoo.com.br,11983256205,São Paulo,SP,06254210,True
PES-02380,Henrique Machado,72340066301,M,1944-10-17,henriquemachado649@outlook.com,19996155417,Campinas,SP,12203959,True
PES-02381,Ana Ribeiro Ferreira,43317009683,F,1998-06-10,ana_fer265@yahoo.com.br,21960638103,Rio de Janeiro,RJ,24447922,True
PES-02382,Cláudia Rocha Souza,51314725122,F,1977-10-10,claudiasouza669@gmail.com,31973751176,Belo Horizonte,MG,34162524,True
PES-02383,Patrícia Cardoso Peixoto,52802328824,F,1990-10-22,patricia.peixoto397@hotmail.com,61964848281,Brasília,DF,74558709,True
PES-02384,Camila Alves,45628580791,F,1987-05-09,camilaalves523@bol.com.br,81989741006,Recife,PE,51671571,False
PES-02385,Beatriz Lima Rodrigues Nascimento,62289048925,F,1980-10-18,beatriznascimento160@hotmail.com,11976732398,São Paulo,SP,08027325,False
PES-02386,Júlia Freitas Conceição,89141277104,F,1984-11-28,julia.conceicao873@gmail.com,61961721673,Brasília,DF,78983316,True
PES-02387,Lúcia Nunes,17384025761,F,1994-10-16,lucia.nunes240@gmail.com,11984903734,Guarulhos,SP,05211081,True
PES-02388,Isabela Peixoto,06333184500,F,1996-11-04,isabelapeixoto604@outlook.com,62985075338,Goiânia,GO,74134406,True
PES-02389,Beatriz Brandão Barbosa,93698571250,F,1973-11-19,beatriz.barbosa657@bol.com.br,61988325569,Brasília,DF,71552624,True
PES-02390,Gabriela Mendes Gomes,03190757100,F,1965-02-16,gabriela.gomes9@bol.com.br,21996488418,Rio de Janeiro,RJ,23173300,True
PES-02391,Eduardo Magalhães,67023582029,M,1992-09-04,eduardo_mag475@bol.com.br,48974116416,Florianópolis,SC,86331532,False
PES-02392,Paulo Brandão Dias,72937041000,M,1989-05-02,paulo_dia868@gmail.com,11976491194,São Paulo,SP,04057018,False
PES-02393,Rodrigo Freitas Guimarães,17297992640,M,2002-01-13,rodrigoguimaraes856@outlook.com,41964795800,Curitiba,PR,81981420,True
PES-02394,Débora Moreira,54945652201,F,2001-05-26,debora.moreira889@hotmail.com,31985788416,Belo Horizonte,MG,36715008,True
PES-02395,Letícia Santos Melo,54150197580,F,1984-10-21,leticia_mel664@outlook.com,21961986014,Rio de Janeiro,RJ,27996654,False
PES-02396,Priscila Andrade Freitas Brandão,42426815264,F,2001-09-27,priscilabrandao127@bol.com.br,11996411487,São Paulo,SP,09063557,True
PES-02397,Vitória Peixoto Magalhães,09328246768,F,1996-06-20,vitoriamagalhaes438@gmail.com,81984183783,Recife,PE,57115161,True
PES-02398,Paulo Guimarães Souza,00749241411,M,2000-10-16,paulo.souza212@gmail.com,11964735551,São Paulo,SP,03859281,True
PES-02399,Tânia Guimarães Pereira,37465673437,F,1988-04-09,taniapereira83@uol.com.br,71993538423,Salvador,BA,45166078,False
PES-02400,Débora Ferreira Pereira,61141636212,F,1967-05-10,debora.pereira926@bol.com.br,11985956704,São Paulo,SP,09706955,True
PES-02401,Joana Silva Melo,84644379352,F,1986-04-25,joana_mel919@hotmail.com,11993411066,Guarulhos,SP,05267430,True
PES-02402,Camila Barbosa Nascimento Carvalho,51775123120,F,1997-01-19,camilacarvalho345@uol.com.br,19971928000,Campinas,SP,18527421,True
PES-02403,Lucas Freitas,00937055735,M,2003-02-13,lucas_fre72@bol.com.br,11962619009,São Paulo,SP,07890479,False
PES-02404,Raquel Ferreira Freitas,40812499204,F,1972-06-30,raquel_fre173@uol.com.br,11980103610,Santo André,SP,02759915,False
PES-02405,Renata Assunção Barbosa,35621033795,F,1998-02-24,renata.barbosa911@gmail.com,11971598444,São Paulo,SP,07644666,False
PES-02406,João Cardoso,82911309812,M,1983-10-02,joao.cardoso576@bol.com.br,21987679996,Rio de Janeiro,RJ,23087990,False
PES-02407,César Oliveira Nunes Martins,18010354236,M,1980-04-20,cesar_mar820@uol.com.br,62964148241,Goiânia,GO,78947537,True
PES-02408,Letícia Ferreira Pereira,95305751306,F,1988-08-26,leticia_per325@uol.com.br,51962605240,Porto Alegre,RS,95565400,False
PES-02409,Leonardo Costa,73854663625,M,1987-01-04,leonardo_cos338@yahoo.com.br,21961237340,Rio de Janeiro,RJ,21746093,True
PES-02410,Raquel Gomes Nascimento,37028282651,F,1969-10-23,raquel.nascimento29@yahoo.com.br,51978258965,Porto Alegre,RS,97704766,True
PES-02411,Luís Ribeiro Mendes,09545720921,M,1993-10-08,luis.mendes182@yahoo.com.br,41995597601,Curitiba,PR,83767021,False
PES-02412,Wagner Mendes Ribeiro,95907443545,M,1997-02-19,wagnerribeiro835@yahoo.com.br,21974614924,Rio de Janeiro,RJ,27802872,False
PES-02413,Eduardo Melo Rodrigues,51788077075,M,1987-09-10,eduardo.rodrigues311@gmail.com,11983506940,São Paulo,SP,02117791,False
PES-02414,Fernanda Nascimento Alves,83840819300,F,1970-08-14,fernandaalves968@uol.com.br,51987138019,Porto Alegre,RS,93145332,False
PES-02415,Camila Nunes Ferreira Machado,41419865854,F,1984-05-04,camila_mac445@hotmail.com,61969793427,Brasília,DF,71621913,True
PES-02416,Bruno Ribeiro,65786968650,M,1964-03-13,bruno_rib144@outlook.com,19960913603,Campinas,SP,19416942,False
PES-02417,Vinícius Freitas,30943754216,M,1953-07-01,viniciusfreitas251@outlook.com,21985466696,Niterói,RJ,23727582,False
PES-02418,Henrique Martins Martins Magalhães,95852318329,M,1991-06-06,henrique_mag454@outlook.com,11960736307,São Paulo,SP,02502020,True
PES-02419,Lúcia Freitas Conceição,72263119418,F,1973-01-05,luciaconceicao91@hotmail.com,31991334024,Belo Horizonte,MG,37262373,False
PES-02420,João Melo Barbosa,44955758134,M,1933-12-31,joao.barbosa470@outlook.com,48968452592,Florianópolis,SC,86920428,True
PES-02421,Priscila Pereira Magalhães,23735248489,F,1959-07-24,priscilamagalhaes592@gmail.com,11974897373,São Paulo,SP,04568831,False
PES-02422,Fernando Gomes Guimarães,30605622531,M,1998-01-31,fernandoguimaraes189@bol.com.br,41999979357,Curitiba,PR,81679445,True
PES-02423,Otávio Mendes,84953997255,M,1997-08-12,otavio.mendes365@bol.com.br,11960231886,São Paulo,SP,06041970,False
PES-02424,Sônia Conceição Rodrigues,48016374930,F,1989-07-26,soniarodrigues307@bol.com.br,19999917135,Campinas,SP,14564641,True
PES-02425,Mateus Silva,80499199782,M,1991-03-31,mateus.silva982@bol.com.br,11976555417,São Paulo,SP,04328471,False
PES-02426,Bruno Assunção Lima,64942293448,M,1979-03-19,brunolima949@bol.com.br,21979971543,Rio de Janeiro,RJ,27494042,True
PES-02427,Camila Lima Carvalho,91696815541,F,1962-09-17,camilacarvalho62@hotmail.com,71981437849,Salvador,BA,45173227,True
PES-02428,Mateus Peixoto Conceição,84273845997,M,1961-05-17,mateus_con806@gmail.com,48971296982,Florianópolis,SC,87252257,True
PES-02429,Renata Guimarães,19997076052,F,1989-05-15,renata_gui327@hotmail.com,21991022517,Rio de Janeiro,RJ,24659381,True
PES-02430,Henrique Rodrigues Souza,26072799680,M,1984-08-22,henrique.souza908@uol.com.br,11994586661,Guarulhos,SP,05284086,False
PES-02431,Caio Conceição Mendes,77925681640,M,1970-04-20,caio_men478@gmail.com,11992835669,São Paulo,SP,02099398,False
PES-02432,Tânia Pereira,59613381341,F,1978-04-01,taniapereira201@uol.com.br,48969997925,Florianópolis,SC,89493328,True
PES-02433,Gabriela Andrade Araújo,90736731865,F,2000-10-10,gabrielaaraujo915@hotmail.com,16985959258,Ribeirão Preto,SP,12119665,True
PES-02434,Cecília Lima Dias,92721075551,F,1980-07-11,ceciliadias389@hotmail.com,62992399573,Goiânia,GO,75891460,False
PES-02435,Beatriz Moreira,16438030503,F,1993-10-08,beatrizmoreira205@gmail.com,11992534387,Santo André,SP,02103607,False
PES-02436,Priscila Nunes Peixoto Assunção,90201337568,F,1990-04-29,priscilaassuncao302@outlook.com,11985437915,São Paulo,SP,07002396,False
PES-02437,Débora Andrade,44261704439,F,1972-11-27,deboraandrade367@yahoo.com.br,11977001632,São Paulo,SP,02045794,False
PES-02438,Júlia Pereira Gomes,99821519750,F,1995-12-19,julia_gom900@outlook.com,51985231070,Porto Alegre,RS,92976381,False
PES-02439,Hélio Andrade Magalhães Dias,76227200387,M,1980-09-11,helio.dias908@uol.com.br,21997094405,Rio de Janeiro,RJ,29373755,False
PES-02440,Mateus Marques,73704518956,M,1988-03-06,mateusmarques836@yahoo.com.br,11991993583,São Paulo,SP,01935900,False
PES-02441,Simone Araújo Machado,66777263713,F,1985-10-29,simone.machado288@uol.com.br,81966945188,Recife,PE,59376052,True
PES-02442,Fernando Carvalho,74823122348,M,1982-05-25,fernandocarvalho605@gmail.com,21991115410,Niterói,RJ,27058352,True
PES-02443,Hélio Nascimento Cardoso Ferreira,11258624087,M,1985-09-20,helio.ferreira65@bol.com.br,31969995967,Belo Horizonte,MG,34684305,False
PES-02444,Aline Martins Pereira,13005563316,F,1996-11-29,aline.pereira281@yahoo.com.br,31993099984,Belo Horizonte,MG,32294511,True
PES-02445,Joana Guimarães Magalhães,01035805901,F,1958-01-03,joana.magalhaes623@hotmail.com,31987668494,Belo Horizonte,MG,36215697,True
PES-02446,Caio Marques,34998304852,M,1971-07-08,caiomarques687@bol.com.br,11963558200,Santo André,SP,02239449,False
PES-02447,Luís Peixoto Carvalho,04784472487,M,1999-12-21,luiscarvalho813@hotmail.com,19963959509,Campinas,SP,15936159,True
PES-02448,Paulo Mendes,15511303860,M,1985-01-12,paulo.mendes169@yahoo.com.br,11991194392,Guarulhos,SP,06178603,True
PES-02449,Sônia Costa Brandão,13434439625,F,1982-05-23,sonia_bra268@bol.com.br,61964862147,Brasília,DF,79180199,True
PES-02450,Wagner Gomes,84751084666,M,1970-01-22,wagnergomes615@bol.com.br,31966806617,Belo Horizonte,MG,34384823,False
PES-02451,Rafael Dias,01518252036,M,1970-12-26,rafaeldias239@yahoo.com.br,11977534429,São Paulo,SP,06793647,False
PES-02452,Priscila Machado Alves Peixoto,05498085230,F,1978-06-06,priscila.peixoto419@outlook.com,11967609917,São Paulo,SP,08922236,True
PES-02453,Priscila Assunção Ribeiro,20767586662,F,1971-11-19,priscila.ribeiro40@yahoo.com.br,11967558919,São Paulo,SP,07451020,False
PES-02454,Gabriela Peixoto,90834471701,F,1957-10-12,gabrielapeixoto409@uol.com.br,11961242519,Santo André,SP,04149737,False
PES-02455,Márcio Freitas Cardoso,60643501487,M,1980-03-04,marciocardoso126@gmail.com,31994764815,Belo Horizonte,MG,34526008,True
PES-02456,Cecília Martins Marques Melo,98137346716,F,1995-04-15,ceciliamelo496@bol.com.br,11988601665,São Paulo,SP,03160483,True
PES-02457,Vitória Peixoto Brandão,70646100190,F,1968-03-05,vitoria.brandao533@hotmail.com,31987702228,Belo Horizonte,MG,38364124,False
PES-02458,Helena Moreira,39130092566,F,1976-09-14,helenamoreira342@yahoo.com.br,32960307046,Juiz de Fora,MG,34820717,True
PES-02459,Leonardo Martins Oliveira,65367784720,M,1997-04-22,leonardo.oliveira515@outlook.com,21972993609,Rio de Janeiro,RJ,28268492,True
PES-02460,Otávio Alves Dias,53758090873,M,1969-02-24,otavio.dias431@bol.com.br,51967752146,Porto Alegre,RS,95472923,False
PES-02461,Natália Moreira Costa,75157165412,F,1983-11-29,nataliacosta882@outlook.com,41966174462,Curitiba,PR,85243136,False
PES-02462,César Cardoso,62086087756,M,1998-03-16,cesar_car362@uol.com.br,51994625175,Porto Alegre,RS,97492313,False
PES-02463,Isabela Guimarães Rodrigues,83844915001,F,1971-06-29,isabela.rodrigues340@bol.com.br,21988223633,Rio de Janeiro,RJ,25698476,True
PES-02464,Natália Nascimento Freitas,78439922272,F,1969-03-24,natalia.freitas237@hotmail.com,21974938788,Rio de Janeiro,RJ,21216247,False
PES-02465,André Andrade Santos Ferreira,07771173390,M,1998-11-26,andre.ferreira235@outlook.com,31979372319,Belo Horizonte,MG,38634271,True
PES-02466,Mariana Melo Araújo,49069365715,F,1984-11-07,mariana.araujo452@outlook.com,11973772095,São Paulo,SP,01046977,True
PES-02467,Bruno Ferreira Souza,12182547690,M,1981-03-09,bruno_sou218@yahoo.com.br,71998154757,Salvador,BA,41287873,False
PES-02468,César Freitas,32413779701,M,1954-05-14,cesar_fre525@hotmail.com,61995854584,Brasília,DF,78128771,False
PES-02469,Patrícia Brandão Lima,03915646504,F,1995-01-27,patricialima173@bol.com.br,71960286207,Salvador,BA,47786841,True
PES-02470,Mateus Freitas Souza Machado,53422337040,M,1980-12-14,mateusmachado635@uol.com.br,21963095722,Rio de Janeiro,RJ,21577789,False
PES-02471,Júlia Nascimento Ribeiro,08637770231,F,1977-06-23,julia_rib567@hotmail.com,11971276800,Guarulhos,SP,09211134,True
PES-02472,Mariana Rocha,56021799178,F,1988-04-22,mariana.rocha597@hotmail.com,21960336346,Rio de Janeiro,RJ,27501441,False
PES-02473,Priscila Assunção Martins Ferreira,15964515487,F,1997-10-01,priscila.ferreira398@outlook.com,21994004954,Rio de Janeiro,RJ,21663725,True
PES-02474,Lucas Lima Freitas,14719020135,M,1996-02-28,lucas_fre996@outlook.com,71960538277,Salvador,BA,49407528,True
PES-02475,Mateus Carvalho,16108989319,M,1993-10-20,mateus_car929@bol.com.br,41972617730,Curitiba,PR,84363660,False
PES-02476,Camila Assunção Andrade,69211611610,F,1985-05-19,camila.andrade676@bol.com.br,31968284170,Belo Horizonte,MG,32067591,False
PES-02477,Renata Martins Ribeiro,54232792597,F,1965-10-19,renataribeiro836@gmail.com,51964521659,Porto Alegre,RS,94364320,True
PES-02478,Joana Oliveira,90964790769,F,1979-04-22,joanaoliveira199@gmail.com,31966035490,Belo Horizonte,MG,31736743,False
PES-02479,Patrícia Andrade,13928632795,F,1982-01-13,patriciaandrade444@hotmail.com,61976921790,Brasília,DF,74725257,False
PES-02480,Rafael Nunes Melo,75707915257,M,1998-04-27,rafael.melo347@gmail.com,31980062439,Belo Horizonte,MG,32288281,False
PES-02481,Henrique Pereira Brandão,45878813920,M,1989-11-28,henrique.brandao814@outlook.com,11994312781,São Paulo,SP,01703421,True
PES-02482,Raquel Ferreira Assunção,34816532048,F,1973-03-13,raquel_ass233@gmail.com,41981355089,Curitiba,PR,87000428,True
PES-02483,Otávio Ferreira Nunes,26811755504,M,1991-04-24,otavionunes585@uol.com.br,61961939002,Brasília,DF,71845603,True
PES-02484,Priscila Marques Mendes,32891230060,F,1997-04-25,priscila.mendes242@uol.com.br,11995456568,São Paulo,SP,05575052,True
PES-02485,Camila Carvalho Conceição,40435446509,F,1991-11-25,camilaconceicao340@bol.com.br,19992605856,Campinas,SP,19622059,True
PES-02486,José Magalhães Carvalho,81167002601,M,1998-10-30,josecarvalho882@bol.com.br,41994804232,Curitiba,PR,84640562,True
PES-02487,Hélio Cardoso Cardoso,39567431051,M,1986-04-14,heliocardoso904@bol.com.br,31978097352,Belo Horizonte,MG,39677097,True
PES-02488,Antônio Souza Mendes,70413633683,M,1976-08-19,antonio_men832@hotmail.com,11988326387,São Paulo,SP,04367986,True
PES-02489,Vinícius Nunes Santos,61098047702,M,1953-09-18,viniciussantos608@hotmail.com,31967497725,Belo Horizonte,MG,33413375,False
PES-02490,Débora Brandão,96489990741,F,1991-03-02,debora_bra499@bol.com.br,11989784013,São Paulo,SP,03759104,True
PES-02491,Mateus Silva,73425359150,M,1950-12-11,mateussilva991@outlook.com,41965647388,Curitiba,PR,89020522,False
PES-02492,César Brandão Santos,30851171486,M,1975-09-06,cesar_san564@bol.com.br,16998717289,Ribeirão Preto,SP,14597627,True
PES-02493,Simone Oliveira Guimarães,24621261711,F,1987-10-01,simoneguimaraes474@hotmail.com,11988025242,São Paulo,SP,03974604,False
PES-02494,Marcelo Pereira,55208020840,M,1985-12-12,marcelopereira873@bol.com.br,11960429248,São Paulo,SP,03161878,True
PES-02495,Simone Nunes,28398363606,F,1969-05-16,simone_nun66@gmail.com,11960386491,São Paulo,SP,09330982,False
PES-02496,Joana Nascimento,39364932439,F,1958-11-17,joananascimento554@hotmail.com,81983758562,Recife,PE,55982272,True
PES-02497,Letícia Ribeiro Freitas,37588468629,F,1996-10-16,leticia_fre978@bol.com.br,21982344850,Rio de Janeiro,RJ,27522101,False
PES-02498,André Machado,96106678480,M,1963-09-16,andremachado242@gmail.com,11991153929,São Paulo,SP,09100964,False
PES-02499,Priscila Brandão Ferreira,61729063640,F,1973-10-01,priscila_fer47@bol.com.br,19967721508,Campinas,SP,18666499,True
PES-02500,Vitória Melo Costa,34158362156,F,1987-01-25,vitoria.costa623@uol.com.br,32965877678,Juiz de Fora,MG,38090177,False
PES-02501,Isabela Ribeiro,91527336611,F,2002-12-13,isabela_rib846@hotmail.com,11993525743,São Paulo,SP,07886470,True
PES-02502,Fábio Rodrigues Brandão Peixoto,40614542936,M,2001-03-13,fabio_pei800@outlook.com,41982384678,Curitiba,PR,88698583,False
PES-02503,Gustavo Oliveira Alves,28279915192,M,1986-05-30,fabio.peixoto852@bol.com.br,51985113346,Porto Alegre,RS,96016706,False
PES-02504,João Magalhães Rocha,19039606498,M,1961-02-13,joao_roc43@outlook.com,11979985228,São Paulo,SP,08062509,False
PES-02505,José Guimarães Rodrigues,49763451574,M,1997-06-20,joserodrigues146@uol.com.br,31987422064,Belo Horizonte,MG,31634958,False
PES-02506,Beatriz Rodrigues,25272913760,F,1960-09-03,beatriz_rod653@outlook.com,51979873523,Porto Alegre,RS,97255598,True
PES-02507,Eduardo Gomes Cardoso,69544718605,M,1979-05-02,eduardo.cardoso424@outlook.com,21982869894,Rio de Janeiro,RJ,28031351,True
PES-02508,Luís Souza,63594715663,M,1988-12-14,luis_sou70@yahoo.com.br,11975176064,São Paulo,SP,04073272,False
PES-02509,Aline Carvalho,08793955162,F,1992-02-13,aline_car143@hotmail.com,21960903657,Rio de Janeiro,RJ,21195498,True
PES-02510,Mariana Carvalho Barbosa,53218802989,F,1984-08-19,mariana.barbosa473@bol.com.br,32982484857,Juiz de Fora,MG,37738123,False
PES-02511,Natália Andrade,91273387708,F,1964-09-11,natalia.andrade937@gmail.com,11990602089,São Paulo,SP,01841575,True
PES-02512,Wagner Guimarães Dias,24138705988,M,1987-03-07,wagner_dia774@hotmail.com,41961809796,Curitiba,PR,85199389,False
PES-02513,Beatriz Assunção,25544139326,F,1991-08-07,beatrizassuncao288@uol.com.br,16965732739,Ribeirão Preto,SP,11574046,False
PES-02514,Bruno Brandão Ribeiro,31566527414,M,1989-10-01,bruno.ribeiro642@uol.com.br,11998586779,São Paulo,SP,04586604,False
PES-02515,Simone Silva Conceição,58722359257,F,1997-05-07,simone_con898@hotmail.com,11960983434,São Paulo,SP,06877209,False
PES-02516,Cláudia Martins,58419696250,F,1982-07-13,claudiamartins859@gmail.com,61995152977,Brasília,DF,73692762,True
PES-02517,Júlia Lima Rodrigues,42545996173,F,1978-05-08,julia_rod124@outlook.com,62988858533,Goiânia,GO,73716525,True
PES-02518,Thiago Rocha Cardoso,25543006829,M,1950-06-15,thiago.cardoso201@uol.com.br,19988099791,Campinas,SP,18521452,False
PES-02519,Fábio Machado,31271237288,M,1988-09-11,fabiomachado16@hotmail.com,31994612580,Belo Horizonte,MG,33651263,True
PES-02520,Priscila Andrade,67531785463,F,1994-08-11,priscila_and532@outlook.com,11976213130,São Paulo,SP,03809094,True
PES-02521,Cecília Dias,90688919448,F,1999-09-25,ceciliadias643@yahoo.com.br,41985396672,Curitiba,PR,86101664,False
PES-02522,Ana Ribeiro,54349024166,F,1964-08-06,ana.ribeiro802@hotmail.com,11977144892,São Paulo,SP,04899618,True
PES-02523,Aline Martins Silva Andrade,40404795307,F,1968-12-20,aline_and41@outlook.com,16963336731,Ribeirão Preto,SP,17000294,False
PES-02524,Fábio Pereira Nunes Pereira,30106451987,M,1985-06-01,fabiopereira108@hotmail.com,16999773989,Ribeirão Preto,SP,18616556,False
PES-02525,Paulo Alves Machado,00093699107,M,1993-10-17,paulomachado263@yahoo.com.br,11994317605,Guarulhos,SP,03676540,True
PES-02526,Luís Cardoso,18372553424,M,1973-10-24,luiscardoso586@outlook.com,19967206617,Campinas,SP,15204840,False
PES-02527,Ana Silva Martins Santos,71200287401,F,1979-07-15,ana_san789@bol.com.br,81977567758,Recife,PE,56667165,True
PES-02528,André Nunes Santos,29265219874,M,1997-08-01,andre_san779@hotmail.com,11963969239,São Paulo,SP,02206448,True
PES-02529,Gabriela Moreira Cardoso,63902217545,F,1933-12-31,gabrielacardoso578@bol.com.br,19976967729,Campinas,SP,11532308,False
PES-02530,Márcia Nunes Santos Santos,81589097874,F,1993-07-12,marciasantos52@outlook.com,21972916853,Rio de Janeiro,RJ,29189490,True
PES-02531,Isabela Freitas,32176466144,F,1977-05-22,isabela_fre686@hotmail.com,31997481023,Belo Horizonte,MG,33040499,True
PES-02532,Leonardo Brandão Silva,72081577828,M,1974-12-15,leonardosilva883@outlook.com,11983425578,São Paulo,SP,09667168,False
PES-02533,Raquel Oliveira Santos,98767087086,F,1996-11-13,raquel.santos723@hotmail.com,11982779766,São Paulo,SP,07701759,True
PES-02534,César Lima Melo,33688000781,M,2006-05-30,cesar_mel111@hotmail.com,21988668842,Rio de Janeiro,RJ,28944447,True
PES-02535,Luís Oliveira Lima Moreira,16722401820,M,1997-04-17,luismoreira456@bol.com.br,51990404896,Porto Alegre,RS,95878688,False
PES-02536,Vitória Mendes,98937001403,F,1951-08-05,vitoria.mendes399@uol.com.br,81964892272,Recife,PE,59857103,False
PES-02537,Raquel Mendes Moreira,11586752324,F,1985-10-10,raquel_mor879@yahoo.com.br,11994436209,São Paulo,SP,08158790,False
PES-02538,Tânia Souza,19618709167,F,1991-05-27,tania_sou781@uol.com.br,51997117786,Porto Alegre,RS,91296901,False
PES-02539,Luíza Dias,08967780290,F,1989-07-18,luiza.dias87@bol.com.br,11990602060,Guarulhos,SP,05992458,False
PES-02540,Helena Silva Silva Araújo,26192177686,F,1957-11-10,helena.araujo913@hotmail.com,21962268177,Rio de Janeiro,RJ,23052603,True
PES-02541,Isabela Lima Brandão,10120824582,F,1986-02-02,isabelabrandao896@outlook.com,19967743452,Campinas,SP,17660103,False
PES-02542,Júlia Dias Freitas Cardoso,16419805597,F,1988-06-04,julia_car82@gmail.com,19989979825,Campinas,SP,15577972,True
PES-02543,Gustavo Lima Melo,85150303909,M,1972-09-10,gustavo_mel68@yahoo.com.br,32998609200,Juiz de Fora,MG,31239479,False
PES-02544,Natália Rocha,88270913944,F,1971-07-10,nataliarocha68@uol.com.br,16983673678,Ribeirão Preto,SP,17809754,False
PES-02545,Hélio Ribeiro,78376724533,M,1960-01-04,helioribeiro344@gmail.com,32998233184,Juiz de Fora,MG,33058156,True
PES-02546,Wagner Ribeiro Lima Freitas,39217810517,M,1982-04-20,wagnerfreitas414@gmail.com,61961261282,Brasília,DF,71258003,False
PES-02547,Paulo Ferreira Araújo Gomes,14917923026,M,1970-10-21,paulo.gomes841@bol.com.br,21963862491,Niterói,RJ,26319647,False
PES-02548,Otávio Araújo Rocha Marques,48780206280,M,1974-01-19,otavio.marques3@uol.com.br,11983786140,São Paulo,SP,04896003,True
PES-02549,Priscila Silva Rodrigues Guimarães,00654767785,F,1987-05-21,priscila.guimaraes257@uol.com.br,21983142513,Rio de Janeiro,RJ,29538729,False
PES-02550,Renata Alves Martins,29002989202,F,1984-02-19,renata_mar404@yahoo.com.br,21995181009,Rio de Janeiro,RJ,23396898,True
PES-02551,Luíza Nunes,60730606619,F,1999-07-04,luizanunes881@uol.com.br,61962888126,Brasília,DF,78772689,False
PES-02552,Priscila Guimarães Moreira,56305170312,F,1987-03-13,beatriz.souza150@bol.com.br,31960751924,Belo Horizonte,MG,34007082,False
PES-02553,Patrícia Nascimento,56397591948,F,1962-12-12,patricianascimento668@bol.com.br,11960368640,São Paulo,SP,01548569,True
PES-02554,Márcia Alves Ferreira Andrade,11728616417,F,1982-07-07,marcia.andrade370@uol.com.br,21971915545,Rio de Janeiro,RJ,21085067,True
PES-02555,Marcelo Souza Nascimento,17067017998,M,1968-10-01,marcelo.nascimento823@bol.com.br,21978457183,Niterói,RJ,21625267,False
PES-02556,Letícia Magalhães Moreira,87856857633,F,1986-10-19,leticiamoreira920@outlook.com,11981183507,Guarulhos,SP,03912150,False
PES-02557,Joana Guimarães Araújo,27169291657,F,1995-04-04,joana.araujo608@hotmail.com,11999319958,São Paulo,SP,05571350,False
PES-02558,Paulo Melo Santos,78555126240,M,1996-05-13,paulo_san821@bol.com.br,19970802207,Campinas,SP,16150659,True
PES-02559,Lucas Moreira Ferreira,11497901219,M,1992-05-26,lucas.ferreira700@uol.com.br,81988181441,Recife,PE,56784915,True
PES-02560,Cecília Moreira Mendes,87813642880,F,1979-02-02,cecilia.mendes839@outlook.com,31961155225,Belo Horizonte,MG,37142628,True
PES-02561,Simone Martins Barbosa Rodrigues,00609478451,F,2002-10-04,simone_rod947@bol.com.br,21983387808,Niterói,RJ,22678004,False
PES-02562,Eduardo Moreira,23251613073,M,1933-12-31,eduardo_mor156@bol.com.br,21988039072,Rio de Janeiro,RJ,26912260,False
PES-02563,Tânia Nascimento Guimarães,94535429707,F,1975-04-25,tania.guimaraes116@yahoo.com.br,81960533595,Recife,PE,55809172,False
PES-02564,João Lima Guimarães,28557688296,M,1992-05-18,joao.guimaraes917@uol.com.br,61984393405,Brasília,DF,74198671,True
PES-02565,Luíza Rocha Nascimento,21829894390,F,1965-01-05,luizanascimento856@outlook.com,71963042980,Salvador,BA,49181083,False
PES-02566,Lúcia Guimarães,75711260960,F,1977-09-04,luciaguimaraes966@yahoo.com.br,11982915278,São Paulo,SP,09603311,False
PES-02567,Henrique Alves Costa Martins,10561388075,M,1967-02-23,henriquemartins616@bol.com.br,11984687965,São Paulo,SP,04079536,True
PES-02568,Gabriela Oliveira Marques,44396406487,F,1984-12-10,gabriela.marques331@yahoo.com.br,32971903746,Juiz de Fora,MG,36520688,True
PES-02569,Letícia Nascimento Conceição,10707447437,F,1990-08-01,leticia_con196@outlook.com,11990667824,São Paulo,SP,07130266,True
PES-02570,Fábio Nunes Rodrigues Melo,55439149708,M,1963-10-26,fabiomelo596@hotmail.com,11961493841,São Paulo,SP,07430426,True
PES-02571,Raquel Silva Nascimento,87755664945,F,1990-10-19,raquelnascimento806@yahoo.com.br,19966175739,Campinas,SP,18192984,True
PES-02572,Helena Oliveira Assunção,72559346419,F,1979-04-13,helena.assuncao44@gmail.com,11993633316,São Paulo,SP,02115647,True
PES-02573,Mariana Gomes Ribeiro,18963066835,F,1978-08-25,mariana_rib961@yahoo.com.br,11984201003,São Paulo,SP,04485049,False
PES-02574,Thiago Rodrigues Peixoto,75725846083,M,1973-09-20,thiago_pei765@uol.com.br,41988392227,Curitiba,PR,89693996,False
PES-02575,Letícia Gomes,75254767642,F,1984-11-14,leticia_gom365@bol.com.br,21986315864,Rio de Janeiro,RJ,22508976,True
PES-02576,Isabela Guimarães Costa Peixoto,02031215973,F,1989-06-06,isabelapeixoto873@gmail.com,21962024758,Rio de Janeiro,RJ,25280198,True
PES-02577,Marcelo Gomes Barbosa,90818244909,M,1990-11-28,marcelo_bar455@hotmail.com,62963822684,Goiânia,GO,71273595,False
PES-02578,Paulo Ribeiro Araújo Magalhães,42081047675,M,2000-11-28,paulo_mag747@hotmail.com,11984757717,São Paulo,SP,03490821,True
PES-02579,Aline Pereira,15601041806,F,1990-06-04,aline_per915@uol.com.br,11993321956,Santo André,SP,01241785,False
PES-02580,Mariana Alves Ferreira,91296132137,F,1996-06-22,marianaferreira433@outlook.com,21981974772,Rio de Janeiro,RJ,28996471,True
PES-02581,Larissa Carvalho Nunes,51454210605,F,1959-02-16,larissanunes896@yahoo.com.br,11966285007,São Paulo,SP,09279302,False
PES-02582,Hélio Melo Marques Marques,62361204983,M,1972-09-25,heliomarques863@outlook.com,71967779057,Salvador,BA,48917299,True
PES-02583,Luís Melo Melo,01414961502,M,1974-10-24,luis_mel370@uol.com.br,11980805236,São Paulo,SP,01975370,True
PES-02584,Renata Pereira Silva,03996340613,F,1976-03-24,renata_sil927@uol.com.br,31965694373,Belo Horizonte,MG,32331030,True
PES-02585,Raquel Barbosa Cardoso,91950951529,F,1997-03-31,raquel_car197@uol.com.br,21975661907,Niterói,RJ,22545439,True
PES-02586,Joana Gomes,50716033909,F,1988-04-17,joana_gom770@yahoo.com.br,21964223366,Rio de Janeiro,RJ,27360407,True
PES-02587,Vinícius Barbosa Melo Alves,50097538477,M,1993-03-19,viniciusalves321@bol.com.br,32968389072,Juiz de Fora,MG,31882478,False
PES-02588,Priscila Rocha Nascimento Nascimento,63671433000,F,1959-08-10,priscila_nas298@uol.com.br,11975234314,Santo André,SP,09881944,False
PES-02589,Eduardo Barbosa Andrade,16066419560,M,1991-11-27,eduardo_and538@yahoo.com.br,48988723431,Florianópolis,SC,87242019,True
PES-02590,Otávio Santos Martins,58689173080,M,2004-07-19,otavio.martins445@yahoo.com.br,11998376190,São Paulo,SP,08166327,False
PES-02591,Renata Souza Peixoto,02224964447,F,1970-02-23,renatapeixoto201@hotmail.com,11990243255,São Paulo,SP,06905859,True
PES-02592,Patrícia Guimarães Machado Nascimento,30989752534,F,1978-09-21,patricianascimento788@outlook.com,61964031202,Brasília,DF,79549010,False
PES-02593,Natália Magalhães Araújo Oliveira,09385247123,F,1959-03-30,natalia.oliveira413@yahoo.com.br,11999552476,Guarulhos,SP,01041813,True
PES-02594,Gustavo Santos Melo,94235836951,M,1973-04-02,gustavomelo229@uol.com.br,71992852968,Salvador,BA,42432585,True
PES-02595,Daniel Carvalho Cardoso,37839186343,M,1997-03-20,danielcardoso656@bol.com.br,11967367543,Santo André,SP,04474046,False
PES-02596,Patrícia Melo,33116458804,F,1994-06-28,patricia_mel237@outlook.com,11978212053,São Paulo,SP,09066291,True
PES-02597,César Assunção Assunção Alves,02492693090,M,1976-09-13,cesar.alves254@bol.com.br,11974242837,São Paulo,SP,09695664,True
PES-02598,Mateus Carvalho Ferreira Freitas,72740326319,M,1986-07-05,mateusfreitas982@hotmail.com,41985136006,Curitiba,PR,86701901,False
PES-02599,Beatriz Marques,18579466342,F,2002-02-11,beatriz_mar217@bol.com.br,21988186048,Rio de Janeiro,RJ,21649426,False
PES-02600,Simone Barbosa,08438402852,F,1985-01-26,simonebarbosa351@uol.com.br,61967399771,Brasília,DF,73725786,False
PES-02601,Simone Araújo,25669015380,F,1990-02-08,simonearaujo17@bol.com.br,21976751152,Rio de Janeiro,RJ,29501486,True
PES-02602,Lúcia Freitas Guimarães,20704301890,F,1991-09-20,luciaguimaraes811@bol.com.br,11960179500,Santo André,SP,04243523,True
PES-02603,Luíza Barbosa Magalhães Ferreira,24428039093,F,1985-12-16,luiza.ferreira754@yahoo.com.br,71994468954,Salvador,BA,49810808,False
PES-02604,Caio Marques Mendes,21648017681,M,1968-03-31,caio.mendes884@uol.com.br,11991428240,Santo André,SP,06872729,False
PES-02605,Tânia Assunção Assunção,94026329054,F,2001-08-13,taniaassuncao766@uol.com.br,21990963737,Rio de Janeiro,RJ,21968221,True
PES-02606,Cláudia Rodrigues Ferreira,96194625562,F,1966-03-05,claudiaferreira791@hotmail.com,11969045929,São Paulo,SP,05418194,False
PES-02607,Larissa Alves Silva,37169965720,F,1995-09-11,larissa_sil911@outlook.com,11969213629,São Paulo,SP,09383654,True
PES-02608,Márcia Santos,93436929352,F,1978-09-10,marcia.santos969@gmail.com,21979371932,Niterói,RJ,21920646,True
PES-02609,Isabela Martins Martins Dias,59385415140,F,1976-07-23,isabela.dias716@hotmail.com,51995093942,Porto Alegre,RS,91056657,True
PES-02610,Luís Freitas Ribeiro,48468664596,M,1991-08-18,luis.ribeiro553@uol.com.br,11972102880,São Paulo,SP,06772423,True
PES-02611,Fernanda Freitas Rocha,05274194605,F,1984-05-26,fernandarocha451@bol.com.br,11967223937,São Paulo,SP,08241785,False
PES-02612,Mariana Nunes,16872770791,F,1982-08-05,mariana.nunes359@uol.com.br,11971003266,São Paulo,SP,07556826,True
PES-02613,Henrique Dias,53463438658,M,1988-04-06,henrique.dias700@hotmail.com,62995307286,Goiânia,GO,79831013,False
PES-02614,Mateus Araújo Moreira Nascimento,66018122260,M,1971-04-04,mateus.nascimento185@gmail.com,61967881963,Brasília,DF,74671243,False
PES-02615,Hélio Rodrigues Lima Magalhães,27055164095,M,1980-06-28,helio_mag248@gmail.com,48964355551,Florianópolis,SC,81871991,True
PES-02616,José Brandão,25390006496,M,1995-08-12,danieloliveira117@outlook.com,11978717709,São Paulo,SP,07380285,True
PES-02617,Fernando Conceição Machado,22817347579,M,1988-11-07,fernando.machado346@yahoo.com.br,71961654167,Salvador,BA,42478738,False
PES-02618,João Barbosa Nascimento Rocha,20960207279,M,1990-12-05,joao.rocha713@gmail.com,41975036822,Curitiba,PR,87547404,True
PES-02619,Rafael Pereira Araújo Conceição,36941464909,M,1974-07-21,rafael.conceicao291@yahoo.com.br,19988188554,Campinas,SP,17526512,False
PES-02620,Gustavo Magalhães Andrade,64414915406,M,1965-09-08,gustavo.andrade129@outlook.com,71986745037,Salvador,BA,49028010,False
PES-02621,Raquel Magalhães Ribeiro,75171545162,F,1966-08-11,raquel_rib472@bol.com.br,48983162507,Florianópolis,SC,88971744,False
PES-02622,Rodrigo Araújo,43375949499,M,1994-05-03,rodrigo.araujo138@outlook.com,11965576267,Guarulhos,SP,05785515,True
PES-02623,Márcio Ferreira Araújo Peixoto,33777558613,M,1957-03-01,marcio_pei5@gmail.com,51960767931,Porto Alegre,RS,99337918,False
PES-02624,Otávio Conceição,37680277168,M,1992-11-30,otavio_con900@hotmail.com,21992628373,Niterói,RJ,29645985,True
PES-02625,Henrique Assunção Souza,39511399438,M,1994-03-25,henrique_sou648@hotmail.com,21984944669,Rio de Janeiro,RJ,25149576,False
PES-02626,Simone Oliveira Araújo,48931127596,F,1934-02-07,simone.araujo259@yahoo.com.br,71971274703,Salvador,BA,47410251,True
PES-02627,Eduardo Santos,57943106695,M,1988-12-16,eduardo.santos38@gmail.com,11974485093,Guarulhos,SP,03927476,True
PES-02628,João Melo Nunes Barbosa,68211287587,M,1974-04-01,joao.barbosa907@uol.com.br,11986893241,São Paulo,SP,09146095,True
PES-02629,Fernando Melo,49667750515,M,1984-09-22,fernando_mel939@gmail.com,48993535746,Florianópolis,SC,84007982,True
PES-02630,José Nunes Marques,50332938000,M,1975-08-18,jose_mar976@uol.com.br,19983553573,Campinas,SP,13545303,False
PES-02631,Cláudia Dias Andrade,26841895525,F,1968-04-23,claudiaandrade735@yahoo.com.br,41971344454,Curitiba,PR,83588206,True
PES-02632,Fábio Carvalho Gomes Brandão,11153566079,M,1985-03-07,fabiobrandao127@yahoo.com.br,32987427023,Juiz de Fora,MG,33887555,True
PES-02633,Letícia Martins Rocha Moreira,60345955846,F,1967-09-30,leticiamoreira631@gmail.com,48977429380,Florianópolis,SC,88813189,False
PES-02634,Cláudia Peixoto Nunes,47716221248,F,1993-02-06,claudia_nun178@gmail.com,51969861437,Porto Alegre,RS,98931524,True
PES-02635,Simone Araújo Silva,05883938515,F,1971-06-15,simone_sil334@bol.com.br,71987105239,Salvador,BA,42776217,True
PES-02636,Mariana Brandão Melo Melo,30661042308,F,1977-07-07,mariana.melo657@uol.com.br,31961003758,Belo Horizonte,MG,37323638,True
PES-02637,Débora Magalhães Rocha,53130620699,F,1999-10-27,deborarocha652@bol.com.br,31968672738,Belo Horizonte,MG,38977174,True
PES-02638,Fábio Dias Freitas Nascimento,98317009106,M,1996-08-26,fabionascimento453@yahoo.com.br,11972644898,São Paulo,SP,09425211,False
PES-02639,Márcio Ferreira Ribeiro,17895492055,M,1998-05-24,marcio_rib96@outlook.com,62986228086,Goiânia,GO,79774241,True
PES-02640,Sérgio Souza Alves,55401378254,M,1970-01-14,sergio.alves247@hotmail.com,81967078393,Recife,PE,58237901,True
PES-02641,Fábio Nascimento,22368870350,M,1978-12-04,fabio.nascimento823@outlook.com,11982822234,São Paulo,SP,06347642,True
PES-02642,Joana Araújo Oliveira,20810779730,F,1997-07-01,joana_oli329@uol.com.br,48964803215,Florianópolis,SC,85486690,True
PES-02643,Fernanda Nunes,38277277822,F,2000-05-19,fernandanunes330@outlook.com,81962855895,Recife,PE,59491705,True
PES-02644,Rafael Silva Brandão,50365413836,M,1995-08-12,rafaelbrandao768@uol.com.br,41999854522,Curitiba,PR,82526666,False
PES-02645,Letícia Gomes Marques,21132196973,F,1976-12-27,leticiamarques278@outlook.com,11984486018,Guarulhos,SP,04603941,False
PES-02646,Gustavo Barbosa Rocha,51381038069,M,1981-04-27,gustavo_roc169@hotmail.com,41981442084,Curitiba,PR,81867160,False
PES-02647,Rodrigo Lima,87171361489,M,1933-12-31,rodrigolima694@hotmail.com,11996835957,São Paulo,SP,09094508,True
PES-02648,Gustavo Barbosa Assunção,72672234434,M,2000-01-30,gustavo.assuncao907@bol.com.br,21973583532,Rio de Janeiro,RJ,26058638,True
PES-02649,Eduardo Peixoto Araújo,79641837613,M,1970-11-30,eduardoaraujo503@gmail.com,11978093265,São Paulo,SP,03212900,True
PES-02650,Bruno Nascimento Brandão Dias,28536193549,M,1983-02-11,bruno.dias700@outlook.com,11969184971,São Paulo,SP,02890607,True
PES-02651,André Costa Dias,51444263870,M,1991-02-24,andredias984@hotmail.com,11994215851,São Paulo,SP,09154319,False
PES-02652,Gabriela Araújo,45971755200,F,1972-05-05,gabriela.araujo831@uol.com.br,11984385743,São Paulo,SP,03983871,False
PES-02653,Caio Marques,96642376803,M,1961-05-02,caiomarques114@gmail.com,21985479007,Rio de Janeiro,RJ,21925424,True
PES-02654,Márcia Alves Rodrigues,33875145062,F,1997-06-01,marcia_rod194@outlook.com,48967173577,Florianópolis,SC,83691655,True
PES-02655,Fernanda Lima Nascimento Assunção,68457121820,F,1979-08-17,fernandaassuncao758@outlook.com,41971457514,Curitiba,PR,83937541,False
PES-02656,Débora Magalhães,93632140103,F,1990-05-03,deboramagalhaes325@bol.com.br,11989532849,São Paulo,SP,06010946,False
PES-02657,Fernando Souza Conceição,46492414217,M,1976-04-01,fernando_con486@outlook.com,11992606418,Guarulhos,SP,09776074,False
PES-02658,Rafael Marques Brandão Silva,18091847203,M,1988-01-02,rafael.silva990@yahoo.com.br,11983644147,Guarulhos,SP,03397403,True
PES-02659,Joana Mendes Rocha,53496090170,F,1985-11-18,joana.rocha946@bol.com.br,11970129358,Santo André,SP,03709949,False
PES-02660,Larissa Martins Oliveira,89741154682,F,1972-07-14,larissaoliveira671@bol.com.br,31979172366,Belo Horizonte,MG,39285828,False
PES-02661,Simone Rodrigues,06702836490,F,1997-04-08,simonerodrigues939@gmail.com,21960272021,Rio de Janeiro,RJ,21987545,True
PES-02662,Lúcia Conceição Assunção,68822125460,F,1965-08-31,luciaassuncao452@hotmail.com,11986721925,São Paulo,SP,01784903,True
PES-02663,Júlia Lima Barbosa,26932118246,F,1990-05-10,julia.barbosa390@yahoo.com.br,11965684172,São Paulo,SP,07767744,True
PES-02664,Mateus Santos Moreira,70851263968,M,1992-12-14,mateus_mor453@uol.com.br,31984863199,Belo Horizonte,MG,32238113,True
PES-02665,Priscila Guimarães Santos Dias,63567451502,F,1974-07-02,priscila.dias135@yahoo.com.br,21971266554,Rio de Janeiro,RJ,27920234,True
PES-02666,Gustavo Martins,37309880773,M,1984-10-21,gustavo.martins40@gmail.com,21978307734,Rio de Janeiro,RJ,21607283,True
PES-02667,Caio Dias,82041813377,M,1956-06-01,caio_dia988@hotmail.com,11961486370,São Paulo,SP,01915404,True
PES-02668,Camila Nunes Conceição,53384657446,F,1992-05-07,camila_con622@gmail.com,61975686274,Brasília,DF,78012829,True
PES-02669,Hélio Assunção,91738341909,M,1968-07-17,helioassuncao987@yahoo.com.br,19990817142,Campinas,SP,18641547,False
PES-02670,Fernanda Assunção Carvalho,44040161661,F,1990-05-02,fernanda_car961@hotmail.com,41973522125,Curitiba,PR,81340825,True
PES-02671,Fábio Moreira,95197258578,M,1947-10-31,fabio.moreira988@gmail.com,16985398962,Ribeirão Preto,SP,13871160,True
PES-02672,Bruno Carvalho Carvalho,51393278566,M,1963-12-20,bruno_car870@bol.com.br,11983957487,São Paulo,SP,02179763,True
PES-02673,Vitória Mendes Guimarães,87668912053,F,1986-05-02,vitoriaguimaraes732@gmail.com,31998255816,Belo Horizonte,MG,39994163,False
PES-02674,Priscila Dias,44459535556,F,1961-03-04,priscila.dias296@outlook.com,11990648655,São Paulo,SP,01144109,True
PES-02675,Rafael Ferreira,22152472667,M,1972-01-27,rafael.ferreira83@yahoo.com.br,71964753166,Salvador,BA,48205262,True
PES-02676,Larissa Lima Moreira,14983905103,F,1942-10-05,larissa.moreira314@gmail.com,21986189553,Rio de Janeiro,RJ,21796919,False
PES-02677,Renata Martins Marques,58340417606,F,1981-03-22,renata.marques420@hotmail.com,21989469115,Rio de Janeiro,RJ,22253108,True
PES-02678,Leonardo Dias Souza,26902463760,M,1968-07-14,leonardosouza222@bol.com.br,11965727654,São Paulo,SP,01986121,False
PES-02679,Leonardo Brandão Andrade,31109366310,M,2002-12-20,leonardoandrade791@gmail.com,32960172395,Juiz de Fora,MG,36824608,True
PES-02680,Thiago Machado Cardoso,23093349362,M,1976-09-20,thiago.cardoso45@hotmail.com,21973752157,Rio de Janeiro,RJ,27415350,False
PES-02681,Márcio Nunes Lima Moreira,59494634209,M,1969-01-20,marciomoreira928@uol.com.br,11966498417,São Paulo,SP,05282621,False
PES-02682,Gustavo Souza,42930046295,M,1997-02-20,gustavo.souza877@uol.com.br,31978535250,Belo Horizonte,MG,32475998,True
PES-02683,Cecília Melo Santos,14642637958,F,1982-05-04,cecilia.santos456@outlook.com,11960976934,Guarulhos,SP,05206537,True
PES-02684,Patrícia Souza Alves Ferreira,60120970856,F,1983-07-01,patriciaferreira645@gmail.com,21963785793,Niterói,RJ,26033063,False
PES-02685,Fábio Carvalho Ferreira,38564756218,M,1983-10-05,fabio.ferreira417@uol.com.br,32964549718,Juiz de Fora,MG,36646145,False
PES-02686,José Andrade,98314584860,M,1995-03-12,jose_and397@gmail.com,19977594180,Campinas,SP,18057921,True
PES-02687,Márcia Lima Machado,54061347446,F,1995-08-13,marcia_mac795@hotmail.com,11999424502,São Paulo,SP,03099435,True
PES-02688,Letícia Rodrigues,54030798071,F,1997-06-03,leticiarodrigues223@hotmail.com,11994863300,São Paulo,SP,04541603,False
PES-02689,Lúcia Assunção Souza,75292404713,F,1977-08-07,lucia_sou435@gmail.com,31998885980,Belo Horizonte,MG,34507568,False
PES-02690,Beatriz Magalhães Nunes,19292860151,F,1989-05-15,beatriz_nun775@outlook.com,81964327209,Recife,PE,53871564,True
PES-02691,Cláudia Melo Magalhães,62541587104,F,1981-07-24,claudia_mag700@yahoo.com.br,11993192444,São Paulo,SP,04719011,False
PES-02692,Paulo Andrade Andrade,85684326897,M,1962-10-08,paulo.andrade752@uol.com.br,19998129157,Campinas,SP,11394209,True
PES-02693,Tânia Martins,13945228867,F,1983-07-10,tania_mar210@hotmail.com,21965512365,Rio de Janeiro,RJ,23206768,True
PES-02694,Débora Guimarães,13346444970,F,1986-08-09,debora_gui430@uol.com.br,19979896970,Campinas,SP,13929811,False
PES-02695,Renata Machado Cardoso,14173925417,F,1983-09-15,renatacardoso379@outlook.com,11996162908,Santo André,SP,01460921,False
PES-02696,Júlia Magalhães Brandão Nascimento,29586079503,F,1982-04-16,julia.nascimento433@uol.com.br,21988993776,Niterói,RJ,28954931,True
PES-02697,Sérgio Rodrigues,57141989803,M,1974-03-24,sergiorodrigues483@yahoo.com.br,51963492743,Porto Alegre,RS,99931936,False
PES-02698,José Rocha Magalhães,05094785494,M,1974-04-08,josemagalhaes141@outlook.com,21995812635,Rio de Janeiro,RJ,23166942,False
PES-02699,Lucas Rocha,32459001711,M,1975-05-19,lucasrocha104@outlook.com,21995539547,Rio de Janeiro,RJ,29353355,False
PES-02700,Márcia Rocha,46127750741,F,1995-01-28,marciarocha102@gmail.com,41981553852,Curitiba,PR,88409588,False
PES-02701,Fernanda Moreira,95766720408,F,1971-11-12,fernanda_mor69@outlook.com,62965028385,Goiânia,GO,79879574,False
PES-02702,Márcio Guimarães,47162460437,M,1965-01-28,marcio_gui975@yahoo.com.br,21984261583,Rio de Janeiro,RJ,25317859,False
PES-02703,Vitória Brandão Oliveira Brandão,39173678740,F,1976-09-18,vitoria.brandao754@uol.com.br,21967745361,Rio de Janeiro,RJ,26490966,True
PES-02704,Camila Lima,22965617647,F,1979-01-15,camilalima240@bol.com.br,61975281336,Brasília,DF,72582825,False
PES-02705,Lúcia Santos,96057589386,F,1980-03-29,lucia.santos581@gmail.com,11982224858,Guarulhos,SP,03762240,True
PES-02706,Cláudia Nascimento Alves Ferreira,89830095355,F,2002-11-29,claudia.ferreira91@outlook.com,61979531486,Brasília,DF,75091984,True
PES-02707,Natália Ferreira,63453921623,F,1968-01-22,natalia.ferreira933@hotmail.com,11968928438,São Paulo,SP,05116304,False
PES-02708,Caio Dias Ferreira,21269258540,M,1984-03-06,caio.ferreira287@gmail.com,51987918198,Porto Alegre,RS,92292205,False
PES-02709,Cláudia Mendes Dias,95891639041,F,1989-01-11,claudia_dia618@uol.com.br,61975069952,Brasília,DF,71732693,False
PES-02710,Gabriela Conceição,55676120100,F,1962-04-22,gabriela_con508@gmail.com,11995483208,São Paulo,SP,05556984,False
PES-02711,Cláudia Melo,85453925329,F,1969-05-09,claudia.melo314@hotmail.com,21992812654,Niterói,RJ,26569110,False
PES-02712,Rodrigo Cardoso,34036189433,M,1995-04-27,rodrigo_car84@outlook.com,21980854442,Rio de Janeiro,RJ,25591320,True
PES-02713,José Machado,48390865599,M,1960-11-20,jose_mac595@uol.com.br,11961448137,São Paulo,SP,07174582,False
PES-02714,Raquel Gomes,75718382409,F,1961-03-06,raquel_gom207@hotmail.com,32997072524,Juiz de Fora,MG,33114899,False
PES-02715,Leonardo Dias Souza,95480782444,M,1986-09-16,leonardo.souza870@bol.com.br,11986223162,São Paulo,SP,02970004,False
PES-02716,Joana Mendes Rodrigues,28429125000,F,1995-12-23,joana_rod772@yahoo.com.br,16997759525,Ribeirão Preto,SP,19590683,False
PES-02717,César Rodrigues Moreira,97051162616,M,1933-12-31,cesar.moreira60@hotmail.com,11974869775,São Paulo,SP,08017283,False
PES-02718,Beatriz Carvalho Cardoso,28721797471,F,1970-08-16,beatriz_car15@uol.com.br,11981256936,São Paulo,SP,08096460,False
PES-02719,Patrícia Freitas Rocha,34001776529,F,1943-04-30,patricia_roc946@hotmail.com,48989519915,Florianópolis,SC,88039492,True
PES-02720,Vinícius Conceição Marques,38680719544,M,1989-11-17,vinicius_mar344@outlook.com,11970072442,São Paulo,SP,09512372,False
PES-02721,Henrique Lima Araújo Moreira,52599403502,M,1983-01-27,henriquemoreira734@gmail.com,51975965237,Porto Alegre,RS,95421124,True
PES-02722,Isabela Moreira Barbosa Moreira,50930443268,F,1988-03-23,isabela.moreira989@uol.com.br,11984229652,São Paulo,SP,08137595,True
PES-02723,Fábio Lima Conceição,31835293948,M,1995-08-05,fabio.conceicao200@bol.com.br,71996711456,Salvador,BA,48981166,False
PES-02724,Camila Guimarães,07128126872,F,1970-05-24,camila.guimaraes336@uol.com.br,21967181348,Rio de Janeiro,RJ,21780637,False
PES-02725,Leonardo Costa,58307717566,M,1989-03-27,leonardo_cos348@yahoo.com.br,48983054598,Florianópolis,SC,81702202,True
PES-02726,Márcia Andrade Nascimento,47740855960,F,1991-06-01,marcia.nascimento825@uol.com.br,11979647549,São Paulo,SP,01698048,True
PES-02727,Aline Araújo Ribeiro,12165245800,F,1948-01-23,aline.ribeiro192@bol.com.br,11997959112,São Paulo,SP,01630449,True
PES-02728,Fernando Freitas Freitas,07789542427,M,1989-02-06,fernandofreitas877@outlook.com,11991634760,São Paulo,SP,06196052,False
PES-02729,Otávio Costa Dias,65892965457,M,1995-02-01,otavio_dia72@gmail.com,11994965973,São Paulo,SP,06964915,True
PES-02730,Beatriz Mendes,40824802691,F,1999-02-10,beatriz_men824@hotmail.com,11985044066,São Paulo,SP,04054405,False
PES-02731,Natália Melo,23763949534,F,1985-06-16,nataliamelo733@uol.com.br,21963366379,Niterói,RJ,25534102,False
PES-02732,Júlia Carvalho,80637161750,F,1999-01-11,julia_car145@yahoo.com.br,61960421200,Brasília,DF,73193300,True
PES-02733,Vitória Melo,40077578368,F,1969-08-30,vitoriamelo816@outlook.com,31994201739,Belo Horizonte,MG,35583837,False
PES-02734,Aline Ribeiro Melo,05068874051,F,1960-10-06,aline_mel612@hotmail.com,71985526172,Salvador,BA,41318876,False
PES-02735,Thiago Guimarães Silva,77421900799,M,1948-04-29,thiagosilva905@gmail.com,11986016837,São Paulo,SP,08600395,True
PES-02736,Ana Rocha,14133377915,F,1987-05-21,ana_roc687@hotmail.com,11972687692,São Paulo,SP,03161609,False
PES-02737,Larissa Santos,16858819630,F,1991-01-31,larissasantos743@yahoo.com.br,11992725903,Guarulhos,SP,09779937,False
PES-02738,Caio Souza Martins,82335679902,M,1997-08-10,caio.martins923@gmail.com,11976442214,São Paulo,SP,02999236,True
PES-02739,Raquel Pereira Rocha,66548310390,F,1980-05-25,raquel.rocha247@gmail.com,62967706654,Goiânia,GO,72463426,True
PES-02740,Márcia Magalhães Mendes,53010637829,F,1995-01-12,marciamendes169@gmail.com,16976494972,Ribeirão Preto,SP,17119416,False
PES-02741,Joana Nunes Carvalho,79359638358,F,1972-04-06,joana.carvalho486@hotmail.com,16971204492,Ribeirão Preto,SP,19813476,False
PES-02742,Gabriela Souza Cardoso,82088439382,F,1986-08-14,gabriela.cardoso97@hotmail.com,11977266417,São Paulo,SP,08773374,False
PES-02743,Leonardo Rocha Pereira,66300885143,M,1989-01-08,leonardopereira359@bol.com.br,11976186103,Santo André,SP,02198671,True
PES-02744,Larissa Melo Assunção,13244406351,F,1981-08-22,larissa.assuncao360@uol.com.br,31961298839,Belo Horizonte,MG,35203149,True
PES-02745,Mariana Andrade,60784794235,F,1996-04-05,mariana_and649@yahoo.com.br,19975508642,Campinas,SP,18939683,True
PES-02746,Renata Gomes Machado,30047658100,F,1991-11-08,renata_mac827@gmail.com,62978406507,Goiânia,GO,72357674,True
PES-02747,Márcia Peixoto Martins,17393421941,F,1972-10-10,marciamartins388@hotmail.com,11987194416,São Paulo,SP,06656119,False
PES-02748,Tânia Costa,96489845652,F,1978-07-31,tania_cos722@gmail.com,21966612602,Rio de Janeiro,RJ,28067644,False
PES-02749,Rodrigo Martins,46880045243,M,1994-12-25,rodrigo_mar264@gmail.com,11968453971,São Paulo,SP,03858634,False
PES-02750,Fábio Silva Rodrigues,97750279776,M,1993-07-16,fabio.rodrigues317@hotmail.com,31965991421,Belo Horizonte,MG,39914540,True
PES-02751,Joana Freitas Mendes,58191000342,F,1978-12-14,joana_men895@bol.com.br,21979137912,Niterói,RJ,29157795,False
PES-02752,Gabriela Barbosa Oliveira,83187113516,F,1991-05-15,gabriela_oli221@bol.com.br,11979521998,Guarulhos,SP,01959663,True
PES-02753,Fernando Pereira Machado,83413191870,M,1979-07-22,fernando_mac405@gmail.com,11961844447,São Paulo,SP,09730835,True
PES-02754,Otávio Ferreira Souza Melo,42435265166,M,1966-05-27,otavio.melo868@gmail.com,31974935690,Belo Horizonte,MG,34157780,True
PES-02755,Bruno Gomes,04247301705,M,1990-08-01,fernanda.rocha873@outlook.com,11981318143,Guarulhos,SP,01375675,False
PES-02756,Otávio Nascimento Gomes,80132250896,M,1977-08-17,otaviogomes826@outlook.com,11967469174,São Paulo,SP,09016432,True
PES-02757,Ana Souza Santos,46303449000,F,1966-10-01,anasantos802@yahoo.com.br,11982233297,Guarulhos,SP,05819549,False
PES-02758,Vitória Andrade Cardoso,57275386704,F,1997-03-05,vitoria.cardoso383@outlook.com,11970546180,São Paulo,SP,05089681,False
PES-02759,César Machado,16607861008,M,1981-04-23,cesarmachado207@yahoo.com.br,31993326613,Belo Horizonte,MG,39370222,True
PES-02760,Raquel Oliveira Machado,90376147601,F,1987-04-06,raquelmachado877@gmail.com,11971738243,São Paulo,SP,06697271,True
PES-02761,Letícia Brandão,63927500372,F,1997-04-17,leticia.brandao454@bol.com.br,11981029782,São Paulo,SP,04794501,False
PES-02762,Lúcia Guimarães Costa,81385186348,F,1973-04-09,lucia.costa814@bol.com.br,21962341651,Rio de Janeiro,RJ,22972950,False
PES-02763,Raquel Souza Oliveira,68321653316,F,1996-03-25,raquel.oliveira354@uol.com.br,31996769286,Belo Horizonte,MG,36814122,True
PES-02764,Márcio Machado Nascimento,79996381536,M,1978-05-30,marcionascimento596@hotmail.com,21973249820,Rio de Janeiro,RJ,26922730,False
PES-02765,Gustavo Mendes,70202790908,M,1968-10-18,gustavo_men129@bol.com.br,11979136057,São Paulo,SP,01172724,False
PES-02766,Vitória Melo Araújo Cardoso,09031810290,F,1955-05-20,vitoria.cardoso998@yahoo.com.br,71980056461,Salvador,BA,46382690,False
PES-02767,Larissa Santos Martins,85057999338,F,1998-04-04,larissa.martins253@hotmail.com,11972984155,São Paulo,SP,01860262,True
PES-02768,Caio Alves Magalhães,81456905449,M,1993-04-21,caio_mag503@gmail.com,41989735758,Curitiba,PR,85327124,True
PES-02769,Aline Lima Brandão Cardoso,74685394992,F,1977-02-07,aline_car865@bol.com.br,21973036271,Niterói,RJ,22150243,True
PES-02770,Cláudia Freitas,06366632057,F,1989-10-25,claudia.freitas997@outlook.com,51998538893,Porto Alegre,RS,98815265,False
PES-02771,Márcio Conceição Conceição Moreira,67314316139,M,1972-10-20,marcio.moreira959@outlook.com,11966965819,Guarulhos,SP,04862511,True
PES-02772,Sérgio Conceição Marques Cardoso,08275093082,M,1986-02-07,sergio.cardoso328@uol.com.br,11987817084,Santo André,SP,04340207,False
PES-02773,Antônio Araújo Magalhães,67150906613,M,1989-05-25,antonio.magalhaes587@hotmail.com,31988439662,Belo Horizonte,MG,31793959,True
PES-02774,José Costa Souza,24053190550,M,1975-09-30,jose_sou633@bol.com.br,11962104135,São Paulo,SP,09448480,False
PES-02775,Leonardo Barbosa,00532937384,M,1968-02-21,leonardo_bar733@outlook.com,21977618115,Rio de Janeiro,RJ,26791969,True
PES-02776,Gustavo Cardoso,39678467097,M,1952-08-27,gustavo.cardoso399@gmail.com,61977543718,Brasília,DF,77868254,False
PES-02777,Raquel Assunção Mendes Santos,16156157506,F,1985-08-17,raquel_san146@gmail.com,32987353375,Juiz de Fora,MG,36697685,True
PES-02778,Eduardo Araújo,70821816713,M,1982-02-18,eduardo.araujo283@yahoo.com.br,16970385438,Ribeirão Preto,SP,15774979,True
PES-02779,Luís Assunção Silva,63457107688,M,1987-06-08,luis.silva704@gmail.com,21987963291,Rio de Janeiro,RJ,28704112,True
PES-02780,Ana Martins Nascimento Pereira,77252333698,F,1987-03-27,ana_per618@gmail.com,81967759412,Recife,PE,57418346,False
PES-02781,Beatriz Assunção Nascimento Guimarães,27114368453,F,1960-12-26,beatriz.guimaraes658@hotmail.com,48970757133,Florianópolis,SC,86803608,False
PES-02782,Bruno Pereira Barbosa,45066932135,M,1981-02-14,brunobarbosa256@gmail.com,61975766268,Brasília,DF,71926309,True
PES-02783,Tânia Nascimento,83823251147,F,1974-05-03,tania.nascimento655@uol.com.br,32986772607,Juiz de Fora,MG,38918654,False
PES-02784,Luíza Santos Nunes,91341530205,F,1982-10-31,luizanunes413@gmail.com,19998288919,Campinas,SP,17473158,True
PES-02785,Tânia Ferreira Peixoto,18093814795,F,1990-01-24,tania_pei611@gmail.com,51976529974,Porto Alegre,RS,98644910,False
PES-02786,Cláudia Machado Machado,51238167209,F,1986-10-31,claudiamachado467@bol.com.br,48965131210,Florianópolis,SC,83245243,False
PES-02787,Daniel Guimarães Lima Oliveira,37367988654,M,1969-12-20,daniel.oliveira207@bol.com.br,61993651046,Brasília,DF,73957845,True
PES-02788,Letícia Alves Machado,50294048723,F,1978-11-04,leticia_mac379@hotmail.com,61995208902,Brasília,DF,73167622,False
PES-02789,Raquel Lima Carvalho Machado,89125958062,F,1981-08-08,raquelmachado155@bol.com.br,21960942070,Rio de Janeiro,RJ,23672239,True
PES-02790,Caio Melo Marques,49386825163,M,1998-01-01,caio_mar752@gmail.com,19974637717,Campinas,SP,16475639,True
PES-02791,Patrícia Machado,48000613930,F,1972-10-18,patriciamachado206@hotmail.com,51987946099,Porto Alegre,RS,91182309,False
PES-02792,Bruno Freitas,58345790003,M,1970-06-26,brunofreitas429@uol.com.br,11977631647,São Paulo,SP,05188447,True
PES-02793,Daniel Guimarães Rocha Cardoso,00071803491,M,1985-09-17,danielcardoso887@yahoo.com.br,11982219090,São Paulo,SP,01303596,False
PES-02794,Marcelo Dias,13644912300,M,1985-08-05,marcelo.dias758@outlook.com,19974089324,Campinas,SP,17836763,False
PES-02795,Renata Freitas,33858055620,F,1933-12-31,renata.freitas998@gmail.com,11976981085,São Paulo,SP,07928974,False
PES-02796,Márcia Lima Mendes Gomes,29821372678,F,1981-11-10,marcia_gom567@bol.com.br,41997372371,Curitiba,PR,86764417,False
PES-02797,Priscila Araújo Guimarães,25989630913,F,1982-02-21,priscilaguimaraes336@outlook.com,61999539846,Brasília,DF,75092503,True
PES-02798,Luíza Marques Conceição,65554904629,F,1976-08-28,luiza.conceicao525@hotmail.com,11973179747,São Paulo,SP,07285506,False
PES-02799,Márcio Guimarães,77586048703,M,1985-08-20,marcio_gui178@uol.com.br,11981878579,Santo André,SP,09849150,True
PES-02800,Gustavo Marques,46282026130,M,1952-07-16,gustavo_mar296@gmail.com,11966238703,São Paulo,SP,03130629,True
PES-02801,Otávio Gomes Santos,20341499129,M,1941-09-04,otaviosantos888@yahoo.com.br,31968166847,Belo Horizonte,MG,36797476,True
PES-02802,Caio Ribeiro Moreira,77354151688,M,2005-01-20,caio_mor138@yahoo.com.br,51997501393,Porto Alegre,RS,95895575,False
PES-02803,Camila Gomes Rodrigues,63595314298,F,1991-12-15,camila.rodrigues289@bol.com.br,62960625427,Goiânia,GO,77097177,False
PES-02804,Larissa Peixoto Conceição,26544888028,F,1998-09-07,larissa_con554@bol.com.br,21972587163,Niterói,RJ,24283501,False
PES-02805,Vitória Santos,09152512304,F,1990-08-24,vitoria.santos265@gmail.com,48999894886,Florianópolis,SC,89236014,True
PES-02806,Mateus Magalhães,40361091702,M,1958-10-10,mateus.magalhaes93@gmail.com,21970219451,Rio de Janeiro,RJ,24370718,True
PES-02807,Otávio Oliveira Conceição,69705874522,M,1968-03-02,otavioconceicao996@outlook.com,21968059594,Rio de Janeiro,RJ,27532628,True
PES-02808,Bruno Ribeiro Magalhães Mendes,51591493765,M,1996-07-03,bruno.mendes45@outlook.com,61991087108,Brasília,DF,71124796,True
PES-02809,Mariana Lima Mendes Andrade,56585185552,F,1996-07-30,mariana_and476@outlook.com,41979826837,Curitiba,PR,86043208,True
PES-02810,Márcio Santos Alves Martins,26702827415,M,1978-01-26,marcio_mar259@uol.com.br,51965376727,Porto Alegre,RS,94405459,True
PES-02811,Vinícius Pereira Rodrigues,19035040660,M,1996-07-07,viniciusrodrigues965@hotmail.com,11967801235,São Paulo,SP,09539660,True
PES-02812,Cecília Guimarães Andrade,08287561205,F,1990-09-05,ceciliaandrade606@gmail.com,11993617706,Santo André,SP,04955840,True
PES-02813,Antônio Carvalho,79145479488,M,1993-03-15,antonio_car815@gmail.com,11997886633,São Paulo,SP,05279824,True
PES-02814,Fernanda Costa Ribeiro,48394342124,F,1981-11-08,fernanda.ribeiro169@gmail.com,51982641523,Porto Alegre,RS,93341944,True
PES-02815,Helena Mendes,36296491654,F,1985-04-08,helenamendes976@yahoo.com.br,11968011186,Guarulhos,SP,02515980,True
PES-02816,Eduardo Martins,09336503707,M,1933-12-31,eduardomartins114@outlook.com,11988603674,Santo André,SP,06905626,False
PES-02817,Letícia Araújo Peixoto,91549273744,F,1982-11-30,leticia.peixoto150@outlook.com,11986094755,São Paulo,SP,06428323,False
PES-02818,Priscila Barbosa Nunes Peixoto,79543133280,F,1976-12-25,priscilapeixoto150@uol.com.br,16994935418,Ribeirão Preto,SP,18032747,False
PES-02819,Aline Pereira Cardoso,22352907101,F,1984-01-22,alinecardoso148@hotmail.com,21966358792,Rio de Janeiro,RJ,24915032,True
PES-02820,Fernanda Moreira Araújo,60408430710,F,1996-11-23,fernandaaraujo344@yahoo.com.br,21974688230,Rio de Janeiro,RJ,26046095,False
PES-02821,Camila Melo Freitas,91205254943,F,1968-01-17,camila.freitas171@hotmail.com,31973276101,Belo Horizonte,MG,34801975,True
PES-02822,Luís Oliveira Moreira,20282979212,M,1976-01-25,luismoreira219@bol.com.br,11996345753,Guarulhos,SP,07347576,False
PES-02823,Márcio Brandão Brandão,24440096905,M,1976-06-14,marcio_bra581@bol.com.br,11993449146,São Paulo,SP,04814872,True
PES-02824,Ana Cardoso,38714028778,F,1995-10-11,ana.cardoso567@hotmail.com,21988491585,Rio de Janeiro,RJ,27652496,True
PES-02825,Simone Santos Lima,49956542911,F,1990-11-05,simonelima97@outlook.com,19983507489,Campinas,SP,16693387,True
PES-02826,Letícia Freitas,52609113005,F,1988-12-05,leticia_fre365@outlook.com,81986966467,Recife,PE,59923457,False
PES-02827,Camila Melo,74529184447,F,1985-09-02,camila_mel67@outlook.com,31967031822,Belo Horizonte,MG,33584370,True
PES-02828,Cecília Machado,56654486803,F,1981-08-16,ceciliamachado835@yahoo.com.br,11978887817,São Paulo,SP,08505644,True
PES-02829,Cecília Nascimento Peixoto,09453143022,F,1985-05-04,cecilia.peixoto524@yahoo.com.br,21982848192,Rio de Janeiro,RJ,27821561,True
PES-02830,César Marques Moreira,81969911425,M,1995-09-08,cesarmoreira298@gmail.com,11999851764,São Paulo,SP,06419563,True
PES-02831,Raquel Alves Silva,02152115538,F,1991-08-27,raquelsilva224@yahoo.com.br,11991916148,São Paulo,SP,07375179,False
PES-02832,Natália Rocha,39297827667,F,1968-09-21,natalia_roc96@hotmail.com,11962813460,São Paulo,SP,08836765,False
PES-02833,César Peixoto,32014264589,M,1995-01-21,cesarpeixoto860@hotmail.com,11997584619,São Paulo,SP,05485148,False
PES-02834,Daniel Costa,88892472585,M,1940-08-20,daniel_cos722@uol.com.br,19961221184,Campinas,SP,18750680,True
PES-02835,Leonardo Rocha,85113512567,M,1980-05-22,leonardo.rocha507@yahoo.com.br,11996649510,São Paulo,SP,09235688,True
PES-02836,Sônia Nascimento Rocha,98427182201,F,1975-02-12,sonia_roc923@outlook.com,11967511239,São Paulo,SP,06677892,False
PES-02837,Helena Cardoso Moreira,72524147959,F,1970-04-13,helena.moreira471@gmail.com,21965993526,Rio de Janeiro,RJ,22372125,True
PES-02838,Helena Barbosa Alves,49173853186,F,1982-03-02,helena.alves612@uol.com.br,71970217184,Salvador,BA,48896924,False
PES-02839,Sônia Carvalho,30495447323,F,1962-08-29,soniacarvalho863@gmail.com,31962535957,Belo Horizonte,MG,33300208,False
PES-02840,Lúcia Marques Assunção Machado,59602359439,F,1971-04-15,lucia_mac838@gmail.com,16960261935,Ribeirão Preto,SP,15477098,True
PES-02841,Fernando Araújo Brandão,43673082353,M,1963-12-13,fernando_bra211@uol.com.br,31996384892,Belo Horizonte,MG,32682244,False
PES-02842,Luís Araújo Cardoso,58298764420,M,1992-10-14,luis.cardoso808@gmail.com,51995738004,Porto Alegre,RS,95987643,True
PES-02843,Aline Rocha,99315787773,F,1981-03-17,aline_roc682@outlook.com,62974505181,Goiânia,GO,77509808,False
PES-02844,Leonardo Souza,07025378968,M,1983-04-12,leonardo_sou257@outlook.com,11964575386,São Paulo,SP,07183996,True
PES-02845,Sérgio Rodrigues,72256821307,M,1992-05-18,sergio_rod504@gmail.com,16993751211,Ribeirão Preto,SP,11622862,True
PES-02846,César Nascimento,87071263019,M,1967-08-29,cesar_nas582@outlook.com,11973853968,São Paulo,SP,02062497,True
PES-02847,Camila Nascimento Magalhães,20360105041,F,1977-04-01,camila.magalhaes971@uol.com.br,21967017264,Rio de Janeiro,RJ,28244357,False
PES-02848,Caio Peixoto,86742316241,M,1969-09-01,caio.peixoto377@uol.com.br,11962683311,São Paulo,SP,01578938,False
PES-02849,Gabriela Araújo Andrade Ferreira,09149173669,F,2002-09-01,gabriela.ferreira801@outlook.com,31987219916,Belo Horizonte,MG,36909956,True
PES-02850,Cláudia Oliveira Santos Santos,64253699146,F,1992-09-17,claudia.santos664@uol.com.br,21981716917,Niterói,RJ,27451244,True
PES-02851,Isabela Freitas Nascimento,34453815859,F,1958-03-08,isabela.nascimento931@outlook.com,11977752937,São Paulo,SP,09879585,True
PES-02852,Marcelo Lima Nunes,13638693708,M,1979-07-07,marcelo.nunes725@hotmail.com,11983887224,Santo André,SP,06501298,True
PES-02853,Leonardo Lima Nascimento,49162600664,M,1982-03-01,leonardo_nas184@outlook.com,61966793045,Brasília,DF,77359407,False
PES-02854,Isabela Lima,23054082504,F,1962-03-31,isabelalima268@outlook.com,21994338888,Niterói,RJ,24137772,True
PES-02855,Patrícia Mendes Lima Machado,98934482125,F,1973-03-29,patriciamachado605@uol.com.br,11994974849,Guarulhos,SP,01716961,False
PES-02856,Raquel Carvalho Rodrigues,62662488832,F,1985-07-31,raquelrodrigues918@uol.com.br,81997263654,Recife,PE,56261554,False
PES-02857,Rodrigo Alves Dias,50730724131,M,1990-05-08,rodrigo_dia425@uol.com.br,61978518466,Brasília,DF,75110991,True
PES-02858,Débora Marques Conceição Lima,40192060902,F,1965-01-22,debora.lima602@gmail.com,11967183577,São Paulo,SP,02997626,True
PES-02859,Beatriz Gomes Araújo,77605669305,F,1947-11-27,beatrizaraujo725@bol.com.br,11982903818,São Paulo,SP,04012842,True
PES-02860,Márcia Carvalho Pereira,04856632957,F,1997-08-15,marcia.pereira657@hotmail.com,11964157041,São Paulo,SP,07844773,False
PES-02861,Luís Brandão Lima,59161079944,M,1988-01-29,luis_lim468@outlook.com,32981886964,Juiz de Fora,MG,38442799,False
PES-02862,Bruno Araújo,16769541394,M,1995-12-12,brunoaraujo864@gmail.com,41994627201,Curitiba,PR,88828729,True
PES-02863,Débora Nascimento Nascimento,17142097175,F,1990-12-17,deboranascimento493@uol.com.br,16967382131,Ribeirão Preto,SP,16323713,True
PES-02864,Leonardo Brandão Araújo,25649205272,M,1987-01-03,leonardo_ara462@outlook.com,51995216930,Porto Alegre,RS,99173572,True
PES-02865,Raquel Freitas Guimarães Barbosa,88551544195,F,1983-05-31,raquel.barbosa428@gmail.com,11969414337,São Paulo,SP,07596216,False
PES-02866,Marcelo Martins Gomes,71533773793,M,1983-12-20,marcelo_gom79@gmail.com,11962153422,São Paulo,SP,05894536,True
PES-02867,Luíza Barbosa Ribeiro,70375670009,F,1990-03-03,luiza.ribeiro800@hotmail.com,21995916827,Rio de Janeiro,RJ,21525766,True
PES-02868,Larissa Alves Pereira,34372505159,F,1976-03-01,larissa_per260@gmail.com,11996495867,São Paulo,SP,04588194,True
PES-02869,João Assunção Costa,17357322815,M,1958-12-16,joao.costa411@outlook.com,71968487526,Salvador,BA,45962369,False
PES-02870,Beatriz Andrade Souza,49463443304,F,1977-03-03,beatriz.souza417@outlook.com,81987451356,Recife,PE,55075751,False
PES-02871,Gabriela Melo Martins,44487384850,F,1975-07-14,gabrielamartins532@uol.com.br,41979237624,Curitiba,PR,84414272,True
PES-02872,Wagner Silva Peixoto,94175089624,M,1967-11-09,wagnerpeixoto790@uol.com.br,19996538702,Campinas,SP,17785703,False
PES-02873,Eduardo Andrade Nunes,65138131079,M,1985-06-19,eduardonunes145@outlook.com,31965313754,Belo Horizonte,MG,33202856,True
PES-02874,José Cardoso,60943827221,M,1978-12-20,josecardoso265@outlook.com,81997066723,Recife,PE,52142783,False
PES-02875,Vitória Andrade Conceição,99781088826,F,1994-11-09,vitoria.conceicao600@yahoo.com.br,11974095801,São Paulo,SP,09032655,True
PES-02876,Sônia Alves Cardoso,43035010501,F,1958-06-10,sonia_car678@yahoo.com.br,62961122494,Goiânia,GO,71469605,True
PES-02877,Paulo Carvalho Nascimento,24868743996,M,1989-11-28,paulo.nascimento774@gmail.com,31976444676,Belo Horizonte,MG,35992999,True
PES-02878,Wagner Martins Assunção,20591496577,M,1982-10-04,wagnerassuncao248@hotmail.com,11973578068,Guarulhos,SP,03644826,True
PES-02879,Fernando Cardoso,68639226300,M,1994-07-12,fernando.cardoso894@yahoo.com.br,11995567761,São Paulo,SP,08895020,True
PES-02880,Eduardo Assunção,60445919213,M,1990-11-21,eduardo.assuncao836@hotmail.com,32975353568,Juiz de Fora,MG,33535401,True
PES-02881,Natália Cardoso Conceição,33232534856,F,2003-05-10,marciasantos52@outlook.com,11978326289,São Paulo,SP,09994218,False
PES-02882,Fábio Nunes,61768309230,M,2000-10-09,fabio.nunes657@hotmail.com,21978517332,Rio de Janeiro,RJ,21557911,False
PES-02883,Gabriela Mendes Freitas Marques,93159942210,F,1958-04-20,gabriela_mar744@uol.com.br,31985606742,Belo Horizonte,MG,31800530,True
PES-02884,Mateus Rodrigues Oliveira,05539494709,M,1936-06-29,mateusoliveira241@bol.com.br,41985028370,Curitiba,PR,84257263,False
PES-02885,Luíza Araújo Rodrigues,94665080089,F,1979-05-09,luiza.rodrigues815@uol.com.br,21964567814,Rio de Janeiro,RJ,23773520,False
PES-02886,Fábio Cardoso,25011960900,M,1982-05-16,fabio.cardoso934@hotmail.com,81985066714,Recife,PE,53935304,False
PES-02887,Gabriela Martins,63836140888,F,1945-01-06,gabriela_mar104@yahoo.com.br,11995885708,São Paulo,SP,07212909,True
PES-02888,Luís Andrade Dias,13166744525,M,1983-05-21,luisdias920@bol.com.br,21991735707,Niterói,RJ,26344749,True
PES-02889,Eduardo Ribeiro,07430466508,M,1974-03-20,eduardoribeiro897@uol.com.br,11965703341,Santo André,SP,01811385,False
PES-02890,Henrique Ferreira Ferreira,67930603415,M,1999-09-17,henrique_fer432@gmail.com,11987175704,São Paulo,SP,09371974,True
PES-02891,Vitória Araújo,94994084521,F,1987-09-24,vitoria.araujo493@uol.com.br,32999829130,Juiz de Fora,MG,38941072,True
PES-02892,Larissa Andrade Pereira,66644987583,F,1943-12-11,larissapereira516@outlook.com,51961677507,Porto Alegre,RS,95204470,False
PES-02893,Cecília Ribeiro Cardoso Pereira,08889463333,F,1973-04-15,cecilia.pereira682@bol.com.br,81969992084,Recife,PE,55139406,True
PES-02894,Sônia Brandão Oliveira,66254282305,F,1995-08-30,sonia_oli382@outlook.com,11986265045,Guarulhos,SP,03825147,True
PES-02895,Vinícius Peixoto Ribeiro,96579576308,M,1995-11-11,vinicius.ribeiro183@yahoo.com.br,21998505753,Rio de Janeiro,RJ,26717939,True
PES-02896,Mariana Lima Conceição,21853541168,F,1989-02-06,mariana_con462@gmail.com,41969001476,Curitiba,PR,86312089,True
PES-02897,Bruno Assunção Nunes,40048926272,M,1994-04-27,brunonunes857@outlook.com,32995718984,Juiz de Fora,MG,38466075,True
PES-02898,Márcio Brandão Araújo,82837958808,M,1975-09-24,marcio_ara424@uol.com.br,31968888473,Belo Horizonte,MG,31405977,True
PES-02899,Luíza Alves Rocha,75529209556,F,1964-12-03,eduardo_mar97@hotmail.com,11977249841,São Paulo,SP,04350581,True
PES-02900,Otávio Alves Moreira,21283073250,M,1979-07-17,otavio.moreira720@hotmail.com,62996827875,Goiânia,GO,72289499,False
PES-02901,Letícia Barbosa Marques,39941287490,F,1942-07-09,leticia.marques918@outlook.com,21966671153,Niterói,RJ,26559233,True
PES-02902,Caio Andrade,55604824470,M,1971-06-12,caio.andrade147@bol.com.br,48981952877,Florianópolis,SC,86210696,True
PES-02903,Rafael Assunção,87784439466,M,1966-05-06,rafael.assuncao271@yahoo.com.br,51963318475,Porto Alegre,RS,95397374,True
PES-02904,Gabriela Mendes,89694638607,F,1978-06-15,gabriela.mendes612@outlook.com,21980494119,Rio de Janeiro,RJ,24252200,False
PES-02905,Júlia Nunes Marques,14378031566,F,1992-04-30,julia.marques159@gmail.com,31963287741,Belo Horizonte,MG,32025969,True
PES-02906,Vinícius Mendes Ribeiro,79811640602,M,1971-06-11,vinicius.ribeiro312@gmail.com,21991603366,Niterói,RJ,21487271,False
PES-02907,Júlia Marques Costa,61853396508,F,1961-02-19,julia_cos553@gmail.com,11966401280,São Paulo,SP,02941675,True
PES-02908,Fernando Ribeiro Martins Nunes,74902004747,M,1992-08-15,fernando.nunes285@gmail.com,51982409495,Porto Alegre,RS,98548029,False
PES-02909,Vinícius Melo,25604829757,M,1983-05-07,vinicius.melo799@bol.com.br,11998453689,Guarulhos,SP,03002690,False
PES-02910,Fernando Moreira Magalhães,38884245699,M,1991-08-03,fernando_mag781@hotmail.com,11977854484,Guarulhos,SP,03931137,True
PES-02911,Rodrigo Costa Assunção,73659142034,M,1974-03-28,rodrigo.assuncao821@bol.com.br,31986272201,Belo Horizonte,MG,37222915,False
PES-02912,Vinícius Dias Lima,02524948064,M,1965-12-02,vinicius.lima592@outlook.com,31960489534,Belo Horizonte,MG,37902772,False
PES-02913,Eduardo Nunes Guimarães,33897528037,M,1969-06-12,eduardo.guimaraes549@gmail.com,21983859680,Rio de Janeiro,RJ,26503012,False
PES-02914,Beatriz Peixoto Magalhães,65512299131,F,1978-10-01,beatriz_mag573@uol.com.br,11962576945,São Paulo,SP,05482140,True
PES-02915,André Cardoso,75525131870,M,1975-10-05,andre_car628@outlook.com,51998042149,Porto Alegre,RS,92700318,True
PES-02916,Helena Gomes Brandão Ferreira,86769133903,F,1982-07-24,helena_fer478@yahoo.com.br,31991725528,Belo Horizonte,MG,39848378,True
PES-02917,Wagner Martins Guimarães Silva,07088903938,M,1980-10-07,wagnersilva1@gmail.com,11969257694,São Paulo,SP,01130561,True
PES-02918,Gabriela Mendes Magalhães Nunes,34011185280,F,1983-03-26,gabrielanunes778@outlook.com,62960881779,Goiânia,GO,79084101,False
PES-02919,Sérgio Conceição,50721401562,M,1982-07-02,sergioconceicao908@yahoo.com.br,41977641654,Curitiba,PR,88150563,True
PES-02920,José Freitas,98222365819,M,2001-03-18,jose_fre731@hotmail.com,32991014750,Juiz de Fora,MG,37990519,False
PES-02921,Gustavo Nascimento,39014715102,M,2002-12-17,gustavo.nascimento846@outlook.com,11997825400,Guarulhos,SP,03796049,False
PES-02922,Sérgio Dias Marques,45390992482,M,1990-02-21,sergio.marques891@yahoo.com.br,11974748874,São Paulo,SP,07339563,True
PES-02923,Simone Nascimento,45551091635,F,1968-10-03,simonenascimento585@uol.com.br,41965706236,Curitiba,PR,86553523,True
PES-02924,Lucas Moreira,64735934111,M,1998-05-20,lucasmoreira887@gmail.com,21985508452,Niterói,RJ,25873672,True
PES-02925,Débora Ferreira,73219739482,F,1954-08-02,deboraferreira505@gmail.com,21964349875,Niterói,RJ,23675687,True
PES-02926,Gabriela Souza Gomes,10667129219,F,1981-12-23,gabriela_gom179@outlook.com,31976502564,Belo Horizonte,MG,39377200,True
PES-02927,Simone Barbosa Rocha,06894528705,F,1985-06-24,simone.rocha553@gmail.com,11965866164,São Paulo,SP,04542052,False
PES-02928,Ana Martins Cardoso,93717749919,F,1987-03-25,ana.cardoso127@yahoo.com.br,19961928176,Campinas,SP,14724762,True
PES-02929,Gustavo Araújo Ribeiro Costa,16358082787,M,1990-03-05,gustavo_cos832@yahoo.com.br,31981125523,Belo Horizonte,MG,39751315,True
PES-02930,Lúcia Barbosa,24773923440,F,1976-09-08,luciabarbosa521@gmail.com,11995953487,São Paulo,SP,06485573,False
PES-02931,Renata Araújo Nascimento,69427587016,F,1975-10-27,renata_nas328@bol.com.br,11973728627,São Paulo,SP,09056452,False
PES-02932,Mateus Freitas Oliveira,24278744854,M,1966-01-28,mateusoliveira199@outlook.com,51992767987,Porto Alegre,RS,96306338,True
PES-02933,Raquel Pereira,05256909720,F,1967-08-16,raquel_per454@uol.com.br,19991954730,Campinas,SP,15639980,True
PES-02934,Patrícia Oliveira Araújo,42318316295,F,1999-04-20,patricia_ara626@yahoo.com.br,11960453462,São Paulo,SP,06044172,False
PES-02935,Rafael Brandão Nascimento,42446389970,M,1981-03-17,rafaelnascimento677@bol.com.br,11976199290,São Paulo,SP,06569295,False
PES-02936,Isabela Cardoso Oliveira Guimarães,21192454600,F,1991-08-11,isabela_gui97@outlook.com,19981281285,Campinas,SP,15012416,False
PES-02937,Daniel Magalhães,75256460315,M,1976-03-09,daniel.magalhaes902@uol.com.br,71966001460,Salvador,BA,41169516,False
PES-02938,Wagner Conceição Magalhães Araújo,03236086556,M,1978-06-04,wagneraraujo841@uol.com.br,11974955716,São Paulo,SP,09045458,True
PES-02939,Priscila Machado Costa,57086470783,F,1963-08-29,priscilacosta982@yahoo.com.br,11969338739,Santo André,SP,02148489,True
PES-02940,Vinícius Rodrigues,71599481570,M,1972-12-03,vinicius.rodrigues159@outlook.com,11999409137,São Paulo,SP,09481623,True
PES-02941,Hélio Melo Marques,55302024624,M,1993-08-17,helio_mar24@yahoo.com.br,11995147711,São Paulo,SP,01254858,False
PES-02942,Fábio Andrade Alves Santos,69066856351,M,1995-04-09,fabiosantos798@yahoo.com.br,71973138150,Salvador,BA,42995645,True
PES-02943,Renata Alves Pereira,93684979317,F,1991-02-21,renata_per507@gmail.com,41990448519,Curitiba,PR,87419891,False
PES-02944,Natália Silva,13113673062,F,1989-05-20,natalia.silva737@uol.com.br,11966409007,São Paulo,SP,07144783,True
PES-02945,Otávio Alves Cardoso,96034862302,M,1987-03-20,otavio.cardoso404@outlook.com,21994493089,Rio de Janeiro,RJ,24371489,True
PES-02946,Fernanda Ribeiro,20957767471,F,1992-11-09,fernanda.ribeiro918@bol.com.br,71994352460,Salvador,BA,44644011,False
PES-02947,Vitória Ribeiro,44683018802,F,1990-07-08,vitoriaribeiro983@bol.com.br,31991891189,Belo Horizonte,MG,32270432,False
PES-02948,Raquel Ferreira Guimarães,29645692580,F,1960-07-10,raquel.guimaraes953@outlook.com,11989332290,São Paulo,SP,06115038,True
PES-02949,Patrícia Ribeiro,09941653909,F,1990-08-23,patricia_rib592@outlook.com,11972747269,São Paulo,SP,01606717,True
PES-02950,Fábio Assunção Martins Ferreira,64586006900,M,1972-10-29,fabio_fer707@yahoo.com.br,62981577775,Goiânia,GO,72803406,False
PES-02951,Aline Machado Santos Costa,56775610297,F,1989-09-14,aline.costa439@hotmail.com,61978235250,Brasília,DF,74626938,True
PES-02952,Vitória Alves Andrade,13078584143,F,1967-09-24,vitoriaandrade78@uol.com.br,11967159038,Guarulhos,SP,05187610,False
PES-02953,Sônia Freitas,02738832164,F,1981-09-30,sonia.freitas627@uol.com.br,11991016220,São Paulo,SP,06487678,True
PES-02954,João Oliveira,02911534107,M,1982-02-25,joao_oli11@hotmail.com,31970563204,Belo Horizonte,MG,39406339,True
PES-02955,André Rodrigues,29118352804,M,1986-01-18,andrerodrigues669@outlook.com,11960433859,São Paulo,SP,04479468,True
PES-02956,Luíza Machado Santos Lima,48489929076,F,1974-12-02,luizalima941@yahoo.com.br,11990676953,São Paulo,SP,07936097,False
PES-02957,Márcia Silva Magalhães,93794085442,F,1984-01-21,marcia_mag914@outlook.com,11968593869,São Paulo,SP,08850227,True
PES-02958,Gustavo Oliveira,48893961440,M,1986-06-26,gustavo_oli893@outlook.com,19972122387,Campinas,SP,12392489,True
PES-02959,Aline Mendes Santos Oliveira,94357668700,F,1994-04-09,aline.oliveira589@uol.com.br,11977027237,São Paulo,SP,08114274,False
PES-02960,Joana Ferreira Andrade,61114072877,F,1993-02-01,larissasouza148@uol.com.br,11996811400,São Paulo,SP,09022931,False
PES-02961,Hélio Alves,20438343980,M,1988-09-20,helio.alves690@bol.com.br,21979501525,Niterói,RJ,28753816,False
PES-02962,Fernanda Araújo Peixoto Ribeiro,67520711951,F,1989-01-05,fernanda_rib72@hotmail.com,21966284429,Niterói,RJ,29038115,True
PES-02963,Priscila Dias,99342472087,F,2003-07-16,priscila_dia105@uol.com.br,11984731713,São Paulo,SP,08376372,False
PES-02964,Paulo Cardoso Andrade,64310875505,M,1975-11-05,paulo.andrade800@yahoo.com.br,11987824316,Santo André,SP,05949183,False
PES-02965,Ana Peixoto,34229818378,F,1980-07-20,ana.peixoto112@hotmail.com,62967599928,Goiânia,GO,79174393,False
PES-02966,Luís Barbosa,53974876944,M,1971-08-20,luis.barbosa763@uol.com.br,11994385814,São Paulo,SP,07367784,True
PES-02967,Henrique Araújo,19646102492,M,1982-10-14,henriquearaujo420@outlook.com,11961788549,Guarulhos,SP,09319782,True
PES-02968,Letícia Freitas Guimarães,34914803968,F,1979-01-12,leticiaguimaraes614@gmail.com,11960801945,São Paulo,SP,03305110,True
PES-02969,Larissa Barbosa Silva,45228960180,F,1975-06-29,larissa.silva962@outlook.com,11977947393,São Paulo,SP,04737321,True
PES-02970,Marcelo Oliveira Silva,10557750059,M,1994-12-13,marcelo_sil700@outlook.com,11962458063,São Paulo,SP,04842364,True
PES-02971,Larissa Alves Melo Assunção,53927802964,F,1973-11-29,larissa_ass209@gmail.com,11973208368,Santo André,SP,01547869,False
PES-02972,Gabriela Magalhães Gomes Oliveira,27742568608,F,1981-11-29,gabriela.oliveira873@outlook.com,62983563434,Goiânia,GO,72432776,False
PES-02973,Thiago Araújo,56370810347,M,1975-04-25,thiago.araujo157@uol.com.br,11983173246,São Paulo,SP,06335713,True
PES-02974,Fernanda Pereira,58506883075,F,1987-07-16,fernanda.pereira846@gmail.com,16998295678,Ribeirão Preto,SP,18540101,True
PES-02975,Marcelo Peixoto,53164895356,M,2001-02-12,marcelo_pei913@outlook.com,81967255684,Recife,PE,55106347,True
PES-02976,Márcia Ribeiro Guimarães,62224972920,F,1981-10-16,marcia_gui946@gmail.com,61997933455,Brasília,DF,71293967,True
PES-02977,Vitória Guimarães Magalhães,12461815763,F,1998-01-08,vitoria_mag853@hotmail.com,11967588474,São Paulo,SP,02076101,False
PES-02978,Bruno Rodrigues,74751653296,M,1970-01-04,bruno_rod162@gmail.com,31993463799,Belo Horizonte,MG,35130052,True
PES-02979,Débora Silva Moreira,21971170330,F,1985-06-09,debora_mor49@gmail.com,11988589895,São Paulo,SP,04582000,False
PES-02980,Raquel Carvalho Mendes Moreira,60857197525,F,1985-10-21,raquel.moreira471@uol.com.br,21960669196,Rio de Janeiro,RJ,24203181,False
PES-02981,Lucas Rocha Andrade,07018093376,M,1991-02-11,lucas.andrade835@outlook.com,21989382521,Rio de Janeiro,RJ,23306855,True
PES-02982,Camila Nascimento,62600136630,F,1992-06-02,camila.nascimento547@gmail.com,61979073441,Brasília,DF,74807489,True
PES-02983,Márcio Pereira Martins,71968321241,M,1998-05-15,marcio_mar246@uol.com.br,11961093797,São Paulo,SP,06101893,True
PES-02984,Raquel Martins Freitas,50698129806,F,1982-10-20,raquel_fre924@gmail.com,21986131080,Rio de Janeiro,RJ,24286266,True
PES-02985,Simone Peixoto Carvalho,65299334761,F,1980-09-05,simone.carvalho474@hotmail.com,11970585312,São Paulo,SP,04185358,False
PES-02986,Cecília Pereira,50301304890,F,1980-12-08,cecilia.pereira127@gmail.com,19963806451,Campinas,SP,18018671,False
PES-02987,Débora Rocha,75588628500,F,1952-09-14,deborarocha240@outlook.com,11975881928,São Paulo,SP,01794999,True
PES-02988,João Melo Nunes Alves,06680534887,M,1978-01-10,joao.alves175@outlook.com,21988077726,Rio de Janeiro,RJ,24340895,True
PES-02989,Sérgio Barbosa Souza,41556435886,M,1995-02-09,sergio_sou357@hotmail.com,31986468153,Belo Horizonte,MG,37122923,True
PES-02990,Débora Gomes,73595572327,F,1992-06-22,debora_gom958@bol.com.br,31978317577,Belo Horizonte,MG,39663846,True
PES-02991,Mateus Araújo Machado,67968667208,M,1992-05-26,mateusmachado588@uol.com.br,21963866383,Niterói,RJ,25166179,True
PES-02992,Hélio Oliveira Martins Assunção,21122672993,M,1983-04-30,helio_ass701@uol.com.br,21967719165,Rio de Janeiro,RJ,29445783,False
PES-02993,Joana Gomes Nunes,67933851355,F,1987-01-06,joana.nunes116@hotmail.com,71990786325,Salvador,BA,42089945,True
PES-02994,Luís Carvalho Araújo,48061697572,M,1995-09-19,luis_ara431@uol.com.br,41983411892,Curitiba,PR,81419338,True
PES-02995,Antônio Brandão Barbosa,43875332938,M,1940-07-12,antonio.barbosa828@bol.com.br,11980931288,São Paulo,SP,07927175,True
PES-02996,Natália Dias Oliveira Pereira,58252554865,F,1981-08-31,natalia_per55@uol.com.br,21989911524,Rio de Janeiro,RJ,24345185,False
PES-02997,Patrícia Santos Brandão,39994613308,F,1959-09-29,patricia_bra398@gmail.com,11973534063,São Paulo,SP,02064185,True
PES-02998,Débora Mendes Magalhães,11143635701,F,1955-06-19,debora.magalhaes888@bol.com.br,31996325774,Belo Horizonte,MG,34303983,True
PES-02999,Aline Lima Rocha,80737211121,F,1990-11-26,aline.rocha200@yahoo.com.br,32993545021,Juiz de Fora,MG,33343033,False
PES-03000,Beatriz Assunção,55712053187,F,1992-02-01,beatriz.assuncao203@gmail.com,21965546326,Rio de Janeiro,RJ,28415452,False
PES-03001,Tânia Lima,25460107512,F,1987-02-05,tanialima220@outlook.com,81980408680,Recife,PE,53728775,True
PES-03002,Cecília Dias Martins,37598186685,F,1998-04-13,ceciliamartins68@outlook.com,11998312506,Guarulhos,SP,06654241,True
PES-03003,Tânia Santos,47554211951,F,1955-02-26,taniasantos893@yahoo.com.br,41976339150,Curitiba,PR,87330526,False
PES-03004,Natália Cardoso,82344900101,F,1966-01-22,natalia_car162@yahoo.com.br,11999843031,São Paulo,SP,05766920,True
PES-03005,Márcio Melo Souza,49142890594,M,1995-10-24,marcio.souza612@bol.com.br,11970246509,São Paulo,SP,03161049,False
PES-03006,Sônia Rocha,15826393106,F,1998-01-30,sonia_roc505@yahoo.com.br,71973999068,Salvador,BA,43935816,True
PES-03007,Paulo Costa Peixoto Rodrigues,24395627854,M,1952-03-09,paulo.rodrigues366@hotmail.com,41970089550,Curitiba,PR,81429286,False
PES-03008,Fábio Ferreira Ferreira,51483179575,M,1936-04-01,fabio_fer629@outlook.com,41974851573,Curitiba,PR,89733367,True
PES-03009,Cláudia Gomes Marques,59753426275,F,1997-08-13,claudia.marques178@bol.com.br,11993168300,São Paulo,SP,05970937,False
PES-03010,Márcia Andrade Freitas,02573465110,F,1972-07-01,marcia_fre40@uol.com.br,11962701174,Santo André,SP,06052928,False
PES-03011,Rodrigo Freitas Oliveira Brandão,13726384588,M,1997-01-23,rodrigo.brandao769@outlook.com,21971361484,Rio de Janeiro,RJ,28250017,False
PES-03012,Patrícia Magalhães,84364141445,F,1969-02-20,patricia_mag471@hotmail.com,11997194171,Guarulhos,SP,01642231,True
PES-03013,César Peixoto Martins Nascimento,61817974165,M,1967-06-02,cesarnascimento642@outlook.com,11975734434,São Paulo,SP,02881887,True
PES-03014,Rodrigo Machado,05201280528,M,1980-12-25,rodrigomachado891@outlook.com,41992441387,Curitiba,PR,83610654,True
PES-03015,Beatriz Brandão,37314103461,F,1992-10-17,beatrizbrandao34@gmail.com,11975797614,São Paulo,SP,02380291,True
PES-03016,Sônia Freitas Gomes,05813796835,F,1993-09-13,sonia_gom652@outlook.com,11981972703,São Paulo,SP,06601459,False
PES-03017,Mateus Marques Souza,70110473019,M,1980-03-19,mateus.souza994@gmail.com,11980524559,São Paulo,SP,05495086,False
PES-03018,Mariana Ferreira Martins,13027299859,F,1967-12-26,mariana.martins507@outlook.com,11971704447,São Paulo,SP,08555778,True
PES-03019,Lucas Marques Ribeiro,65121888295,M,1982-04-01,lucas.ribeiro285@hotmail.com,19967766467,Campinas,SP,15248269,False
PES-03020,Cláudia Andrade,72712854586,F,1957-06-04,claudiaandrade495@bol.com.br,19998112632,Campinas,SP,17473409,False
PES-03021,Gabriela Carvalho Carvalho,98981282595,F,1966-05-30,gabriela_car399@yahoo.com.br,51986192068,Porto Alegre,RS,99106551,False
PES-03022,Sônia Silva,45233101904,F,1970-04-25,sonia_sil530@gmail.com,32964136877,Juiz de Fora,MG,36065331,False
PES-03023,Fábio Marques Martins,71135940428,M,1971-07-14,fabio.martins787@outlook.com,11969652156,São Paulo,SP,06015679,True
PES-03024,Otávio Marques Andrade Andrade,12045468275,M,1950-11-01,otavio_san689@uol.com.br,11985268435,São Paulo,SP,07024451,True
PES-03025,Bruno Souza,29400169507,M,1989-12-16,brunosouza623@bol.com.br,41986601105,Curitiba,PR,88737302,True
PES-03026,Raquel Araújo Andrade,34652112602,F,1995-11-23,raquel_and800@uol.com.br,48973565643,Florianópolis,SC,89417669,True
PES-03027,Hélio Nunes Silva,37568589447,M,1991-12-11,heliosilva764@yahoo.com.br,11966067951,São Paulo,SP,08387656,False
PES-03028,César Nunes Peixoto Moreira,55058683040,M,1992-12-24,cesar.moreira69@hotmail.com,11982546781,São Paulo,SP,02862991,True
PES-03029,Mariana Machado Santos,40970331827,F,1993-12-09,marianasantos385@gmail.com,81998719469,Recife,PE,53282694,True
PES-03030,Larissa Melo,87985938974,F,1960-12-24,larissa.melo282@bol.com.br,48978152202,Florianópolis,SC,82880006,True
PES-03031,Sérgio Ribeiro,92763908047,M,1992-01-23,sergio_rib832@uol.com.br,11972812474,São Paulo,SP,08121963,True
PES-03032,Fernanda Rocha Lima Ribeiro,64342305674,F,1971-03-02,luiza_mel585@bol.com.br,11985676002,São Paulo,SP,02544333,True
PES-03033,Simone Alves,24261393239,F,1999-04-08,simone_alv644@yahoo.com.br,31998649708,Belo Horizonte,MG,38831899,False
PES-03034,Camila Souza,21250611636,F,2001-06-03,camila.souza235@hotmail.com,11970401434,São Paulo,SP,09323176,True
PES-03035,Fernanda Martins,75392895972,F,1968-09-21,fernanda_mar620@hotmail.com,11992721126,Guarulhos,SP,03864224,False
PES-03036,Eduardo Gomes,70777647613,M,1995-02-21,eduardo_gom153@yahoo.com.br,19981039129,Campinas,SP,15197734,False
PES-03037,Gustavo Andrade Costa,74933631964,M,1961-03-08,gustavo.costa851@uol.com.br,19973289921,Campinas,SP,11703595,False
PES-03038,Mateus Rodrigues Andrade,31566169402,M,1968-06-24,mateus.andrade144@hotmail.com,21999129036,Rio de Janeiro,RJ,21016390,True
PES-03039,Renata Guimarães Peixoto,90561992690,F,1996-01-26,renata_pei59@gmail.com,19998326507,Campinas,SP,18686603,False
PES-03040,Mateus Freitas Brandão,01673078605,M,1970-12-20,mateus.brandao577@gmail.com,19990927179,Campinas,SP,18782751,False
PES-03041,Caio Magalhães Costa,60924795328,M,1980-08-25,caiocosta264@bol.com.br,19984228743,Campinas,SP,17372830,False
PES-03042,Eduardo Magalhães Machado,88137337806,M,1980-04-11,eduardo_mac969@uol.com.br,11973848782,São Paulo,SP,03122988,True
PES-03043,Sérgio Rodrigues,97057364300,M,1998-12-09,sergiorodrigues244@bol.com.br,21971447995,Rio de Janeiro,RJ,28602832,True
PES-03044,Aline Ferreira,76478059839,F,1978-08-11,aline_fer428@outlook.com,11999443554,Guarulhos,SP,08416053,True
PES-03045,Mateus Conceição Cardoso Marques,79239004262,M,1981-02-12,mateusmarques941@outlook.com,31998541723,Belo Horizonte,MG,39485403,True
PES-03046,Camila Lima Pereira,95461973353,F,2002-06-09,camilapereira531@bol.com.br,51987734363,Porto Alegre,RS,93839407,True
PES-03047,Lúcia Conceição,12096706661,F,1976-09-03,lucia_con150@bol.com.br,11993096305,São Paulo,SP,09253524,True
PES-03048,Wagner Peixoto Nascimento,37946073330,M,1976-06-27,wagner.nascimento994@outlook.com,71971236129,Salvador,BA,46570875,True
PES-03049,Rodrigo Rodrigues Guimarães,39548963620,M,1963-05-31,rodrigoguimaraes681@outlook.com,31996445262,Belo Horizonte,MG,32847297,True
PES-03050,Vinícius Barbosa Mendes,28759741147,M,1958-06-20,vinicius_men668@bol.com.br,19965151292,Campinas,SP,15416498,True
PES-03051,Sônia Rodrigues,23332508792,F,1978-08-27,soniarodrigues516@outlook.com,32988736720,Juiz de Fora,MG,32847137,False
PES-03052,Mariana Santos,27799274107,F,1972-06-17,mariana_san100@outlook.com,41967921345,Curitiba,PR,81622062,True
PES-03053,Simone Araújo Magalhães,55355312276,F,1973-09-26,simonemagalhaes817@gmail.com,11980922063,São Paulo,SP,05298853,False
PES-03054,Fernanda Santos Peixoto,68105730545,F,1980-11-22,fernanda_pei107@bol.com.br,61977648727,Brasília,DF,76100055,False
PES-03055,Simone Costa Magalhães,82308079657,F,1992-02-13,simone_mag439@yahoo.com.br,41984502432,Curitiba,PR,88473657,True
PES-03056,Marcelo Lima,16143101302,M,1933-12-31,marcelo.lima141@outlook.com,51968681838,Porto Alegre,RS,93979466,False
PES-03057,Priscila Marques Silva,91424338190,F,1983-09-18,priscila_sil395@gmail.com,11979006322,São Paulo,SP,06453360,True
PES-03058,Caio Silva,03081128579,M,1988-04-15,caio_sil955@hotmail.com,11965876216,São Paulo,SP,01016074,False
PES-03059,Gabriela Ribeiro Guimarães,55292825204,F,1960-04-06,gabrielaguimaraes617@gmail.com,11999926490,São Paulo,SP,04515249,True
PES-03060,Mariana Nunes Carvalho Freitas,49657122775,F,1988-11-22,marianafreitas81@uol.com.br,11998501249,São Paulo,SP,06982327,False
PES-03061,Mateus Dias Santos Brandão,95973567320,M,1991-01-20,mateusbrandao355@yahoo.com.br,32984437381,Juiz de Fora,MG,38765345,True
PES-03062,César Souza,64878902604,M,1998-09-22,cesarsouza426@bol.com.br,31992829624,Belo Horizonte,MG,39175800,False
PES-03063,Isabela Gomes Lima,07241333306,F,1995-12-01,isabelalima726@outlook.com,11965138931,São Paulo,SP,06423194,False
PES-03064,Larissa Barbosa Peixoto,74659764486,F,1975-03-15,larissa_pei909@outlook.com,11960379070,São Paulo,SP,08036730,True
PES-03065,Eduardo Guimarães,94665254842,M,1964-07-05,eduardo.guimaraes889@hotmail.com,19992835880,Campinas,SP,18587738,False
PES-03066,Patrícia Alves Barbosa Martins,54354550571,F,1964-10-14,patricia.martins573@outlook.com,51992414330,Porto Alegre,RS,92541777,False
PES-03067,Márcio Rocha Guimarães,72546660403,M,1968-08-21,marcio_gui396@hotmail.com,62980236339,Goiânia,GO,75121819,True
PES-03068,Isabela Magalhães Gomes Machado,32912808650,F,1994-11-26,isabela.machado350@uol.com.br,51972977781,Porto Alegre,RS,93047411,False
PES-03069,Camila Pereira,97353033029,F,1995-01-23,camilapereira941@uol.com.br,11980739192,São Paulo,SP,04226441,True
PES-03070,César Ribeiro,28244514590,M,1986-06-25,cesar_rib759@yahoo.com.br,16977024658,Ribeirão Preto,SP,11687579,True
PES-03071,André Cardoso Rocha,75188214865,M,1988-08-08,andre_roc815@gmail.com,11997371457,São Paulo,SP,07448807,False
PES-03072,Antônio Freitas Nascimento,34999467267,M,1993-11-22,antonio_nas196@hotmail.com,31990683987,Belo Horizonte,MG,36865254,True
PES-03073,Henrique Araújo Lima,31744237247,M,1991-03-10,henriquelima292@bol.com.br,21984892172,Rio de Janeiro,RJ,22600845,False
PES-03074,Lúcia Guimarães,31518266363,F,1976-07-24,lucia_gui114@hotmail.com,81989753317,Recife,PE,55907042,True
PES-03075,Paulo Pereira Assunção,08234522043,M,1979-11-04,pauloassuncao840@gmail.com,19970214558,Campinas,SP,16973746,False
PES-03076,Bruno Souza,57122125602,M,1979-12-01,brunosouza614@gmail.com,19978746048,Campinas,SP,16678463,False
PES-03077,Isabela Carvalho Moreira,46573996674,F,1998-12-29,isabela_mor374@outlook.com,71999223958,Salvador,BA,41683646,False
PES-03078,Raquel Moreira Alves,54203225108,F,1993-02-07,raquel_alv241@outlook.com,21971068117,Rio de Janeiro,RJ,26285332,False
PES-03079,Letícia Dias,22557897108,F,1997-04-23,leticia_dia6@yahoo.com.br,11981022824,São Paulo,SP,04573225,True
PES-03080,Mateus Mendes Cardoso,68452636989,M,1989-09-22,mateus_car532@bol.com.br,41961545840,Curitiba,PR,81268566,True
PES-03081,Antônio Mendes Costa,52285027427,M,1971-07-12,antonio.costa287@yahoo.com.br,11994515632,São Paulo,SP,03558843,True
PES-03082,Beatriz Alves Magalhães Assunção,85782874791,F,2001-09-06,beatrizassuncao423@gmail.com,11996033773,São Paulo,SP,07723722,False
PES-03083,Lucas Guimarães Souza,40688203337,M,1967-04-23,lucas_sou154@hotmail.com,81961748292,Recife,PE,59785318,False
PES-03084,Gabriela Gomes Alves,14941459601,F,1996-08-23,gabriela_alv742@gmail.com,11965826440,São Paulo,SP,04153223,True
PES-03085,Camila Ferreira Brandão,32484421907,F,1981-10-30,camila_bra572@bol.com.br,11992496213,Guarulhos,SP,04587641,False
PES-03086,Daniel Dias Mendes Moreira,68892674781,M,1972-02-29,daniel_mor354@hotmail.com,31996142031,Belo Horizonte,MG,36594059,True
PES-03087,Raquel Gomes Oliveira,79592277486,F,1991-08-01,raqueloliveira396@uol.com.br,11975173441,São Paulo,SP,08667331,True
PES-03088,Luíza Peixoto Moreira,15629331167,F,1986-12-18,luiza.moreira802@gmail.com,11984612956,São Paulo,SP,04440659,False
PES-03089,Daniel Moreira Brandão Mendes,85698096031,M,2001-03-18,danielmendes644@hotmail.com,81974252634,Recife,PE,52359604,False
PES-03090,Luís Santos Rocha,15252306036,M,1993-09-14,luis_roc512@uol.com.br,41962412051,Curitiba,PR,85002366,True
PES-03091,Júlia Santos,25566249655,F,1950-09-17,juliasantos502@gmail.com,41994004655,Curitiba,PR,84344457,False
PES-03092,Isabela Andrade Rodrigues,03180155280,F,1960-05-20,isabela_rod197@hotmail.com,51976964673,Porto Alegre,RS,93019581,True
PES-03093,Patrícia Marques Ribeiro,29827168606,F,1987-12-15,patricia.ribeiro459@hotmail.com,51969168864,Porto Alegre,RS,95421880,True
PES-03094,Camila Dias Mendes,45100470100,F,1970-03-06,camila.mendes90@hotmail.com,61969426022,Brasília,DF,75350609,False
PES-03095,Débora Mendes,04860689275,F,1993-08-25,debora_men498@outlook.com,48976684073,Florianópolis,SC,85972934,True
PES-03096,Mariana Costa,06975344990,F,1983-12-21,mariana.costa283@outlook.com,31962375684,Belo Horizonte,MG,38781490,True
PES-03097,Cláudia Souza Gomes,10183119800,F,1990-11-13,claudia_gom781@bol.com.br,11992097384,Guarulhos,SP,01934905,True
PES-03098,Luís Rodrigues Assunção,22658748841,M,1988-02-12,luis.assuncao700@outlook.com,62991269121,Goiânia,GO,75027012,True
PES-03099,Daniel Dias,53509159594,M,1993-07-19,daniel_dia77@yahoo.com.br,19993787177,Campinas,SP,12654769,False
PES-03100,Mateus Silva,57057875533,M,1986-11-01,mateussilva304@hotmail.com,19975771375,Campinas,SP,12150874,False
PES-03101,Patrícia Machado Andrade,97645340908,F,2000-12-08,patricia.andrade430@uol.com.br,31983811717,Belo Horizonte,MG,34223070,True
PES-03102,Marcelo Ribeiro,52112855069,M,1963-11-14,marcelo_rib390@uol.com.br,41988651140,Curitiba,PR,86422887,True
PES-03103,Tânia Moreira Souza,88024067153,F,1979-12-13,tania_sou136@outlook.com,41970949221,Curitiba,PR,85398711,True
PES-03104,Isabela Rocha Barbosa,64457608211,F,1986-11-12,isabela_bar862@outlook.com,19998669122,Campinas,SP,13147132,True
PES-03105,Priscila Barbosa,21443743410,F,1969-10-11,priscilabarbosa589@bol.com.br,31993796819,Belo Horizonte,MG,33918853,False
PES-03106,Fernanda Machado Rocha,62605636631,F,2002-12-05,fernanda_roc965@gmail.com,31998273435,Belo Horizonte,MG,38745823,False
PES-03107,Luís Guimarães,65717408340,M,1987-08-02,luis_gui142@hotmail.com,21962346667,Niterói,RJ,26885178,False
PES-03108,Leonardo Oliveira Barbosa,70528644360,M,1998-11-27,sergio_per311@outlook.com,11996359764,São Paulo,SP,05303244,True
PES-03109,Beatriz Nunes Barbosa,43001690801,F,1981-08-30,beatriz_bar493@uol.com.br,11990913970,São Paulo,SP,08804464,True
PES-03110,André Costa,39799268699,M,1991-06-14,andre.costa418@uol.com.br,81995224913,Recife,PE,58300240,False
PES-03111,Otávio Freitas Mendes Magalhães,34670214250,M,1983-10-12,otavio_mag236@hotmail.com,11965444444,Santo André,SP,07920906,True
PES-03112,Lucas Melo Lima,52317372914,M,1994-12-23,lucas_lim645@uol.com.br,11980769612,São Paulo,SP,08311809,True
PES-03113,Henrique Melo,55663695885,M,1967-02-13,henrique_mel444@bol.com.br,11993449428,São Paulo,SP,06453715,False
PES-03114,Joana Marques,46150063577,F,2000-11-13,joana_mar309@yahoo.com.br,11967038087,São Paulo,SP,01038470,True
PES-03115,Cecília Melo Peixoto,71815262516,F,1974-03-21,cecilia_pei616@gmail.com,11962919616,São Paulo,SP,04046578,True
PES-03116,Tânia Rocha Magalhães,48609965775,F,1995-04-21,tania_mag871@yahoo.com.br,21981411043,Rio de Janeiro,RJ,21904796,False
PES-03117,Márcia Andrade Freitas,94563212075,F,1988-12-13,marcia.freitas647@hotmail.com,21984483227,Rio de Janeiro,RJ,23470890,True
PES-03118,Fernanda Rocha,66740455007,F,1988-07-29,fernandarocha210@yahoo.com.br,11996331640,São Paulo,SP,07745546,True
PES-03119,Vitória Freitas,88651050895,F,1944-06-02,vitoria.freitas742@hotmail.com,21980006787,Rio de Janeiro,RJ,25939191,True
PES-03120,Rafael Conceição Santos,43051018236,M,1984-09-26,rafaelsantos40@bol.com.br,11999747157,Guarulhos,SP,09984629,True
PES-03121,Rafael Rodrigues Rocha,80181619091,M,1980-10-21,rafael.rocha403@gmail.com,11965107442,São Paulo,SP,02229491,False
PES-03122,João Martins Araújo,03263242245,M,1992-01-24,joaoaraujo980@outlook.com,11986452368,Santo André,SP,08257301,False
PES-03123,Mateus Peixoto,22170593004,M,1967-02-22,mateuspeixoto987@yahoo.com.br,21996289274,Rio de Janeiro,RJ,28051226,False
PES-03124,Wagner Peixoto Carvalho,64403935109,M,1984-06-04,wagner.carvalho372@hotmail.com,11994354457,São Paulo,SP,08898930,False
PES-03125,Débora Conceição,79409615780,F,1955-02-26,debora.conceicao38@gmail.com,21964127316,Rio de Janeiro,RJ,27998152,True
PES-03126,Mateus Freitas Dias,21569873607,M,1964-10-03,mateus.dias574@outlook.com,11986488568,São Paulo,SP,01039860,True
PES-03127,Natália Ribeiro Ferreira,23894688700,F,1978-06-07,nataliaferreira197@yahoo.com.br,11978448902,São Paulo,SP,04935919,False
PES-03128,Fernanda Araújo Gomes,57871221949,F,1978-07-02,fernandagomes516@uol.com.br,19994327862,Campinas,SP,14549357,True
PES-03129,Daniel Conceição Nascimento Cardoso,69071643611,M,1997-11-04,danielcardoso711@hotmail.com,16997347721,Ribeirão Preto,SP,17519653,False
PES-03130,Gabriela Conceição Moreira,74821352869,F,1975-05-07,gabriela.moreira201@yahoo.com.br,19985547992,Campinas,SP,15387987,True
PES-03131,Ana Nunes Araújo Cardoso,59401120803,F,1995-12-06,ana_car886@uol.com.br,19975191893,Campinas,SP,14663759,True
PES-03132,Thiago Oliveira Santos,10946714282,M,1976-04-12,thiago_san15@hotmail.com,31989592427,Belo Horizonte,MG,34992056,True
PES-03133,Cláudia Brandão Nunes,85167245656,F,1987-12-01,claudianunes820@hotmail.com,11980664261,São Paulo,SP,07018194,True
PES-03134,Aline Martins Cardoso,28663938217,F,1997-03-14,aline_car802@bol.com.br,62962698407,Goiânia,GO,77482892,True
PES-03135,Ana Nascimento Ribeiro Brandão,51862278970,F,1979-03-24,ana.brandao695@outlook.com,21973224126,Rio de Janeiro,RJ,26470983,False
PES-03136,Leonardo Rodrigues,72515952658,M,1999-04-01,leonardo_rod714@gmail.com,11971219074,São Paulo,SP,05470276,False
PES-03137,Luís Oliveira Rodrigues Freitas,13913692622,M,1991-05-21,luis_fre635@outlook.com,61973235504,Brasília,DF,79807815,False
PES-03138,Marcelo Brandão Martins,19915199406,M,1996-06-23,marcelomartins10@gmail.com,11972323405,São Paulo,SP,05947824,False
PES-03139,Otávio Ribeiro Assunção,12687645079,M,1979-03-23,otavioassuncao930@bol.com.br,19999012448,Campinas,SP,14750460,False
PES-03140,André Santos Oliveira,78946334452,M,1998-06-27,andreoliveira550@bol.com.br,11986437417,Santo André,SP,02695925,True
PES-03141,Raquel Melo Nunes,69464936215,F,1996-01-24,raquel_nun205@yahoo.com.br,11996729295,Santo André,SP,09679242,False
PES-03142,Fernando Rodrigues Martins,26603475570,M,1977-10-23,fernando.martins691@yahoo.com.br,11976339996,São Paulo,SP,01589925,True
PES-03143,João Conceição Nunes,75395418571,M,1948-02-26,joao_nun111@yahoo.com.br,51969823626,Porto Alegre,RS,95565171,True
PES-03144,Larissa Peixoto,58422843161,F,1978-03-01,larissa_pei658@yahoo.com.br,31974044838,Belo Horizonte,MG,34992297,True
PES-03145,Patrícia Dias Machado Pereira,37466830927,F,1963-03-21,patricia.pereira943@gmail.com,11960485977,Santo André,SP,08652555,True
PES-03146,Débora Nunes Conceição Brandão,57085712252,F,1969-04-13,debora_bra807@gmail.com,11976529903,São Paulo,SP,07121636,False
PES-03147,Ana Rodrigues Dias,56174073840,F,1949-11-06,anadias980@yahoo.com.br,19969278072,Campinas,SP,15384904,True
PES-03148,Gabriela Souza,71520357923,F,1964-06-21,gabriela_sou573@hotmail.com,41980868590,Curitiba,PR,87770797,True
PES-03149,Lúcia Freitas Nascimento,55022506602,F,1970-04-29,lucia.nascimento79@yahoo.com.br,11976473809,São Paulo,SP,08186863,False
PES-03150,Beatriz Souza Ferreira Alves,52360215612,F,1992-07-31,beatriz_alv396@gmail.com,51963931272,Porto Alegre,RS,98809297,True
PES-03151,Sérgio Dias Oliveira,97261527556,M,1959-05-05,sergio_oli949@yahoo.com.br,11975411943,Santo André,SP,02943124,True
PES-03152,Larissa Gomes Freitas,59352328477,F,1989-07-17,larissa_fre881@uol.com.br,11993561819,São Paulo,SP,06434325,True
PES-03153,Lúcia Magalhães,05442898201,F,1985-06-15,luciamagalhaes930@yahoo.com.br,16987007782,Ribeirão Preto,SP,13106387,True
PES-03154,Otávio Nascimento,04903564517,M,1992-09-02,otavionascimento656@bol.com.br,11997988138,Guarulhos,SP,03767510,False
PES-03155,Otávio Costa,60019907605,M,1952-01-15,otaviocosta947@yahoo.com.br,11992051488,Santo André,SP,09856095,False
PES-03156,Camila Guimarães,42548576167,F,1933-12-31,camila_gui285@gmail.com,21965413762,Niterói,RJ,21809364,True
PES-03157,Márcia Gomes,37902917575,F,1978-05-12,marciagomes764@hotmail.com,11983318271,São Paulo,SP,04547210,False
PES-03158,Caio Assunção Magalhães Cardoso,46407961610,M,1999-04-22,caiocardoso810@bol.com.br,11980861004,São Paulo,SP,07906988,False
PES-03159,Rodrigo Ribeiro Peixoto,21084414848,M,1952-05-20,rodrigo_pei555@gmail.com,11994716951,São Paulo,SP,06053491,False
PES-03160,Débora Melo Santos,07274790161,F,1968-09-13,debora.santos660@uol.com.br,11992291879,Santo André,SP,06390958,True
PES-03161,Fernanda Santos Nunes,16267319261,F,1982-01-06,fernanda.nunes599@bol.com.br,62985484469,Goiânia,GO,77507999,False
PES-03162,André Costa,77143623830,M,1991-09-05,andre.costa121@bol.com.br,31966445207,Belo Horizonte,MG,33523983,True
PES-03163,Joana Mendes Nascimento,31924188937,F,1981-12-30,joana.nascimento214@hotmail.com,11993314385,São Paulo,SP,09462306,True
PES-03164,Marcelo Lima Alves,34419168080,M,1973-11-14,marceloalves48@outlook.com,11960036669,São Paulo,SP,05282258,True
PES-03165,Ana Conceição Nascimento,36072117104,F,1999-03-24,ana_nas380@gmail.com,11993729886,Guarulhos,SP,06436230,False
PES-03166,Aline Guimarães,42460421290,F,1996-06-22,aline.guimaraes359@hotmail.com,16965453486,Ribeirão Preto,SP,13853888,True
PES-03167,Tânia Rocha Brandão,30381455726,F,1951-10-04,tania_bra326@uol.com.br,62978038201,Goiânia,GO,79303050,True
PES-03168,Letícia Nascimento Silva,55432928302,F,1994-09-08,leticia_sil690@bol.com.br,62971013972,Goiânia,GO,74470990,False
PES-03169,Lúcia Oliveira Peixoto Cardoso,15460357969,F,1986-08-02,luciacardoso413@hotmail.com,21965477526,Rio de Janeiro,RJ,24817985,True
PES-03170,Rafael Martins Dias,83297074310,M,1992-08-05,rafael.dias854@bol.com.br,21993318164,Rio de Janeiro,RJ,22302254,True
PES-03171,Joana Alves Barbosa,88944327009,F,1961-02-10,joanabarbosa683@outlook.com,19979704446,Campinas,SP,12119001,False
PES-03172,João Andrade Moreira,75334871926,M,1933-12-31,joaomoreira830@hotmail.com,48999774710,Florianópolis,SC,85201036,True
PES-03173,Caio Cardoso Rodrigues,16060356907,M,1964-05-25,caiorodrigues182@bol.com.br,11960912530,São Paulo,SP,01991251,True
PES-03174,Luís Silva Carvalho Cardoso,73082530311,M,1999-03-02,luiscardoso871@outlook.com,19983513301,Campinas,SP,16725947,True
PES-03175,Vitória Nascimento Machado,82746254808,F,1970-12-20,vitoria_mac820@hotmail.com,32979981385,Juiz de Fora,MG,35459594,False
PES-03176,Mariana Costa Cardoso,26608618204,F,1989-08-06,marianacardoso741@gmail.com,11972932594,Santo André,SP,05148916,False
PES-03177,Márcia Machado Oliveira,76397023052,F,1976-04-21,marcia_oli299@hotmail.com,16974688984,Ribeirão Preto,SP,13384475,False
PES-03178,Débora Cardoso Santos Silva,96510463768,F,1973-05-09,debora_sil836@uol.com.br,48996922011,Florianópolis,SC,81359225,True
PES-03179,Vinícius Guimarães Carvalho,39464771275,M,1962-10-20,vinicius.carvalho955@uol.com.br,11992363115,São Paulo,SP,09369364,True
PES-03180,Gabriela Assunção,90333336194,F,1981-05-02,gabriela.assuncao854@outlook.com,21961779051,Rio de Janeiro,RJ,28455502,True
PES-03181,Eduardo Gomes Cardoso,03770403711,M,1997-01-09,eduardo.cardoso649@bol.com.br,21962412285,Rio de Janeiro,RJ,23012780,True
PES-03182,Priscila Pereira,69725238850,F,1991-08-22,priscila.pereira150@hotmail.com,41996565887,Curitiba,PR,89433476,False
PES-03183,Bruno Souza Silva,70448791528,M,1979-05-11,bruno.silva83@bol.com.br,41995673589,Curitiba,PR,82064322,False
PES-03184,Sônia Araújo,19074234003,F,1972-03-01,sonia.araujo776@yahoo.com.br,11974052886,São Paulo,SP,02587792,True
PES-03185,Lucas Mendes Machado Ferreira,13870498951,M,1993-09-30,lucasferreira498@yahoo.com.br,16975465016,Ribeirão Preto,SP,19128717,True
PES-03186,Leonardo Silva,77069744480,M,1986-03-13,leonardosilva738@yahoo.com.br,11998553860,São Paulo,SP,06127213,False
PES-03187,Hélio Assunção Andrade,90297930079,M,1998-07-28,helio.andrade181@outlook.com,21964806981,Niterói,RJ,27739086,False
PES-03188,Cecília Barbosa,91782789375,F,1949-06-22,cecilia.barbosa212@outlook.com,21991675743,Rio de Janeiro,RJ,22411067,True
PES-03189,Letícia Mendes Carvalho Moreira,90411320319,F,1992-06-20,leticia_mor516@hotmail.com,41993199906,Curitiba,PR,84521459,False
PES-03190,João Martins,06497839135,M,1990-08-25,joao_mar527@bol.com.br,11970312371,São Paulo,SP,04977495,True
PES-03191,Isabela Carvalho Conceição,70302777598,F,1996-04-09,isabela_con862@bol.com.br,81974587667,Recife,PE,58929417,True
PES-03192,Fernanda Santos Marques,19253258578,F,1982-11-01,fernanda_mar543@uol.com.br,19990548912,Campinas,SP,14508257,False
PES-03193,Cecília Machado Conceição,82827078805,F,1963-01-17,cecilia_con780@hotmail.com,11994489204,São Paulo,SP,05359394,True
PES-03194,Helena Martins Machado,06549630452,F,1966-01-02,helena_mac921@yahoo.com.br,61994716178,Brasília,DF,75627090,True
PES-03195,Daniel Silva Mendes,44158016339,M,1990-08-23,daniel_men159@hotmail.com,21981825134,Niterói,RJ,27121246,False
PES-03196,Renata Nunes,02095439651,F,1961-09-24,renata.nunes118@gmail.com,21970386970,Rio de Janeiro,RJ,23402863,True
PES-03197,Sônia Alves,49264872418,F,1983-10-27,soniaalves869@yahoo.com.br,21969367118,Rio de Janeiro,RJ,21838813,False
PES-03198,Simone Andrade,11825285977,F,1998-09-15,simone.andrade232@hotmail.com,51972219501,Porto Alegre,RS,93239908,False
PES-03199,Fábio Alves Machado,41516075528,M,1988-05-16,fabio_mac91@bol.com.br,62972854271,Goiânia,GO,73257993,False
PES-03200,Paulo Alves Rodrigues,86385947122,M,1985-04-01,paulorodrigues872@bol.com.br,61960732043,Brasília,DF,79636722,False
PES-03201,Mariana Marques Magalhães,11018496220,F,1972-12-07,mariana.magalhaes893@uol.com.br,11984388378,Santo André,SP,07730598,True
PES-03202,Helena Araújo Carvalho Ribeiro,16926939306,F,1960-03-26,helena_rib717@yahoo.com.br,41965648593,Curitiba,PR,87651279,True
PES-03203,Bruno Melo Carvalho Moreira,60721418899,M,1969-05-14,bruno.moreira932@gmail.com,11994439292,Santo André,SP,04211366,False
PES-03204,Rodrigo Brandão Machado,36394071722,M,1955-01-29,rodrigomachado197@bol.com.br,21967105996,Niterói,RJ,27878743,True
PES-03205,João Dias Mendes,04911776404,M,1981-09-02,joao.mendes132@uol.com.br,16966083595,Ribeirão Preto,SP,18744340,True
PES-03206,Camila Melo Araújo,49544568352,F,1988-03-19,camilaaraujo825@bol.com.br,31976343402,Belo Horizonte,MG,34599121,True
PES-03207,Mariana Rodrigues,61741577683,F,1968-02-19,mariana_rod405@yahoo.com.br,11987202652,São Paulo,SP,01618131,False
PES-03208,Tânia Melo Marques,37450782251,F,1965-09-14,taniamarques737@gmail.com,31964138960,Belo Horizonte,MG,31181093,True
PES-03209,César Gomes Rodrigues,34655204834,M,1982-09-06,cesarrodrigues905@outlook.com,21970049478,Niterói,RJ,28039183,True
PES-03210,José Marques Rocha,07457640029,M,1987-12-24,jose_roc941@uol.com.br,31986951759,Belo Horizonte,MG,34960216,True
PES-03211,João Lima Pereira,79203138218,M,1961-11-18,joao_per160@uol.com.br,71999572884,Salvador,BA,46802668,True
PES-03212,Priscila Cardoso Gomes,08562170933,F,1997-07-24,priscilagomes929@yahoo.com.br,41989977477,Curitiba,PR,89288770,True
PES-03213,João Alves Carvalho,16136748215,M,1967-06-23,joao.carvalho655@gmail.com,11991633250,Santo André,SP,05522607,True
PES-03214,Antônio Nascimento Peixoto Martins,96425854057,M,1980-03-28,raqueloliveira834@hotmail.com,11997175490,São Paulo,SP,02748013,True
PES-03215,Paulo Freitas Pereira Ribeiro,02105667015,M,1998-08-20,paulo_rib740@hotmail.com,16973183513,Ribeirão Preto,SP,13569730,False
PES-03216,Priscila Martins,09417971808,F,1981-11-09,priscilamartins775@gmail.com,11967688788,São Paulo,SP,06416915,False
PES-03217,Lucas Gomes Moreira,58136474656,M,1981-03-10,lucasmoreira802@hotmail.com,31966021090,Belo Horizonte,MG,35917509,False
PES-03218,João Lima,25969276405,M,1977-12-15,joao_lim619@uol.com.br,51987634978,Porto Alegre,RS,91663680,False
PES-03219,Lucas Martins Cardoso,01247714918,M,1964-12-27,lucascardoso949@uol.com.br,11996971464,São Paulo,SP,09905413,True
PES-03220,Cláudia Rocha Nascimento,70254848222,F,1987-08-07,claudianascimento971@bol.com.br,32977336242,Juiz de Fora,MG,32797084,False
PES-03221,César Dias Rodrigues,55378287073,M,1991-10-01,cesarrodrigues963@bol.com.br,21998071564,Rio de Janeiro,RJ,22426806,False
PES-03222,Joana Nunes Santos Gomes,89910699168,F,1986-05-25,joana_gom809@bol.com.br,11963815228,São Paulo,SP,01317220,False
PES-03223,Mateus Araújo,34763342444,M,1993-12-28,mateus.araujo698@outlook.com,11961802709,São Paulo,SP,09721463,True
PES-03224,Rafael Guimarães,88092346690,M,1986-05-27,rafaelguimaraes203@outlook.com,48961232829,Florianópolis,SC,88911225,True
PES-03225,Tânia Lima Machado,50544662660,F,1959-03-23,tania.machado594@uol.com.br,21990013162,Rio de Janeiro,RJ,21197799,True
PES-03226,Mariana Freitas Souza,53020801257,F,1989-09-05,marianasouza407@hotmail.com,41962436062,Curitiba,PR,82786734,False
PES-03227,Luíza Nunes Araújo,15724719215,F,1972-12-30,luiza.araujo952@uol.com.br,41995224249,Curitiba,PR,83370094,False
PES-03228,Tânia Silva,49734406809,F,1980-02-10,taniasilva750@bol.com.br,11975797339,São Paulo,SP,07888190,True
PES-03229,José Magalhães Moreira,99327854900,M,1978-02-07,josemoreira876@hotmail.com,62995436285,Goiânia,GO,73025775,True
PES-03230,Sônia Nascimento Costa,53227274779,F,1985-05-16,sonia_cos14@outlook.com,31962749724,Belo Horizonte,MG,38708861,True
PES-03231,Camila Souza Ribeiro,35189635970,F,1978-04-29,camila_rib791@gmail.com,11978711915,São Paulo,SP,02562725,True
PES-03232,Thiago Silva,93782720377,M,1975-07-10,thiagosilva781@uol.com.br,19979509148,Campinas,SP,17037701,True
PES-03233,Thiago Freitas,89812218475,M,1989-04-04,thiago.freitas782@uol.com.br,11993742541,Guarulhos,SP,02674678,True
PES-03234,Priscila Rodrigues Mendes Marques,19040074143,F,1989-01-27,priscilamarques362@hotmail.com,11967831537,São Paulo,SP,05041524,True
PES-03235,Márcia Peixoto,01800886101,F,1984-07-14,marcia_pei810@yahoo.com.br,11981773268,São Paulo,SP,01673747,False
PES-03236,João Ribeiro Ferreira Machado,35431621955,M,1971-11-29,joao.machado518@uol.com.br,11979271389,São Paulo,SP,02444675,True
PES-03237,Fernando Assunção,38981538433,M,1979-07-06,fernando_ass16@uol.com.br,11998221882,São Paulo,SP,09826838,False
PES-03238,Rafael Araújo Souza,83652783085,M,1992-11-02,rafaelsouza401@bol.com.br,31987119927,Belo Horizonte,MG,38799008,True
PES-03239,Fábio Guimarães,68724660906,M,1962-08-15,fabio.guimaraes735@uol.com.br,11998677522,São Paulo,SP,05407276,True
PES-03240,Márcio Assunção Lima,77364420290,M,1999-08-29,marcio_lim327@bol.com.br,31994067638,Belo Horizonte,MG,33270243,True
PES-03241,Leonardo Nascimento Dias,41543637604,M,1992-07-20,leonardo_dia351@gmail.com,31979662310,Belo Horizonte,MG,35628776,True
PES-03242,Tânia Barbosa Peixoto,24376333913,F,1986-07-24,tania_pei399@bol.com.br,21995423405,Rio de Janeiro,RJ,23719441,True
PES-03243,Lúcia Pereira Nunes,16711206398,F,1951-08-14,lucia_nun421@uol.com.br,71991105871,Salvador,BA,41214311,True
PES-03244,Bruno Mendes,38489045607,M,1981-09-13,bruno.mendes974@uol.com.br,21971151571,Rio de Janeiro,RJ,23364819,True
PES-03245,Otávio Barbosa,31755112521,M,1974-10-19,otaviobarbosa617@uol.com.br,31983662172,Belo Horizonte,MG,37877980,False
PES-03246,Beatriz Oliveira Magalhães,50485024772,F,1992-08-31,beatrizmagalhaes564@hotmail.com,11964493267,São Paulo,SP,06333939,True
PES-03247,Beatriz Assunção Guimarães,61020967382,F,1993-12-03,beatriz_gui161@bol.com.br,61999925604,Brasília,DF,76223985,True
PES-03248,Márcia Souza,55807891147,F,1980-01-20,marcia_sou547@bol.com.br,48974794101,Florianópolis,SC,87423220,True
PES-03249,Hélio Magalhães,75713275043,M,1990-05-03,heliomagalhaes351@gmail.com,41973246649,Curitiba,PR,84617769,False
PES-03250,Tânia Carvalho Moreira,62131814666,F,1967-01-14,tania.moreira756@uol.com.br,62990587500,Goiânia,GO,72684086,True
PES-03251,Cecília Martins Machado Oliveira,69657251419,F,1982-08-07,ceciliaoliveira91@yahoo.com.br,31993991083,Belo Horizonte,MG,37568919,False
PES-03252,Aline Freitas Guimarães,56432245699,F,1990-01-26,aline_gui706@gmail.com,51990602043,Porto Alegre,RS,91992237,True
PES-03253,Joana Cardoso Rodrigues Ferreira,64603838808,F,1965-06-21,joanaferreira595@gmail.com,41966084706,Curitiba,PR,81384995,False
PES-03254,Vitória Oliveira Costa,80005701309,F,1999-10-01,vitoriacosta662@bol.com.br,71971525217,Salvador,BA,48612831,True
PES-03255,Hélio Rocha Ribeiro,61189353270,M,2001-05-27,helioribeiro560@uol.com.br,32976789901,Juiz de Fora,MG,34926875,True
PES-03256,Camila Oliveira Andrade,27131160741,F,1981-08-22,camila.andrade488@uol.com.br,21988431742,Rio de Janeiro,RJ,29418191,True
PES-03257,Luíza Nunes,20589144901,F,1954-12-10,luizanunes676@gmail.com,51963891533,Porto Alegre,RS,95460391,True
PES-03258,Mariana Pereira Guimarães,20383125910,F,1947-06-29,mariana.guimaraes193@hotmail.com,71977089176,Salvador,BA,41478751,True
PES-03259,Otávio Assunção Magalhães,41023770261,M,1997-04-24,otaviomagalhaes746@yahoo.com.br,51967436170,Porto Alegre,RS,98802195,False
PES-03260,Fernanda Dias Nascimento Rocha,12025763700,F,1961-11-01,fernandarocha959@gmail.com,11975819250,Guarulhos,SP,02280292,False
PES-03261,Fernanda Martins Brandão Nunes,20573594333,F,1992-05-23,fernandanunes974@outlook.com,19960953353,Campinas,SP,14806208,True
PES-03262,Joana Ribeiro,10436171910,F,1967-07-13,joana.ribeiro950@outlook.com,71984557273,Salvador,BA,47359195,False
PES-03263,Rodrigo Lima,42372778447,M,1999-09-29,rodrigo.lima643@yahoo.com.br,51982329891,Porto Alegre,RS,95302439,False
PES-03264,Helena Conceição,68597285664,F,1993-06-04,helenaconceicao605@gmail.com,41996433784,Curitiba,PR,81323037,True
PES-03265,Leonardo Magalhães Silva Melo,11775031748,M,2003-06-25,leonardo_mel621@hotmail.com,11992478321,São Paulo,SP,02844377,True
PES-03266,Renata Melo,60222603100,F,2001-09-05,renata.melo489@yahoo.com.br,62967249596,Goiânia,GO,72645373,True
PES-03267,Rodrigo Assunção Andrade,86048342810,M,1992-03-14,rodrigo.andrade533@bol.com.br,41967869218,Curitiba,PR,82127037,True
PES-03268,André Cardoso Nascimento,70476812801,M,1955-02-10,andre_nas298@bol.com.br,11991618349,São Paulo,SP,07126140,False
PES-03269,Raquel Silva Assunção,20569668751,F,1972-11-18,raquel_ass231@bol.com.br,61977391372,Brasília,DF,75719447,True
PES-03270,Simone Mendes Oliveira,73750767238,F,1980-04-28,simone_oli426@bol.com.br,11984837542,São Paulo,SP,03591495,False
PES-03271,Luís Guimarães Rocha,83909465560,M,1979-01-06,luis_roc612@uol.com.br,11987419310,São Paulo,SP,03962149,True
PES-03272,Fernando Andrade Mendes,56341728298,M,1971-02-09,fernandomendes336@uol.com.br,41993973031,Curitiba,PR,81684557,False
PES-03273,André Nascimento Marques Souza,16524691920,M,1975-03-20,andre_sou677@gmail.com,11991605389,São Paulo,SP,02347992,False
PES-03274,Gabriela Alves Andrade,72498127348,F,1985-05-10,gabrielaandrade92@yahoo.com.br,62978953222,Goiânia,GO,75588190,False
PES-03275,Cecília Moreira,16601225380,F,1984-04-14,ceciliamoreira278@outlook.com,41976876471,Curitiba,PR,83163545,True
PES-03276,Renata Araújo Nascimento Guimarães,53544852748,F,1969-08-15,renata.guimaraes262@uol.com.br,71963493408,Salvador,BA,43527123,False
PES-03277,Raquel Moreira Rodrigues,94240028744,F,2000-10-06,raquel.rodrigues338@bol.com.br,21994362007,Niterói,RJ,28173557,False
PES-03278,Wagner Martins Ferreira Pereira,94127347007,M,1987-10-13,wagnerpereira528@gmail.com,31966732060,Belo Horizonte,MG,33662099,False
PES-03279,Renata Guimarães Pereira,04933023441,F,1995-03-12,renata.pereira428@outlook.com,31971848301,Belo Horizonte,MG,39768503,True
PES-03280,Márcia Pereira,97505522027,F,1990-12-02,marciapereira236@bol.com.br,21982437607,Rio de Janeiro,RJ,21779617,False
PES-03281,Mateus Brandão Machado Brandão,20783742886,M,1974-09-22,mateus_bra385@hotmail.com,21967028896,Rio de Janeiro,RJ,21612555,True
PES-03282,Camila Ferreira,17223382619,F,1952-03-07,camilaferreira290@bol.com.br,11967965064,Guarulhos,SP,03634411,True
PES-03283,Júlia Rocha Silva,70891271414,F,1969-04-28,julia.silva826@outlook.com,11969625001,Guarulhos,SP,04476023,True
PES-03284,Mateus Santos Lima,56694502214,M,1982-04-01,mateus.lima50@yahoo.com.br,41974356068,Curitiba,PR,83863230,True
PES-03285,Henrique Magalhães,33723335195,M,1982-03-05,henrique.magalhaes343@gmail.com,48996251770,Florianópolis,SC,88616537,True
PES-03286,Larissa Rocha Magalhães,87533935896,F,1933-12-31,larissamagalhaes269@bol.com.br,16999411915,Ribeirão Preto,SP,19358871,False
PES-03287,Márcio Nascimento,81048369510,M,1989-08-21,marcionascimento322@yahoo.com.br,48973005084,Florianópolis,SC,87711292,True
PES-03288,Rafael Oliveira Martins Martins,09522498556,M,1999-11-29,rafael_mar183@hotmail.com,19973846285,Campinas,SP,16816541,False
PES-03289,Patrícia Melo Nunes,06338363110,F,1996-04-03,patricia_nun401@yahoo.com.br,32967691104,Juiz de Fora,MG,36673480,False
PES-03290,Caio Andrade Assunção Rocha,98596343350,M,1987-08-18,caio.rocha850@uol.com.br,21974694151,Niterói,RJ,29423930,True
PES-03291,Gustavo Moreira Dias,58001967450,M,1935-01-06,gustavo.dias232@outlook.com,21980228246,Rio de Janeiro,RJ,26012970,False
PES-03292,Débora Souza,97290676190,F,1971-10-09,deborasouza757@gmail.com,11992035903,São Paulo,SP,09480766,True
PES-03293,Cecília Costa Mendes Nascimento,75014261396,F,2000-01-27,cecilia_nas697@hotmail.com,31981217614,Belo Horizonte,MG,36064904,False
PES-03294,Renata Costa Melo,98308374409,F,2001-12-19,renata_mel77@uol.com.br,19977687048,Campinas,SP,15008363,True
PES-03295,Rodrigo Silva Andrade,30749991950,M,1982-01-13,rodrigo.andrade665@yahoo.com.br,11977507967,São Paulo,SP,01445466,True
PES-03296,Camila Cardoso Cardoso,45338300303,F,1987-04-08,camilacardoso453@bol.com.br,19966372861,Campinas,SP,19185804,False
PES-03297,Daniel Magalhães Moreira,91602031452,M,1956-09-29,daniel_mor919@outlook.com,19971536134,Campinas,SP,19649763,True
PES-03298,Thiago Conceição Moreira Ferreira,86380582258,M,1969-08-23,thiago.ferreira12@bol.com.br,31969115497,Belo Horizonte,MG,36334679,True
PES-03299,Tânia Dias,24149649529,F,1987-06-06,taniadias918@outlook.com,51999129187,Porto Alegre,RS,94461887,False
PES-03300,Otávio Guimarães,24232889485,M,1988-11-02,otavio.guimaraes872@uol.com.br,11963945252,Santo André,SP,02814019,True
PES-03301,Luís Marques,50028020600,M,1973-09-27,luismarques566@outlook.com,11964688856,São Paulo,SP,07031500,False
PES-03302,João Lima Ferreira,22835283722,M,1977-12-16,joao_fer796@yahoo.com.br,61989395252,Brasília,DF,78270877,False
PES-03303,Simone Nascimento Moreira,27819318619,F,2004-09-06,simone.moreira744@gmail.com,11995059558,Guarulhos,SP,04225608,True
PES-03304,Beatriz Barbosa,42984910052,F,1958-10-19,beatrizbarbosa998@yahoo.com.br,31975303966,Belo Horizonte,MG,36979593,True
PES-03305,Beatriz Ferreira Magalhães,71443464740,F,1992-11-30,beatriz.magalhaes970@bol.com.br,21998737824,Rio de Janeiro,RJ,21416930,False
PES-03306,Patrícia Peixoto,94231808848,F,1985-10-10,patriciapeixoto75@hotmail.com,61975426815,Brasília,DF,76389833,True
PES-03307,Helena Cardoso Freitas Guimarães,93426339439,F,1993-01-19,helena_gui915@yahoo.com.br,16998304698,Ribeirão Preto,SP,14101837,True
PES-03308,Priscila Gomes Silva,93061110020,F,1971-06-14,priscila.silva471@outlook.com,21994075690,Rio de Janeiro,RJ,28199171,False
PES-03309,Luíza Costa,58036850460,F,1994-12-11,luizacosta63@uol.com.br,62988786459,Goiânia,GO,79664172,True
PES-03310,Rafael Mendes Assunção,47534930910,M,2001-12-19,rafael.assuncao47@gmail.com,48998473852,Florianópolis,SC,83236541,True
PES-03311,Eduardo Carvalho Marques Guimarães,85838323310,M,1998-12-13,eduardoguimaraes134@outlook.com,21978855958,Niterói,RJ,23886587,False
PES-03312,Cláudia Conceição,92742468978,F,1966-03-08,claudia.conceicao675@yahoo.com.br,21990791535,Niterói,RJ,24514394,True
PES-03313,Otávio Assunção Lima,98774640208,M,1988-11-27,otavio.lima794@outlook.com,11979966097,Santo André,SP,07041191,False
PES-03314,César Alves,22355464200,M,1998-02-26,cesar_alv964@bol.com.br,71992893744,Salvador,BA,47042247,True
PES-03315,Fernando Rocha Cardoso,58213847539,M,1986-02-13,fernando.cardoso466@gmail.com,11981559668,São Paulo,SP,08471771,True
PES-03316,Cláudia Barbosa Cardoso,62798077117,F,1980-12-29,claudiacardoso380@uol.com.br,61989949075,Brasília,DF,73921026,False
PES-03317,Sônia Santos Santos Cardoso,12876554321,F,1985-07-29,sonia.cardoso105@hotmail.com,71987057837,Salvador,BA,42112595,False
PES-03318,Simone Costa Rocha,25475430101,F,1989-09-30,simone.rocha936@hotmail.com,51986959134,Porto Alegre,RS,93867824,False
PES-03319,Helena Santos Carvalho,02792998342,F,1984-09-20,helena.carvalho760@hotmail.com,61984853945,Brasília,DF,72529407,True
PES-03320,Wagner Carvalho Andrade,53577940492,M,1987-10-01,wagner_and50@yahoo.com.br,21964674484,Rio de Janeiro,RJ,24438196,True
PES-03321,Mateus Araújo,30546020011,M,1986-07-16,mateus_ara688@gmail.com,11986311438,São Paulo,SP,04866997,True
PES-03322,Thiago Freitas Nunes Moreira,03284138285,M,1956-08-06,thiagomoreira582@hotmail.com,11986197011,São Paulo,SP,03870503,True
PES-03323,Júlia Alves Assunção,15593143030,F,1966-01-06,juliaassuncao665@bol.com.br,11991369840,São Paulo,SP,05988851,False
PES-03324,Larissa Gomes Assunção Barbosa,51306368561,F,1958-01-29,larissa_bar492@outlook.com,81996743134,Recife,PE,56736769,True
PES-03325,Joana Silva Nascimento,06489533359,F,1995-01-26,joananascimento969@uol.com.br,21993725706,Niterói,RJ,24663887,True
PES-03326,Bruno Mendes,20877445729,M,1958-11-07,brunomendes466@yahoo.com.br,61995436978,Brasília,DF,72643026,False
PES-03327,Otávio Peixoto Costa Melo,35118833426,M,1981-10-25,otavio_mel192@gmail.com,41978305701,Curitiba,PR,85874391,False
PES-03328,Mateus Rocha Alves,99970124889,M,1985-09-23,mateus_alv131@hotmail.com,11989597042,São Paulo,SP,01339058,False
PES-03329,Natália Brandão Santos,49792497870,F,1992-03-06,nataliasantos60@yahoo.com.br,21980938479,Rio de Janeiro,RJ,21369486,False
PES-03330,Fábio Rodrigues Dias,64524110046,M,1993-12-03,fabio.dias669@gmail.com,31997084610,Belo Horizonte,MG,35766904,True
PES-03331,Ana Assunção Rocha Souza,00849612284,F,1959-09-19,ana_sou677@outlook.com,32988121658,Juiz de Fora,MG,35708195,True
PES-03332,Aline Guimarães,82353256759,F,1979-10-21,aline_gui942@uol.com.br,11963929008,São Paulo,SP,09226420,True
PES-03333,Caio Guimarães Rocha Alves,98654515651,M,1993-07-30,caio_alv249@hotmail.com,62984525848,Goiânia,GO,73511614,True
PES-03334,Isabela Mendes Nascimento,04547203784,F,1957-12-18,isabela_nas657@hotmail.com,41978614965,Curitiba,PR,83287203,True
PES-03335,Joana Cardoso,71650480300,F,1970-07-25,joana.cardoso822@uol.com.br,48970699785,Florianópolis,SC,84587826,False
PES-03336,Otávio Brandão,73268106722,M,1990-06-17,otavio_bra117@yahoo.com.br,16998109962,Ribeirão Preto,SP,16494661,False
PES-03337,Patrícia Andrade Rodrigues,38962235188,F,1971-03-12,patricia.rodrigues690@uol.com.br,21974779584,Rio de Janeiro,RJ,26177684,True
PES-03338,Gabriela Marques Silva Machado,07736926816,F,1993-03-02,gabriela_mac740@gmail.com,19991483314,Campinas,SP,11434644,False
PES-03339,César Pereira Lima,33377244344,M,1993-04-21,cesarlima112@uol.com.br,21967295259,Rio de Janeiro,RJ,26264909,False
PES-03340,Otávio Silva,99326111903,M,1996-04-04,otavio.silva37@uol.com.br,11972724613,São Paulo,SP,02792724,False
PES-03341,Mateus Melo Barbosa,96920981335,M,1970-04-19,mateus_bar436@bol.com.br,48960901993,Florianópolis,SC,81563223,False
PES-03342,Antônio Mendes,81481116002,M,1933-12-31,antoniomendes923@bol.com.br,31996965755,Belo Horizonte,MG,34998764,True
PES-03343,Vitória Araújo Freitas,64923739959,F,1987-04-09,vitoriafreitas665@uol.com.br,21968591473,Niterói,RJ,25662576,False
PES-03344,Gustavo Melo Santos,56649414050,M,1986-05-30,gustavosantos385@bol.com.br,11973955518,Santo André,SP,04711440,False
PES-03345,Vinícius Martins Rodrigues,77934390408,M,1999-08-02,vinicius_rod56@hotmail.com,21990053876,Niterói,RJ,25475401,True
PES-03346,Helena Rodrigues Peixoto,66830593573,F,1994-08-25,helena.peixoto376@hotmail.com,11970972864,São Paulo,SP,08449774,False
PES-03347,Daniel Nunes Pereira,31511454423,M,1988-11-11,danielpereira336@yahoo.com.br,11993797272,São Paulo,SP,06076233,True
PES-03348,Cecília Dias Moreira,51202885969,F,1987-05-07,ceciliamoreira911@gmail.com,62991684531,Goiânia,GO,75369206,False
PES-03349,Cecília Mendes Souza,67209916393,F,1994-01-19,ceciliasouza575@outlook.com,31998107040,Belo Horizonte,MG,35997284,True
PES-03350,João Cardoso Souza Pereira,60359586481,M,1992-07-18,joaopereira774@uol.com.br,19965273532,Campinas,SP,11581521,True
PES-03351,Thiago Araújo Ferreira Lima,89163503441,M,1984-02-04,thiagolima663@outlook.com,31983284084,Belo Horizonte,MG,31761786,False
PES-03352,Mariana Lima Alves,23074458461,F,2002-10-21,mariana_alv54@yahoo.com.br,11999037322,São Paulo,SP,08203300,False
PES-03353,Cecília Gomes Nunes,95027385862,F,1972-05-18,cecilia.nunes866@bol.com.br,16975772052,Ribeirão Preto,SP,14944281,False
PES-03354,Isabela Cardoso Magalhães,13573731201,F,2000-07-21,isabelamagalhaes504@outlook.com,41997363237,Curitiba,PR,81494926,True
PES-03355,Isabela Melo Rodrigues Conceição,95224901723,F,1959-04-15,isabelaconceicao204@yahoo.com.br,41962972298,Curitiba,PR,81274526,True
PES-03356,Mateus Machado Melo Martins,27395423054,M,1987-08-20,mateus_mar377@uol.com.br,81984858280,Recife,PE,57503069,False
PES-03357,Cláudia Moreira Cardoso,36449581654,F,1987-08-29,claudia.cardoso906@gmail.com,11972375428,São Paulo,SP,09021078,False
PES-03358,Sônia Mendes Moreira Guimarães,04623179354,F,1975-10-24,sonia.guimaraes762@yahoo.com.br,31970793397,Belo Horizonte,MG,35823741,False
PES-03359,Isabela Freitas Alves,35737185826,F,2003-07-11,isabelaalves370@outlook.com,81971463682,Recife,PE,56517155,False
PES-03360,Patrícia Brandão,01844380122,F,1933-12-31,patricia_bra812@outlook.com,61976234717,Brasília,DF,72156533,True
PES-03361,Cecília Marques Guimarães,89229120227,F,1971-02-07,cecilia.guimaraes499@bol.com.br,21979884691,Niterói,RJ,22448036,True
PES-03362,Fernanda Pereira Mendes,29601928421,F,1976-02-04,fernanda.mendes641@bol.com.br,21976151000,Rio de Janeiro,RJ,26245657,True
PES-03363,Isabela Brandão,76727398321,F,1972-04-20,isabelabrandao675@uol.com.br,11992134676,Santo André,SP,06226977,True
PES-03364,Luíza Barbosa Marques,68889698357,F,1984-12-12,luizamarques899@hotmail.com,21971948132,Rio de Janeiro,RJ,29075287,False
PES-03365,Isabela Oliveira Moreira Dias,50234454377,F,1953-03-18,isabeladias433@hotmail.com,62999566259,Goiânia,GO,71015311,True
PES-03366,Isabela Araújo Oliveira,14553141965,F,1997-09-27,isabelaoliveira870@yahoo.com.br,81997145440,Recife,PE,51651003,False
PES-03367,Joana Alves Magalhães,95104079767,F,1985-09-11,joana.magalhaes404@bol.com.br,16994636343,Ribeirão Preto,SP,12512386,True
PES-03368,Wagner Ribeiro Guimarães,08558173486,M,1995-04-08,wagner.guimaraes687@gmail.com,11961858387,São Paulo,SP,01164654,False
PES-03369,Letícia Andrade Dias Ferreira,98627207437,F,1986-06-03,leticia.ferreira47@yahoo.com.br,61990721556,Brasília,DF,71684923,True
PES-03370,Thiago Nascimento Ferreira,54711816119,M,1985-04-25,thiagoferreira794@hotmail.com,11962017335,São Paulo,SP,03458778,False
PES-03371,Lúcia Rocha Rodrigues Araújo,15823556063,F,1996-04-21,luciaaraujo138@outlook.com,11984902283,Santo André,SP,04024988,False
PES-03372,Eduardo Souza Nascimento Carvalho,88493197629,M,1972-03-13,eduardo_car736@hotmail.com,11963919987,São Paulo,SP,04266869,False
PES-03373,Cecília Andrade,83354868678,F,1979-05-10,cecilia_and154@yahoo.com.br,11965462973,Guarulhos,SP,09607931,True
PES-03374,Helena Ribeiro Barbosa Barbosa,51973969467,F,1949-05-05,helenabarbosa806@outlook.com,48964304124,Florianópolis,SC,87439241,True
PES-03375,Tânia Alves,29717976198,F,1981-11-27,tania_alv407@outlook.com,21998347937,Rio de Janeiro,RJ,28083725,False
PES-03376,Débora Alves Dias Conceição,92479479790,F,1983-10-10,debora.conceicao852@outlook.com,62975585403,Goiânia,GO,73804157,False
PES-03377,Renata Peixoto Pereira,33415364933,F,1994-06-29,renata.pereira911@uol.com.br,51977932148,Porto Alegre,RS,95466880,True
PES-03378,Ana Barbosa,33235385525,F,1996-07-09,ana_bar10@hotmail.com,21961878644,Niterói,RJ,23389229,False
PES-03379,Cláudia Andrade Magalhães Alves,09611994907,F,1990-08-02,claudiaalves119@yahoo.com.br,31961065322,Belo Horizonte,MG,33431629,False
PES-03380,Simone Pereira Souza,11342898710,F,1972-02-17,simone.souza230@yahoo.com.br,51997015173,Porto Alegre,RS,97584111,True
PES-03381,Leonardo Pereira Costa,32988813094,M,1976-09-19,fernanda.santos295@bol.com.br,51991055672,Porto Alegre,RS,93494335,True
PES-03382,Paulo Pereira,61731755848,M,1974-05-19,paulo.pereira320@outlook.com,31997621633,Belo Horizonte,MG,34791501,False
PES-03383,Thiago Santos Marques Gomes,81753194962,M,1975-07-04,thiago.gomes758@gmail.com,31970988149,Belo Horizonte,MG,34271146,False
PES-03384,Rafael Santos Silva,50500242429,M,1971-06-16,rafael.silva997@bol.com.br,11982803320,São Paulo,SP,09499875,True
PES-03385,Cecília Nunes,40042624886,F,1996-04-26,cecilia_nun476@outlook.com,11962204489,São Paulo,SP,06311660,False
PES-03386,Isabela Martins Machado,83531811509,F,1991-04-19,isabela.machado976@outlook.com,31997619289,Belo Horizonte,MG,39142215,False
PES-03387,Luís Oliveira Melo Ferreira,25187626043,M,1975-06-12,luisferreira246@uol.com.br,11969698084,São Paulo,SP,01561057,True
PES-03388,Otávio Rocha Moreira Conceição,10887255035,M,1972-09-28,otavioconceicao889@bol.com.br,16975225156,Ribeirão Preto,SP,11217112,True
PES-03389,Márcia Cardoso Melo,20224361481,F,1977-05-29,marcia_mel624@hotmail.com,21992342887,Rio de Janeiro,RJ,21608799,True
PES-03390,Tânia Souza,26266347512,F,1987-12-30,taniasouza471@hotmail.com,11977231567,São Paulo,SP,03431758,False
PES-03391,Vinícius Machado Carvalho,56405539520,M,1989-07-25,vinicius_car112@gmail.com,51983666542,Porto Alegre,RS,94283604,False
PES-03392,Isabela Magalhães,78008185511,F,1983-08-17,isabela_mag791@outlook.com,11993132057,Guarulhos,SP,09129918,False
PES-03393,Camila Souza,49563428617,F,1975-09-30,camilasouza216@uol.com.br,21974616955,Rio de Janeiro,RJ,23082401,True
PES-03394,Aline Freitas Ribeiro,63814777760,F,1990-08-28,aline.ribeiro944@gmail.com,41971019831,Curitiba,PR,82581240,False
PES-03395,Márcio Peixoto Barbosa,18146795374,M,1980-06-26,marcio.barbosa856@uol.com.br,21977382076,Rio de Janeiro,RJ,25261864,False
PES-03396,Mateus Souza,46880830412,M,2001-05-09,mateus_sou801@gmail.com,11978724204,São Paulo,SP,07908274,False
PES-03397,Márcia Conceição Araújo,56537659299,F,1990-07-26,marciaaraujo561@gmail.com,11998424914,São Paulo,SP,02789938,False
PES-03398,Vitória Magalhães Dias,95137611263,F,1991-12-10,vitoria.dias520@uol.com.br,11970788905,São Paulo,SP,09068046,True
PES-03399,Caio Barbosa,61831418606,M,1958-07-02,caio.barbosa248@gmail.com,21991476419,Rio de Janeiro,RJ,27367159,True
PES-03400,Beatriz Barbosa,72974301371,F,1986-12-17,beatrizbarbosa298@hotmail.com,11980895591,São Paulo,SP,01066560,True
PES-03401,Fábio Carvalho Souza,76689162451,M,1985-09-09,fabio.souza607@gmail.com,16981032983,Ribeirão Preto,SP,12943304,False
PES-03402,Rafael Costa Magalhães,06722473643,M,1989-10-27,rafael.magalhaes785@gmail.com,19998461561,Campinas,SP,17666821,False
PES-03403,Letícia Nunes Conceição Freitas,65237614019,F,1968-07-19,leticiafreitas876@outlook.com,21960848929,Niterói,RJ,25565288,False
PES-03404,Raquel Lima Carvalho Magalhães,19476163313,F,1963-12-03,raquelmagalhaes468@hotmail.com,19982852055,Campinas,SP,17457942,False
PES-03405,Débora Carvalho Guimarães,48055171823,F,2001-10-15,deboraguimaraes975@gmail.com,11983808357,Guarulhos,SP,01469044,True
PES-03406,Henrique Nunes Marques,94210386650,M,1972-07-30,henrique_mar235@hotmail.com,21962556450,Rio de Janeiro,RJ,26784221,True
PES-03407,Letícia Peixoto Assunção,60675470668,F,1977-03-12,leticiaassuncao481@outlook.com,51968347996,Porto Alegre,RS,97894152,False
PES-03408,Antônio Nascimento,52256336506,M,1972-02-26,antonio.nascimento735@bol.com.br,31965338430,Belo Horizonte,MG,38488423,True
PES-03409,Wagner Barbosa Oliveira,13567594400,M,1974-04-11,wagneroliveira95@hotmail.com,11988051515,Guarulhos,SP,02099020,False
PES-03410,Rodrigo Brandão Assunção,47733438187,M,1977-10-18,rodrigo.assuncao976@outlook.com,11965738926,São Paulo,SP,04226946,True
PES-03411,João Oliveira,72331803420,M,1974-04-29,joao_oli520@uol.com.br,21966805103,Rio de Janeiro,RJ,29222790,False
PES-03412,Helena Barbosa Nascimento Ferreira,31444410156,F,1998-09-04,helenaferreira638@gmail.com,11964942958,São Paulo,SP,04594814,True
PES-03413,Isabela Ribeiro Melo,22179766645,F,1961-12-25,isabelamelo362@gmail.com,21979136993,Niterói,RJ,25059740,False
PES-03414,João Brandão Conceição Santos,39449572534,M,1953-01-04,joao_san986@outlook.com,11972056751,São Paulo,SP,04571351,False
PES-03415,Gabriela Freitas Barbosa Lima,69162408909,F,1977-03-31,gabrielalima533@bol.com.br,11961689359,São Paulo,SP,06010150,True
PES-03416,Vinícius Ferreira Peixoto,15471056078,M,1987-09-15,vinicius_pei976@uol.com.br,11992704248,Santo André,SP,02683993,False
PES-03417,Daniel Dias Cardoso,85278995580,M,1933-12-31,daniel_car858@gmail.com,81965369250,Recife,PE,58466985,False
PES-03418,Helena Souza Guimarães,77790087975,F,1983-06-19,helenaguimaraes694@uol.com.br,21982642529,Rio de Janeiro,RJ,28517479,True
PES-03419,Tânia Andrade Machado,47749827684,F,1994-01-16,taniamachado291@gmail.com,41979188354,Curitiba,PR,87075619,False
PES-03420,Patrícia Ribeiro Santos,60520710525,F,1998-12-10,patricia.santos490@gmail.com,11986388519,São Paulo,SP,04024827,False
PES-03421,Luís Araújo,38672798619,M,1971-07-09,caio.andrade147@bol.com.br,11960312452,São Paulo,SP,05073782,True
PES-03422,Vinícius Ribeiro Carvalho Gomes,94904020529,M,1976-03-24,viniciusgomes429@gmail.com,41970763664,Curitiba,PR,87926998,True
PES-03423,Lúcia Ferreira Magalhães,16683615071,F,1995-12-04,lucia.magalhaes821@uol.com.br,21987196924,Rio de Janeiro,RJ,21500641,False
PES-03424,Joana Dias,31250026130,F,1953-05-18,joana_dia249@outlook.com,51964646908,Porto Alegre,RS,94055846,True
PES-03425,Fernando Ferreira,73080277406,M,1998-10-27,fernando_fer385@outlook.com,11992354266,São Paulo,SP,01018196,True
PES-03426,Sérgio Marques,48197001979,M,1986-04-04,sergio_mar209@hotmail.com,11981608982,São Paulo,SP,05254221,True
PES-03427,Helena Lima Assunção,34175904425,F,1979-08-03,helenaassuncao248@hotmail.com,21970684352,Rio de Janeiro,RJ,21518330,True
PES-03428,Wagner Mendes Moreira,85387012820,M,1959-01-23,wagnermoreira403@bol.com.br,16970522865,Ribeirão Preto,SP,17389897,True
PES-03429,Rodrigo Magalhães Gomes,57559462308,M,1972-08-20,rodrigogomes291@bol.com.br,11962678758,Santo André,SP,03799652,True
PES-03430,Tânia Guimarães Dias,78515452189,F,1987-04-13,taniadias910@hotmail.com,71979939824,Salvador,BA,44615232,True
PES-03431,Rodrigo Peixoto,28249265203,M,1994-11-23,rodrigopeixoto183@gmail.com,11990519737,São Paulo,SP,01326725,True
PES-03432,Cláudia Silva Mendes Santos,37645550503,F,1974-04-01,claudia_san913@gmail.com,41996593071,Curitiba,PR,86464816,True
PES-03433,Simone Dias Marques,07124736706,F,1988-04-09,simone_mar641@outlook.com,21982931493,Rio de Janeiro,RJ,21514871,False
PES-03434,Natália Moreira Costa,48668501321,F,1995-07-29,natalia_cos885@bol.com.br,11999238833,São Paulo,SP,06135730,True
PES-03435,Fernanda Oliveira Conceição,83884229109,F,1933-12-31,fernanda.conceicao274@uol.com.br,11966395926,São Paulo,SP,02426119,False
PES-03436,Débora Ferreira Dias,67673234629,F,1989-09-02,debora_dia632@hotmail.com,21984982668,Rio de Janeiro,RJ,26852497,True
PES-03437,Antônio Brandão Ferreira,74876340510,M,1985-04-20,antonio_fer211@bol.com.br,51993735973,Porto Alegre,RS,91196500,True
PES-03438,Gabriela Dias Moreira,18299485045,F,1988-12-07,gabriela.moreira335@uol.com.br,41977256135,Curitiba,PR,84846192,True
PES-03439,Sérgio Machado,50348935412,M,1996-04-27,sergio_mac972@gmail.com,11985442042,São Paulo,SP,06318973,False
PES-03440,Fábio Santos Ferreira Nascimento,41655515381,M,1961-09-24,fabio_nas499@yahoo.com.br,11987014091,São Paulo,SP,05947011,False
PES-03441,Priscila Gomes Pereira,43922643949,F,1999-01-30,priscila.pereira78@uol.com.br,21964966899,Niterói,RJ,24906792,True
PES-03442,Priscila Peixoto Assunção Carvalho,42001181060,F,1955-03-24,priscila_car933@uol.com.br,32975753322,Juiz de Fora,MG,36233318,True
PES-03443,Priscila Magalhães,21768483221,F,1996-06-16,priscila_mag471@outlook.com,11963842663,São Paulo,SP,04764730,True
PES-03444,Ana Rocha Lima,82152240324,F,1968-09-14,ana.lima528@gmail.com,19998067492,Campinas,SP,19318403,True
PES-03445,Paulo Costa Alves,01693889803,M,1980-10-14,paulo_alv87@yahoo.com.br,81966064274,Recife,PE,56446438,True
PES-03446,Joana Assunção,38411457524,F,1998-09-20,joanaassuncao714@outlook.com,11971292706,São Paulo,SP,02457407,False
PES-03447,Beatriz Ferreira Barbosa,37883197398,F,1995-09-25,beatriz_bar940@hotmail.com,41985446868,Curitiba,PR,88007857,False
PES-03448,Lucas Conceição,39128017706,M,1989-03-24,lucas_con62@gmail.com,21974343409,Rio de Janeiro,RJ,29158917,False
PES-03449,Renata Brandão Brandão,75917096317,F,1986-09-04,renata.brandao287@outlook.com,11983684385,Santo André,SP,09784272,False
PES-03450,Larissa Melo Lima,53098124822,F,1938-07-30,larissalima66@hotmail.com,11968681821,São Paulo,SP,09074009,True
PES-03451,Camila Mendes Oliveira,95970272752,F,1976-05-01,camila_oli759@yahoo.com.br,11975445327,Santo André,SP,06009373,True
PES-03452,André Oliveira,07215355772,M,1997-08-17,andreoliveira464@yahoo.com.br,11965702379,São Paulo,SP,09565117,False
PES-03453,Antônio Machado Pereira,36203302988,M,1986-04-26,antoniopereira991@uol.com.br,11970586815,Santo André,SP,08008159,False
PES-03454,Larissa Rocha Mendes,15086369231,F,1999-12-31,larissa.mendes886@yahoo.com.br,48977015204,Florianópolis,SC,83550505,True
PES-03455,César Nascimento,27125502857,M,1984-06-22,cesar_nas927@hotmail.com,11983077093,Santo André,SP,04330930,False
PES-03456,Priscila Marques Ferreira Conceição,42785794893,F,2000-03-07,priscilaconceicao680@bol.com.br,11983346532,São Paulo,SP,08901582,True
PES-03457,Cláudia Alves Assunção,53987551020,F,1975-09-18,claudiaassuncao218@hotmail.com,11983248097,São Paulo,SP,02373154,True
PES-03458,Priscila Araújo Rocha,52705151729,F,1988-11-05,priscilarocha720@hotmail.com,31967036984,Belo Horizonte,MG,36368526,True
PES-03459,Márcio Santos Lima Marques,44363828854,M,1978-10-02,marcio_mar511@hotmail.com,16969035221,Ribeirão Preto,SP,13291499,False
PES-03460,Mariana Martins Ribeiro,82186124327,F,1990-06-04,antonio.ribeiro899@yahoo.com.br,21989334253,Rio de Janeiro,RJ,22184339,False
PES-03461,Fernanda Alves Freitas Nascimento,62614995517,F,1972-11-03,fernanda_nas287@outlook.com,11975237477,São Paulo,SP,09394570,False
PES-03462,Caio Mendes Rodrigues,87705378361,M,2000-10-01,caiorodrigues177@yahoo.com.br,19984795741,Campinas,SP,12043745,True
PES-03463,Lucas Gomes,37357671259,M,1990-01-24,lucasgomes527@gmail.com,11979464379,São Paulo,SP,02596106,True
PES-03464,Simone Barbosa,50699710502,F,1972-02-04,simonebarbosa874@yahoo.com.br,51998566771,Porto Alegre,RS,97412959,False
PES-03465,Letícia Pereira Guimarães Machado,90518278816,F,1981-06-20,leticiamachado773@hotmail.com,21999548800,Niterói,RJ,22851193,False
PES-03466,João Santos,33951959614,M,1987-06-10,joaosantos236@gmail.com,11985615692,Santo André,SP,05668062,False
PES-03467,Henrique Nascimento Andrade,23393598139,M,1995-05-31,henriqueandrade997@bol.com.br,11996301283,São Paulo,SP,09740146,True
PES-03468,Lucas Souza,06325182863,M,1977-11-24,lucas_sou257@gmail.com,11987331114,São Paulo,SP,03881509,True
PES-03469,Gabriela Magalhães Ferreira Lima,82112839802,F,1970-11-13,gabriela.lima933@bol.com.br,21981173742,Rio de Janeiro,RJ,25713844,True
PES-03470,Marcelo Brandão Santos,07797393532,M,1988-12-23,marcelo_san631@yahoo.com.br,11985821039,Santo André,SP,02514654,False
PES-03471,Priscila Oliveira,42583864130,F,1982-06-06,priscila_oli575@gmail.com,71973592422,Salvador,BA,48189146,False
PES-03472,César Magalhães Nascimento,06269309280,M,1981-10-06,cesarnascimento242@hotmail.com,31962564118,Belo Horizonte,MG,32630619,False
PES-03473,Débora Souza Assunção Nunes,56256130600,F,1948-01-02,deboranunes124@hotmail.com,11978921451,Guarulhos,SP,07721538,True
PES-03474,Gabriela Marques,70772445044,F,1980-09-14,gabrielamarques239@outlook.com,11995834425,São Paulo,SP,08654819,True
PES-03475,Antônio Nascimento Moreira,11687226911,M,1990-01-08,antoniomoreira478@yahoo.com.br,11964393705,São Paulo,SP,09681621,False
PES-03476,Gustavo Silva,52823514716,M,1979-07-05,gustavosilva844@hotmail.com,41980725127,Curitiba,PR,84125681,True
PES-03477,Márcio Andrade Brandão,84687346839,M,1980-07-30,marcio.brandao749@bol.com.br,31969782743,Belo Horizonte,MG,36439524,False
PES-03478,César Lima Gomes,32385092336,M,1987-08-10,cesargomes980@uol.com.br,41964504255,Curitiba,PR,83581415,True
PES-03479,Camila Marques Cardoso,58067898456,F,1967-11-04,camila.cardoso105@yahoo.com.br,71998647620,Salvador,BA,46976015,True
PES-03480,Wagner Rocha Marques Mendes,30019817509,M,1989-04-16,wagner_men224@gmail.com,16983171331,Ribeirão Preto,SP,13220244,True
PES-03481,Fábio Machado Andrade,84913189760,M,1970-06-29,fabioandrade610@yahoo.com.br,11961522471,São Paulo,SP,08133960,False
PES-03482,Larissa Machado Melo,28733196664,F,1987-01-12,larissa_mel628@outlook.com,32967674852,Juiz de Fora,MG,38907225,False
PES-03483,José Martins Ferreira Nascimento,19372875724,M,2000-05-23,jose.nascimento244@yahoo.com.br,11966197065,São Paulo,SP,01479961,True
PES-03484,Sônia Andrade Brandão Lima,29676012416,F,1979-05-29,sonialima708@bol.com.br,31964499039,Belo Horizonte,MG,33951191,True
PES-03485,Cecília Freitas Martins,63708429400,F,1970-12-02,cecilia_mar67@yahoo.com.br,32971381735,Juiz de Fora,MG,32693571,False
PES-03486,Beatriz Santos,41002208980,F,1967-12-06,beatrizsantos629@hotmail.com,51973046187,Porto Alegre,RS,95233663,True
PES-03487,Priscila Peixoto,16012713878,F,1964-06-26,priscila.peixoto279@uol.com.br,21972415185,Niterói,RJ,28917038,False
PES-03488,Renata Araújo Araújo,45340504964,F,1983-04-16,renataaraujo104@uol.com.br,11995269241,São Paulo,SP,08890488,True
PES-03489,Gustavo Guimarães Barbosa,69371372141,M,1937-12-13,gustavobarbosa550@outlook.com,11988061178,São Paulo,SP,06683363,False
PES-03490,Rodrigo Machado Machado Rocha,75362063995,M,1974-03-23,rodrigo_roc616@outlook.com,41983232405,Curitiba,PR,82788331,True
PES-03491,Fábio Moreira,39175715368,M,1997-03-03,fabiomoreira188@gmail.com,21969479055,Rio de Janeiro,RJ,25405773,False
PES-03492,André Brandão Machado,26037071675,M,1998-11-27,andremachado357@outlook.com,48969046638,Florianópolis,SC,87970555,False
PES-03493,Júlia Ribeiro Barbosa,25005151842,F,1984-08-11,julia_bar709@outlook.com,11961768472,São Paulo,SP,04620557,False
PES-03494,Larissa Melo Souza Freitas,09449306621,F,1987-02-20,larissa_fre199@bol.com.br,19974058162,Campinas,SP,15834553,True
PES-03495,Simone Dias Barbosa,97769913004,F,1978-06-23,simone_bar496@outlook.com,11978185724,São Paulo,SP,01916167,True
PES-03496,Vinícius Conceição Marques,87270253730,M,1970-06-13,viniciusmarques550@gmail.com,11983901102,São Paulo,SP,04022387,True
PES-03497,Helena Freitas,59450453225,F,1964-08-24,helenafreitas729@gmail.com,21987024780,Rio de Janeiro,RJ,27278087,True
PES-03498,Aline Brandão Pereira,51336431369,F,1974-09-14,aline_per449@bol.com.br,11964098374,São Paulo,SP,02113009,True
PES-03499,Daniel Ribeiro Silva,80704958805,M,1982-03-30,danielsilva202@hotmail.com,11975242277,Santo André,SP,09726308,False
PES-03500,Raquel Magalhães Peixoto Martins,67720734289,F,1993-08-18,raquel_mar170@bol.com.br,41971527146,Curitiba,PR,88570782,True
PES-03501,Fernando Assunção Assunção,60142521183,M,1996-02-22,fernando.assuncao737@outlook.com,21985048800,Rio de Janeiro,RJ,23631943,False
PES-03502,Hélio Silva,56678680324,M,1980-07-14,heliosilva187@yahoo.com.br,11962835488,São Paulo,SP,07137816,False
PES-03503,Helena Gomes Nascimento,30435056387,F,1980-07-31,helena.nascimento805@hotmail.com,11985519316,São Paulo,SP,08225248,True
PES-03504,Débora Assunção,75511287601,F,1994-03-26,debora.assuncao450@outlook.com,31988826891,Belo Horizonte,MG,34924726,False
PES-03505,Sônia Silva Barbosa,99617946807,F,1987-05-30,sonia_bar972@bol.com.br,51972566154,Porto Alegre,RS,93498420,True
PES-03506,João Araújo Pereira,17855230238,M,1967-06-26,joaopereira28@uol.com.br,21963044879,Rio de Janeiro,RJ,24735603,False
PES-03507,Tânia Lima Marques,81753371333,F,1968-11-28,tania.marques574@hotmail.com,16986765407,Ribeirão Preto,SP,11946877,False
PES-03508,Ana Magalhães,11276423756,F,1990-08-26,ana.magalhaes152@hotmail.com,11998858857,Guarulhos,SP,05376382,True
PES-03509,Natália Andrade,55773734095,F,1966-04-23,nataliaandrade704@uol.com.br,21970022730,Rio de Janeiro,RJ,27547159,True
PES-03510,Eduardo Magalhães,20562645284,M,1992-08-06,eduardomagalhaes361@gmail.com,31988926107,Belo Horizonte,MG,34796517,False
PES-03511,César Rocha Rocha,56347984776,M,1982-11-25,cesar_roc998@yahoo.com.br,21986118190,Rio de Janeiro,RJ,29010643,True
PES-03512,Beatriz Alves,73198397847,F,1988-04-15,beatriz.alves253@bol.com.br,11996035295,São Paulo,SP,05796975,False
PES-03513,Bruno Andrade Marques,29606886786,M,1983-03-12,brunomarques832@yahoo.com.br,31976573005,Belo Horizonte,MG,38165422,True
PES-03514,Fábio Ferreira,20142289221,M,1966-12-11,fabioferreira771@bol.com.br,11972126717,São Paulo,SP,01575147,True
PES-03515,Antônio Dias Lima Dias,34758361223,M,2000-11-25,antoniodias715@hotmail.com,11980624298,São Paulo,SP,02810709,False
PES-03516,Sérgio Carvalho Nascimento,07966432459,M,1981-10-27,sergio_nas456@hotmail.com,21992068663,Niterói,RJ,27240695,False
PES-03517,Caio Guimarães,59616128213,M,1984-01-17,caioguimaraes946@gmail.com,31970239736,Belo Horizonte,MG,36113641,True
PES-03518,Priscila Marques Magalhães,11435072073,F,1981-05-20,priscila.magalhaes293@yahoo.com.br,21983277114,Rio de Janeiro,RJ,25354624,False
PES-03519,Márcio Rodrigues Santos,48138645547,M,1993-07-04,marciosantos870@uol.com.br,21997804227,Rio de Janeiro,RJ,21018115,False
PES-03520,Wagner Magalhães Cardoso,25592764103,M,1998-01-08,wagner_car702@bol.com.br,11962949856,São Paulo,SP,07894178,True
PES-03521,João Magalhães Silva,74121794893,M,1986-06-15,joao.silva759@gmail.com,48968892731,Florianópolis,SC,87228057,False
PES-03522,Antônio Pereira Conceição,48561072750,M,1999-01-24,antonio_con244@uol.com.br,71982192993,Salvador,BA,48790780,True
PES-03523,Larissa Oliveira Mendes,59876496760,F,1984-06-12,larissa.mendes825@outlook.com,11991275774,São Paulo,SP,01924866,True
PES-03524,Caio Santos Costa,26974962207,M,1977-05-11,caio_cos620@bol.com.br,51989607797,Porto Alegre,RS,94182868,False
PES-03525,Priscila Peixoto,40613190432,F,1990-11-28,priscilapeixoto348@bol.com.br,11992301450,São Paulo,SP,02257337,False
PES-03526,Débora Alves Dias,35886085327,F,1983-07-02,deboradias634@uol.com.br,41984323445,Curitiba,PR,87602403,True
PES-03527,Larissa Rodrigues,68532009425,F,1970-10-16,larissa.rodrigues457@hotmail.com,21969397010,Niterói,RJ,27467402,True
PES-03528,César Costa Moreira Melo,01603598804,M,1996-09-17,cesar_mel51@bol.com.br,21990033808,Rio de Janeiro,RJ,24357201,False
PES-03529,Rodrigo Guimarães,99310692448,M,1978-11-30,rodrigo.guimaraes648@hotmail.com,21981998789,Rio de Janeiro,RJ,24692278,False
PES-03530,Márcio Cardoso Araújo Ribeiro,37497426931,M,1994-12-18,marcioribeiro18@outlook.com,32975729566,Juiz de Fora,MG,37596765,False
PES-03531,Tânia Machado,06603570114,F,1964-09-16,tania_mac846@hotmail.com,16967024725,Ribeirão Preto,SP,19589990,True
PES-03532,Antônio Barbosa Freitas,18986553082,M,2000-11-20,antoniofreitas412@bol.com.br,51964763800,Porto Alegre,RS,91562060,True
PES-03533,Eduardo Mendes Cardoso,37062187127,M,1983-08-01,eduardo_car841@bol.com.br,51995505960,Porto Alegre,RS,96715539,True
PES-03534,Paulo Machado Conceição,01075261902,M,1974-12-09,paulo.conceicao218@gmail.com,11987955879,São Paulo,SP,04994178,True
PES-03535,Renata Machado Guimarães,52882949847,F,1986-05-03,renata.guimaraes789@hotmail.com,48992354062,Florianópolis,SC,82039824,True
PES-03536,Henrique Carvalho Lima,09191965195,M,1973-07-16,henriquelima489@yahoo.com.br,32972752916,Juiz de Fora,MG,38460209,True
PES-03537,Thiago Pereira Melo,97061597461,M,1970-05-25,thiagomelo491@hotmail.com,16963115102,Ribeirão Preto,SP,19033806,False
PES-03538,Rafael Lima Silva,05072086097,M,1991-07-13,rafael_sil927@uol.com.br,11998779424,São Paulo,SP,08161474,True
PES-03539,Raquel Machado Nunes Guimarães,13997062846,F,1949-06-13,raquel_gui646@gmail.com,11967585182,São Paulo,SP,04726267,False
PES-03540,Helena Ferreira Freitas,27427287320,F,1956-06-16,helena_fre364@gmail.com,48981584695,Florianópolis,SC,84094075,True
PES-03541,Eduardo Mendes Freitas,30738737240,M,1974-03-04,eduardo_fre361@gmail.com,11961346276,São Paulo,SP,06267594,True
PES-03542,Luís Carvalho,14127669586,M,1950-08-26,luis.carvalho832@uol.com.br,41968921668,Curitiba,PR,86104785,False
PES-03543,Mateus Peixoto Alves Lima,27626669029,M,1971-11-11,mateuslima476@bol.com.br,11970024506,São Paulo,SP,03000128,True
PES-03544,Aline Guimarães Cardoso Peixoto,57897204804,F,1999-04-05,aline_pei997@gmail.com,21965284667,Rio de Janeiro,RJ,29536840,False
PES-03545,Tânia Dias Costa,66541748608,F,1993-11-08,tania.costa9@outlook.com,31973595415,Belo Horizonte,MG,31278503,True
PES-03546,Natália Alves Silva,25918419772,F,1991-09-20,nataliasilva847@gmail.com,21966106874,Rio de Janeiro,RJ,24368917,False
PES-03547,Fernando Martins,41299636195,M,1965-12-11,fernando_mar362@hotmail.com,11977339663,São Paulo,SP,08078347,False
PES-03548,Júlia Ribeiro Alves Freitas,29235802490,F,1961-03-17,julia_fre700@gmail.com,11974985510,São Paulo,SP,01044364,False
PES-03549,Márcia Assunção Machado,05974984404,F,1995-04-12,marcia.machado640@gmail.com,11981635579,São Paulo,SP,09550061,False
PES-03550,Natália Machado,55551775348,F,1997-03-13,nataliamachado263@gmail.com,11976232245,São Paulo,SP,09539151,False
PES-03551,Mariana Rodrigues Ribeiro,10577705407,F,1985-05-28,mariana.ribeiro445@yahoo.com.br,11975921603,São Paulo,SP,03029881,False
PES-03552,Gabriela Cardoso Rodrigues,94249055647,F,1939-05-09,gabriela.rodrigues981@uol.com.br,11961826402,Santo André,SP,03115185,True
PES-03553,Antônio Silva Alves,99982970364,M,1980-08-05,antonioalves550@outlook.com,11979133134,São Paulo,SP,08190959,False
PES-03554,Luíza Guimarães Souza,96844280300,F,1974-12-19,luiza.souza330@yahoo.com.br,41992194067,Curitiba,PR,88536449,True
PES-03555,Helena Dias Mendes,48843373790,F,1961-03-30,helena_men963@gmail.com,11987315744,Santo André,SP,05295702,False
PES-03556,José Conceição Araújo,08317981223,M,2002-09-11,jose_ara810@outlook.com,19987231168,Campinas,SP,13446745,False
PES-03557,Gabriela Pereira Barbosa Melo,88183667260,F,1990-01-24,gabriela.melo775@yahoo.com.br,11979759912,Guarulhos,SP,09384256,True
PES-03558,Débora Nunes Peixoto,60095001506,F,1993-03-16,deborapeixoto465@yahoo.com.br,11992406532,Santo André,SP,09994205,False
PES-03559,Vitória Ribeiro Assunção,64313474471,F,1978-11-28,vitoriaassuncao744@hotmail.com,16996414192,Ribeirão Preto,SP,15528767,True
PES-03560,Marcelo Freitas,91228408505,M,1991-07-26,marcelofreitas452@hotmail.com,41984196113,Curitiba,PR,82292410,False
PES-03561,Ana Rodrigues Oliveira,27349669135,F,2002-04-01,anaoliveira693@gmail.com,21998386431,Rio de Janeiro,RJ,25829521,False
PES-03562,Camila Santos Silva,37561981384,F,1964-09-20,camilasilva569@bol.com.br,41973351398,Curitiba,PR,83397596,True
PES-03563,Cecília Freitas,58754897238,F,1997-09-20,ceciliafreitas545@outlook.com,11973497467,São Paulo,SP,04892827,False
PES-03564,Márcia Magalhães,33150081831,F,1964-08-03,marciamagalhaes725@bol.com.br,21986924363,Rio de Janeiro,RJ,29651536,True
PES-03565,Júlia Carvalho Gomes,92784565009,F,1978-12-27,julia.gomes238@uol.com.br,11979753500,São Paulo,SP,07292438,True
PES-03566,Vitória Alves Assunção Barbosa,45627560479,F,1988-12-28,vitoria_bar971@uol.com.br,11972113251,Santo André,SP,09167844,False
PES-03567,Letícia Cardoso Assunção Marques,78988167147,F,1955-11-09,leticia.marques635@outlook.com,21961631539,Rio de Janeiro,RJ,29102220,True
PES-03568,Daniel Nunes,35639195851,M,1959-08-03,daniel.nunes47@hotmail.com,51982896458,Porto Alegre,RS,92117801,False
PES-03569,Luís Cardoso Nascimento Santos,38276575714,M,1994-02-22,luis_san565@outlook.com,16964284266,Ribeirão Preto,SP,13404819,False
PES-03570,Daniel Moreira Cardoso,43312662222,M,1991-03-09,danielcardoso744@hotmail.com,51987265552,Porto Alegre,RS,92556194,False
PES-03571,Simone Araújo Mendes,19438544917,F,1971-03-03,simonemendes647@outlook.com,11987595992,São Paulo,SP,06090615,True
PES-03572,Beatriz Souza Barbosa,93381237233,F,1990-05-05,beatrizbarbosa660@yahoo.com.br,31993911628,Belo Horizonte,MG,35321918,False
PES-03573,Lucas Araújo,30543801144,M,1976-09-11,lucasaraujo453@gmail.com,81984914613,Recife,PE,51625888,False
PES-03574,Vinícius Nunes Silva,39464330490,M,1973-04-22,vinicius_sil362@yahoo.com.br,41984084430,Curitiba,PR,85299350,False
PES-03575,Renata Dias Souza Marques,73754200178,F,1979-11-07,renatamarques852@bol.com.br,31969333103,Belo Horizonte,MG,36125415,True
PES-03576,Letícia Santos Gomes,42220106934,F,1992-04-04,leticia_gom901@uol.com.br,41966139102,Curitiba,PR,84869651,False
PES-03577,Gabriela Guimarães Araújo,32712714024,F,1998-05-26,gabriela_ara575@gmail.com,21983384750,Rio de Janeiro,RJ,24638427,True
PES-03578,Gustavo Guimarães Lima,71262550718,M,1992-05-07,gustavo_lim628@gmail.com,31998662095,Belo Horizonte,MG,39446142,True
PES-03579,Daniel Freitas Araújo Oliveira,32541735979,M,1968-02-16,danieloliveira117@outlook.com,11972512805,São Paulo,SP,09936788,False
PES-03580,Joana Brandão Santos,71837885630,F,1977-08-22,joana_san972@yahoo.com.br,11980231366,São Paulo,SP,06871965,False
PES-03581,Daniel Dias Oliveira,36189075673,M,1988-02-16,daniel.oliveira293@gmail.com,11964532200,São Paulo,SP,03707352,False
PES-03582,André Nascimento Santos,13267404150,M,1989-08-11,andre_san503@bol.com.br,19980779577,Campinas,SP,18677364,False
PES-03583,Isabela Santos Assunção,16326662940,F,1989-03-12,isabela.assuncao845@hotmail.com,11972153426,São Paulo,SP,06457089,False
PES-03584,Letícia Pereira Magalhães,58111309457,F,1998-05-29,leticiamagalhaes843@outlook.com,51975568805,Porto Alegre,RS,97395627,False
PES-03585,Cecília Santos,07490487609,F,1981-02-06,ceciliasantos568@gmail.com,11976876074,São Paulo,SP,09081551,False
PES-03586,Júlia Pereira Oliveira,62847426655,F,1982-08-06,juliaoliveira393@gmail.com,11999516602,São Paulo,SP,05819079,False
PES-03587,Simone Dias Guimarães,17968918197,F,1992-01-24,simone.guimaraes543@hotmail.com,62977113700,Goiânia,GO,75944177,True
PES-03588,Natália Costa,13234457140,F,1998-05-17,natalia_cos818@gmail.com,31964095482,Belo Horizonte,MG,37070543,True
PES-03589,Débora Freitas Cardoso,10594508010,F,1985-02-07,deboracardoso389@bol.com.br,11978935249,São Paulo,SP,01435446,True
PES-03590,Beatriz Brandão Santos,85137301736,F,1977-10-21,beatrizsantos484@yahoo.com.br,62968231223,Goiânia,GO,74241636,True
PES-03591,Beatriz Ferreira Ferreira,99833545602,F,1997-02-22,beatriz_fer807@yahoo.com.br,11969244218,Santo André,SP,01879409,False
PES-03592,Lúcia Araújo Gomes Oliveira,05067923156,F,1933-12-31,luciaoliveira639@hotmail.com,11964433351,Guarulhos,SP,09360537,True
PES-03593,Gabriela Brandão Nascimento,44118802457,F,1981-10-10,gabriela_nas564@yahoo.com.br,21976415604,Rio de Janeiro,RJ,28092889,False
PES-03594,Mateus Ribeiro Peixoto,30025536117,M,1986-01-28,mateuspeixoto953@uol.com.br,62965454296,Goiânia,GO,78897392,False
PES-03595,Cecília Alves,56196769600,F,1989-08-23,cecilia.alves958@bol.com.br,16983502682,Ribeirão Preto,SP,12700228,True
PES-03596,Mariana Silva,32488618276,F,1970-07-09,marianasilva792@gmail.com,51987446889,Porto Alegre,RS,91471423,True
PES-03597,Caio Marques Pereira Nascimento,54001444208,M,1989-06-17,caio_nas20@bol.com.br,81971665222,Recife,PE,55010382,True
PES-03598,Fernanda Ferreira Martins,35204668560,F,1992-08-17,fernanda.martins485@gmail.com,21965215206,Rio de Janeiro,RJ,25302036,True
PES-03599,Patrícia Dias Conceição,28773293482,F,1969-03-07,patriciaconceicao146@bol.com.br,71974586181,Salvador,BA,43576177,True
PES-03600,Lúcia Cardoso Assunção,72642710050,F,1986-01-24,luciaassuncao868@outlook.com,11974078818,São Paulo,SP,04752508,False
PES-03601,Gabriela Moreira Araújo,52769805940,F,1971-05-13,gabriela.araujo819@hotmail.com,71976997146,Salvador,BA,45359032,False
PES-03602,Cecília Costa,44436163571,F,1978-09-27,cecilia_cos557@bol.com.br,11986557375,Guarulhos,SP,04107213,True
PES-03603,Sônia Machado Guimarães,63269824130,F,1972-06-09,sonia_gui626@yahoo.com.br,11980991722,São Paulo,SP,02149737,False
PES-03604,Sônia Alves,48864614257,F,1988-07-27,soniaalves280@uol.com.br,62975027520,Goiânia,GO,76350367,False
PES-03605,Sônia Alves,61325798266,F,1981-06-08,sonia_alv996@hotmail.com,48987073963,Florianópolis,SC,84106219,True
PES-03606,Vinícius Machado,04377968505,M,1982-03-17,viniciusmachado16@outlook.com,11982874284,Guarulhos,SP,03135902,True
PES-03607,Luís Magalhães Pereira,58012865190,M,1985-02-20,luis.pereira361@yahoo.com.br,81971449569,Recife,PE,51260647,False
PES-03608,Bruno Nunes,29704476140,M,1994-01-13,brunonunes5@outlook.com,21980966279,Rio de Janeiro,RJ,29703607,False
PES-03609,Fernando Carvalho,87811389975,M,1986-11-06,fernando_car526@hotmail.com,61984077417,Brasília,DF,76483650,False
PES-03610,Gabriela Silva Nascimento,98915588940,F,1977-08-25,gabriela_nas914@yahoo.com.br,21983953435,Rio de Janeiro,RJ,29056073,True
PES-03611,Natália Lima,95604837067,F,1975-07-26,natalia.lima298@uol.com.br,81992468900,Recife,PE,57463671,False
PES-03612,Márcia Mendes Costa,77571582490,F,1966-09-01,marciacosta828@outlook.com,11962311342,Guarulhos,SP,04785235,True
PES-03613,Mariana Freitas Alves,97695228486,F,1991-11-23,mariana_alv676@uol.com.br,62967682509,Goiânia,GO,78357467,True
PES-03614,José Rodrigues Marques,55677474975,M,1933-12-31,jose.marques656@gmail.com,11983748759,São Paulo,SP,03169226,True
PES-03615,Larissa Nunes Ribeiro,93119887668,F,1992-02-11,larissa.ribeiro954@yahoo.com.br,16994616163,Ribeirão Preto,SP,15215233,False
PES-03616,Márcio Machado,49906190647,M,1986-04-20,marcio_mac947@uol.com.br,11996417150,São Paulo,SP,03946059,False
PES-03617,José Cardoso Rodrigues,13534905059,M,1997-11-22,joserodrigues117@gmail.com,81987304822,Recife,PE,57994684,False
PES-03618,César Ferreira Pereira,18478659170,M,1987-12-09,cesar_per995@hotmail.com,51960959961,Porto Alegre,RS,93912329,True
PES-03619,Daniel Rodrigues Marques,01838478302,M,1986-08-15,daniel.marques243@hotmail.com,21980133260,Rio de Janeiro,RJ,25804398,False
PES-03620,José Pereira,56049818770,M,1977-07-02,josepereira243@hotmail.com,62991675939,Goiânia,GO,79311785,True
PES-03621,André Barbosa Souza,32364905605,M,1973-08-31,andre.souza167@yahoo.com.br,51994052870,Porto Alegre,RS,93814553,True
PES-03622,Helena Andrade,12523999528,F,1991-04-19,helena.andrade898@hotmail.com,19968384021,Campinas,SP,17639803,False
PES-03623,Camila Nunes Souza Santos,48133360510,F,1990-04-05,camila.santos582@hotmail.com,11980324257,São Paulo,SP,07365937,False
PES-03624,Ana Rodrigues Santos,51324317043,F,1981-07-01,anasantos21@bol.com.br,21966273003,Rio de Janeiro,RJ,23705240,False
PES-03625,Helena Brandão Melo,75241800476,F,1997-08-15,helena.melo677@yahoo.com.br,21984719506,Rio de Janeiro,RJ,25543244,True
PES-03626,Larissa Rocha Mendes,32031509489,F,1983-02-21,larissamendes469@yahoo.com.br,71992725519,Salvador,BA,46729240,True
PES-03627,Aline Ribeiro Araújo,37017306600,F,1991-02-28,aline_ara808@bol.com.br,32961726182,Juiz de Fora,MG,33893832,True
PES-03628,Gustavo Peixoto Brandão,84744221599,M,1933-12-31,gustavo_bra780@bol.com.br,11992656098,Santo André,SP,09611562,True
PES-03629,Sérgio Dias Dias,84088783956,M,1975-08-21,sergio_dia919@outlook.com,41971255182,Curitiba,PR,87130484,True
PES-03630,Cláudia Nascimento Santos,37267691021,F,1991-12-07,claudia.santos162@yahoo.com.br,21987214796,Rio de Janeiro,RJ,23505839,False
PES-03631,Antônio Carvalho Costa,09317329993,M,1933-12-31,antoniocosta155@outlook.com,11970773598,São Paulo,SP,04363927,True
PES-03632,Márcio Carvalho Freitas,99290563516,M,1993-12-07,marcio.freitas832@bol.com.br,19990903364,Campinas,SP,16380937,True
PES-03633,Aline Gomes,97779658007,F,1994-07-13,alinegomes487@uol.com.br,41966197259,Curitiba,PR,82476812,True
PES-03634,Leonardo Freitas Alves,29364777190,M,1968-11-05,leonardo_alv190@uol.com.br,62997543750,Goiânia,GO,77038203,True
PES-03635,Caio Rocha,20466049200,M,1973-08-20,caio_roc253@bol.com.br,11964221096,São Paulo,SP,01044495,True
PES-03636,Lucas Cardoso Santos,58927165977,M,1970-08-29,lucas_san79@outlook.com,61965124850,Brasília,DF,76349052,False
PES-03637,André Marques,12246094763,M,1946-05-26,andremarques907@bol.com.br,11985786537,São Paulo,SP,06409904,True
PES-03638,Lucas Moreira Rocha,39165910109,M,1975-05-27,lucasrocha503@uol.com.br,21964976343,Rio de Janeiro,RJ,25150693,False
PES-03639,César Guimarães Pereira,35658699410,M,1992-05-29,cesar_per524@hotmail.com,21993634104,Rio de Janeiro,RJ,27297421,False
PES-03640,Márcio Andrade Gomes,49813437529,M,1989-05-13,marcio.gomes629@outlook.com,11966387756,São Paulo,SP,08549599,False
PES-03641,Sérgio Rodrigues Moreira,65614125167,M,1982-05-14,sergio.moreira546@uol.com.br,21995464284,Rio de Janeiro,RJ,27728085,True
PES-03642,Cecília Conceição Dias Gomes,82262776555,F,1969-04-19,ceciliagomes80@gmail.com,51998579672,Porto Alegre,RS,91514818,False
PES-03643,Lúcia Santos Dias,01729624472,F,1994-01-11,lucia.dias482@hotmail.com,11960428928,São Paulo,SP,08622504,True
PES-03644,Mateus Freitas Marques,15312084280,M,1973-02-02,mateus_mar570@gmail.com,11993769779,São Paulo,SP,09219733,False
PES-03645,Mariana Ferreira,73465316207,F,1986-11-05,mariana_fer609@outlook.com,41988764617,Curitiba,PR,89888919,False
PES-03646,Fábio Andrade Guimarães,17163848692,M,1956-08-20,fabio_gui324@bol.com.br,21968474365,Rio de Janeiro,RJ,27403194,False
PES-03647,Lúcia Barbosa,30857564420,F,1970-12-12,lucia.barbosa747@yahoo.com.br,31987217715,Belo Horizonte,MG,37628440,False
PES-03648,Lúcia Araújo Costa,62911501748,F,1985-10-15,lucia.costa632@hotmail.com,41981026444,Curitiba,PR,87370363,True
PES-03649,Beatriz Alves Nunes,37970239951,F,1982-01-18,beatriznunes377@gmail.com,21990601702,Rio de Janeiro,RJ,28402193,True
PES-03650,Rafael Machado Carvalho,17747580916,M,2001-06-20,rafaelcarvalho251@outlook.com,51974135905,Porto Alegre,RS,94783293,True
PES-03651,Rafael Rodrigues Marques,09116385470,M,1979-05-31,rafael_mar771@outlook.com,21993421120,Rio de Janeiro,RJ,21744483,True
PES-03652,Natália Barbosa Conceição,58314119660,F,1985-09-06,natalia.conceicao390@yahoo.com.br,21997645858,Niterói,RJ,27672579,False
PES-03653,Natália Araújo,48785366919,F,1991-03-31,nataliaaraujo758@outlook.com,11966066834,São Paulo,SP,02969807,True
PES-03654,Tânia Moreira,35985240991,F,1988-11-10,tania.moreira94@outlook.com,11974957007,São Paulo,SP,08042261,False
PES-03655,José Carvalho Santos,72059224969,M,1973-07-19,jose.santos205@uol.com.br,21964426754,Niterói,RJ,21287915,True
PES-03656,Mateus Moreira,76542771050,M,1985-06-29,mateus_mor304@gmail.com,21992779471,Rio de Janeiro,RJ,25421608,False
PES-03657,Patrícia Marques,95783866997,F,1961-07-09,patriciamarques588@bol.com.br,11996499767,Santo André,SP,02263948,False
PES-03658,Luíza Lima Silva,31352589710,F,1966-03-04,luiza.silva187@hotmail.com,32974025979,Juiz de Fora,MG,33255587,True
PES-03659,Joana Brandão Cardoso Marques,13502945004,F,1970-03-10,joanamarques660@outlook.com,11998427470,São Paulo,SP,08457930,True
PES-03660,João Machado Costa,31578930502,M,1993-12-10,joao_cos751@outlook.com,21993804702,Rio de Janeiro,RJ,25039020,True
PES-03661,Letícia Rodrigues Alves,95849837418,F,1974-11-08,leticia.alves360@gmail.com,11967625509,São Paulo,SP,05338326,False
PES-03662,José Marques,10558063420,M,1984-12-13,jose.marques689@outlook.com,19964546083,Campinas,SP,15437741,False
PES-03663,Raquel Martins,08216727208,F,1975-01-25,raquel_mar524@bol.com.br,21993192304,Rio de Janeiro,RJ,27204768,True
PES-03664,Mateus Freitas,94178918125,M,1982-04-18,mateus_fre9@outlook.com,11998169015,São Paulo,SP,09180155,True
PES-03665,Rafael Peixoto Rodrigues,25979379762,M,1978-10-08,rafaelrodrigues781@yahoo.com.br,51991882110,Porto Alegre,RS,93435210,True
PES-03666,Júlia Melo,16132419098,F,1999-06-06,julia_mel465@hotmail.com,11991532257,São Paulo,SP,04965037,True
PES-03667,Otávio Ribeiro Guimarães,87033047363,M,1988-05-12,otavio.guimaraes914@outlook.com,61981223309,Brasília,DF,75035976,True
PES-03668,Eduardo Nunes Alves,32343361134,M,1962-11-10,eduardoalves487@hotmail.com,11975828499,Guarulhos,SP,03364208,True
PES-03669,Paulo Oliveira Ferreira,65813172840,M,1977-09-27,paulo.ferreira674@yahoo.com.br,31967505685,Belo Horizonte,MG,35594283,False
PES-03670,Fernanda Peixoto,48864708405,F,1984-10-03,fernanda.peixoto20@outlook.com,21981973793,Niterói,RJ,25480681,False
PES-03671,Mateus Barbosa Andrade,15637752125,M,1955-01-21,mateusandrade957@outlook.com,11967225829,São Paulo,SP,06521254,False
PES-03672,César Lima,07909411553,M,1965-04-08,cesar_lim932@gmail.com,19972502045,Campinas,SP,13164545,True
PES-03673,Raquel Santos Silva,38687211422,F,1933-12-31,raquelsilva892@outlook.com,11981992141,São Paulo,SP,02938031,True
PES-03674,Wagner Andrade Santos,52392595186,M,1983-04-13,wagnersantos390@bol.com.br,11995915013,São Paulo,SP,07407895,False
PES-03675,Fernando Freitas Guimarães,07965756307,M,1998-03-05,fernando.guimaraes518@outlook.com,21981734507,Rio de Janeiro,RJ,21799434,True
PES-03676,Hélio Pereira Dias,11786166062,M,1986-03-29,helio_dia236@gmail.com,51977213143,Porto Alegre,RS,91479995,False
PES-03677,César Marques Peixoto,22137331632,M,1997-12-17,cesar_pei632@bol.com.br,31992894350,Belo Horizonte,MG,34025657,False
PES-03678,Sérgio Nunes Ribeiro Ribeiro,76537873983,M,1996-12-23,sergio_rib903@yahoo.com.br,31997558359,Belo Horizonte,MG,32404191,False
PES-03679,Ana Melo Rodrigues,33481719540,F,1970-04-04,ana_rod39@yahoo.com.br,11976604291,Guarulhos,SP,07905677,True
PES-03680,Larissa Dias Mendes,98902989615,F,1954-01-30,larissa_men128@uol.com.br,48962171696,Florianópolis,SC,82009165,False
PES-03681,Raquel Melo Barbosa,61147990620,F,1994-08-18,raquelbarbosa310@yahoo.com.br,16980783851,Ribeirão Preto,SP,12134442,False
PES-03682,Isabela Rocha Andrade,59102105560,F,1990-06-26,isabela_and268@outlook.com,11968025873,Guarulhos,SP,05184007,True
PES-03683,Mariana Araújo Pereira,05683477301,F,1986-03-13,mariana.pereira986@uol.com.br,51990779636,Porto Alegre,RS,96753284,False
PES-03684,Raquel Gomes Araújo Moreira,94677524769,F,1989-10-26,raquel_mor56@uol.com.br,21994933827,Rio de Janeiro,RJ,27266024,False
PES-03685,Sérgio Barbosa Rodrigues,38004412688,M,1991-01-31,sergio.rodrigues772@hotmail.com,21966745848,Rio de Janeiro,RJ,26536427,False
PES-03686,André Rocha Marques,34583410999,M,1981-04-26,andre.marques356@gmail.com,48990906570,Florianópolis,SC,87124803,True
PES-03687,Bruno Brandão Nunes Magalhães,06509233169,M,1943-03-18,bruno.magalhaes220@hotmail.com,61978426395,Brasília,DF,79864099,True
PES-03688,Henrique Oliveira Marques Lima,58828287594,M,1994-08-22,henrique.lima97@uol.com.br,19996683046,Campinas,SP,12505763,True
PES-03689,Wagner Ribeiro,84894050420,M,2001-11-09,wagner.ribeiro393@yahoo.com.br,11989335981,São Paulo,SP,01312583,True
PES-03690,Joana Nascimento Moreira Pereira,53987219840,F,1970-03-11,joanapereira638@bol.com.br,16974937430,Ribeirão Preto,SP,11989769,True
PES-03691,João Nunes Brandão,58829206717,M,1985-05-09,joao.brandao658@uol.com.br,11998495856,São Paulo,SP,05438630,False
PES-03692,Vitória Mendes,29126523833,F,1985-11-07,vitoria_men596@gmail.com,41976996292,Curitiba,PR,83924186,True
PES-03693,Cláudia Moreira,09493470865,F,1960-11-06,claudia.moreira531@outlook.com,41990666914,Curitiba,PR,87777007,False
PES-03694,Otávio Ferreira Gomes Conceição,64104507881,M,1992-03-26,otavio_con316@hotmail.com,11962528568,Santo André,SP,01426204,False
PES-03695,César Guimarães,10198502486,M,2002-10-15,cesarguimaraes877@outlook.com,31991133501,Belo Horizonte,MG,37775019,False
PES-03696,Lucas Guimarães Santos,09791061335,M,1982-10-08,lucassantos699@yahoo.com.br,48999795847,Florianópolis,SC,87486832,False
PES-03697,Rodrigo Melo Oliveira Gomes,18630057149,M,1998-06-30,rodrigo.gomes576@yahoo.com.br,31979309869,Belo Horizonte,MG,33227737,False
PES-03698,Letícia Conceição,66754274824,F,1977-04-06,leticia.conceicao955@uol.com.br,31994963360,Belo Horizonte,MG,37959347,False
PES-03699,Márcia Peixoto Peixoto,97173328357,F,1986-08-29,marcia_pei31@bol.com.br,62986156459,Goiânia,GO,77703634,True
PES-03700,Vinícius Mendes Cardoso,52843879531,M,2001-05-11,vinicius.cardoso276@bol.com.br,21988574839,Rio de Janeiro,RJ,29368763,False
PES-03701,Letícia Marques Rodrigues,47299629747,F,1969-09-21,leticia.rodrigues909@bol.com.br,11966516818,São Paulo,SP,02690356,False
PES-03702,César Nascimento Moreira,81982269588,M,1976-02-08,cesar_mor53@outlook.com,21984363489,Rio de Janeiro,RJ,25927979,False
PES-03703,Márcia Pereira Cardoso,26790792139,F,1971-09-06,marcia_car698@gmail.com,21991621624,Rio de Janeiro,RJ,21372672,True
PES-03704,Bruno Santos Rodrigues,23504416793,M,1978-04-09,bruno_rod784@gmail.com,31965895455,Belo Horizonte,MG,33574766,False
PES-03705,Larissa Ferreira Machado Dias,60632662590,F,1960-10-28,larissadias324@outlook.com,11996815248,São Paulo,SP,05073008,True
PES-03706,Sérgio Rodrigues Gomes,90578989859,M,1957-07-17,sergio.gomes976@hotmail.com,41962263294,Curitiba,PR,81771071,True
PES-03707,Débora Barbosa Melo,78021992638,F,1987-08-30,debora.melo668@uol.com.br,21965611381,Rio de Janeiro,RJ,23600438,False
PES-03708,João Freitas Nunes Ferreira,25210661504,M,1968-06-16,joao.ferreira380@uol.com.br,11979725284,São Paulo,SP,09216417,True
PES-03709,Luíza Alves Nunes,93270752938,F,1996-02-07,luizanunes726@bol.com.br,71963488929,Salvador,BA,47959147,True
PES-03710,Antônio Dias Costa,28791797349,M,1985-10-24,antoniocosta320@uol.com.br,11960979848,São Paulo,SP,09966406,False
PES-03711,Marcelo Magalhães Cardoso Santos,89460194095,M,1981-01-24,marcelo.santos95@gmail.com,21967262155,Rio de Janeiro,RJ,27652249,True
PES-03712,Letícia Andrade Gomes Peixoto,56298072187,F,1993-08-18,leticia_pei998@bol.com.br,19982109549,Campinas,SP,14205178,True
PES-03713,Larissa Souza Martins,91195838506,F,1962-11-07,larissa_mar418@gmail.com,71986839038,Salvador,BA,45337082,False
PES-03714,André Nascimento,86459916241,M,1996-06-28,andre_nas52@yahoo.com.br,61979302947,Brasília,DF,71456525,False
PES-03715,Otávio Alves Cardoso,66063453164,M,1980-12-27,otavio_car136@hotmail.com,11965473279,São Paulo,SP,09188273,True
PES-03716,Joana Peixoto,43712951930,F,1960-07-26,joana_pei541@uol.com.br,11991366327,São Paulo,SP,08885040,True
PES-03717,André Guimarães Alves,67518068257,M,1990-09-25,andre.alves966@bol.com.br,21991925591,Rio de Janeiro,RJ,24164375,False
PES-03718,Letícia Guimarães Nunes,26181836659,F,2000-02-14,leticia.nunes856@outlook.com,21997638140,Rio de Janeiro,RJ,25243592,True
PES-03719,Larissa Conceição Alves Assunção,17554069837,F,1983-05-24,larissa.assuncao148@uol.com.br,21963211765,Rio de Janeiro,RJ,25678527,False
PES-03720,Gustavo Rocha Lima,80545375061,M,1978-05-26,gustavo_lim393@hotmail.com,11996471383,Guarulhos,SP,08977804,False
PES-03721,Márcio Melo Araújo Mendes,07834276034,M,1971-03-02,marcio_men768@bol.com.br,11994144255,São Paulo,SP,07313042,False
PES-03722,Lúcia Carvalho Ferreira Brandão,76533382837,F,1973-08-27,luciabrandao328@hotmail.com,11981089013,São Paulo,SP,06464900,True
PES-03723,Luíza Costa Nunes,61442049111,F,1972-04-03,luizanunes181@bol.com.br,11966846628,Santo André,SP,04536115,True
PES-03724,Fernando Guimarães,21486654568,M,1958-11-21,fernando.guimaraes841@outlook.com,11991595242,São Paulo,SP,05565348,False
PES-03725,Mariana Ferreira Magalhães,49410979986,F,1984-01-27,mariana_mag932@outlook.com,61967232111,Brasília,DF,73411926,False
PES-03726,Bruno Pereira Gomes,92966587563,M,1959-09-11,bruno.gomes8@hotmail.com,71976059336,Salvador,BA,44909892,False
PES-03727,Antônio Mendes Rodrigues,08514440918,M,1996-04-10,antonio_rod307@hotmail.com,62967455346,Goiânia,GO,78570138,True
PES-03728,Renata Ribeiro Cardoso,52196690368,F,1991-06-13,renata.cardoso833@yahoo.com.br,81990862812,Recife,PE,55632342,False
PES-03729,Larissa Mendes Dias Silva,38877806982,F,1953-05-08,larissasilva105@outlook.com,11961256288,Guarulhos,SP,08841251,True
PES-03730,Eduardo Melo Peixoto Ferreira,65252802815,M,1982-04-22,eduardo.ferreira660@bol.com.br,21984229566,Rio de Janeiro,RJ,22977094,True
PES-03731,André Melo Magalhães,48834660943,M,2000-03-04,andre.magalhaes424@gmail.com,71963894454,Salvador,BA,45019544,True
PES-03732,Tânia Santos,05787095626,F,2000-04-21,tania_san925@outlook.com,41999911364,Curitiba,PR,88415362,True
PES-03733,João Rocha,93693928584,M,1970-09-15,joaorocha282@yahoo.com.br,11971986803,São Paulo,SP,07210395,True
PES-03734,Patrícia Alves Alves,26482943250,F,1986-04-18,patricia.alves413@uol.com.br,11968905726,São Paulo,SP,03638440,False
PES-03735,Marcelo Conceição Rodrigues,52951046308,M,1988-12-07,marcelorodrigues9@gmail.com,11991467163,Santo André,SP,06105089,False
PES-03736,André Mendes,84011791300,M,1991-02-21,andre_men457@uol.com.br,21987554355,Rio de Janeiro,RJ,29284633,True
PES-03737,Raquel Costa,68797731099,F,1985-06-11,raquelcosta392@gmail.com,62994193189,Goiânia,GO,72808600,True
PES-03738,Caio Carvalho Alves,84317894769,M,1986-11-06,caio_alv28@outlook.com,31967633515,Belo Horizonte,MG,37910682,False
PES-03739,Natália Martins Alves,81113542586,F,1984-03-25,nataliaalves855@bol.com.br,11964914946,Santo André,SP,07926535,False
PES-03740,Lúcia Assunção,42092944703,F,1979-12-07,luciaassuncao171@hotmail.com,62965527360,Goiânia,GO,78200513,False
PES-03741,Lucas Melo Gomes,69716672470,M,1973-07-28,lucasgomes553@uol.com.br,51972073812,Porto Alegre,RS,97032879,True
PES-03742,Sônia Pereira Ferreira,75306534155,F,1996-11-12,sonia_fer961@bol.com.br,32976324198,Juiz de Fora,MG,32857653,True
PES-03743,Wagner Oliveira,62007727382,M,1969-01-16,wagneroliveira966@gmail.com,21984386654,Rio de Janeiro,RJ,23492148,True
PES-03744,Márcio Guimarães,08870279707,M,1989-11-17,marcio_gui861@hotmail.com,11999965753,São Paulo,SP,03667877,False
PES-03745,Gabriela Nunes Melo,23048886150,F,1933-12-31,gabriela_mel574@gmail.com,11995815888,São Paulo,SP,04001345,False
PES-03746,Thiago Pereira Marques,27481133140,M,1981-08-17,thiago.marques564@gmail.com,11975061398,São Paulo,SP,08541981,False
PES-03747,Renata Conceição Brandão Carvalho,65361262625,F,1962-08-31,renata.carvalho598@bol.com.br,11997387137,São Paulo,SP,01899870,False
PES-03748,Hélio Peixoto,11437721214,M,1933-12-31,heliopeixoto991@outlook.com,51994992558,Porto Alegre,RS,99818257,False
PES-03749,Simone Brandão,38945750770,F,1979-08-09,simone_bra459@uol.com.br,11971096977,Guarulhos,SP,07113134,False
PES-03750,Larissa Guimarães Lima,84510544049,F,1986-05-09,larissa.lima336@bol.com.br,21995244230,Rio de Janeiro,RJ,29919257,True
PES-03751,Lucas Moreira Gomes,69391240127,M,2000-06-06,lucasgomes127@hotmail.com,71988991532,Salvador,BA,41804240,True
PES-03752,Paulo Ferreira,96148945800,M,1992-09-02,paulo_fer140@yahoo.com.br,61999639596,Brasília,DF,73623153,True
PES-03753,Luíza Rocha Carvalho,16562415446,F,1975-01-17,luiza_car176@gmail.com,31968424617,Belo Horizonte,MG,35092006,False
PES-03754,Beatriz Guimarães Costa,02483124305,F,1996-06-15,beatriz.costa197@gmail.com,11961827696,São Paulo,SP,09518691,False
PES-03755,Mariana Nascimento,50331124904,F,1956-04-20,mariananascimento309@gmail.com,41960051296,Curitiba,PR,83710791,True
PES-03756,Joana Magalhães Santos,24718711940,F,1956-11-15,joanasantos945@gmail.com,71965402197,Salvador,BA,43486663,True
PES-03757,Natália Martins Moreira,97347153484,F,1992-07-06,natalia.moreira32@yahoo.com.br,81978574234,Recife,PE,53706313,True
PES-03758,Luís Martins,69196786086,M,1980-12-02,luis_mar871@uol.com.br,11987773218,São Paulo,SP,06030213,False
PES-03759,Gabriela Marques Peixoto,17071897905,F,1984-07-16,gabriela_pei320@uol.com.br,19974632132,Campinas,SP,14586484,True
PES-03760,Lúcia Lima Cardoso,26647244107,F,1942-01-30,lucia_car447@gmail.com,31983438197,Belo Horizonte,MG,36329123,False
PES-03761,César Melo Rodrigues,66813425900,M,1993-07-19,cesarrodrigues563@hotmail.com,21963532489,Niterói,RJ,29592335,True
PES-03762,Helena Gomes Silva,47822446142,F,1997-07-12,helena_sil195@hotmail.com,11963786581,São Paulo,SP,06949107,False
PES-03763,Bruno Nascimento Souza Melo,27883000004,M,1999-12-15,bruno_mel520@uol.com.br,11992625910,Guarulhos,SP,05175614,False
PES-03764,Marcelo Moreira,26349836111,M,1988-07-17,claudia.martins825@uol.com.br,31965648419,Belo Horizonte,MG,37673211,True
PES-03765,Lúcia Andrade Carvalho Dias,76645057989,F,1948-02-24,luciadias145@yahoo.com.br,48988005918,Florianópolis,SC,85637522,False
PES-03766,Cláudia Barbosa Pereira,63141947414,F,1937-08-30,claudiapereira845@outlook.com,19995387708,Campinas,SP,13170093,False
PES-03767,Marcelo Gomes Machado Freitas,17814579481,M,1981-06-09,marcelo_fre648@gmail.com,21981972719,Rio de Janeiro,RJ,25148057,True
PES-03768,Helena Ferreira Gomes,76929088692,F,1933-12-31,helena_gom90@bol.com.br,51966566254,Porto Alegre,RS,96111161,True
PES-03769,Aline Silva Mendes,47403780787,F,1960-11-18,aline_men413@gmail.com,11993799729,São Paulo,SP,08458472,True
PES-03770,Ana Gomes Assunção Silva,18341508842,F,1995-07-05,ana.silva745@uol.com.br,31960805182,Belo Horizonte,MG,31074250,True
PES-03771,Caio Rodrigues,73779946572,M,1957-10-12,caiorodrigues341@hotmail.com,31972216785,Belo Horizonte,MG,39459979,False
PES-03772,José Oliveira Pereira Peixoto,26450011220,M,1982-09-19,jose_pei131@yahoo.com.br,11964382035,São Paulo,SP,02577137,False
PES-03773,Renata Ferreira Andrade,50726895148,F,1989-05-22,renata_and679@outlook.com,19968159768,Campinas,SP,12337645,True
PES-03774,Cláudia Andrade Ribeiro,20944030688,F,1987-12-16,claudia.ribeiro538@yahoo.com.br,21993184711,Rio de Janeiro,RJ,25267668,True
PES-03775,José Dias Rocha,04560665516,M,1980-06-24,jose_roc782@bol.com.br,11999564630,São Paulo,SP,06467259,False
PES-03776,Camila Melo,26188146577,F,1949-04-16,camila_mel600@uol.com.br,11980559166,São Paulo,SP,03355712,True
PES-03777,Caio Rocha Carvalho,21247790959,M,1988-12-26,caiocarvalho690@hotmail.com,81983114359,Recife,PE,57961258,True
PES-03778,Camila Melo Barbosa,78893061210,F,2002-01-08,camila.barbosa594@bol.com.br,11998299013,São Paulo,SP,05870410,False
PES-03779,Mateus Andrade Guimarães,56718066079,M,1986-06-20,mateus.guimaraes989@uol.com.br,21997005767,Rio de Janeiro,RJ,24369137,False
PES-03780,Simone Brandão Pereira,37028854043,F,1990-11-09,simonepereira509@bol.com.br,81962628105,Recife,PE,52725814,False
PES-03781,João Ferreira,36214277599,M,2003-03-27,joaoferreira787@hotmail.com,11970246606,São Paulo,SP,04526464,False
PES-03782,Débora Peixoto,01196180016,F,1981-07-12,debora_pei386@outlook.com,51972254354,Porto Alegre,RS,95564871,True
PES-03783,Caio Ribeiro Martins Andrade,28788278727,M,1971-12-12,caio.andrade399@uol.com.br,11997916907,São Paulo,SP,04013178,True
PES-03784,Júlia Peixoto,63227466775,F,1985-02-17,julia_pei278@bol.com.br,61991218268,Brasília,DF,71759510,False
PES-03785,César Cardoso,16251822368,M,2001-11-02,cesar_car752@gmail.com,62967129389,Goiânia,GO,79506836,False
PES-03786,Fernanda Santos,49759094800,F,1983-05-22,fernanda.santos295@bol.com.br,11994765031,São Paulo,SP,02521277,True
PES-03787,Fernanda Peixoto Freitas,33379283312,F,1978-10-23,fernanda.freitas825@bol.com.br,11974239214,São Paulo,SP,07271034,True
PES-03788,Beatriz Alves Barbosa,13890351905,F,1988-08-25,beatriz_bar926@hotmail.com,62998437483,Goiânia,GO,72330131,True
PES-03789,Antônio Dias,47289586204,M,1980-08-25,antoniodias921@bol.com.br,21995745103,Rio de Janeiro,RJ,23802273,False
PES-03790,Márcia Nascimento Carvalho,80649842979,F,2002-04-15,marcia_car633@uol.com.br,81988802830,Recife,PE,57389757,False
PES-03791,João Oliveira,31043805540,M,1982-10-14,joaooliveira120@uol.com.br,51977766589,Porto Alegre,RS,99477499,True
PES-03792,Rodrigo Machado Costa,90935803106,M,1991-02-22,rodrigo.costa780@outlook.com,51981723106,Porto Alegre,RS,97136377,False
PES-03793,Júlia Guimarães Nascimento,78184134800,F,1964-10-05,julia.nascimento547@hotmail.com,62979174138,Goiânia,GO,76451118,True
PES-03794,Tânia Magalhães Silva,05209016498,F,1973-09-22,taniasilva849@outlook.com,11960847069,Santo André,SP,08758291,True
PES-03795,Tânia Barbosa Silva Magalhães,45260046340,F,1952-01-30,taniamagalhaes739@uol.com.br,11961175608,São Paulo,SP,07643726,True
PES-03796,Simone Guimarães Ferreira,60733764800,F,1993-01-09,simone_fer975@yahoo.com.br,41961594797,Curitiba,PR,89309807,True
PES-03797,Daniel Rocha Carvalho,97010334854,M,1950-11-11,daniel.carvalho757@bol.com.br,11960337894,São Paulo,SP,09077569,True
PES-03798,Cecília Pereira Assunção,31056298588,F,2002-09-23,ceciliaassuncao248@outlook.com,11984253525,São Paulo,SP,09449615,False
PES-03799,João Pereira,09451407707,M,1981-04-13,joaopereira394@hotmail.com,21977504488,Rio de Janeiro,RJ,29587858,False
PES-03800,Márcio Rodrigues Dias,99798464702,M,1965-03-24,marciodias232@uol.com.br,81974408330,Recife,PE,58239406,True
PES-03801,Camila Andrade,89706465405,F,1984-05-25,camilaandrade708@gmail.com,61960146460,Brasília,DF,73279756,True
PES-03802,Hélio Mendes Cardoso Machado,07988802950,M,1983-01-15,helio_mac608@outlook.com,21978488071,Rio de Janeiro,RJ,24737643,False
PES-03803,Gustavo Nascimento Martins,53917306603,M,1962-08-15,gustavo_mar93@outlook.com,62989865505,Goiânia,GO,74032623,True
PES-03804,Vitória Rodrigues,32336486857,F,1981-05-28,vitoria.rodrigues352@outlook.com,41992621938,Curitiba,PR,81859508,True
PES-03805,Vinícius Nunes,99249642504,M,1949-12-05,vinicius.nunes858@hotmail.com,51988367344,Porto Alegre,RS,94659018,False
PES-03806,Sônia Melo Freitas Magalhães,56569370383,F,1964-05-19,soniamagalhaes467@gmail.com,21971636418,Rio de Janeiro,RJ,29858612,True
PES-03807,Priscila Conceição Magalhães,19660302584,F,2001-08-03,priscila.magalhaes126@yahoo.com.br,11988447678,Santo André,SP,07732236,True
PES-03808,Helena Alves,63440917118,F,1994-02-27,helena_alv72@yahoo.com.br,11994716158,São Paulo,SP,07370414,False
PES-03809,Fernando Souza Gomes Barbosa,70654893616,M,1992-05-14,fernando.barbosa539@uol.com.br,81962961985,Recife,PE,54383171,False
PES-03810,Henrique Rocha Assunção,41570236097,M,1967-06-19,henrique.assuncao433@bol.com.br,11976976237,Guarulhos,SP,01794379,False
PES-03811,Bruno Rodrigues,74970881146,M,1975-07-18,bruno_rod179@bol.com.br,11975005798,São Paulo,SP,06181535,True
PES-03812,Larissa Santos Moreira,14214506073,F,1977-07-02,larissa.moreira708@bol.com.br,21975586617,Niterói,RJ,28963277,False
PES-03813,Joana Peixoto,31378991842,F,1956-11-12,joana.peixoto648@uol.com.br,11970982940,São Paulo,SP,05627388,False
PES-03814,João Ribeiro Cardoso,71676591001,M,1992-06-10,joao.cardoso598@gmail.com,16965326170,Ribeirão Preto,SP,15202896,False
PES-03815,Wagner Silva,04003088867,M,1989-11-06,wagner.silva410@bol.com.br,11999076661,São Paulo,SP,01023994,True
PES-03816,Débora Marques Lima,30184980208,F,1984-07-30,debora.lima274@outlook.com,21962181296,Rio de Janeiro,RJ,25990934,False
PES-03817,Luíza Rocha,58370796370,F,1974-05-09,luiza_roc377@yahoo.com.br,11983874892,Santo André,SP,05337388,False
PES-03818,Júlia Carvalho,49934937115,F,1995-06-07,juliacarvalho66@hotmail.com,51997828874,Porto Alegre,RS,92716029,True
PES-03819,Daniel Moreira Peixoto,43941703463,M,1993-12-31,danielpeixoto531@uol.com.br,11986816577,Santo André,SP,08911040,True
PES-03820,Vinícius Nunes,92312245655,M,1997-01-03,viniciusnunes613@bol.com.br,11993268375,São Paulo,SP,07366341,False
PES-03821,Vinícius Nunes,04477891555,M,1982-04-07,vinicius.nunes642@gmail.com,11968624903,São Paulo,SP,01879040,True
PES-03822,Daniel Lima,72515953034,M,1954-03-06,daniel_lim147@outlook.com,11999687735,São Paulo,SP,08574558,True
PES-03823,Thiago Magalhães,38815195050,M,1997-04-19,thiagomagalhaes640@outlook.com,21984007586,Rio de Janeiro,RJ,21564865,False
PES-03824,Henrique Magalhães Guimarães Guimarães,40102354464,M,1999-07-12,henrique_gui636@hotmail.com,21992458656,Rio de Janeiro,RJ,28138228,False
PES-03825,Vitória Rodrigues Silva,41521907447,F,1994-11-08,vitoriasilva311@bol.com.br,21974296028,Rio de Janeiro,RJ,21089921,False
PES-03826,Márcia Pereira,03317570873,F,1984-08-06,marcia.pereira388@hotmail.com,21989977100,Rio de Janeiro,RJ,28753125,True
PES-03827,Débora Magalhães Rocha Freitas,99561446308,F,1973-04-08,debora_fre421@uol.com.br,11987506671,Guarulhos,SP,03321860,True
PES-03828,Lúcia Lima,57049588261,F,1991-05-20,lucia_lim560@uol.com.br,48976593879,Florianópolis,SC,85994044,True
PES-03829,Henrique Nascimento Barbosa,04950676873,M,1981-12-02,henrique.barbosa14@bol.com.br,11971512544,São Paulo,SP,09950231,False
PES-03830,Ana Andrade,31281075302,F,1977-09-17,anaandrade984@uol.com.br,11981456298,Guarulhos,SP,06040605,False
PES-03831,Larissa Nunes,84764861704,F,1963-12-31,larissa.nunes928@gmail.com,11962407907,São Paulo,SP,02143839,True
PES-03832,Cláudia Gomes Moreira Nascimento,57068093566,F,1979-04-09,claudia_nas680@outlook.com,21992092059,Rio de Janeiro,RJ,28135028,False
PES-03833,Luíza Freitas Oliveira,11309550794,F,1981-11-19,luiza_oli926@gmail.com,11970544248,Santo André,SP,06621880,True
PES-03834,Mariana Conceição Melo,88233273775,F,1935-06-20,mariana_mel109@hotmail.com,51968169472,Porto Alegre,RS,96906837,False
PES-03835,Letícia Ferreira Costa,60570564263,F,2003-11-02,leticia.costa127@gmail.com,62984514226,Goiânia,GO,78669393,False
PES-03836,Priscila Santos,67068685749,F,1974-08-01,priscila.santos661@bol.com.br,11967189804,São Paulo,SP,05240279,True
PES-03837,Caio Moreira,41765724341,M,1967-02-02,caio_mor912@bol.com.br,21970355401,Rio de Janeiro,RJ,22769914,True
PES-03838,Caio Mendes Andrade,79705177490,M,1984-10-03,caio_and132@outlook.com,11993004632,Santo André,SP,02276782,False
PES-03839,Mariana Nunes,13438200570,F,1954-04-13,mariana_nun534@yahoo.com.br,19963784305,Campinas,SP,19530003,False
PES-03840,César Brandão Andrade,70017041805,M,2002-06-05,cesar_and344@hotmail.com,11990813385,São Paulo,SP,08334802,False
PES-03841,Cecília Araújo Oliveira Brandão,99199234270,F,1964-12-08,ceciliabrandao705@bol.com.br,11982381233,São Paulo,SP,04964589,False
PES-03842,Camila Magalhães Marques,97868443278,F,2000-08-07,camila_mar390@bol.com.br,61976916626,Brasília,DF,76357973,True
PES-03843,Débora Silva,95759047027,F,1984-07-07,debora_sil94@outlook.com,61981953913,Brasília,DF,77873291,True
PES-03844,Júlia Magalhães,95857224888,F,1991-05-19,julia.magalhaes237@uol.com.br,11961339278,São Paulo,SP,05025831,True
PES-03845,Joana Costa,90297871633,F,1963-06-10,joana.costa573@outlook.com,11999843997,São Paulo,SP,01016058,True
PES-03846,Raquel Lima Oliveira,59604004565,F,1993-05-19,raqueloliveira845@hotmail.com,48971352716,Florianópolis,SC,86759718,True
PES-03847,Larissa Alves Alves,99674742549,F,1976-08-26,larissa_alv296@outlook.com,11999055425,Santo André,SP,07754603,False
PES-03848,Simone Alves Costa,01531947310,F,1967-10-27,simone_cos326@bol.com.br,48971774189,Florianópolis,SC,88333822,True
PES-03849,Fernanda Rodrigues,10782407447,F,1989-05-19,fernanda_rod753@uol.com.br,16976029333,Ribeirão Preto,SP,18502665,False
PES-03850,Helena Ribeiro,74926734770,F,1945-08-12,helenaribeiro708@bol.com.br,11993724086,São Paulo,SP,06634913,True
PES-03851,Rodrigo Carvalho Conceição,58188907324,M,1989-11-04,rodrigo_con685@bol.com.br,11996424785,São Paulo,SP,02424412,True
PES-03852,Camila Lima,69736647684,F,1976-01-26,camilalima740@outlook.com,51973301252,Porto Alegre,RS,91271651,True
PES-03853,Daniel Peixoto,61693694425,M,1972-02-22,daniel_pei472@hotmail.com,21986373065,Niterói,RJ,23780377,True
PES-03854,Sônia Ferreira Mendes,50453735525,F,1988-03-06,soniamendes407@gmail.com,19968061348,Campinas,SP,17481129,False
PES-03855,Gustavo Marques Nascimento Rocha,10801582784,M,1946-12-02,gustavo_roc42@bol.com.br,21968272251,Rio de Janeiro,RJ,24476760,True
PES-03856,Cecília Assunção Assunção,19787864500,F,1990-08-13,cecilia.assuncao311@hotmail.com,21984736774,Rio de Janeiro,RJ,25085817,True
PES-03857,Priscila Marques Melo,16099350047,F,1981-05-06,priscilamelo247@outlook.com,31966573744,Belo Horizonte,MG,36039309,False
PES-03858,Lúcia Pereira Brandão,02092069691,F,1994-12-12,lucia_bra807@gmail.com,11995983236,Guarulhos,SP,05168064,False
PES-03859,Letícia Nascimento,33506058509,F,1981-07-06,leticianascimento747@gmail.com,11985289645,Guarulhos,SP,09860934,True
PES-03860,Camila Andrade Ferreira,76953612401,F,1991-04-07,camilaferreira846@bol.com.br,11972142001,São Paulo,SP,06928260,True
PES-03861,Débora Carvalho Pereira,17396782902,F,1990-05-01,debora.pereira813@outlook.com,11971126866,São Paulo,SP,06491324,True
PES-03862,Simone Nascimento Silva,60907063292,F,1999-05-05,simone.silva410@gmail.com,21962913258,Rio de Janeiro,RJ,25745146,True
PES-03863,Patrícia Barbosa,00909486611,F,1994-10-07,patricia.barbosa231@hotmail.com,11993211266,São Paulo,SP,02355240,True
PES-03864,Patrícia Magalhães,58085011999,F,1992-10-18,patriciamagalhaes55@hotmail.com,81993374247,Recife,PE,59587893,False
PES-03865,Patrícia Machado,55771777234,F,1958-08-30,patricia_mac649@hotmail.com,51975594601,Porto Alegre,RS,91138024,False
PES-03866,Marcelo Alves,23836437180,M,1996-01-28,marceloalves985@gmail.com,21983716121,Rio de Janeiro,RJ,25702374,False
PES-03867,Joana Machado Costa,35369847380,F,1996-11-13,joana.costa74@uol.com.br,31976913521,Belo Horizonte,MG,35474144,True
PES-03868,Bruno Ribeiro Melo,37375577722,M,1946-04-07,bruno.melo88@yahoo.com.br,62965658352,Goiânia,GO,71159619,False
PES-03869,Ana Silva Melo Lima,52800165782,F,1987-06-25,analima869@hotmail.com,11978308312,São Paulo,SP,06392785,False
PES-03870,Wagner Alves Freitas,25445634949,M,1993-11-10,wagner_fre41@yahoo.com.br,31969515028,Belo Horizonte,MG,31944655,False
PES-03871,Helena Melo,55095854201,F,1973-06-02,helena_mel324@yahoo.com.br,51992198750,Porto Alegre,RS,93010275,True
PES-03872,Ana Ferreira Guimarães,20469499354,F,1985-11-14,anaguimaraes54@outlook.com,21994468327,Rio de Janeiro,RJ,21308167,False
PES-03873,Leonardo Andrade,84498960700,M,1982-02-04,leonardo_and734@yahoo.com.br,11984843896,São Paulo,SP,05797966,True
PES-03874,Fernanda Mendes Araújo,93712846509,F,1985-03-07,fernanda.araujo510@uol.com.br,11974138768,São Paulo,SP,05202539,True
PES-03875,Larissa Moreira,89398078473,F,2003-03-01,larissa_mor618@uol.com.br,31999563199,Belo Horizonte,MG,33163451,False
PES-03876,Fernanda Silva Freitas,30343340879,F,1985-10-16,fernanda_fre895@outlook.com,11962643239,São Paulo,SP,01237890,False
PES-03877,Débora Araújo Costa,27564818239,F,1977-10-14,debora_cos575@uol.com.br,21971798355,Rio de Janeiro,RJ,27326074,False
PES-03878,Vitória Dias Oliveira,98910555580,F,1933-12-31,vitoriaoliveira166@yahoo.com.br,62992885476,Goiânia,GO,75481990,True
PES-03879,Aline Magalhães Conceição,90106593307,F,1981-06-13,aline_con12@uol.com.br,61975307885,Brasília,DF,73427695,False
PES-03880,César Nunes,17992945280,M,1983-08-06,cesar_nun927@outlook.com,21984186429,Rio de Janeiro,RJ,22652564,True
PES-03881,Luís Souza Andrade,51549146009,M,1996-12-26,luis_and678@hotmail.com,61990261364,Brasília,DF,72506115,True
PES-03882,Renata Silva Nunes Brandão,71066278288,F,1986-03-09,renata.brandao896@hotmail.com,11968934726,São Paulo,SP,05951617,True
PES-03883,Helena Conceição Gomes,74181032043,F,1968-10-27,helena_gom632@bol.com.br,19994081949,Campinas,SP,11855947,False
PES-03884,Renata Dias Assunção,11871014948,F,1982-08-03,renataassuncao134@hotmail.com,31976873140,Belo Horizonte,MG,36227491,False
PES-03885,Hélio Pereira Peixoto,89256389592,M,1993-04-15,helio.peixoto608@gmail.com,11965777459,São Paulo,SP,06192590,False
PES-03886,José Rocha Oliveira Mendes,89424696558,M,1988-09-24,josemendes519@uol.com.br,21974869090,Rio de Janeiro,RJ,29390210,False
PES-03887,Simone Freitas,46991674702,F,1988-11-13,simone.freitas320@yahoo.com.br,11994495520,São Paulo,SP,07275662,True
PES-03888,Thiago Alves,63900254834,M,1998-12-31,thiagoalves467@hotmail.com,21970329430,Rio de Janeiro,RJ,28546906,True
PES-03889,Fábio Conceição Araújo,02896891714,M,1976-01-28,fabio.araujo255@hotmail.com,21976987045,Rio de Janeiro,RJ,25915962,True
PES-03890,Aline Nunes Santos Assunção,48283085395,F,1994-06-10,alineassuncao703@outlook.com,32991244896,Juiz de Fora,MG,35439933,True
PES-03891,Letícia Barbosa Costa,79251135290,F,1990-07-15,leticia_cos171@hotmail.com,19960288940,Campinas,SP,13034532,True
PES-03892,Bruno Gomes Alves,69088415102,M,1984-04-30,bruno.alves77@yahoo.com.br,11985272019,São Paulo,SP,05775002,True
PES-03893,Ana Silva Marques,91729620205,F,2000-04-18,ana.marques14@uol.com.br,32961238393,Juiz de Fora,MG,31782517,True
PES-03894,Márcio Cardoso,32025653549,M,1990-06-14,marcio_car551@outlook.com,62961105977,Goiânia,GO,73509651,False
PES-03895,Fernando Barbosa Barbosa Assunção,55905306109,M,1957-10-11,fernando.assuncao28@bol.com.br,11979507395,São Paulo,SP,06172349,True
PES-03896,Fernando Mendes Alves,34848494796,M,1964-08-05,fernando.alves652@uol.com.br,11960049563,São Paulo,SP,07647553,True
PES-03897,Henrique Guimarães,76222159451,M,1967-10-17,henrique.guimaraes378@bol.com.br,31979768177,Belo Horizonte,MG,32774699,True
PES-03898,Márcio Marques,82127747240,M,1968-09-03,marciomarques89@bol.com.br,48999304339,Florianópolis,SC,82000230,True
PES-03899,Luíza Santos,61718856652,F,1969-12-18,luiza.santos112@gmail.com,11985755539,São Paulo,SP,01001926,True
PES-03900,Caio Melo Araújo Ferreira,63223200096,M,1996-11-27,caio.ferreira732@outlook.com,21967234536,Rio de Janeiro,RJ,27062527,False
PES-03901,André Gomes,81021065498,M,1990-02-02,andre_gom993@uol.com.br,11970795457,São Paulo,SP,07071548,False
PES-03902,Mateus Conceição,50044193963,M,1993-08-22,mateusconceicao493@hotmail.com,51966206633,Porto Alegre,RS,97118407,True
PES-03903,Priscila Carvalho Gomes Silva,59878036081,F,1970-08-19,priscila_sil587@gmail.com,16961595620,Ribeirão Preto,SP,17651395,True
PES-03904,Sérgio Souza Santos,39379360339,M,2003-11-28,sergiosantos220@hotmail.com,31978926104,Belo Horizonte,MG,38068001,True
PES-03905,Bruno Martins,24469974811,M,1996-08-27,brunomartins441@hotmail.com,31997305855,Belo Horizonte,MG,39490249,True
PES-03906,Letícia Carvalho Assunção Guimarães,24894076519,F,1963-06-09,leticia_gui3@gmail.com,11969097527,São Paulo,SP,09964210,False
PES-03907,Gabriela Conceição,91070853623,F,1986-01-22,gabriela.conceicao66@yahoo.com.br,62969405855,Goiânia,GO,79981239,False
PES-03908,Patrícia Santos Carvalho,84892614661,F,1990-09-30,patricia.carvalho884@gmail.com,11964446367,Guarulhos,SP,05931536,False
PES-03909,Lúcia Araújo Freitas Cardoso,77248023515,F,1982-12-27,luciacardoso627@bol.com.br,11989587011,São Paulo,SP,01034529,True
PES-03910,Larissa Conceição Ribeiro,64642061843,F,1996-01-15,larissaribeiro531@gmail.com,31971078253,Belo Horizonte,MG,38341289,False
PES-03911,Wagner Gomes Carvalho Brandão,62699646792,M,1965-06-28,wagner_bra818@uol.com.br,71967134627,Salvador,BA,49088778,True
PES-03912,Márcia Machado Ferreira,31298051258,F,1990-11-06,marcia.ferreira547@gmail.com,11962621488,São Paulo,SP,06208472,True
PES-03913,Helena Araújo Melo,49938432590,F,1984-12-14,isabela.freitas763@bol.com.br,61990534015,Brasília,DF,75946820,True
PES-03914,Bruno Dias Martins,15146922608,M,1960-06-01,bruno.martins721@uol.com.br,71996569989,Salvador,BA,48585553,True
PES-03915,Cláudia Lima Andrade,17953049449,F,1974-10-09,claudia_and522@uol.com.br,31986482956,Belo Horizonte,MG,31658827,False
PES-03916,Camila Barbosa Andrade,28960782580,F,1995-12-27,camila.andrade698@hotmail.com,21971595380,Rio de Janeiro,RJ,27694829,True
PES-03917,Cláudia Brandão Alves,26415509896,F,1979-06-29,claudia.alves989@bol.com.br,16993356837,Ribeirão Preto,SP,14794728,False
PES-03918,Larissa Andrade,82781333956,F,1984-08-26,larissa_and436@hotmail.com,11998943178,São Paulo,SP,01340286,True
PES-03919,Cláudia Dias,17845348112,F,1991-01-22,claudiadias466@yahoo.com.br,62961416819,Goiânia,GO,75803118,False
PES-03920,Gustavo Souza Andrade,08415581408,M,1981-07-05,gustavo_and226@gmail.com,48976579131,Florianópolis,SC,89984981,True
PES-03921,Beatriz Carvalho,03565873396,F,1979-04-23,beatriz_car381@hotmail.com,11980951314,Santo André,SP,01832378,True
PES-03922,Hélio Cardoso,26864950492,M,1995-01-05,helio_car148@outlook.com,61972042394,Brasília,DF,71241747,False
PES-03923,Bruno Marques Martins,79429430629,M,1969-10-20,brunomartins9@bol.com.br,11977007792,São Paulo,SP,02519882,True
PES-03924,Larissa Guimarães,97983612885,F,1985-04-22,larissa_gui607@bol.com.br,21991968555,Rio de Janeiro,RJ,29999330,True
PES-03925,Vinícius Peixoto Araújo,73308531607,M,1977-04-09,viniciusaraujo834@outlook.com,11966318408,São Paulo,SP,05887055,False
PES-03926,João Santos,04384589743,M,1954-07-12,joao.santos224@yahoo.com.br,51985407621,Porto Alegre,RS,98341736,True
PES-03927,Patrícia Gomes,07103773718,F,1993-03-09,patricia.gomes854@gmail.com,11992292915,São Paulo,SP,09082704,True
PES-03928,Otávio Mendes,70144013002,M,1987-02-06,otavio.mendes839@bol.com.br,31982266666,Belo Horizonte,MG,35643412,False
PES-03929,Sônia Ferreira Ferreira Guimarães,79386100380,F,1984-01-19,sonia_gui31@hotmail.com,11997499009,São Paulo,SP,08055193,False
PES-03930,Ana Santos Rocha,32279202808,F,1990-06-24,ana_roc375@bol.com.br,11975441034,São Paulo,SP,05936883,True
PES-03931,Eduardo Pereira Araújo,01988122210,M,1985-02-01,eduardoaraujo802@yahoo.com.br,41961154403,Curitiba,PR,87687770,True
PES-03932,Otávio Melo Guimarães,53950604219,M,1970-12-21,otavioguimaraes673@uol.com.br,11990452203,São Paulo,SP,07455366,True
PES-03933,João Nunes Moreira,93797704216,M,1997-12-12,joao_mor878@uol.com.br,11980935308,São Paulo,SP,05350446,True
PES-03934,Priscila Nunes Alves Martins,72480814696,F,1979-05-22,priscilamartins508@outlook.com,51983179140,Porto Alegre,RS,98868970,True
PES-03935,Vinícius Nascimento Santos,52360507826,M,1997-12-04,vinicius_san614@yahoo.com.br,81990293345,Recife,PE,54083602,True
PES-03936,Larissa Brandão Souza,70594450306,F,1981-05-02,larissasouza433@yahoo.com.br,11993056308,São Paulo,SP,06776931,True
PES-03937,César Freitas Nascimento,68285894592,M,1971-05-29,cesar.nascimento896@outlook.com,11967266722,São Paulo,SP,08213164,True
PES-03938,Júlia Lima Rodrigues,84031428979,F,1985-05-05,julia.rodrigues395@hotmail.com,11990771166,São Paulo,SP,04437612,True
PES-03939,Renata Rocha Nunes,16292595609,F,1968-11-29,renata.nunes752@hotmail.com,11987764582,Guarulhos,SP,06347185,False
PES-03940,Fernando Oliveira Mendes,62885730781,M,1991-11-21,fernando.mendes211@bol.com.br,21994565664,Niterói,RJ,22502799,False
PES-03941,Paulo Nascimento Brandão,93483878475,M,1995-04-20,paulobrandao609@uol.com.br,11991448125,Santo André,SP,05116120,True
PES-03942,Beatriz Ribeiro Costa,78135327757,F,1981-10-26,beatriz.costa679@outlook.com,41986837758,Curitiba,PR,81155618,False
PES-03943,Débora Alves Costa,56227802093,F,1973-01-26,debora.costa446@hotmail.com,16983919396,Ribeirão Preto,SP,14121309,True
PES-03944,Thiago Machado Ferreira,41434554201,M,1975-07-20,thiago.ferreira354@hotmail.com,21979118472,Rio de Janeiro,RJ,29343840,True
PES-03945,Vitória Guimarães,51410622100,F,1987-05-22,vitoriaguimaraes358@bol.com.br,11968918736,São Paulo,SP,04853255,False
PES-03946,Luís Souza Brandão,18146388817,M,1982-02-14,luis.brandao27@gmail.com,31972063131,Belo Horizonte,MG,39409644,False
PES-03947,Isabela Conceição Martins,93092830334,F,1994-03-08,isabela.martins758@uol.com.br,11987878916,Guarulhos,SP,09909062,True
PES-03948,Fernando Melo Souza,58591234936,M,2003-06-02,fernando.souza556@hotmail.com,11992952349,São Paulo,SP,02421954,True
PES-03949,Helena Melo Souza,48401042984,F,1953-02-22,helena_sou295@gmail.com,61977099013,Brasília,DF,75713537,True
PES-03950,Gabriela Machado Freitas,09929474803,F,1968-07-28,gabrielafreitas144@hotmail.com,32961627773,Juiz de Fora,MG,34099009,False
PES-03951,Lucas Melo Alves,39817839648,M,1984-06-19,lucas.alves102@hotmail.com,21984907195,Rio de Janeiro,RJ,29349392,False
PES-03952,Priscila Araújo,21984103032,F,1933-12-31,priscila_ara704@gmail.com,21974106281,Rio de Janeiro,RJ,21171001,True
PES-03953,Helena Marques Barbosa Ferreira,63139046138,F,1978-11-19,helena.ferreira407@gmail.com,11963206791,São Paulo,SP,03711354,False
PES-03954,Rafael Cardoso,68925099594,M,1978-02-02,rafael.cardoso452@uol.com.br,51997627393,Porto Alegre,RS,92926279,True
PES-03955,Débora Andrade Magalhães,03231713544,F,1997-05-24,debora.magalhaes662@hotmail.com,31979867112,Belo Horizonte,MG,33012976,False
PES-03956,Joana Magalhães Andrade,21665467495,F,1979-11-14,joana_and597@hotmail.com,51980515857,Porto Alegre,RS,98388308,False
PES-03957,José Alves Conceição,48791609461,M,1996-10-01,joseconceicao205@yahoo.com.br,19971018492,Campinas,SP,14966183,False
PES-03958,Leonardo Andrade Oliveira,15230168412,M,1971-05-05,leonardooliveira376@bol.com.br,19979421067,Campinas,SP,16151586,True
PES-03959,Larissa Assunção Conceição,96247308574,F,1933-12-31,larissaconceicao856@yahoo.com.br,21963697168,Rio de Janeiro,RJ,29361916,True
PES-03960,Beatriz Ferreira Costa,77038734466,F,1994-12-16,beatriz_cos476@outlook.com,41990331236,Curitiba,PR,85551673,False
PES-03961,Luíza Santos Costa,91999699041,F,1987-08-17,luiza.costa180@yahoo.com.br,21975703167,Rio de Janeiro,RJ,22817227,True
PES-03962,Eduardo Magalhães Santos,31826760679,M,1991-07-02,eduardosantos990@bol.com.br,11974828432,São Paulo,SP,02469582,False
PES-03963,Wagner Cardoso Nunes Dias,85556639116,M,1985-02-02,wagnerdias435@bol.com.br,31990665618,Belo Horizonte,MG,36952553,True
PES-03964,Débora Oliveira Martins,93298251330,F,1982-06-25,debora.martins847@bol.com.br,11999362028,São Paulo,SP,07099583,True
PES-03965,Gustavo Nunes Nunes,49134217860,M,1982-04-19,gustavo.nunes612@gmail.com,11971895628,São Paulo,SP,06411403,False
PES-03966,Patrícia Guimarães Magalhães,21158890109,F,1983-08-09,patricia_mag463@hotmail.com,81982768439,Recife,PE,58083864,True
PES-03967,Cecília Carvalho Brandão,12971403971,F,1995-03-02,cecilia_bra750@bol.com.br,19991519848,Campinas,SP,13275909,True
PES-03968,Leonardo Machado Conceição,26285621039,M,1944-01-17,leonardoconceicao648@uol.com.br,11975847882,São Paulo,SP,02427205,True
PES-03969,Paulo Ferreira,36851754673,M,1997-07-18,paulo.ferreira677@outlook.com,62998329544,Goiânia,GO,78369533,True
PES-03970,Cecília Carvalho,01613639112,F,1934-09-18,cecilia_car770@outlook.com,11988637695,São Paulo,SP,03458893,False
PES-03971,André Cardoso,14210867942,M,1987-03-01,andre_car237@outlook.com,81962076818,Recife,PE,54018621,False
PES-03972,Renata Silva Peixoto,30458718955,F,1987-01-02,renatapeixoto616@bol.com.br,48980917108,Florianópolis,SC,88872155,False
PES-03973,Patrícia Conceição Costa,83899692039,F,2000-10-12,patriciacosta633@yahoo.com.br,11972664829,São Paulo,SP,07172293,True
PES-03974,Sônia Barbosa Martins,32854583990,F,1975-04-01,sonia_mar630@bol.com.br,11960787628,Guarulhos,SP,03269395,True
PES-03975,Júlia Lima Cardoso,89340458257,F,1962-05-24,julia.cardoso479@bol.com.br,21984311777,Rio de Janeiro,RJ,22502341,False
PES-03976,Luís Ferreira,88992316801,M,1978-03-28,luis_fer494@yahoo.com.br,21965858307,Niterói,RJ,29339865,False
PES-03977,Renata Cardoso,69582208465,F,1975-09-12,renatacardoso242@hotmail.com,21975865434,Rio de Janeiro,RJ,29603702,False
PES-03978,Cecília Dias Souza,40280211384,F,1980-06-20,cecilia_sou535@yahoo.com.br,21975172201,Rio de Janeiro,RJ,25749046,True
PES-03979,Camila Carvalho Ribeiro,51884586678,F,1992-11-17,camila_rib199@outlook.com,21969911040,Niterói,RJ,25177784,False
PES-03980,Júlia Santos Ferreira Rodrigues,19567737894,F,1993-08-08,juliarodrigues982@outlook.com,21972829170,Rio de Janeiro,RJ,27464500,False
PES-03981,Patrícia Carvalho Machado,78445017829,F,1977-11-10,patricia_mac627@bol.com.br,32998534493,Juiz de Fora,MG,37549977,True
PES-03982,Gabriela Ribeiro Nascimento Souza,64514948284,F,1987-11-12,gabriela_sou492@uol.com.br,31994869227,Belo Horizonte,MG,31088340,True
PES-03983,José Ribeiro,71734169141,M,1998-06-26,jose.ribeiro104@bol.com.br,19968749896,Campinas,SP,13424623,False
PES-03984,Isabela Andrade Oliveira,97652946549,F,1985-09-25,isabela.oliveira176@gmail.com,62980174134,Goiânia,GO,72381723,True
PES-03985,Eduardo Marques,91179831772,M,1967-11-19,eduardo.marques874@hotmail.com,31990668565,Belo Horizonte,MG,37117544,True
PES-03986,Eduardo Nascimento Santos,94534402562,M,1978-07-24,eduardosantos700@yahoo.com.br,51990586837,Porto Alegre,RS,93938166,True
PES-03987,Caio Silva Nunes,29614310774,M,1942-01-31,caio.nunes187@outlook.com,11966115578,São Paulo,SP,02994675,False
PES-03988,Sônia Dias Oliveira Peixoto,87521527313,F,1949-03-13,soniapeixoto700@uol.com.br,11985327742,São Paulo,SP,02148723,False
PES-03989,Lúcia Brandão Cardoso,58661321336,F,1982-01-13,lucia.cardoso139@bol.com.br,16960732957,Ribeirão Preto,SP,14919538,True
PES-03990,Bruno Peixoto Machado,48687873735,M,1982-02-03,brunomachado357@hotmail.com,21961086864,Rio de Janeiro,RJ,29526268,True
PES-03991,Hélio Costa Andrade,83782728777,M,1956-12-11,helioandrade963@yahoo.com.br,11976029005,Santo André,SP,08648000,True
PES-03992,Sônia Marques Nunes,14755283965,F,1989-06-04,sonia_nun208@gmail.com,11961774046,Guarulhos,SP,01494381,False
PES-03993,Wagner Andrade Alves,96745552264,M,1994-01-23,wagneralves50@yahoo.com.br,11965493055,São Paulo,SP,07512761,True
PES-03994,Eduardo Guimarães Silva,32919728997,M,1984-12-13,eduardo_sil103@bol.com.br,48994712577,Florianópolis,SC,84131246,True
PES-03995,Patrícia Melo Carvalho,51860469060,F,1998-10-24,patriciacarvalho164@outlook.com,41981682065,Curitiba,PR,83497971,False
PES-03996,César Moreira,99960500250,M,1964-06-19,cesar_mor213@uol.com.br,81960385956,Recife,PE,53207957,False
PES-03997,Leonardo Cardoso Magalhães Nascimento,28883769384,M,1983-10-08,leonardonascimento571@outlook.com,11960781916,São Paulo,SP,04447680,False
PES-03998,César Conceição,18064782503,M,1982-02-14,cesarconceicao321@outlook.com,31970858105,Belo Horizonte,MG,37211760,False
PES-03999,Natália Carvalho Barbosa,79120143737,F,1961-12-27,nataliabarbosa934@uol.com.br,51983196034,Porto Alegre,RS,98399202,False
PES-04000,Lúcia Rodrigues Pereira,28340431161,F,1971-11-05,luciapereira395@bol.com.br,11960402284,São Paulo,SP,07619412,False
PES-04001,Helena Alves,82939055149,F,1988-05-03,helenaalves23@uol.com.br,11983087193,Santo André,SP,05114507,True
PES-04002,Joana Santos Marques,43684566020,F,1980-12-25,joanamarques671@uol.com.br,31980101025,Belo Horizonte,MG,39107273,False
PES-04003,Tânia Carvalho Marques,27283341021,F,1935-04-28,taniamarques810@yahoo.com.br,11976766577,Guarulhos,SP,01389781,True
PES-04004,Caio Araújo Ribeiro,14181468704,M,1987-06-03,caioribeiro294@uol.com.br,19965231848,Campinas,SP,18181818,False
PES-04005,André Santos Moreira Silva,88312518304,M,1987-03-03,andre.silva806@uol.com.br,11961484872,São Paulo,SP,02357293,False
PES-04006,Fábio Dias,84880029041,M,1987-12-13,fabio.dias864@outlook.com,31989554307,Belo Horizonte,MG,32283368,False
PES-04007,Antônio Martins Rocha Melo,30368975347,M,1992-04-23,antonio_mel291@yahoo.com.br,48960432796,Florianópolis,SC,86758930,True
PES-04008,Camila Andrade Lima,38363352802,F,1967-07-13,camilalima1@outlook.com,31960983734,Belo Horizonte,MG,39472908,True
PES-04009,Rodrigo Assunção Nascimento,29909450917,M,1953-05-28,rodrigonascimento596@uol.com.br,21997747251,Rio de Janeiro,RJ,23069911,False
PES-04010,Paulo Cardoso Alves Freitas,50513039279,M,1990-03-20,paulofreitas702@yahoo.com.br,41978471828,Curitiba,PR,87974160,False
PES-04011,Fernando Barbosa Alves,75575228851,M,1983-09-22,fernandoalves214@gmail.com,11992119795,Santo André,SP,07630407,False
PES-04012,André Machado,27653630138,M,1995-02-04,andre.machado400@outlook.com,51998757560,Porto Alegre,RS,99341201,True
PES-04013,Raquel Carvalho Magalhães Machado,51354672038,F,1982-05-27,raquel.machado147@hotmail.com,31973821828,Belo Horizonte,MG,39981126,True
PES-04014,Márcia Moreira Oliveira,67507603334,F,1996-07-10,marcia.oliveira926@gmail.com,21972179884,Rio de Janeiro,RJ,28843344,False
PES-04015,Wagner Rodrigues Silva,94525315768,M,1953-10-23,wagner.silva18@bol.com.br,11977489122,São Paulo,SP,03287955,False
PES-04016,Simone Andrade Rocha Silva,95306490298,F,1976-01-09,simone_sil990@hotmail.com,21979383593,Rio de Janeiro,RJ,26122888,False
PES-04017,Letícia Barbosa Dias Assunção,80585089426,F,1959-11-13,leticiaassuncao105@yahoo.com.br,11980255363,São Paulo,SP,02862100,False
PES-04018,Joana Assunção Peixoto,91582366608,F,1977-02-03,joana.peixoto975@gmail.com,19981914429,Campinas,SP,17092081,True
PES-04019,José Souza Nascimento,44226102100,M,1982-10-15,jose.nascimento358@hotmail.com,11967972787,São Paulo,SP,04290864,True
PES-04020,Daniel Marques Moreira Martins,74421196975,M,1995-09-23,daniel_mar722@hotmail.com,31980504739,Belo Horizonte,MG,31707083,False
PES-04021,Fernando Assunção,26565679045,M,1981-11-12,fernandoassuncao688@uol.com.br,21976496880,Niterói,RJ,27334734,False
PES-04022,Sérgio Oliveira Silva,40916093689,M,1984-05-09,sergio_sil557@gmail.com,11974097219,São Paulo,SP,06464953,True
PES-04023,Marcelo Cardoso,02104044774,M,1980-06-12,marcelo.cardoso919@hotmail.com,32972181714,Juiz de Fora,MG,37898427,True
PES-04024,José Oliveira Assunção Souza,38977502608,M,1961-03-20,jose.souza120@uol.com.br,48986064091,Florianópolis,SC,83077017,False
PES-04025,Leonardo Brandão Peixoto,56352191363,M,1994-12-29,leonardo_pei965@outlook.com,61981477243,Brasília,DF,77445826,True
PES-04026,Joana Nascimento,18996570613,F,1985-03-06,joana_nas668@bol.com.br,21968565244,Niterói,RJ,22898831,True
PES-04027,Cecília Andrade Lima,92628074060,F,1993-08-01,cecilia_lim329@outlook.com,11986033726,São Paulo,SP,08938498,True
PES-04028,Otávio Peixoto Ribeiro Oliveira,12579054308,M,1979-04-04,otavio_oli592@yahoo.com.br,11993725316,São Paulo,SP,09689551,False
PES-04029,Isabela Mendes Araújo,99653052691,F,1977-03-08,isabelaaraujo65@bol.com.br,51980161673,Porto Alegre,RS,94436667,False
PES-04030,Tânia Conceição Conceição,75338673002,F,1973-01-21,tania_con418@outlook.com,19985607752,Campinas,SP,17488799,True
PES-04031,Caio Rodrigues Martins,59962160600,M,1991-06-14,caiomartins37@hotmail.com,81991732592,Recife,PE,51196711,True
PES-04032,Lúcia Nunes Assunção,31087207240,F,1994-11-28,luciaassuncao277@bol.com.br,21974769554,Niterói,RJ,23292704,False
PES-04033,Daniel Ferreira Rocha Brandão,78026663330,M,1972-04-22,danielbrandao301@yahoo.com.br,48961088782,Florianópolis,SC,82433481,False
PES-04034,Larissa Carvalho,30614977657,F,1980-01-28,larissacarvalho668@hotmail.com,19961689213,Campinas,SP,19311473,True
PES-04035,Mateus Pereira Freitas,28999416402,M,1993-07-09,mateusfreitas137@yahoo.com.br,51997028773,Porto Alegre,RS,96839565,True
PES-04036,Fernanda Peixoto Oliveira,30907159613,F,1981-01-22,fernanda_oli242@uol.com.br,16977545566,Ribeirão Preto,SP,17019012,False
PES-04037,Otávio Carvalho Freitas Freitas,19048069530,M,1967-11-01,otavio.freitas634@gmail.com,11969656422,São Paulo,SP,09152766,False
PES-04038,Renata Rodrigues Mendes,11513945211,F,1998-05-29,renata_men606@outlook.com,31988594116,Belo Horizonte,MG,35504087,False
PES-04039,Joana Assunção Costa,80295501383,F,1958-01-13,joanacosta4@bol.com.br,16962675122,Ribeirão Preto,SP,19841160,False
PES-04040,Márcia Rodrigues,66075068368,F,1993-06-09,marcia_rod525@gmail.com,11972075743,São Paulo,SP,09111167,True
PES-04041,Leonardo Oliveira Melo,11934861065,M,1990-07-24,leonardo.melo409@uol.com.br,11984725004,São Paulo,SP,09630210,False
PES-04042,Cecília Silva Costa,18387239780,F,2000-12-15,cecilia.costa453@gmail.com,11972158383,São Paulo,SP,03182559,True
PES-04043,Priscila Conceição,95582042008,F,1995-05-21,priscila_con51@uol.com.br,11985976131,São Paulo,SP,01889026,False
PES-04044,Fábio Conceição Dias,54960619031,M,1998-12-10,fabiodias417@gmail.com,11981841388,São Paulo,SP,08060717,False
PES-04045,Márcio Souza Silva,57894114448,M,1987-06-07,marciosilva879@hotmail.com,48978509095,Florianópolis,SC,87352676,True
PES-04046,Leonardo Alves Silva,81571355324,M,1988-02-22,leonardo_sil949@hotmail.com,31980801553,Belo Horizonte,MG,37025980,False
PES-04047,Paulo Cardoso Silva,85022948656,M,1956-11-09,paulo_sil658@gmail.com,11977066250,São Paulo,SP,05690126,True
PES-04048,Lucas Dias,24946896430,M,1964-07-27,lucas.dias187@yahoo.com.br,48969782749,Florianópolis,SC,86870127,True
PES-04049,Sônia Oliveira Gomes,72980877891,F,1984-11-14,soniagomes251@hotmail.com,71985396315,Salvador,BA,42205138,True
PES-04050,Rodrigo Andrade Souza,68013188701,M,1976-09-22,rodrigo.souza572@gmail.com,11973886283,Guarulhos,SP,08680050,False
PES-04051,Raquel Silva Conceição,29243505220,F,1988-07-17,raquel_con544@hotmail.com,11961044083,São Paulo,SP,01073094,True
PES-04052,Gabriela Ferreira,84548281924,F,1980-02-04,gabrielaferreira344@yahoo.com.br,16985763276,Ribeirão Preto,SP,15140167,True
PES-04053,Thiago Cardoso Costa,59603626783,M,1971-11-26,thiagocosta994@outlook.com,31986035676,Belo Horizonte,MG,31216940,True
PES-04054,Fábio Rocha Oliveira,11617151777,M,1980-02-17,fabio_oli650@yahoo.com.br,62965531822,Goiânia,GO,74580324,True
PES-04055,Gabriela Mendes Conceição Souza,97302219443,F,2001-04-28,gabrielasouza217@uol.com.br,61963485556,Brasília,DF,74561615,False
PES-04056,Rafael Pereira Moreira Costa,67111819217,M,2000-10-15,rafaelcosta916@hotmail.com,21992345176,Rio de Janeiro,RJ,26162513,False
PES-04057,Eduardo Alves Silva,62320572953,M,1967-07-25,eduardo.silva155@outlook.com,11989137387,São Paulo,SP,01077678,False
PES-04058,Rafael Oliveira Moreira,45519231508,M,1992-01-29,rafael.moreira14@hotmail.com,11975834659,São Paulo,SP,04476113,False
PES-04059,Isabela Ferreira,29097468604,F,2000-08-12,isabela.ferreira946@outlook.com,51967866216,Porto Alegre,RS,92295503,True
PES-04060,Lúcia Rocha Dias,58644513710,F,1987-06-27,lucia.dias528@uol.com.br,16960807673,Ribeirão Preto,SP,11158381,True
PES-04061,Márcia Melo Ribeiro,94514862169,F,1974-01-29,marciaribeiro968@hotmail.com,51994872374,Porto Alegre,RS,93967404,True
PES-04062,Luís Lima,08746438211,M,1981-09-26,luis.lima793@hotmail.com,11969871555,Santo André,SP,02789170,True
PES-04063,Sérgio Nunes Pereira,02154654401,M,1953-12-10,sergio_per311@outlook.com,11974773419,São Paulo,SP,09967260,False
PES-04064,Fábio Gomes Ribeiro,38630859814,M,1982-09-13,fabioribeiro369@hotmail.com,21975979463,Rio de Janeiro,RJ,25786474,True
PES-04065,Vinícius Barbosa,26274327452,M,1980-03-15,vinicius.barbosa573@yahoo.com.br,11965894959,Guarulhos,SP,09870513,False
PES-04066,Fernando Ribeiro Santos,61861545649,M,1997-08-31,fernandosantos143@yahoo.com.br,21988357203,Rio de Janeiro,RJ,24771258,True
PES-04067,Henrique Gomes Costa,52188086520,M,1969-05-26,henrique.costa757@bol.com.br,31963243596,Belo Horizonte,MG,32517789,False
PES-04068,Beatriz Gomes Freitas Souza,94420400145,F,1977-05-23,beatrizsouza795@uol.com.br,11966481835,São Paulo,SP,04311733,False
PES-04069,César Andrade Costa,35019060216,M,1996-02-06,cesarcosta567@yahoo.com.br,11967555486,São Paulo,SP,08338894,False
PES-04070,Simone Ribeiro Ferreira,26727786631,F,1989-05-20,simone_fer278@uol.com.br,32971065734,Juiz de Fora,MG,32093654,True
PES-04071,Luíza Souza Araújo,07046512035,F,1969-01-01,luizaaraujo551@uol.com.br,21994847579,Rio de Janeiro,RJ,26937030,True
PES-04072,Marcelo Rocha,10849925401,M,1973-03-02,marcelo.rocha482@hotmail.com,11964405190,São Paulo,SP,02718571,True
PES-04073,Vitória Mendes Silva,45595583703,F,2004-02-29,vitoria_sil746@yahoo.com.br,11985695523,São Paulo,SP,09865930,True
PES-04074,Renata Nascimento Marques,41245982117,F,1980-08-26,renata_mar444@gmail.com,51998675761,Porto Alegre,RS,95686709,False
PES-04075,Cecília Oliveira,28950075270,F,1991-11-06,ceciliaoliveira916@hotmail.com,21981781793,Niterói,RJ,24336732,True
PES-04076,Otávio Martins,38833005275,M,1995-01-15,otavio.martins722@outlook.com,21961693280,Rio de Janeiro,RJ,21474949,False
PES-04077,Joana Ferreira,03035307741,F,1971-12-07,fabiobarbosa397@uol.com.br,48972017867,Florianópolis,SC,85755737,False
PES-04078,Letícia Andrade Mendes,07600938570,F,1976-01-31,leticia_men597@uol.com.br,11989636089,São Paulo,SP,06206003,False
PES-04079,Helena Carvalho,55031521236,F,1984-04-14,helena.carvalho876@yahoo.com.br,31981437203,Belo Horizonte,MG,38019619,True
PES-04080,Ana Melo,39037856527,F,1985-08-28,ana_mel695@outlook.com,48998746690,Florianópolis,SC,82167717,True
PES-04081,Marcelo Pereira Brandão,55313907930,M,1996-10-11,marcelo.brandao208@hotmail.com,11963767071,Guarulhos,SP,04951737,True
PES-04082,Camila Marques Carvalho,12969186292,F,1969-02-08,camila_car418@gmail.com,11961993530,São Paulo,SP,08112337,True
PES-04083,Wagner Ferreira Martins,28395112904,M,1974-06-03,wagner_mar751@outlook.com,31973092616,Belo Horizonte,MG,35714411,True
PES-04084,Aline Pereira,42005165433,F,1943-04-21,aline.pereira691@outlook.com,11996449284,São Paulo,SP,08706863,False
PES-04085,José Pereira Rocha,18173300712,M,1966-08-01,joserocha195@hotmail.com,19978669235,Campinas,SP,14504524,False
PES-04086,Patrícia Marques Brandão Pereira,42132928274,F,1987-04-30,patriciapereira744@outlook.com,11982077535,São Paulo,SP,06615103,False
PES-04087,Antônio Moreira,10863765793,M,1951-01-31,antoniomoreira713@outlook.com,11996571670,São Paulo,SP,07244490,False
PES-04088,Cecília Alves Assunção,54220715657,F,1956-10-24,ceciliaassuncao834@uol.com.br,19976595092,Campinas,SP,14783248,True
PES-04089,Simone Assunção Souza,11576058697,F,1996-08-03,simone.souza505@bol.com.br,21993674469,Rio de Janeiro,RJ,26196674,False
PES-04090,César Santos Santos,75538869806,M,1977-06-26,cesarsantos704@outlook.com,11960399969,São Paulo,SP,02610895,False
PES-04091,Natália Pereira Oliveira,72257192702,F,1987-05-03,natalia_oli622@yahoo.com.br,19977931166,Campinas,SP,19254026,False
PES-04092,Lúcia Santos,58800592279,F,1990-07-22,lucia.santos414@yahoo.com.br,21979502040,Rio de Janeiro,RJ,29622054,False
PES-04093,Cecília Ribeiro,80636062058,F,1956-05-03,ceciliaribeiro227@uol.com.br,41971287037,Curitiba,PR,83207622,True
PES-04094,Sônia Brandão Carvalho,31768759596,F,1999-12-10,sonia.carvalho168@outlook.com,11970569163,São Paulo,SP,07718912,False
PES-04095,Daniel Santos Dias,09556181180,M,1982-10-03,danieldias217@outlook.com,81977091359,Recife,PE,59674468,True
PES-04096,Eduardo Ribeiro Martins,00474614700,M,1984-10-08,eduardo_mar951@gmail.com,11978989204,São Paulo,SP,06916657,True
PES-04097,Camila Ferreira Silva,80705620484,F,1996-02-23,camila_sil435@bol.com.br,11975584426,São Paulo,SP,03013468,True
PES-04098,Vinícius Mendes Alves,89639093955,M,1993-08-31,vinicius_alv100@uol.com.br,11975538554,São Paulo,SP,03024109,True
PES-04099,César Moreira,19084510844,M,1974-11-28,cesar.moreira81@yahoo.com.br,11996095330,São Paulo,SP,05665094,True
PES-04100,Vitória Cardoso Oliveira Barbosa,38178107252,F,1984-02-02,vitoriabarbosa391@hotmail.com,11971297319,São Paulo,SP,07742523,False
PES-04101,Débora Rocha Mendes Carvalho,54545807593,F,1980-04-22,debora.carvalho378@gmail.com,21995658011,Niterói,RJ,28870103,True
PES-04102,Camila Marques,72888910543,F,1988-12-28,camilamarques699@bol.com.br,19994846270,Campinas,SP,17569406,False
PES-04103,Mariana Marques Carvalho,69119171668,F,2001-05-13,mariana.carvalho998@yahoo.com.br,11992364140,São Paulo,SP,06669527,True
PES-04104,Tânia Gomes Nunes Dias,03470798737,F,1986-07-17,taniadias476@uol.com.br,11965864246,São Paulo,SP,07519219,False
PES-04105,Mariana Marques Freitas,11044111054,F,1994-11-26,mariana.freitas471@uol.com.br,19970818765,Campinas,SP,15373920,False
PES-04106,Renata Costa Guimarães Nascimento,75248547067,F,1933-12-31,renata_nas391@gmail.com,31973015135,Belo Horizonte,MG,33740638,True
PES-04107,Helena Oliveira Assunção,35024977963,F,1983-10-17,helenaassuncao846@gmail.com,61978478521,Brasília,DF,77784089,False
PES-04108,Simone Gomes Dias Nascimento,41063268176,F,2006-03-09,simone_nas412@yahoo.com.br,41994043449,Curitiba,PR,85216017,False
PES-04109,Wagner Carvalho Silva Cardoso,99112840505,M,1989-01-24,wagnercardoso48@uol.com.br,21972049148,Rio de Janeiro,RJ,29513577,True
PES-04110,João Lima Moreira Gomes,29400400950,M,1958-04-19,joao.gomes364@yahoo.com.br,31960773377,Belo Horizonte,MG,37603547,False
PES-04111,Fernanda Ferreira,82826472330,F,1959-09-10,fernanda.ferreira274@uol.com.br,41983996017,Curitiba,PR,89880411,True
PES-04112,Fernando Souza,29002490232,M,1992-01-22,fernando_sou322@outlook.com,11966399757,São Paulo,SP,05781397,False
PES-04113,Antônio Ribeiro Freitas,60907173209,M,1973-09-20,antonio_fre142@uol.com.br,11993769165,São Paulo,SP,02236348,True
PES-04114,Márcio Costa Cardoso,54564690493,M,1964-03-05,marcio.cardoso614@hotmail.com,11961002843,São Paulo,SP,04877875,True
PES-04115,Luís Gomes Gomes,33388065233,M,1981-04-09,luisgomes604@hotmail.com,11986517968,São Paulo,SP,01691856,True
PES-04116,Débora Peixoto Ribeiro,82989814485,F,1973-11-04,debora.ribeiro701@outlook.com,21963969332,Rio de Janeiro,RJ,27101903,False
PES-04117,Lúcia Moreira Rodrigues,45841626973,F,1986-05-15,luciarodrigues972@outlook.com,11976078058,São Paulo,SP,03270232,False
PES-04118,Rafael Peixoto Araújo,35705215401,M,1983-11-29,rafaelaraujo115@gmail.com,11988652177,São Paulo,SP,01688138,True
PES-04119,Márcio Rocha,40391132334,M,1974-10-02,marcio_roc291@hotmail.com,51997135281,Porto Alegre,RS,96578891,True
PES-04120,Marcelo Nascimento Pereira,54090948754,M,1961-07-20,marcelo_per872@uol.com.br,11970038018,São Paulo,SP,09863846,False
PES-04121,Cláudia Carvalho Costa,14089087430,F,1953-08-23,claudia.costa877@uol.com.br,11994178269,São Paulo,SP,02451725,True
PES-04122,Lucas Machado Araújo,61772115002,M,1934-10-25,lucasaraujo321@hotmail.com,11976855334,São Paulo,SP,06005697,False
PES-04123,Mariana Rodrigues Machado,03185689933,F,1958-07-03,marianamachado246@hotmail.com,11997005723,Santo André,SP,06910984,False
PES-04124,Cecília Nunes Assunção,17987643939,F,1976-06-28,cecilia.assuncao755@uol.com.br,21963274376,Niterói,RJ,21800509,False
PES-04125,Débora Carvalho Pereira Andrade,67914104345,F,1964-04-20,debora.andrade44@bol.com.br,21995772834,Niterói,RJ,26166617,False
PES-04126,Patrícia Lima,82370697814,F,1979-11-21,patricia_lim526@uol.com.br,16964152531,Ribeirão Preto,SP,17320663,True
PES-04127,Wagner Rodrigues,44746721432,M,1992-04-01,wagnerrodrigues832@gmail.com,11994401778,São Paulo,SP,06609616,False
PES-04128,Márcio Andrade,66371835637,M,1988-02-02,marcio_and337@outlook.com,11989085788,São Paulo,SP,08653773,True
PES-04129,Fernanda Melo Lima Souza,10513697543,F,1977-12-24,fernanda_sou63@outlook.com,61986823740,Brasília,DF,72882352,False
PES-04130,Camila Rodrigues Martins Moreira,51527781810,F,1956-04-22,camila_mor744@yahoo.com.br,11992881226,Guarulhos,SP,05310473,False
PES-04131,Gustavo Lima,42412240590,M,1987-11-22,gustavo.lima220@bol.com.br,31994598618,Belo Horizonte,MG,31397810,True
PES-04132,Luíza Alves Peixoto,97562569827,F,1980-07-22,luizapeixoto370@outlook.com,21990507782,Rio de Janeiro,RJ,28594211,True
PES-04133,Cecília Souza Rocha,19585477351,F,1965-05-18,cecilia_roc557@uol.com.br,51982632088,Porto Alegre,RS,93682277,False
PES-04134,Vitória Gomes Ferreira Alves,12872562109,F,1976-02-09,vitoria_alv925@yahoo.com.br,11996953604,São Paulo,SP,02685527,True
PES-04135,Gustavo Assunção Andrade,56175877659,M,1993-12-05,gustavoandrade338@uol.com.br,31993375710,Belo Horizonte,MG,32929736,False
PES-04136,Henrique Peixoto Mendes,80845896520,M,1996-03-30,henrique.mendes628@hotmail.com,21999747979,Rio de Janeiro,RJ,22531649,False
PES-04137,Lúcia Nunes Ribeiro,84141376442,F,1983-05-01,luciaribeiro983@bol.com.br,51993005768,Porto Alegre,RS,92299827,False
PES-04138,Bruno Freitas,81972117602,M,2001-06-18,bruno.freitas994@uol.com.br,19995898667,Campinas,SP,11446192,True
PES-04139,Paulo Ribeiro Lima,01326192299,M,1943-04-08,paulolima542@gmail.com,11981203297,Guarulhos,SP,08990958,True
PES-04140,Mariana Nascimento,99019968130,F,2003-02-22,mariana_nas3@bol.com.br,11987609789,São Paulo,SP,07294709,True
PES-04141,Sônia Andrade Nunes Peixoto,72112257501,F,2000-05-11,sonia_pei400@yahoo.com.br,11988218373,São Paulo,SP,01825784,True
PES-04142,César Assunção,47062470040,M,1992-09-01,cesarassuncao93@yahoo.com.br,16991396749,Ribeirão Preto,SP,12211227,False
PES-04143,Beatriz Alves Nunes,26168302301,F,1994-10-18,beatriz.nunes315@outlook.com,11985798544,Guarulhos,SP,07256853,True
PES-04144,Fernando Dias Mendes,11987374924,M,1968-04-03,fernando.mendes817@gmail.com,61967754792,Brasília,DF,77278048,False
PES-04145,Camila Magalhães Silva,97547646034,F,1995-07-12,camila.silva172@uol.com.br,11976114614,Guarulhos,SP,07646288,True
PES-04146,Hélio Guimarães Carvalho,75502313204,M,1989-12-06,heliocarvalho753@yahoo.com.br,21982359726,Rio de Janeiro,RJ,28334462,True
PES-04147,Tânia Rocha Alves,00967323428,F,1964-07-23,taniaalves158@yahoo.com.br,32986379058,Juiz de Fora,MG,31818536,False
PES-04148,Antônio Moreira Silva,05896710143,M,1972-07-18,antonio_sil187@outlook.com,71989801009,Salvador,BA,48192720,False
PES-04149,Paulo Carvalho,33615224639,M,1974-02-25,paulocarvalho725@bol.com.br,11987304703,São Paulo,SP,04399948,False
PES-04150,Gustavo Moreira Pereira,57514068503,M,1997-06-14,gustavo_per986@outlook.com,11979685462,São Paulo,SP,08989140,False
PES-04151,Raquel Santos,23528441852,F,1993-01-04,raquelsantos384@hotmail.com,51964052965,Porto Alegre,RS,98854931,True
PES-04152,Caio Cardoso,68137171703,M,1955-08-21,caiocardoso267@hotmail.com,21980631769,Rio de Janeiro,RJ,21091640,False
PES-04153,Mariana Silva Pereira,92073441068,F,1960-11-05,marianapereira120@uol.com.br,11960899151,São Paulo,SP,03105493,False
PES-04154,Mariana Alves Costa,79980957921,F,1995-08-27,mariana.costa685@gmail.com,11974299216,Guarulhos,SP,02379798,True
PES-04155,César Santos Nascimento,53637810506,M,1973-07-22,cesar_nas559@bol.com.br,11970345963,São Paulo,SP,06858017,False
PES-04156,Natália Alves Machado,67244708629,F,1991-11-15,nataliamachado497@yahoo.com.br,48969001328,Florianópolis,SC,86106451,False
PES-04157,Otávio Brandão Carvalho,23628254779,M,1966-06-08,otaviocarvalho966@hotmail.com,11972982343,São Paulo,SP,07870725,True
PES-04158,Vitória Conceição Machado,53342971380,F,1983-01-21,vitoria_mac900@outlook.com,21971479530,Rio de Janeiro,RJ,24625055,True
PES-04159,Leonardo Ribeiro Barbosa,61706361491,M,1966-04-06,leonardo_bar762@bol.com.br,11987721646,Guarulhos,SP,06304467,True
PES-04160,Letícia Barbosa Moreira,28038300866,F,1973-04-28,leticiamoreira541@yahoo.com.br,21981787577,Rio de Janeiro,RJ,28831001,True
PES-04161,Luíza Cardoso,89505325908,F,1992-02-06,luizacardoso935@yahoo.com.br,11981107454,São Paulo,SP,02196511,True
PES-04162,Thiago Melo Cardoso,63708472403,M,2000-02-01,thiago.cardoso975@hotmail.com,11969154822,São Paulo,SP,02155615,True
PES-04163,Thiago Melo Melo,19939326661,M,1994-02-12,thiago.melo820@hotmail.com,11962733366,São Paulo,SP,03381148,True
PES-04164,Raquel Brandão,14125478570,F,1979-07-17,raquelbrandao446@hotmail.com,11989446364,São Paulo,SP,01220231,True
PES-04165,Wagner Nunes,53068971187,M,1987-09-30,wagnernunes799@gmail.com,71979878927,Salvador,BA,48059666,True
PES-04166,Gabriela Ferreira,33540988645,F,2000-04-17,gabriela_fer289@hotmail.com,19984631608,Campinas,SP,11084745,False
PES-04167,Caio Machado Barbosa,26922593782,M,1976-11-05,caio.barbosa193@uol.com.br,61978705843,Brasília,DF,79977194,False
PES-04168,Larissa Nascimento Brandão Souza,50137083386,F,1987-05-14,larissa_sou129@hotmail.com,48987301382,Florianópolis,SC,86336917,False
PES-04169,Isabela Guimarães Marques Rodrigues,91441756981,F,1977-01-29,isabelarodrigues379@yahoo.com.br,11971842166,São Paulo,SP,02412348,True
PES-04170,Priscila Rocha Nunes,34010578637,F,1982-07-20,priscila.nunes602@yahoo.com.br,11973449336,Guarulhos,SP,03397733,False
PES-04171,Wagner Conceição,52650698012,M,1978-07-29,wagner_con841@outlook.com,11974704484,Guarulhos,SP,04269345,True
PES-04172,Joana Andrade Martins,18405838007,F,1977-12-06,joanamartins727@hotmail.com,32987739559,Juiz de Fora,MG,34453667,False
PES-04173,Lucas Barbosa Pereira,50381046303,M,1965-01-19,lucas.pereira336@gmail.com,11993367379,São Paulo,SP,07083733,True
PES-04174,Aline Gomes Marques,32348955628,F,1972-07-03,alinemarques498@outlook.com,21976199556,Niterói,RJ,26617326,True
PES-04175,Rodrigo Mendes Araújo,00018276504,M,1995-05-20,rodrigo_ara763@bol.com.br,11977181432,São Paulo,SP,09227056,False
PES-04176,Lúcia Rocha Nascimento,67155807400,F,1983-03-18,lucia.nascimento229@gmail.com,11995591748,São Paulo,SP,01000479,True
PES-04177,Bruno Freitas,23682884904,M,1996-11-09,bruno_fre409@hotmail.com,62980892229,Goiânia,GO,73118170,True
PES-04178,Aline Lima Moreira Marques,14004530032,F,1987-03-03,aline_mar89@outlook.com,61974766053,Brasília,DF,73157968,False
PES-04179,Luíza Rodrigues Dias,67725869050,F,1973-03-22,luizadias377@yahoo.com.br,21974577005,Rio de Janeiro,RJ,27286311,False
PES-04180,Aline Rodrigues Brandão,33705170783,F,2005-05-19,alinebrandao125@hotmail.com,41994784636,Curitiba,PR,83804280,True
PES-04181,Patrícia Carvalho Mendes,33342842555,F,1989-04-09,patricia_men701@hotmail.com,21973508769,Rio de Janeiro,RJ,27343409,True
PES-04182,Rafael Mendes Freitas Conceição,32895652031,M,1970-10-21,rafaelconceicao755@gmail.com,21966593583,Rio de Janeiro,RJ,28081418,False
PES-04183,João Santos Martins,55292355810,M,1992-01-31,joaomartins429@hotmail.com,11997824175,São Paulo,SP,04765422,False
PES-04184,Patrícia Nunes Marques,19979639067,F,1972-10-27,patricia.marques239@outlook.com,11969695616,São Paulo,SP,03558360,True
PES-04185,Rodrigo Ribeiro Dias,23620995397,M,1992-08-24,rodrigo_dia829@bol.com.br,51960876970,Porto Alegre,RS,93050107,True
PES-04186,André Freitas,69184931167,M,1961-08-16,andre_fre894@bol.com.br,19968293940,Campinas,SP,14046654,False
PES-04187,Joana Ribeiro Araújo Rocha,64463768713,F,1998-07-29,joana_roc561@outlook.com,11991136992,Santo André,SP,08225087,False
PES-04188,César Pereira,28043382581,M,1969-11-25,cesar.pereira450@gmail.com,41991098767,Curitiba,PR,81410203,True
PES-04189,Lucas Mendes,34239477050,M,1982-05-12,lucas.mendes397@yahoo.com.br,31994606460,Belo Horizonte,MG,34919694,False
PES-04190,Luíza Brandão Marques,35864401110,F,1987-04-05,luiza.marques322@bol.com.br,11969111905,São Paulo,SP,09118801,False
PES-04191,Caio Andrade Nascimento,34479400184,M,1988-02-01,caio_nas91@outlook.com,11976671431,Guarulhos,SP,04180904,False
PES-04192,Vinícius Conceição Pereira,98652808503,M,1989-02-18,viniciuspereira550@gmail.com,11960223289,São Paulo,SP,01475169,False
PES-04193,Caio Ribeiro Araújo,97536615175,M,1960-03-05,caio.araujo787@bol.com.br,11986035457,São Paulo,SP,08108795,True
PES-04194,José Assunção Brandão,63034777205,M,1955-05-21,josebrandao921@outlook.com,11981151739,São Paulo,SP,05508141,True
PES-04195,Camila Souza Silva,91291120955,F,1998-03-27,camila_sil626@bol.com.br,81966201825,Recife,PE,51064733,True
PES-04196,Vitória Pereira Freitas,40650463358,F,1981-07-25,vitoriafreitas256@bol.com.br,41982147222,Curitiba,PR,89171859,True
PES-04197,Vitória Assunção Freitas,25639317469,F,1980-01-26,vitoria.freitas191@gmail.com,21960726806,Rio de Janeiro,RJ,27933741,True
PES-04198,José Mendes Gomes Freitas,59503710707,M,1989-08-11,jose_fre941@uol.com.br,62980988948,Goiânia,GO,71119713,False
PES-04199,Antônio Moreira Dias,63052439561,M,1936-03-22,antonio.dias578@uol.com.br,21998764432,Rio de Janeiro,RJ,26314889,False
PES-04200,Henrique Andrade Freitas,06009100321,M,1986-12-06,henrique_fre276@gmail.com,21972113005,Rio de Janeiro,RJ,28486181,True
PES-04201,Wagner Nascimento,64440370268,M,1980-08-26,wagner_nas868@uol.com.br,21963868209,Rio de Janeiro,RJ,24640645,True
PES-04202,Priscila Oliveira Marques,16192068704,F,1991-11-06,priscila_mar754@uol.com.br,71992736233,Salvador,BA,44955148,True
PES-04203,Débora Souza Alves,00903577526,F,1973-06-25,debora.alves284@bol.com.br,11975293787,Guarulhos,SP,03661382,True
PES-04204,Natália Assunção Barbosa,50842390120,F,1986-05-09,nataliabarbosa34@gmail.com,62980384293,Goiânia,GO,75943593,True
PES-04205,Mariana Nunes Conceição,40602396077,F,1986-11-22,marianaconceicao220@bol.com.br,19967161590,Campinas,SP,18999162,True
PES-04206,Mateus Moreira Souza,82181732930,M,1987-03-11,mateus.souza946@hotmail.com,32962889570,Juiz de Fora,MG,37177815,True
PES-04207,José Dias Alves,73304470484,M,1993-10-03,jose_alv67@uol.com.br,21993638229,Niterói,RJ,25172655,False
PES-04208,Simone Dias Ribeiro,53266393350,F,1975-03-23,simone.ribeiro9@outlook.com,11968861836,São Paulo,SP,05249972,True
PES-04209,Camila Guimarães Mendes,90925816582,F,1967-03-01,camila.mendes229@uol.com.br,19970943620,Campinas,SP,19166499,True
PES-04210,Vitória Silva Rocha,34145498089,F,1975-04-07,vitoria.rocha32@yahoo.com.br,62977697558,Goiânia,GO,77314386,True
PES-04211,Fernanda Rocha Guimarães Ferreira,14801105408,F,1986-09-01,fernandaferreira654@hotmail.com,61968991461,Brasília,DF,76964377,True
PES-04212,Helena Marques Oliveira,00812070500,F,1969-02-01,helena.oliveira221@outlook.com,21988228796,Rio de Janeiro,RJ,24249089,True
PES-04213,Paulo Alves,57500258704,M,1999-09-18,paulo.alves267@gmail.com,11963694725,São Paulo,SP,05115660,True
PES-04214,Antônio Assunção Nunes,19140241505,M,1991-06-22,antonionunes903@gmail.com,21983363610,Rio de Janeiro,RJ,27141996,False
PES-04215,Gabriela Alves Melo,35297429102,F,1977-11-27,gabriela.melo126@gmail.com,11988309248,São Paulo,SP,06498345,False
PES-04216,Luíza Santos,71797538403,F,1985-10-11,luizasantos84@yahoo.com.br,11965024231,São Paulo,SP,08423151,False
PES-04217,Simone Freitas,28493516600,F,1986-12-16,simonefreitas19@outlook.com,61974547185,Brasília,DF,73437372,False
PES-04218,Leonardo Dias Alves,89364570715,M,1981-10-23,leonardo.alves228@yahoo.com.br,51996948391,Porto Alegre,RS,96087816,True
PES-04219,Sérgio Magalhães Mendes,63004891832,M,1956-05-07,sergiomendes991@yahoo.com.br,32985827395,Juiz de Fora,MG,33089862,True
PES-04220,Caio Lima,67280573665,M,1995-06-19,caio_lim609@outlook.com,11996967909,Guarulhos,SP,03430728,False
PES-04221,Márcia Melo Pereira,67358014901,F,1986-09-21,marcia.pereira440@uol.com.br,11984926750,Guarulhos,SP,04781991,False
PES-04222,Sônia Freitas Freitas,63190195145,F,1994-05-30,soniafreitas639@gmail.com,11998757856,São Paulo,SP,04962384,False
PES-04223,Mateus Silva Silva,68840949747,M,1994-09-26,mateussilva498@gmail.com,61973978063,Brasília,DF,79436557,True
PES-04224,Letícia Rocha Conceição Gomes,89351508439,F,1991-12-13,leticia_gom919@hotmail.com,21969802876,Rio de Janeiro,RJ,26837495,False
PES-04225,Letícia Dias Assunção,83384873254,F,1969-08-20,leticia_ass241@hotmail.com,31994525688,Belo Horizonte,MG,38515331,False
PES-04226,Mariana Oliveira Dias,25882847010,F,1977-05-13,marianadias723@bol.com.br,11979371492,São Paulo,SP,07217720,True
PES-04227,Renata Barbosa Machado,20862437237,F,2003-03-20,renatamachado383@uol.com.br,81975393670,Recife,PE,55791074,True
PES-04228,Fernanda Barbosa,39803389912,F,1986-09-01,fernandabarbosa178@hotmail.com,11996475962,São Paulo,SP,01029919,False
PES-04229,Patrícia Guimarães Melo Melo,24231348600,F,1969-04-15,patricia.melo300@hotmail.com,11966321988,São Paulo,SP,08952478,True
PES-04230,Fernanda Carvalho Cardoso,33996425716,F,1952-11-26,fernanda.cardoso904@uol.com.br,81999482104,Recife,PE,56164361,True
PES-04231,Camila Pereira,50167969986,F,1990-03-05,camilapereira549@bol.com.br,41981863892,Curitiba,PR,83151407,False
PES-04232,Aline Andrade Dias,24879618640,F,1985-10-28,aline_dia615@hotmail.com,11973626170,São Paulo,SP,05809822,True
PES-04233,Luíza Dias,09801595809,F,1992-05-20,luiza_dia621@bol.com.br,31976127647,Belo Horizonte,MG,33486518,True
PES-04234,Mariana Nunes Brandão,92512287521,F,1964-10-02,marianabrandao467@bol.com.br,11966706100,São Paulo,SP,03238656,False
PES-04235,André Oliveira Mendes Costa,70172730287,M,1984-03-11,andre_cos317@outlook.com,71977322459,Salvador,BA,45629672,False
PES-04236,Simone Guimarães Andrade,32082688747,F,1976-01-03,simone_and116@bol.com.br,51997088024,Porto Alegre,RS,98714275,False
PES-04237,Tânia Oliveira Conceição,25076451210,F,1992-06-15,taniaconceicao215@yahoo.com.br,31975553328,Belo Horizonte,MG,35604646,True
PES-04238,Fernanda Santos,61897452535,F,1978-09-17,fernanda_san81@hotmail.com,11977945814,Santo André,SP,07192696,False
PES-04239,Lúcia Costa Oliveira,96257791405,F,1955-12-09,lucia.oliveira246@hotmail.com,48993561620,Florianópolis,SC,84190740,False
PES-04240,Caio Moreira Ferreira Santos,42176878183,M,1977-03-10,caio_san379@outlook.com,21986832740,Rio de Janeiro,RJ,27056214,False
PES-04241,Tânia Lima Santos,89128475976,F,1997-11-07,tania.santos29@uol.com.br,21991046030,Rio de Janeiro,RJ,21436231,True
PES-04242,Márcio Magalhães Costa,07767358100,M,1976-08-21,marciocosta894@gmail.com,11986406095,São Paulo,SP,05278559,True
PES-04243,Otávio Ferreira,39964098340,M,1969-02-27,otavio_fer783@hotmail.com,32971089878,Juiz de Fora,MG,34537286,False
PES-04244,André Martins Oliveira,42558782185,M,1981-09-09,andre_oli673@yahoo.com.br,11972891231,São Paulo,SP,02753155,False
PES-04245,Mariana Rodrigues Machado,67920118000,F,1985-03-15,marianamachado698@bol.com.br,62990889120,Goiânia,GO,73190271,True
PES-04246,Gabriela Oliveira,79685322210,F,1995-10-25,gabriela.oliveira579@gmail.com,21996109706,Rio de Janeiro,RJ,28232447,False
PES-04247,Isabela Araújo Alves,28597806109,F,1979-11-16,isabela_alv569@yahoo.com.br,61977067161,Brasília,DF,73234878,False
PES-04248,Letícia Nascimento,21763285901,F,1983-05-18,leticianascimento107@bol.com.br,11962745612,São Paulo,SP,07066841,False
PES-04249,Vitória Freitas Mendes,47754613700,F,1979-10-03,vitoria.mendes736@uol.com.br,81978493921,Recife,PE,59947121,True
PES-04250,Priscila Machado Ferreira,98786252658,F,1995-08-07,priscilaferreira817@gmail.com,11968635043,São Paulo,SP,04785267,True
PES-04251,Gustavo Marques Rocha,18012080508,M,1969-12-10,gustavo_roc854@hotmail.com,11998246315,São Paulo,SP,08114171,False
PES-04252,Raquel Santos Martins Machado,64627595425,F,1982-11-15,raquel_mac193@hotmail.com,11979158186,São Paulo,SP,03984857,True
PES-04253,João Lima Lima,85656927105,M,1982-05-13,joaolima190@uol.com.br,11971508808,Guarulhos,SP,03241477,False
PES-04254,Joana Assunção Magalhães,19848104720,F,2000-09-25,joana_mag406@outlook.com,21969024499,Rio de Janeiro,RJ,26808212,True
PES-04255,Fernanda Martins Melo,20111718570,F,1996-04-22,fernandamelo476@gmail.com,21980876245,Rio de Janeiro,RJ,25854251,False
PES-04256,Marcelo Nunes Martins,03666786553,M,1997-06-24,marcelomartins343@bol.com.br,31967143173,Belo Horizonte,MG,35037658,True
PES-04257,Cláudia Lima Machado Assunção,28263904145,F,1946-06-29,claudia_ass39@gmail.com,71982299239,Salvador,BA,45510454,True
PES-04258,Beatriz Moreira Silva Santos,40862483280,F,1984-01-13,beatriz_san68@yahoo.com.br,51994889252,Porto Alegre,RS,97675012,False
PES-04259,Leonardo Machado Oliveira,15110850887,M,1991-02-19,leonardooliveira751@uol.com.br,11987085682,São Paulo,SP,01511568,False
PES-04260,Priscila Martins,70100532780,F,1953-07-18,priscila.martins904@bol.com.br,41985396156,Curitiba,PR,87705217,True
PES-04261,Caio Silva Ferreira,18878322547,M,1983-12-30,caio.ferreira33@gmail.com,41977521986,Curitiba,PR,87575159,True
PES-04262,Luíza Nascimento Lima,90787484350,F,1995-04-28,luiza_lim583@hotmail.com,51990871492,Porto Alegre,RS,92025607,True
PES-04263,Vinícius Conceição Souza,00390139360,M,1973-05-18,vinicius_sou183@hotmail.com,41980359677,Curitiba,PR,88631464,True
PES-04264,Thiago Araújo,67438186903,M,1984-01-26,thiago_ara768@uol.com.br,11994765224,São Paulo,SP,01117822,False
PES-04265,Rodrigo Peixoto,34919825293,M,1990-05-24,rodrigo_pei161@yahoo.com.br,81990017029,Recife,PE,55979833,False
PES-04266,Patrícia Ribeiro Machado Nascimento,08337704209,F,1980-01-28,patricia_nas783@uol.com.br,51983046963,Porto Alegre,RS,99315284,True
PES-04267,Cecília Brandão Nascimento,33630184103,F,1972-09-03,cecilia.nascimento424@gmail.com,11970424298,São Paulo,SP,03680708,False
PES-04268,Sérgio Cardoso Rocha,58538771604,M,1997-03-13,sergio.rocha31@uol.com.br,48971649424,Florianópolis,SC,84986955,False
PES-04269,Gabriela Lima,43678614736,F,1980-10-18,gabriela.lima920@uol.com.br,62976187503,Goiânia,GO,72099104,True
PES-04270,Mariana Assunção Santos,70529535521,F,1987-03-19,mariana_san692@bol.com.br,11982996291,São Paulo,SP,06648711,False
PES-04271,Júlia Dias Ribeiro,14227422701,F,1992-01-17,juliaribeiro475@bol.com.br,21999505217,Niterói,RJ,25477625,False
PES-04272,Joana Cardoso Freitas Machado,47405029507,F,1948-03-17,joanamachado928@yahoo.com.br,71976908874,Salvador,BA,48211388,True
PES-04273,Otávio Cardoso Magalhães Carvalho,55183377600,M,1971-08-17,otavio.carvalho522@hotmail.com,31994582952,Belo Horizonte,MG,32060893,True
PES-04274,Sérgio Araújo Costa,59358531240,M,1987-03-12,sergiocosta980@bol.com.br,11971692219,Santo André,SP,04021498,True
PES-04275,Luís Peixoto,98167348695,M,1991-11-12,luis.peixoto202@gmail.com,21979422835,Rio de Janeiro,RJ,23624098,True
PES-04276,Fernanda Andrade,19302085104,F,1993-11-22,fernanda_and459@outlook.com,11982234862,Guarulhos,SP,02396300,False
PES-04277,Gabriela Santos Assunção Andrade,51439669732,F,1975-01-02,gabrielaandrade964@yahoo.com.br,41967033633,Curitiba,PR,88848658,False
PES-04278,Aline Nunes Magalhães Ferreira,57206228372,F,1994-05-13,aline.ferreira495@outlook.com,51972727255,Porto Alegre,RS,95906491,True
PES-04279,Rafael Lima Andrade,40909025410,M,1971-03-19,rafael.andrade450@bol.com.br,71996635072,Salvador,BA,46342286,False
PES-04280,Cláudia Dias Moreira,18211652765,F,1939-07-14,claudia.moreira939@gmail.com,11964549908,São Paulo,SP,02401212,False
PES-04281,Aline Carvalho Assunção,76293387759,F,1958-11-18,alineassuncao709@hotmail.com,11981518502,Guarulhos,SP,08500084,False
PES-04282,Vitória Souza,45048908015,F,1953-05-06,vitoriasouza432@gmail.com,19966725471,Campinas,SP,19839770,False
PES-04283,Henrique Guimarães Martins,87377423021,M,1985-05-20,henrique.martins283@yahoo.com.br,32969368632,Juiz de Fora,MG,35078558,True
PES-04284,Ana Peixoto,60216962200,F,1992-11-19,anapeixoto76@yahoo.com.br,11989441552,São Paulo,SP,09609085,True
PES-04285,José Nunes,43175457215,M,1985-07-24,jose_nun117@gmail.com,41967179623,Curitiba,PR,81568832,False
PES-04286,Sônia Nascimento Ferreira,83182522507,F,1974-03-17,soniaferreira368@bol.com.br,11989738163,São Paulo,SP,03788433,False
PES-04287,Helena Brandão,29095267202,F,1933-12-31,helenabrandao345@outlook.com,21992536977,Rio de Janeiro,RJ,27492992,True
PES-04288,Camila Pereira,32036609899,F,1983-07-19,camila.pereira97@yahoo.com.br,11972969151,São Paulo,SP,05902940,False
PES-04289,Gabriela Rodrigues Carvalho,35877049615,F,1985-09-26,gabrielacarvalho818@hotmail.com,11968558878,São Paulo,SP,04596492,False
PES-04290,César Marques Gomes,98433265121,M,1969-11-19,cesar_gom487@uol.com.br,21991011256,Rio de Janeiro,RJ,25626280,False
PES-04291,Débora Ribeiro Barbosa,02755980559,F,1979-05-15,deborabarbosa635@gmail.com,21985498790,Rio de Janeiro,RJ,25119860,True
PES-04292,Larissa Guimarães Barbosa,39736122930,F,2000-07-07,larissa_bar751@bol.com.br,11983983789,Guarulhos,SP,06442415,True
PES-04293,Raquel Marques,19453308137,F,1958-12-05,raquelmarques866@gmail.com,51990949669,Porto Alegre,RS,91763687,False
PES-04294,Letícia Silva Melo,27973339850,F,1976-12-02,leticia.melo910@uol.com.br,11972651448,São Paulo,SP,01727927,True
PES-04295,Márcio Martins,94285579359,M,1972-02-01,marciomartins673@hotmail.com,19971464143,Campinas,SP,18564730,False
PES-04296,Luíza Rodrigues,75394737380,F,1970-01-10,luizarodrigues1@hotmail.com,81982889442,Recife,PE,51097770,True
PES-04297,Gabriela Martins Rodrigues Moreira,44584801460,F,1991-03-07,gabrielamoreira746@uol.com.br,51994453614,Porto Alegre,RS,95510661,True
PES-04298,Wagner Nunes,89288456961,M,1978-03-02,wagner_nun615@yahoo.com.br,41976564566,Curitiba,PR,84964754,True
PES-04299,Antônio Moreira,51950821625,M,1984-02-10,antonio_mor810@yahoo.com.br,11992835269,Guarulhos,SP,04866245,False
PES-04300,Daniel Conceição Moreira,66490214407,M,1994-12-27,daniel.moreira351@uol.com.br,21968454264,Rio de Janeiro,RJ,25725673,False
PES-04301,Helena Souza Moreira Costa,14594152481,F,1986-07-11,helena.costa561@uol.com.br,19961345590,Campinas,SP,13712957,False
PES-04302,Mateus Silva Freitas Alves,22211722130,M,1999-03-01,mateus.alves551@bol.com.br,31990294268,Belo Horizonte,MG,32920438,False
PES-04303,Luís Ferreira Carvalho,51541054784,M,1976-02-20,luiscarvalho714@gmail.com,16988314587,Ribeirão Preto,SP,11592780,False
PES-04304,Vinícius Alves Lima Nascimento,18333615473,M,1976-02-03,vinicius.nascimento784@uol.com.br,32987672237,Juiz de Fora,MG,34231817,False
PES-04305,Raquel Gomes Martins,97681810366,F,1973-12-18,raquel_mar373@uol.com.br,21975451377,Rio de Janeiro,RJ,29913269,True
PES-04306,Márcia Andrade Alves,66522973880,F,1997-08-17,marciaalves899@yahoo.com.br,11991081248,São Paulo,SP,01542018,False
PES-04307,Leonardo Cardoso,09916935076,M,1997-04-28,leonardocardoso558@gmail.com,19963546110,Campinas,SP,11694812,True
PES-04308,Simone Rodrigues,88113706470,F,1995-01-21,simone.rodrigues240@outlook.com,31991449717,Belo Horizonte,MG,39358487,True
PES-04309,Mateus Rodrigues Moreira Alves,61505139635,M,1987-10-28,mateusalves75@hotmail.com,61968876565,Brasília,DF,72919256,True
PES-04310,Fernanda Peixoto Araújo,00864360312,F,1996-03-18,fernanda.araujo150@uol.com.br,41964865439,Curitiba,PR,82776297,False
PES-04311,Cláudia Costa Cardoso,09284406137,F,1990-02-19,claudiacardoso652@uol.com.br,48962939533,Florianópolis,SC,86604153,True
PES-04312,Débora Brandão Melo,05291895772,F,1964-08-03,wagnerpeixoto283@outlook.com,48966898521,Florianópolis,SC,88488832,True
PES-04313,Márcio Marques Guimarães,77652736552,M,2000-04-23,marcio.guimaraes561@bol.com.br,32965659191,Juiz de Fora,MG,35651924,True
PES-04314,Vinícius Alves,33935418540,M,1942-06-13,vinicius_alv950@uol.com.br,11966145503,São Paulo,SP,06736636,True
PES-04315,Gustavo Santos,60751879010,M,1995-04-19,gustavo_san403@uol.com.br,62973706997,Goiânia,GO,71179470,False
PES-04316,Cláudia Souza Rodrigues,61062179714,F,1979-09-16,claudiarodrigues210@gmail.com,16968475517,Ribeirão Preto,SP,16837388,True
PES-04317,Eduardo Martins,10663727138,M,1970-03-14,eduardo_mar171@outlook.com,11986287692,São Paulo,SP,02188335,False
PES-04318,Beatriz Nascimento,99808921108,F,1992-03-14,beatriz.nascimento574@yahoo.com.br,48963912880,Florianópolis,SC,85892187,True
PES-04319,Luíza Martins Silva,81651603545,F,1963-03-20,luiza.silva298@uol.com.br,62998685149,Goiânia,GO,71299011,False
PES-04320,Beatriz Marques Silva,48120193466,F,1976-04-29,beatriz.silva831@bol.com.br,11963323017,São Paulo,SP,08142860,False
PES-04321,André Rodrigues Ferreira,58990864836,M,1976-12-30,andre.ferreira321@hotmail.com,21980652060,Rio de Janeiro,RJ,26243776,True
PES-04322,Fábio Magalhães Machado,29567157472,M,2001-01-30,marciamagalhaes725@bol.com.br,51992193610,Porto Alegre,RS,95206781,True
PES-04323,Tânia Nascimento,96072458572,F,1981-04-30,tania.nascimento685@gmail.com,11979774660,São Paulo,SP,01131229,False
PES-04324,Eduardo Rocha,87182581582,M,1973-10-23,eduardo.rocha809@outlook.com,21962478456,Rio de Janeiro,RJ,29395062,True
PES-04325,Bruno Nascimento Araújo,11481144324,M,2002-07-19,bruno.araujo963@gmail.com,21991189296,Niterói,RJ,21526491,True
PES-04326,Fernanda Marques Guimarães Ribeiro,24210270806,F,1971-04-19,fernanda_rib224@bol.com.br,48976741847,Florianópolis,SC,81039830,True
PES-04327,Hélio Guimarães,54819497332,M,2001-01-04,helio.guimaraes808@hotmail.com,11998202820,São Paulo,SP,05566357,True
PES-04328,Rafael Nunes Nascimento,74000709160,M,1986-05-11,rafael.nascimento899@uol.com.br,31960428385,Belo Horizonte,MG,37452026,True
PES-04329,Larissa Nunes Silva,74151033190,F,1969-09-24,larissa_sil518@bol.com.br,51974451056,Porto Alegre,RS,97292775,True
PES-04330,Camila Lima Dias,02355160660,F,1988-05-09,camila.dias183@outlook.com,11991026070,São Paulo,SP,04537457,False
PES-04331,Bruno Freitas Conceição,05951974429,M,1995-08-23,brunoconceicao455@outlook.com,11979395743,São Paulo,SP,02306092,False
PES-04332,Joana Costa Gomes,88615427356,F,1964-11-23,joana_gom971@hotmail.com,81970701878,Recife,PE,53796704,False
PES-04333,Patrícia Brandão,22069456307,F,1994-08-30,patriciabrandao811@bol.com.br,41991756219,Curitiba,PR,85442313,True
PES-04334,Hélio Nascimento,48217051330,M,1988-12-21,helio_nas530@gmail.com,21991859868,Niterói,RJ,24895965,False
PES-04335,Sônia Guimarães,07678508581,F,1981-11-25,soniaguimaraes194@hotmail.com,21998771954,Rio de Janeiro,RJ,28742871,True
PES-04336,Leonardo Oliveira Souza,70749917679,M,1981-07-24,leonardosouza511@yahoo.com.br,11962084249,São Paulo,SP,01973629,False
PES-04337,César Gomes,27589859184,M,1978-07-17,jose_nas36@hotmail.com,11962611718,São Paulo,SP,09052931,False
PES-04338,Fábio Marques,39226269718,M,1989-10-09,fabiomarques276@yahoo.com.br,51991098183,Porto Alegre,RS,95997079,True
PES-04339,Fábio Souza Rocha,39923042219,M,1990-03-22,fabio.rocha9@outlook.com,61972587835,Brasília,DF,76377578,True
PES-04340,Daniel Rodrigues Carvalho,23189182361,M,1983-08-17,danielcarvalho780@yahoo.com.br,51979763626,Porto Alegre,RS,91904412,True
PES-04341,André Santos,23503616918,M,1965-07-03,andre_san726@bol.com.br,11963212900,São Paulo,SP,04734160,True
PES-04342,Márcia Nascimento Brandão,21956453423,F,1964-12-01,marcia_bra350@hotmail.com,21985748902,Niterói,RJ,21000951,True
PES-04343,José Martins Araújo,74752901072,M,1976-06-10,josearaujo606@gmail.com,19993682540,Campinas,SP,19162442,False
PES-04344,Cecília Oliveira Andrade,60792248520,F,1980-05-19,cecilia_and642@hotmail.com,11985896620,Guarulhos,SP,05647974,False
PES-04345,Letícia Oliveira Cardoso,02176153847,F,1999-08-06,leticia.cardoso43@uol.com.br,21970511448,Rio de Janeiro,RJ,22374948,True
PES-04346,Henrique Moreira Silva,54799219243,M,1993-01-02,henriquesilva63@yahoo.com.br,31999912423,Belo Horizonte,MG,35603419,True
PES-04347,Letícia Conceição Dias,98010438650,F,1979-05-04,leticia.dias20@outlook.com,11979331982,São Paulo,SP,06312473,False
PES-04348,Rafael Rocha Martins,82041445122,M,1982-07-13,rafael_mar503@yahoo.com.br,11965445794,São Paulo,SP,01065817,False
PES-04349,Hélio Alves Alves,21266971939,M,2002-02-06,helio_alv176@gmail.com,51960829808,Porto Alegre,RS,97396843,False
PES-04350,Aline Alves,78720069448,F,1958-07-06,aline.alves834@bol.com.br,19967227520,Campinas,SP,18829346,True
PES-04351,Lucas Dias Brandão,63749170223,M,1978-09-28,lucasbrandao725@gmail.com,51976818048,Porto Alegre,RS,91009212,True
PES-04352,Camila Ferreira Martins,03777923575,F,1988-01-01,camila.martins901@outlook.com,21981196867,Rio de Janeiro,RJ,25304874,True
PES-04353,Lúcia Cardoso,42370598204,F,1994-12-29,luciacardoso397@hotmail.com,31971389653,Belo Horizonte,MG,31220298,False
PES-04354,Larissa Oliveira,27555655276,F,1989-05-18,larissa.oliveira932@uol.com.br,11962583363,São Paulo,SP,09290052,True
PES-04355,Antônio Melo Lima Marques,13880181799,M,1973-06-11,antonio.marques225@gmail.com,11972551234,São Paulo,SP,07525136,True
PES-04356,Tânia Pereira Santos,16238757140,F,1987-09-16,tania_san41@uol.com.br,41978794507,Curitiba,PR,86409734,False
PES-04357,Tânia Assunção,93524086837,F,1984-03-23,taniaassuncao869@bol.com.br,11968752402,Santo André,SP,08853306,False
PES-04358,Sônia Costa Andrade,32029557307,F,1986-01-18,sonia_and688@outlook.com,21983294135,Rio de Janeiro,RJ,27795371,True
PES-04359,Eduardo Dias Araújo,23553835028,M,1980-03-30,eduardoaraujo261@uol.com.br,11989384575,São Paulo,SP,04496012,True
PES-04360,João Assunção Alves,42166602827,M,1972-02-23,joao_alv837@yahoo.com.br,11963648151,São Paulo,SP,02004228,True
PES-04361,Ana Alves Souza,92986005004,F,1993-04-04,anasouza828@uol.com.br,11990116754,São Paulo,SP,03058452,False
PES-04362,Gabriela Ferreira Freitas,75102317105,F,1967-02-20,gabriela.freitas538@gmail.com,11995038821,São Paulo,SP,06302780,False
PES-04363,Leonardo Melo Oliveira,85756330747,M,1991-01-09,leonardo.oliveira165@hotmail.com,61989901343,Brasília,DF,73086843,False
PES-04364,Lúcia Barbosa Moreira,45095239477,F,2000-06-08,lucia_mor449@outlook.com,41965009176,Curitiba,PR,88016967,False
PES-04365,Antônio Assunção Souza,02100627465,M,1989-10-10,antonio_sou191@gmail.com,11983469549,São Paulo,SP,07269400,True
PES-04366,Paulo Nascimento Ribeiro,93506728393,M,1982-06-07,paulo.ribeiro34@bol.com.br,31987428592,Belo Horizonte,MG,35961947,True
PES-04367,Priscila Magalhães Guimarães,44499719739,F,1957-11-05,priscila.guimaraes158@yahoo.com.br,11964538810,São Paulo,SP,02270327,False
PES-04368,Fernando Cardoso,79975456979,M,1993-05-01,fernando.cardoso498@hotmail.com,11996918558,São Paulo,SP,08086240,True
PES-04369,Paulo Gomes Santos,06637458457,M,1977-02-01,paulo.santos978@gmail.com,21989993410,Rio de Janeiro,RJ,26286490,True
PES-04370,Helena Andrade,62927956839,F,1983-05-25,helena_and711@yahoo.com.br,11961177727,São Paulo,SP,01609375,False
PES-04371,Vinícius Lima,81735254479,M,1981-12-08,vinicius.lima239@uol.com.br,51993471466,Porto Alegre,RS,96145311,False
PES-04372,Mateus Nascimento Melo,10606950141,M,1984-08-21,mateusmelo987@outlook.com,11999565596,Santo André,SP,03974642,True
PES-04373,Débora Mendes Carvalho,44988102521,F,1999-06-15,debora_car92@hotmail.com,11964644035,São Paulo,SP,06624422,True
PES-04374,Márcio Guimarães Marques,95956066857,M,1941-06-11,marcio_mar688@hotmail.com,11973664188,São Paulo,SP,07761925,False
PES-04375,Mateus Nunes Rodrigues,12604570793,M,1951-06-21,mateus_rod152@bol.com.br,11982194409,São Paulo,SP,04890991,False
PES-04376,Débora Santos,65786878821,F,1996-01-07,debora_san42@uol.com.br,62964439052,Goiânia,GO,74802266,True
PES-04377,André Costa,24253394698,M,1992-01-30,andrecosta343@bol.com.br,31974202890,Belo Horizonte,MG,35802931,False
PES-04378,Beatriz Marques Magalhães Gomes,38736956503,F,1994-11-05,beatrizgomes405@gmail.com,16995061220,Ribeirão Preto,SP,19457399,False
PES-04379,Renata Brandão Nunes,42107213798,F,1989-03-27,renata_nun829@gmail.com,21982883832,Rio de Janeiro,RJ,22957767,False
PES-04380,Renata Machado,61751688100,F,1933-12-31,renatamachado773@hotmail.com,21987343439,Rio de Janeiro,RJ,25825190,True
PES-04381,Cláudia Moreira Souza,28620964151,F,1989-10-03,claudiasouza137@outlook.com,31966904846,Belo Horizonte,MG,36779694,True
PES-04382,César Marques Mendes Magalhães,08335190003,M,1981-08-15,cesar_mag792@gmail.com,31978023190,Belo Horizonte,MG,32933380,True
PES-04383,Tânia Dias,93518419366,F,1966-05-17,taniadias549@bol.com.br,31977584938,Belo Horizonte,MG,39853897,True
PES-04384,Joana Oliveira,56430465209,F,1992-10-17,joana_oli959@uol.com.br,11993544998,São Paulo,SP,09685392,False
PES-04385,Henrique Araújo Nunes,92529619921,M,1978-10-31,henrique.nunes966@hotmail.com,19983643828,Campinas,SP,18225597,True
PES-04386,Aline Moreira Carvalho,41087277540,F,1992-09-22,aline.carvalho303@yahoo.com.br,21969989127,Rio de Janeiro,RJ,27050779,False
PES-04387,Joana Brandão Ribeiro,97138872470,F,1989-02-07,joana.ribeiro470@bol.com.br,11984314778,São Paulo,SP,05607811,False
PES-04388,Fábio Melo,01402990170,M,1975-05-30,fabio_mel291@yahoo.com.br,16997291064,Ribeirão Preto,SP,13279819,True
PES-04389,Lúcia Souza Assunção,89410477492,F,1991-03-23,lucia_ass579@outlook.com,19985013594,Campinas,SP,11412627,True
PES-04390,Fábio Nascimento Assunção,66843152171,M,2004-01-10,fabio_ass198@bol.com.br,19971774288,Campinas,SP,13390896,False
PES-04391,Wagner Dias Lima,50544751256,M,2000-11-06,wagner.lima214@bol.com.br,11969897344,São Paulo,SP,05847104,False
PES-04392,Gustavo Gomes Marques,32852080745,M,1989-02-05,gustavo.marques329@outlook.com,62966368907,Goiânia,GO,71338792,True
PES-04393,Camila Dias Brandão,32457675871,F,1977-12-04,camila_bra384@yahoo.com.br,41986731456,Curitiba,PR,81687748,True
PES-04394,Larissa Mendes Lima,01741225787,F,1987-12-25,larissalima544@uol.com.br,21991424745,Niterói,RJ,24922831,True
PES-04395,Tânia Marques Dias,37103095906,F,1995-12-13,taniadias766@bol.com.br,11987646739,Guarulhos,SP,04538379,True
PES-04396,Wagner Magalhães Rocha,79461832087,M,1954-07-18,wagnerrocha88@gmail.com,61964072290,Brasília,DF,77128628,False
PES-04397,Marcelo Souza Nascimento,72511640007,M,1993-05-04,marcelo.nascimento307@uol.com.br,81967939682,Recife,PE,59435032,True
PES-04398,José Ferreira Nascimento,76198200353,M,1971-08-23,jose.nascimento86@gmail.com,21999496172,Rio de Janeiro,RJ,28044775,True
PES-04399,Priscila Araújo Costa,10079608922,F,1989-02-20,priscila_cos26@outlook.com,11974319190,São Paulo,SP,02382806,True
PES-04400,João Costa Guimarães,86368452030,M,1966-06-11,joao.guimaraes681@uol.com.br,21999441501,Rio de Janeiro,RJ,29090072,False
PES-04401,Patrícia Assunção Andrade Nascimento,46868160682,F,1981-07-30,patricia.nascimento8@hotmail.com,11961746917,Guarulhos,SP,08619008,False
PES-04402,Cecília Costa Rodrigues,93194368940,F,1976-06-22,cecilia.rodrigues719@outlook.com,31978058234,Belo Horizonte,MG,33193572,True
PES-04403,Luíza Peixoto Rodrigues,59527344808,F,1991-07-06,luiza_rod158@hotmail.com,61996198163,Brasília,DF,72997879,False
PES-04404,Mariana Dias,75675152024,F,1973-12-14,mariana_dia42@uol.com.br,16994975603,Ribeirão Preto,SP,12249146,False
PES-04405,Beatriz Andrade,24470016900,F,1982-09-10,beatrizandrade826@gmail.com,21995822801,Niterói,RJ,27652274,False
PES-04406,Joana Andrade,08681461885,F,1952-11-24,joana.andrade471@bol.com.br,21987748321,Rio de Janeiro,RJ,23455866,True
PES-04407,Márcia Guimarães Rodrigues,78926620220,F,1983-05-27,marcia_rod213@gmail.com,11979906195,Guarulhos,SP,06727672,True
PES-04408,Daniel Mendes Souza Dias,96536189469,M,1974-06-25,danieldias67@uol.com.br,11996304420,São Paulo,SP,02799513,False
PES-04409,Cecília Rodrigues Lima Santos,32835559310,F,1984-07-01,ceciliasantos634@hotmail.com,11976758864,São Paulo,SP,05910818,True
PES-04410,Cecília Marques Peixoto,29432222403,F,1956-03-29,cecilia_pei555@hotmail.com,11997185277,São Paulo,SP,08359620,True
PES-04411,Helena Araújo,29997182413,F,1989-04-14,helenaaraujo953@hotmail.com,11975588565,São Paulo,SP,06902792,True
PES-04412,Priscila Guimarães Peixoto,68837524471,F,1966-11-16,priscilapeixoto93@gmail.com,21991511784,Rio de Janeiro,RJ,29403589,True
PES-04413,Natália Marques,71064965024,F,2003-08-16,nataliamarques661@outlook.com,71969363866,Salvador,BA,45559484,False
PES-04414,Helena Santos Rodrigues,35212326036,F,1996-02-22,helena.rodrigues975@uol.com.br,48988212017,Florianópolis,SC,83739334,True
PES-04415,Fernanda Rodrigues Nascimento,56078136062,F,1980-04-14,fernanda.nascimento343@uol.com.br,62982103310,Goiânia,GO,71627262,True
PES-04416,Bruno Souza Ribeiro,95080804343,M,1941-10-21,brunoribeiro898@uol.com.br,11974173879,São Paulo,SP,01641794,True
PES-04417,Wagner Melo Souza,52968867474,M,1968-02-24,wagner.souza947@bol.com.br,21994141719,Rio de Janeiro,RJ,27811591,False
PES-04418,Gustavo Carvalho Assunção,33975331550,M,1991-12-21,gustavo_ass207@outlook.com,31977937485,Belo Horizonte,MG,39139134,False
PES-04419,Lucas Santos Araújo,62911679644,M,1992-06-11,lucas.araujo687@gmail.com,41986827327,Curitiba,PR,85513475,False
PES-04420,Priscila Guimarães Magalhães,61822499003,F,1986-11-09,priscilamagalhaes432@uol.com.br,11982013037,São Paulo,SP,09756903,True
PES-04421,Beatriz Nunes Silva Mendes,32516778880,F,1993-04-06,beatriz_men63@gmail.com,71973102871,Salvador,BA,42030455,True
PES-04422,César Nunes Peixoto,35366778603,M,1961-11-06,cesarpeixoto753@bol.com.br,62986006945,Goiânia,GO,72976729,True
PES-04423,Rafael Peixoto Guimarães,85422771800,M,1998-08-30,rafael_gui627@yahoo.com.br,21975845029,Rio de Janeiro,RJ,28616080,False
PES-04424,Antônio Brandão,48018984085,M,1982-06-09,antonio_bra320@outlook.com,11967083741,São Paulo,SP,07625150,False
PES-04425,Wagner Moreira Cardoso Assunção,44893557009,M,1981-11-26,wagnerassuncao97@gmail.com,11972579373,Santo André,SP,04197877,False
PES-04426,Márcio Magalhães,81104557517,M,1997-11-18,marcio_mag701@hotmail.com,11973121895,São Paulo,SP,01833337,True
PES-04427,Cecília Pereira Nunes,34859382544,F,1995-05-20,cecilia_nun726@hotmail.com,41977582883,Curitiba,PR,89808270,True
PES-04428,Caio Moreira Santos,57526792813,M,1988-12-31,caio.santos393@uol.com.br,11998848212,São Paulo,SP,01165640,True
PES-04429,Beatriz Ribeiro,23285672153,F,1968-10-24,beatriz_rib853@bol.com.br,11976783536,Santo André,SP,08071041,True
PES-04430,Mariana Silva,21163355402,F,1955-02-05,mariana.silva845@outlook.com,11981698760,São Paulo,SP,07596530,True
PES-04431,Isabela Carvalho Moreira,35247122313,F,1966-01-10,isabela_mor936@outlook.com,11990722588,São Paulo,SP,04813353,True
PES-04432,Fernando Dias,95034604507,M,1963-09-15,fernando_dia315@uol.com.br,51985433879,Porto Alegre,RS,94105250,False
PES-04433,Isabela Conceição Rodrigues,47148362938,F,1993-11-12,isabelarodrigues661@yahoo.com.br,41973722479,Curitiba,PR,89432676,True
PES-04434,Eduardo Peixoto,98670743353,M,1983-03-29,eduardo_pei113@uol.com.br,11963465163,São Paulo,SP,08547991,False
PES-04435,César Araújo,30981648916,M,2004-07-17,cesararaujo913@outlook.com,31998079567,Belo Horizonte,MG,33317036,True
PES-04436,Mateus Gomes Rocha,13253925960,M,1972-07-28,mateusrocha693@gmail.com,11977001564,São Paulo,SP,09672222,False
PES-04437,Lucas Lima Ferreira,15473741606,M,1971-07-10,lucas.ferreira97@uol.com.br,11995166032,São Paulo,SP,02640706,True
PES-04438,Daniel Santos,71948217023,M,1982-03-26,daniel.santos330@uol.com.br,21985509446,Rio de Janeiro,RJ,25426861,True
PES-04439,Joana Rocha Moreira Ribeiro,83080676629,F,1987-05-01,joana.ribeiro361@gmail.com,11973299140,São Paulo,SP,02404315,True
PES-04440,Renata Mendes Gomes,41971579246,F,1986-01-31,renata.gomes1@yahoo.com.br,11963525721,São Paulo,SP,03222588,False
PES-04441,Priscila Nascimento,38271079468,F,1961-01-02,priscila.nascimento945@gmail.com,62980019425,Goiânia,GO,73545582,False
PES-04442,Lúcia Freitas Melo,61372292705,F,1973-03-03,lucia_mel62@yahoo.com.br,41983904663,Curitiba,PR,83710356,True
PES-04443,Gustavo Andrade Guimarães,49310689870,M,1961-11-23,gustavo.guimaraes572@outlook.com,31994392209,Belo Horizonte,MG,32729447,False
PES-04444,Patrícia Freitas,79975471269,F,1996-02-02,patriciafreitas692@bol.com.br,41998357077,Curitiba,PR,89212721,True
PES-04445,Sônia Freitas Carvalho,46357795054,F,1997-03-13,sonia.carvalho546@gmail.com,41971822581,Curitiba,PR,85017954,True
PES-04446,Larissa Brandão,01005345384,F,1972-04-03,larissa_bra273@bol.com.br,11972934834,São Paulo,SP,07353886,True
PES-04447,André Andrade Melo,63305048816,M,1998-11-11,andre_mel908@bol.com.br,11965116387,São Paulo,SP,01921581,True
PES-04448,Antônio Mendes,21039637094,M,1959-03-01,antonio_men900@gmail.com,21982286896,Rio de Janeiro,RJ,28147738,False
PES-04449,Beatriz Oliveira Gomes,69086081231,F,1980-05-24,beatriz_gom143@hotmail.com,19981639695,Campinas,SP,17662255,True
PES-04450,Sérgio Assunção Magalhães,94995760296,M,1976-03-23,sergio.magalhaes775@hotmail.com,11970733741,São Paulo,SP,03119880,False
PES-04451,Fernando Magalhães Santos,82005950564,M,1987-03-15,fernando.santos811@yahoo.com.br,32966795695,Juiz de Fora,MG,38025740,False
PES-04452,Vinícius Gomes Martins,64413105117,M,1996-03-11,sonia.araujo689@bol.com.br,21997933821,Rio de Janeiro,RJ,28499189,False
PES-04453,Aline Guimarães Alves,28967881908,F,1994-10-14,alinealves376@hotmail.com,81971083696,Recife,PE,55543087,False
PES-04454,Letícia Silva Ribeiro,59979404540,F,1990-07-07,leticia.ribeiro974@uol.com.br,48970165245,Florianópolis,SC,82624152,True
PES-04455,Fernanda Mendes Moreira,29378406475,F,1990-07-05,fernandamoreira983@uol.com.br,11974382393,São Paulo,SP,07775836,False
PES-04456,Larissa Marques,53416841760,F,1985-10-11,larissamarques455@uol.com.br,11967123187,São Paulo,SP,03181274,True
PES-04457,Cecília Nunes Marques,07792081885,F,2000-11-16,ceciliamarques606@uol.com.br,48977793953,Florianópolis,SC,89047540,False
PES-04458,Camila Pereira Assunção,13395643190,F,1994-07-15,camila.assuncao383@uol.com.br,51986052877,Porto Alegre,RS,96220510,True
PES-04459,Leonardo Martins,48019320709,M,1987-07-10,leonardo.martins407@hotmail.com,48972405468,Florianópolis,SC,84515370,False
PES-04460,Luíza Barbosa Machado,75417882100,F,1986-01-13,luiza.machado832@uol.com.br,11972607061,São Paulo,SP,05779245,False
PES-04461,Hélio Souza,70924489642,M,1978-05-26,helio.souza964@bol.com.br,11970129600,São Paulo,SP,03198951,False
PES-04462,Vinícius Andrade Machado,88659012763,M,1962-12-16,viniciusmachado218@uol.com.br,11978165265,São Paulo,SP,01426215,True
PES-04463,Lúcia Rodrigues Marques,23175116710,F,1983-01-28,lucia.marques393@outlook.com,16997046836,Ribeirão Preto,SP,14208892,True
PES-04464,Leonardo Andrade Nunes,82802306537,M,1936-04-23,leonardo_nun580@bol.com.br,21995905215,Rio de Janeiro,RJ,29240865,True
PES-04465,Raquel Freitas Andrade,81860586996,F,1990-01-11,raquelandrade496@hotmail.com,11973937269,São Paulo,SP,05858532,False
PES-04466,Lúcia Mendes,96216756184,F,1980-01-26,luciamendes749@outlook.com,71964273616,Salvador,BA,41794522,False
PES-04467,João Ribeiro Mendes,07787477350,M,1982-12-30,joaomendes320@uol.com.br,11976653061,São Paulo,SP,01719467,False
PES-04468,Helena Oliveira Rodrigues,13137645905,F,1978-02-05,helena_rod182@hotmail.com,31990125586,Belo Horizonte,MG,39559888,True
PES-04469,Renata Guimarães Rodrigues,47849548809,F,1984-08-23,renatarodrigues631@hotmail.com,41991615621,Curitiba,PR,84178201,False
PES-04470,Simone Rodrigues Mendes,73752952202,F,1997-03-11,simonemendes425@hotmail.com,11992936575,São Paulo,SP,05540593,True
PES-04471,Gabriela Pereira Dias,84289980350,F,1987-10-10,gabrieladias381@hotmail.com,48987427971,Florianópolis,SC,87580605,False
PES-04472,Bruno Alves,41614517681,M,1983-12-06,bruno_alv473@gmail.com,41999799592,Curitiba,PR,83998755,False
PES-04473,Marcelo Freitas,90182002551,M,1995-10-21,marcelofreitas506@hotmail.com,11983638112,São Paulo,SP,03180929,True
PES-04474,Beatriz Gomes Gomes,57691797249,F,1986-12-31,beatrizgomes163@uol.com.br,71994555813,Salvador,BA,44681068,True
PES-04475,Tânia Costa Carvalho,14235171135,F,1971-12-12,tania_car334@outlook.com,11974787844,São Paulo,SP,08819947,True
PES-04476,Márcia Dias Carvalho Freitas,05642588222,F,1981-05-15,marcia_fre137@uol.com.br,16990713755,Ribeirão Preto,SP,16286669,True
PES-04477,Letícia Ferreira Souza,35142567056,F,1980-05-03,leticiasouza690@yahoo.com.br,11978711709,Guarulhos,SP,03652440,False
PES-04478,Raquel Moreira Assunção,35594051902,F,1972-03-01,raquel_ass173@outlook.com,51971927427,Porto Alegre,RS,92271352,False
PES-04479,Rodrigo Martins Souza,91311793127,M,1974-05-29,rodrigosouza662@hotmail.com,21990673211,Niterói,RJ,27620477,False
PES-04480,Fábio Rodrigues,12908646838,M,1975-07-17,fabiorodrigues312@gmail.com,11989718374,Santo André,SP,05132946,True
PES-04481,Márcio Rodrigues Lima,17887958733,M,1941-04-08,marcio_lim736@uol.com.br,81966262584,Recife,PE,55232291,True
PES-04482,Fernando Santos,57372736609,M,1958-02-18,fernando_san805@gmail.com,31984997645,Belo Horizonte,MG,31163784,False
PES-04483,Aline Conceição Santos,59601984950,F,2000-05-09,aline.santos15@yahoo.com.br,11974998345,Guarulhos,SP,08621839,False
PES-04484,Hélio Pereira Oliveira Araújo,42954840161,M,1986-09-28,helio_ara445@yahoo.com.br,21977951679,Niterói,RJ,26496793,False
PES-04485,Márcia Guimarães,90106956035,F,1946-12-08,marcia.guimaraes817@yahoo.com.br,31962128664,Belo Horizonte,MG,38435088,True
PES-04486,Otávio Machado Peixoto,68100809100,M,1991-05-04,otavio.peixoto10@yahoo.com.br,31975472274,Belo Horizonte,MG,36627727,True
PES-04487,Beatriz Conceição Rocha Nascimento,84216808387,F,1977-01-16,beatriz_nas932@yahoo.com.br,11974268528,São Paulo,SP,07921621,True
PES-04488,Thiago Brandão,32129773613,M,1982-01-29,thiago.brandao508@uol.com.br,11985111074,São Paulo,SP,04930932,True
PES-04489,Thiago Machado Nunes,42617982807,M,1988-05-23,thiago.nunes941@bol.com.br,19966738655,Campinas,SP,18654301,False
PES-04490,Vinícius Araújo Pereira Araújo,02633542379,M,1984-06-05,vinicius_ara977@uol.com.br,32967457899,Juiz de Fora,MG,34443480,False
PES-04491,Larissa Alves Brandão,20555268802,F,1995-10-09,larissa_bra93@hotmail.com,11995841111,São Paulo,SP,01434987,True
PES-04492,Tânia Melo,34537997800,F,1967-07-16,taniamelo134@gmail.com,31961465203,Belo Horizonte,MG,35190150,True
PES-04493,Júlia Pereira Guimarães Barbosa,60416830609,F,1994-09-10,julia_bar168@bol.com.br,11962601478,São Paulo,SP,03964406,True
PES-04494,Sérgio Machado Araújo,59963050387,M,1985-05-28,sergio.araujo869@yahoo.com.br,21994504018,Rio de Janeiro,RJ,21112511,True
PES-04495,Marcelo Martins,98558522731,M,1974-03-03,marcelo.martins457@gmail.com,71968314385,Salvador,BA,46515621,True
PES-04496,Sônia Martins Nascimento,13183159562,F,1978-03-30,sonia_nas186@bol.com.br,51967738447,Porto Alegre,RS,96537222,True
PES-04497,Aline Souza,71167776879,F,1990-07-31,aline.souza262@uol.com.br,48991759265,Florianópolis,SC,88089490,True
PES-04498,Hélio Costa,89112635081,M,1998-12-11,helio.costa588@gmail.com,71974226826,Salvador,BA,48262916,True
PES-04499,Luíza Conceição,25632168425,F,1985-07-24,luiza.conceicao359@yahoo.com.br,81964921772,Recife,PE,51066603,True
PES-04500,Mariana Ribeiro,38110360920,F,1987-02-11,mariana.ribeiro551@bol.com.br,11987201453,São Paulo,SP,02763395,False
PES-04501,Patrícia Silva Assunção,87358455118,F,1959-11-23,patricia.assuncao212@gmail.com,11973842548,São Paulo,SP,02474141,False
PES-04502,Ana Marques,69804961741,F,1988-01-16,ana.marques17@gmail.com,62972585586,Goiânia,GO,79748119,True
PES-04503,Rafael Freitas,06997075010,M,1947-08-05,rafaelfreitas876@outlook.com,62987658200,Goiânia,GO,75920971,False
PES-04504,Renata Rocha Magalhães,08558426449,F,1970-04-11,renata.magalhaes681@bol.com.br,16991723288,Ribeirão Preto,SP,18595649,False
PES-04505,Júlia Conceição,51676112022,F,1993-11-15,julia_con13@outlook.com,11961386072,São Paulo,SP,02163649,False
PES-04506,Renata Conceição,20460277952,F,1987-07-17,renataconceicao775@uol.com.br,11966247428,Guarulhos,SP,09453240,True
PES-04507,Thiago Guimarães Assunção,97679183538,M,1978-03-09,thiago.assuncao426@bol.com.br,48979125353,Florianópolis,SC,89357999,False
PES-04508,Aline Ribeiro Andrade,51779328427,F,1991-02-19,alineandrade292@yahoo.com.br,11960572710,Guarulhos,SP,08797767,False
PES-04509,Thiago Freitas Carvalho,49914055990,M,1945-08-16,thiagocarvalho270@bol.com.br,41977561912,Curitiba,PR,88652229,False
PES-04510,Márcio Souza,54412876675,M,1982-06-03,marcio.souza500@yahoo.com.br,71989251055,Salvador,BA,48051539,True
PES-04511,Helena Lima,28754352720,F,1978-09-20,helena.lima735@gmail.com,11982293429,Guarulhos,SP,01229740,True
PES-04512,Lúcia Andrade Alves Assunção,40838695930,F,1990-05-15,lucia.assuncao674@gmail.com,11979546487,Guarulhos,SP,01852374,True
PES-04513,Rodrigo Moreira Cardoso,84496441357,M,1981-08-12,rodrigo_car654@outlook.com,11982059847,São Paulo,SP,08482300,True
PES-04514,Thiago Rodrigues Cardoso,54146365406,M,1987-03-23,thiagocardoso7@bol.com.br,31976751819,Belo Horizonte,MG,37601989,True
PES-04515,Fernanda Ribeiro,51597208477,F,2005-05-31,fernanda_rib25@gmail.com,11972485705,São Paulo,SP,08571449,True
PES-04516,Débora Ferreira,75801195874,F,1995-08-21,deboraferreira817@bol.com.br,51965924449,Porto Alegre,RS,94603815,False
PES-04517,Lúcia Guimarães Carvalho,69148610135,F,1989-11-27,lucia.carvalho678@yahoo.com.br,71978381170,Salvador,BA,47564251,True
PES-04518,André Guimarães Barbosa,00884539520,M,1977-04-30,andre_bar149@yahoo.com.br,71975011591,Salvador,BA,48275270,True
PES-04519,Aline Carvalho,77390932112,F,1977-10-16,aline_car3@outlook.com,61985057294,Brasília,DF,73930358,False
PES-04520,Renata Silva Ferreira,14787952986,F,2005-08-27,renata.ferreira153@hotmail.com,51997843449,Porto Alegre,RS,91990687,False
PES-04521,Bruno Freitas Conceição,22774931550,M,1948-12-28,brunoconceicao395@outlook.com,71999877847,Salvador,BA,42782110,False
PES-04522,Fábio Oliveira,45310972897,M,1940-05-18,fabio_oli539@gmail.com,48993677496,Florianópolis,SC,83221426,True
PES-04523,Henrique Martins Freitas,18757716897,M,1992-03-03,henriquefreitas285@uol.com.br,41995301120,Curitiba,PR,83338556,True
PES-04524,Rafael Lima Nascimento,97671519235,M,2003-05-20,rafael_nas98@yahoo.com.br,51980887891,Porto Alegre,RS,97003575,True
PES-04525,Sérgio Conceição Barbosa,13945715504,M,1964-11-25,sergio_bar757@bol.com.br,51993343972,Porto Alegre,RS,91770225,True
PES-04526,Joana Peixoto Melo Magalhães,88284895960,F,1965-12-10,joana_mag858@outlook.com,48961619233,Florianópolis,SC,89976992,False
PES-04527,Helena Marques Magalhães,95367966004,F,1966-09-10,helena.magalhaes661@uol.com.br,11969876519,São Paulo,SP,04951776,True
PES-04528,Fábio Rocha Machado,24043513623,M,1984-03-29,fabiomachado3@outlook.com,71976069350,Salvador,BA,49342393,True
PES-04529,Raquel Machado Costa,39840223950,F,1989-11-14,raquel_cos251@uol.com.br,19989436595,Campinas,SP,15853742,True
PES-04530,Larissa Assunção Martins,00431697400,F,1995-02-13,larissa.martins170@yahoo.com.br,31969555771,Belo Horizonte,MG,37713797,False
PES-04531,João Freitas Machado,80183561732,M,1968-01-23,joao.machado997@yahoo.com.br,11991114519,São Paulo,SP,01016777,False
PES-04532,Simone Moreira,64414535689,F,1967-09-17,simone_mor21@outlook.com,41967387946,Curitiba,PR,83964457,False
PES-04533,Priscila Andrade Carvalho,40751512710,F,1988-07-10,priscila.carvalho640@hotmail.com,11960825464,São Paulo,SP,06927820,True
PES-04534,Cláudia Nascimento,05653457108,F,1977-06-04,claudia.nascimento116@gmail.com,32971019284,Juiz de Fora,MG,34785801,False
PES-04535,Larissa Carvalho Conceição,45523649015,F,1967-04-10,larissa.conceicao870@outlook.com,51960583961,Porto Alegre,RS,92219683,False
PES-04536,Renata Nascimento Assunção,56582809237,F,1946-05-03,renataassuncao952@gmail.com,21979245509,Rio de Janeiro,RJ,23875084,True
PES-04537,Aline Lima Costa,30940700948,F,1990-03-28,alinecosta126@hotmail.com,31972161907,Belo Horizonte,MG,31895046,False
PES-04538,César Machado,35804717596,M,1990-11-21,cesar.machado978@gmail.com,11992511295,São Paulo,SP,03965878,False
PES-04539,Thiago Araújo Cardoso Rodrigues,41196128308,M,1992-09-13,thiagorodrigues695@gmail.com,51982768166,Porto Alegre,RS,97873510,False
PES-04540,César Lima Melo,08684181611,M,1958-09-21,cesar_mel837@yahoo.com.br,21995393445,Rio de Janeiro,RJ,29897550,False
PES-04541,Débora Guimarães Machado,48512653876,F,1989-04-10,debora_mac127@hotmail.com,11980978256,São Paulo,SP,05574532,False
PES-04542,Fernanda Magalhães,69374121263,F,1967-06-27,fernanda.magalhaes185@hotmail.com,11998357188,Santo André,SP,03169798,True
PES-04543,Letícia Mendes Nunes,99942219650,F,1991-06-24,leticianunes263@gmail.com,81977573222,Recife,PE,57845178,True
PES-04544,Sônia Carvalho Santos,40986339903,F,1993-06-15,sonia_san991@bol.com.br,41971587748,Curitiba,PR,87670530,False
PES-04545,Márcia Carvalho Oliveira,70766290549,F,1985-08-15,marciaoliveira206@yahoo.com.br,48993371255,Florianópolis,SC,87899047,True
PES-04546,Fernanda Brandão,06725950876,F,1997-04-03,fernandabrandao794@outlook.com,11988156518,São Paulo,SP,08300701,True
PES-04547,Aline Rocha Guimarães,41996504401,F,1974-03-30,alineguimaraes932@uol.com.br,11976589186,São Paulo,SP,02461966,True
PES-04548,Sônia Nunes Barbosa Mendes,43364131856,F,1963-04-02,sonia.mendes329@bol.com.br,11965697199,São Paulo,SP,01975386,False
PES-04549,Gabriela Dias Freitas,69109976620,F,1955-05-22,gabriela_fre414@outlook.com,11972549024,São Paulo,SP,06753563,True
PES-04550,José Rocha,14749334677,M,1958-05-11,joserocha701@gmail.com,21989567283,Rio de Janeiro,RJ,27075698,True
PES-04551,Hélio Araújo Brandão Magalhães,74294895918,M,1974-09-13,heliomagalhaes256@uol.com.br,21961319272,Rio de Janeiro,RJ,26493429,False
PES-04552,Sérgio Ferreira,87676164613,M,1933-12-31,sergio_fer71@outlook.com,19979894244,Campinas,SP,11121756,True
PES-04553,Fernanda Rodrigues Ribeiro Martins,67310154401,F,1982-02-24,fernandamartins126@gmail.com,31969468635,Belo Horizonte,MG,39462884,True
PES-04554,César Oliveira Melo,69655965465,M,1999-11-03,cesar.melo873@outlook.com,51972068199,Porto Alegre,RS,96672818,True
PES-04555,Fernanda Cardoso Ribeiro Carvalho,64482301906,F,1989-11-28,fernandacarvalho548@hotmail.com,31962239355,Belo Horizonte,MG,33574503,False
PES-04556,Luíza Brandão,82775297838,F,1962-12-28,luizabrandao767@outlook.com,81999579230,Recife,PE,58424500,False
PES-04557,Lúcia Silva,95876373214,F,1984-04-16,lucia_sil516@uol.com.br,11965285790,São Paulo,SP,02427368,True
PES-04558,Caio Rodrigues Rodrigues,42324550512,M,1986-12-17,caiorodrigues469@outlook.com,11980021891,Santo André,SP,02882430,True
PES-04559,Letícia Lima Machado,91939547350,F,1985-05-19,leticia_mac229@outlook.com,81965243687,Recife,PE,59194656,True
PES-04560,Ana Dias Peixoto,53362558747,F,1994-05-21,anapeixoto227@bol.com.br,31989104242,Belo Horizonte,MG,39282310,True
PES-04561,Vitória Ferreira Nascimento,95369310360,F,1993-05-15,vitorianascimento781@yahoo.com.br,11992611269,São Paulo,SP,05928265,True
PES-04562,Leonardo Conceição,26847148276,M,1962-10-06,leonardo.conceicao214@uol.com.br,31970385467,Belo Horizonte,MG,33707074,False
PES-04563,Letícia Oliveira Freitas,54815477400,F,1985-03-22,leticia.freitas149@bol.com.br,11997557864,São Paulo,SP,05462902,False
PES-04564,André Machado Cardoso Conceição,10718626770,M,1999-07-29,andre_con287@outlook.com,61997016386,Brasília,DF,79356782,False
PES-04565,Fábio Rocha Moreira Souza,68756124023,M,1962-12-06,fabio.souza398@uol.com.br,31990024693,Belo Horizonte,MG,34496407,True
PES-04566,Bruno Nunes Santos,48571469750,M,1991-04-18,bruno.santos469@bol.com.br,48999262492,Florianópolis,SC,85620246,True
PES-04567,Cecília Carvalho Magalhães Gomes,80204751683,F,1995-05-26,ceciliagomes778@hotmail.com,71989733441,Salvador,BA,48572330,False
PES-04568,Isabela Carvalho Freitas Peixoto,86442650243,F,1946-09-03,isabelapeixoto965@yahoo.com.br,11999366977,São Paulo,SP,06678505,True
PES-04569,Beatriz Andrade Freitas,24019616744,F,1989-03-16,beatriz.freitas346@yahoo.com.br,61962755869,Brasília,DF,78483530,True
PES-04570,Márcia Santos Machado Pereira,63834977829,F,1982-06-06,marcia_per381@bol.com.br,21968145400,Rio de Janeiro,RJ,29724366,True
PES-04571,Marcelo Pereira Carvalho,63793450279,M,1985-09-08,marcelo.carvalho887@gmail.com,19984375555,Campinas,SP,11230920,False
PES-04572,Luís Melo Alves,90218270771,M,1962-12-19,luisalves136@uol.com.br,11968456881,Guarulhos,SP,02969305,False
PES-04573,Márcia Melo Ribeiro,68482533835,F,1999-01-27,marcia_rib348@bol.com.br,81982474382,Recife,PE,58111018,False
PES-04574,Simone Assunção Andrade Rodrigues,84062861488,F,2004-06-15,simonerodrigues43@yahoo.com.br,48992524320,Florianópolis,SC,86145520,False
PES-04575,Cláudia Rodrigues,44307286405,F,1964-11-09,claudia.rodrigues765@bol.com.br,41977566692,Curitiba,PR,85760867,True
PES-04576,Mariana Dias Lima,45019327751,F,1979-02-11,mariana_lim36@uol.com.br,31998493287,Belo Horizonte,MG,37414534,False
PES-04577,Simone Magalhães,61884215432,F,1985-02-07,simonemagalhaes303@yahoo.com.br,19992658619,Campinas,SP,17717368,True
PES-04578,Rafael Machado Rocha,45289068996,M,1996-07-25,rafael_roc891@bol.com.br,31999358948,Belo Horizonte,MG,37263202,False
PES-04579,João Brandão,91981167978,M,1958-07-09,joaobrandao655@gmail.com,11976951655,São Paulo,SP,02524331,False
PES-04580,Vitória Andrade Magalhães,47075370227,F,1969-07-30,vitoria_mag604@hotmail.com,32974409339,Juiz de Fora,MG,36095301,False
PES-04581,Ana Moreira Freitas,10426720326,F,1995-11-05,ana_fre572@uol.com.br,21978109877,Niterói,RJ,28776163,False
PES-04582,Luíza Nunes,58577890600,F,1996-08-05,luiza.nunes668@outlook.com,71963392026,Salvador,BA,47525201,True
PES-04583,Raquel Martins,93723430724,F,1967-10-03,raquelmartins504@hotmail.com,31967081897,Belo Horizonte,MG,32202651,False
PES-04584,Rodrigo Brandão Araújo Peixoto,66646838224,M,1970-06-17,rodrigo_pei153@hotmail.com,21973615632,Niterói,RJ,21757178,True
PES-04585,Natália Rodrigues,99853699559,F,1987-06-23,natalia.rodrigues785@hotmail.com,11973525009,São Paulo,SP,01158293,False
PES-04586,Joana Oliveira,07001050504,F,1988-03-07,joana_oli373@uol.com.br,21970659270,Rio de Janeiro,RJ,25823872,False
PES-04587,Aline Rodrigues Barbosa,10368588041,F,1949-01-26,aline_bar374@hotmail.com,61977821517,Brasília,DF,73233501,True
PES-04588,Marcelo Oliveira Martins,15572992003,M,1982-12-12,marcelo.martins806@outlook.com,51984018705,Porto Alegre,RS,93306884,True
PES-04589,Camila Silva Carvalho,01666294993,F,1984-11-10,gabriela.ribeiro240@hotmail.com,51968579050,Porto Alegre,RS,92454491,False
PES-04590,Eduardo Lima,61670660273,M,1988-09-13,eduardolima341@bol.com.br,61981056072,Brasília,DF,78183298,True
PES-04591,André Nunes,67849278186,M,1982-11-15,andre_nun959@bol.com.br,62980288389,Goiânia,GO,76092201,False
PES-04592,Gabriela Machado,49374869004,F,1941-04-14,gabriela.machado319@outlook.com,11984934571,São Paulo,SP,08230842,True
PES-04593,Débora Ribeiro Costa,08731371329,F,1976-08-08,deboracosta764@uol.com.br,48994079263,Florianópolis,SC,86396325,True
PES-04594,Letícia Alves Rodrigues,16489817632,F,1973-02-09,leticiarodrigues1@hotmail.com,11976266003,São Paulo,SP,07588537,True
PES-04595,Gabriela Rodrigues Mendes,99686386092,F,2002-10-08,gabrielamendes81@yahoo.com.br,21962905507,Rio de Janeiro,RJ,22679231,True
PES-04596,Fernanda Guimarães,34014939499,F,1990-08-04,fernanda.guimaraes158@hotmail.com,31994665773,Belo Horizonte,MG,34676988,True
PES-04597,Raquel Andrade Gomes,67602149785,F,1990-07-20,raquel_gom133@yahoo.com.br,51981467834,Porto Alegre,RS,91027580,True
PES-04598,Cecília Assunção,21741562880,F,1975-11-01,cecilia_ass354@outlook.com,41989346478,Curitiba,PR,88050751,True
PES-04599,Rafael Peixoto Souza,73152759401,M,1977-12-08,rafael_sou37@outlook.com,71996556596,Salvador,BA,48180373,False
PES-04600,Vitória Nunes Magalhães,19186542478,F,1982-12-03,vitoria_mag5@yahoo.com.br,31962013096,Belo Horizonte,MG,38169059,False
PES-04601,Patrícia Freitas,25917611599,F,1970-08-02,patricia.freitas1@uol.com.br,61993829863,Brasília,DF,73878593,False
PES-04602,Cláudia Ribeiro Alves Oliveira,64191202928,F,1983-10-27,claudia.oliveira491@gmail.com,11991808544,São Paulo,SP,02663448,False
PES-04603,Marcelo Barbosa Silva,48005184409,M,1957-11-05,marcelosilva673@outlook.com,19972562219,Campinas,SP,15689590,False
PES-04604,Natália Rocha Cardoso Ferreira,04320570057,F,1989-08-13,natalia.ferreira582@yahoo.com.br,11970306387,Guarulhos,SP,01660134,True
PES-04605,César Assunção Machado,03682039058,M,1978-09-14,cesar.machado393@bol.com.br,11974413591,São Paulo,SP,02175217,False
PES-04606,Mariana Lima Pereira,10778172740,F,1984-07-15,mariana.pereira513@hotmail.com,61995722299,Brasília,DF,77915909,False
PES-04607,Vitória Machado,11405701455,F,1987-06-11,vitoria_mac354@uol.com.br,11971113563,São Paulo,SP,09049140,True
PES-04608,Joana Araújo,15146203830,F,1945-11-16,joanaaraujo49@outlook.com,11970655565,São Paulo,SP,08978353,False
PES-04609,João Assunção Alves Dias,31470015552,M,1986-10-22,joao_dia249@hotmail.com,11966296329,São Paulo,SP,01730798,True
PES-04610,Letícia Melo,72381854231,F,1990-05-01,leticiamelo400@bol.com.br,21976535966,Niterói,RJ,28967531,False
PES-04611,Camila Machado,69038452837,F,1984-11-02,camilamachado405@gmail.com,31969123452,Belo Horizonte,MG,37459082,True
PES-04612,Luíza Cardoso Carvalho,81425923127,F,1998-01-27,luizacarvalho717@outlook.com,11969682208,São Paulo,SP,01139690,True
PES-04613,Wagner Moreira Machado,64578707830,M,1971-03-09,wagner.machado784@gmail.com,21964246984,Rio de Janeiro,RJ,29120690,False
PES-04614,Isabela Nascimento,81809942446,F,1981-07-11,isabelanascimento961@yahoo.com.br,11989284520,São Paulo,SP,01289320,False
PES-04615,Rafael Dias,34929651301,M,1987-04-08,rafael_dia636@outlook.com,51999622745,Porto Alegre,RS,93664104,True
PES-04616,José Magalhães,40190268743,M,1995-01-04,josemagalhaes438@gmail.com,19969868284,Campinas,SP,12293664,False
PES-04617,Sérgio Machado,05674868344,M,1999-08-13,sergio.machado764@hotmail.com,11971107650,São Paulo,SP,02932439,False
PES-04618,Larissa Pereira,54382181100,F,1987-02-27,larissa.pereira364@bol.com.br,11973818687,São Paulo,SP,08106616,True
PES-04619,Luíza Brandão Oliveira,52395206318,F,1993-03-29,luizaoliveira192@bol.com.br,11970069790,São Paulo,SP,09970561,False
PES-04620,Antônio Ribeiro Machado,48232194308,M,1995-08-11,antonio_mac198@yahoo.com.br,41964065509,Curitiba,PR,81014145,False
PES-04621,Caio Nunes Martins,30301231621,M,1984-12-08,caiomartins923@yahoo.com.br,61986319367,Brasília,DF,73234230,False
PES-04622,Paulo Rocha Souza Peixoto,03424923656,M,1998-01-29,paulo_pei458@yahoo.com.br,71994829437,Salvador,BA,48484045,False
PES-04623,Paulo Marques,16958499301,M,1981-04-13,paulo.marques377@hotmail.com,51975283559,Porto Alegre,RS,93000944,True
PES-04624,Rodrigo Alves Araújo,39916896267,M,1994-11-11,rodrigo.araujo848@yahoo.com.br,71968082937,Salvador,BA,46957065,True
PES-04625,Beatriz Nascimento Marques,02582267066,F,1998-01-22,beatrizmarques195@gmail.com,61967923627,Brasília,DF,71689506,True
PES-04626,Paulo Ribeiro,80224068130,M,1974-04-04,pauloribeiro964@hotmail.com,11990449773,São Paulo,SP,01115195,True
PES-04627,Leonardo Lima,51857656903,M,1969-03-13,leonardolima804@gmail.com,61987956058,Brasília,DF,75644210,False
PES-04628,José Martins,72981356194,M,1991-02-11,josemartins910@bol.com.br,11982038445,São Paulo,SP,02684638,False
PES-04629,Letícia Ferreira Ferreira,02842885350,F,1982-01-29,leticia.ferreira475@bol.com.br,11970527839,Santo André,SP,08169156,True
PES-04630,Cecília Araújo,95819162374,F,1995-12-24,cecilia.araujo699@hotmail.com,21988453971,Rio de Janeiro,RJ,25475921,True
PES-04631,Fábio Assunção Dias,97510400600,M,1976-07-01,fabiodias69@gmail.com,11999871230,Guarulhos,SP,08767117,False
PES-04632,Letícia Nunes Barbosa,01890197513,F,1997-02-24,leticiabarbosa610@hotmail.com,11973558000,Santo André,SP,05186317,False
PES-04633,Fernando Dias Araújo,37398285019,M,1998-10-22,fernandoaraujo309@uol.com.br,81998828633,Recife,PE,56267800,False
PES-04634,Débora Silva,45381277873,F,1993-07-18,debora_sil158@gmail.com,11993575929,Guarulhos,SP,02979915,True
PES-04635,Mateus Marques Carvalho Guimarães,88222952773,M,1985-07-22,mateus_gui475@outlook.com,61968603608,Brasília,DF,72446057,False
PES-04636,Rafael Dias Rocha,34055349335,M,1999-06-20,rafaelrocha151@uol.com.br,11961417897,São Paulo,SP,03697109,True
PES-04637,Lucas Santos Rodrigues,51988367611,M,1955-01-06,lucas.rodrigues221@hotmail.com,11973366394,São Paulo,SP,06453701,True
PES-04638,Gustavo Guimarães,98450349427,M,1986-05-24,gustavo.guimaraes275@outlook.com,21981563890,Niterói,RJ,24025081,False
PES-04639,Aline Carvalho Rodrigues Costa,81424431638,F,1994-09-24,alinecosta895@hotmail.com,21968559900,Rio de Janeiro,RJ,23704030,True
PES-04640,Aline Machado,17601712630,F,1965-07-30,aline_mac938@hotmail.com,11995112251,São Paulo,SP,02775720,True
PES-04641,Joana Lima Lima,28094784148,F,1978-08-19,joanalima998@yahoo.com.br,31979068019,Belo Horizonte,MG,34274302,False
PES-04642,Beatriz Conceição Oliveira,13858774804,F,1987-07-20,beatrizoliveira782@yahoo.com.br,21996011540,Rio de Janeiro,RJ,26216619,False
PES-04643,Letícia Araújo Silva,85927843441,F,1992-12-17,leticia_sil714@yahoo.com.br,11991806943,São Paulo,SP,03570902,False
PES-04644,Rodrigo Peixoto Melo,04551384437,M,1994-01-15,rodrigo_mel772@bol.com.br,61968803113,Brasília,DF,71612334,True
PES-04645,Sônia Cardoso,66485919430,F,1991-11-28,soniacardoso555@hotmail.com,11991598912,São Paulo,SP,08114786,True
PES-04646,Bruno Mendes Brandão,32027245847,M,1978-01-26,brunobrandao837@gmail.com,11991974291,São Paulo,SP,07295158,False
PES-04647,Marcelo Andrade,89237334079,M,1977-01-30,marcelo.andrade11@yahoo.com.br,62996057640,Goiânia,GO,74315297,True
PES-04648,Antônio Rocha Cardoso,22372648640,M,1988-03-11,antonio_car677@outlook.com,21972455294,Rio de Janeiro,RJ,23665406,False
PES-04649,João Pereira Nascimento,49374714493,M,1985-02-19,joao.nascimento494@yahoo.com.br,21978294984,Niterói,RJ,26213205,False
PES-04650,Márcia Peixoto Ribeiro,75111669540,F,1943-02-22,marcia_rib409@bol.com.br,11988336106,São Paulo,SP,06083847,True
PES-04651,André Dias Araújo,41971822108,M,1981-01-18,andre.araujo891@yahoo.com.br,11968098590,São Paulo,SP,01665954,False
PES-04652,Joana Pereira Freitas,54248134373,F,1972-05-21,joanafreitas277@bol.com.br,21980667995,Rio de Janeiro,RJ,27573670,False
PES-04653,Bruno Martins Machado Nascimento,64831246271,M,1995-12-23,bruno_nas368@yahoo.com.br,21976797996,Rio de Janeiro,RJ,29693233,True
PES-04654,Beatriz Cardoso,37171380904,F,1990-11-23,beatriz_car383@bol.com.br,21966556764,Rio de Janeiro,RJ,28449398,True
PES-04655,Sérgio Pereira,29186468065,M,1954-04-23,sergio_per22@uol.com.br,16979669436,Ribeirão Preto,SP,12347809,False
PES-04656,João Costa Costa Nascimento,82492986160,M,1948-05-22,joao_nas11@bol.com.br,81964818424,Recife,PE,56386883,True
PES-04657,Fernanda Peixoto,27846890859,F,1974-01-07,fernandapeixoto696@gmail.com,81988945159,Recife,PE,52489988,True
PES-04658,Raquel Peixoto,76170829168,F,1996-08-20,raquelpeixoto27@outlook.com,31969849671,Belo Horizonte,MG,31260591,False
PES-04659,Fernando Machado Rocha,99128290690,M,1972-12-19,fernando.rocha124@bol.com.br,11982439293,Guarulhos,SP,01329085,True
PES-04660,Cláudia Souza,63735748066,F,1993-02-21,claudia_sou833@gmail.com,11982808609,Santo André,SP,09207173,True
PES-04661,Wagner Gomes Rodrigues,36468962480,M,1991-01-20,wagner_rod968@uol.com.br,19991277875,Campinas,SP,19532002,False
PES-04662,Priscila Lima,36085178557,F,1985-10-10,priscila.lima754@uol.com.br,51993177600,Porto Alegre,RS,96298864,False
PES-04663,Caio Pereira Andrade,92099298297,M,1987-06-09,caioandrade676@outlook.com,51980319521,Porto Alegre,RS,99857919,False
PES-04664,Raquel Magalhães Martins,87552656425,F,1972-08-08,raquel.martins793@hotmail.com,11970496531,São Paulo,SP,05203521,True
PES-04665,Márcia Ferreira,46268342054,F,1989-11-09,marciaferreira890@yahoo.com.br,11990588300,São Paulo,SP,01549474,True
PES-04666,Vinícius Nunes,06947494273,M,1959-03-01,viniciusnunes174@bol.com.br,21984289737,Rio de Janeiro,RJ,23648887,True
PES-04667,Joana Martins,69055605883,F,1994-06-05,joana_mar836@hotmail.com,21992496106,Rio de Janeiro,RJ,24780960,False
PES-04668,Mariana Marques Rodrigues,63029548864,F,1993-07-27,mariana_rod870@uol.com.br,11995175354,São Paulo,SP,01015930,True
PES-04669,Márcia Marques Brandão,10176281061,F,1989-10-08,marcia_bra758@bol.com.br,21982896185,Rio de Janeiro,RJ,29314423,False
PES-04670,Rodrigo Guimarães,90730057879,M,2000-06-16,rodrigo_gui836@gmail.com,11961482194,São Paulo,SP,06442775,False
PES-04671,Cláudia Araújo Pereira,41486780709,F,1996-05-06,claudia_per757@yahoo.com.br,32962785250,Juiz de Fora,MG,39610310,True
PES-04672,Gustavo Marques Alves,24982174369,M,1995-04-20,gustavoalves868@hotmail.com,61978531243,Brasília,DF,75891799,True
PES-04673,Tânia Melo Lima,16669971702,F,2000-02-02,tania.lima491@outlook.com,51969476994,Porto Alegre,RS,94906307,False
PES-04674,Helena Moreira,74290584349,F,1952-05-11,helena.moreira290@bol.com.br,11974139482,São Paulo,SP,06171723,False
PES-04675,Júlia Cardoso,06558827158,F,1974-02-25,julia.cardoso29@outlook.com,31996814107,Belo Horizonte,MG,38104792,False
PES-04676,Débora Ferreira,79227468064,F,1989-04-11,debora_fer121@bol.com.br,11992782090,Santo André,SP,04612433,True
PES-04677,Ana Santos,63519089904,F,1974-08-16,ana.santos42@gmail.com,31995891196,Belo Horizonte,MG,37175611,False
PES-04678,Débora Rocha,28029243707,F,1985-09-21,debora_roc596@outlook.com,11997913084,São Paulo,SP,08548459,True
PES-04679,Renata Araújo Ribeiro,35662366756,F,1974-12-13,renataribeiro115@uol.com.br,51995532249,Porto Alegre,RS,92603650,False
PES-04680,João Silva,18577205800,M,1993-03-09,joaosilva220@bol.com.br,11972874258,São Paulo,SP,05453068,True
PES-04681,Mariana Martins Araújo,32467476952,F,1982-02-12,mariana.araujo286@gmail.com,11990173865,São Paulo,SP,02955827,False
PES-04682,Wagner Melo Souza,91330781732,M,1988-11-18,wagnersouza724@outlook.com,16971567686,Ribeirão Preto,SP,15160228,False
PES-04683,Sérgio Machado,61308561130,M,1987-07-25,sergiomachado572@gmail.com,31971069092,Belo Horizonte,MG,31643764,True
PES-04684,Sônia Mendes Marques,60541398270,F,1986-07-24,sonia.marques651@yahoo.com.br,51998526564,Porto Alegre,RS,96767504,False
PES-04685,Mateus Cardoso Santos,64039689127,M,1998-03-02,mateus_san109@bol.com.br,31983944120,Belo Horizonte,MG,32353417,True
PES-04686,Mateus Mendes,34741890503,M,1996-06-28,mateus.mendes515@bol.com.br,19986472027,Campinas,SP,18822998,False
PES-04687,Sérgio Rocha Magalhães,35186885371,M,1967-10-25,sergio.magalhaes16@yahoo.com.br,16966842619,Ribeirão Preto,SP,14451642,True
PES-04688,Priscila Alves Dias,14546814038,F,1937-04-22,priscila.dias365@gmail.com,11984924614,São Paulo,SP,09726504,True
PES-04689,Natália Rodrigues Dias,93191631380,F,1977-04-11,nataliadias648@outlook.com,31971321954,Belo Horizonte,MG,38748880,False
PES-04690,Daniel Machado Cardoso,71416579915,M,1981-12-18,danielcardoso279@bol.com.br,21972585917,Rio de Janeiro,RJ,28113106,False
PES-04691,Vinícius Costa Martins,73567302272,M,1975-02-11,viniciusmartins43@outlook.com,51996703385,Porto Alegre,RS,97781926,False
PES-04692,Vinícius Rocha Assunção,14262956504,M,2001-02-26,vinicius.assuncao642@outlook.com,81993698367,Recife,PE,58235609,False
PES-04693,Joana Araújo Machado,20315437251,F,1985-12-02,joanamachado245@outlook.com,51965509209,Porto Alegre,RS,98970567,False
PES-04694,João Costa,94610037300,M,1982-09-19,joao_cos626@gmail.com,11963326992,São Paulo,SP,05238860,False
PES-04695,Vitória Marques Freitas,80882233939,F,1965-09-04,vitoria_fre732@uol.com.br,81988368907,Recife,PE,52251086,False
PES-04696,Ana Freitas Carvalho,64730468953,F,1961-01-13,ana.carvalho946@yahoo.com.br,11988602829,São Paulo,SP,04536669,True
PES-04697,Rafael Gomes Pereira,70304461008,M,1979-09-04,rafael_per29@outlook.com,11975882017,São Paulo,SP,08193477,False
PES-04698,Luís Mendes,61675794901,M,1991-05-27,luis.mendes722@outlook.com,11975298888,São Paulo,SP,07306043,True
PES-04699,Fernando Cardoso,92683072783,M,1988-12-08,fernando_car860@uol.com.br,21991799351,Rio de Janeiro,RJ,23949684,False
PES-04700,César Carvalho,64994887470,M,1955-09-18,cesar_car28@outlook.com,32980906759,Juiz de Fora,MG,32984228,True
PES-04701,Eduardo Marques,68478114637,M,1993-09-16,eduardomarques855@hotmail.com,21978954167,Rio de Janeiro,RJ,27984179,True
PES-04702,Raquel Ribeiro Barbosa,91225612004,F,1985-11-09,raquel_bar850@bol.com.br,32990442001,Juiz de Fora,MG,34137056,True
PES-04703,Luíza Moreira Ribeiro Mendes,12514164540,F,1933-12-31,luizamendes317@yahoo.com.br,11985672746,São Paulo,SP,01467370,True
PES-04704,Simone Silva Rodrigues,07317034487,F,1985-11-15,simone_rod887@outlook.com,16968093292,Ribeirão Preto,SP,17430026,False
PES-04705,Joana Araújo Ribeiro Oliveira,76608240902,F,1972-09-25,joana_oli892@yahoo.com.br,11977243971,Santo André,SP,06191954,True
PES-04706,Priscila Gomes Barbosa Mendes,69608155177,F,2002-05-27,priscila.mendes454@gmail.com,11966259654,São Paulo,SP,04740419,False
PES-04707,Larissa Assunção Martins,50827490135,F,1956-04-07,larissa_mar971@yahoo.com.br,32979329432,Juiz de Fora,MG,35113105,True
PES-04708,Ana Ribeiro Guimarães,71826295500,F,1995-01-11,ana.guimaraes1@yahoo.com.br,11992891819,São Paulo,SP,03781723,False
PES-04709,Letícia Martins Santos,73279206847,F,1992-07-14,leticia.santos846@yahoo.com.br,51994289502,Porto Alegre,RS,95530465,False
PES-04710,Isabela Ferreira Cardoso,09603890081,F,1964-06-12,isabelacardoso131@hotmail.com,21999826681,Rio de Janeiro,RJ,22428331,True
PES-04711,Henrique Andrade Dias,68567989620,M,1996-05-31,henrique.dias197@hotmail.com,11974539632,São Paulo,SP,07506769,True
PES-04712,Rafael Nunes Santos,27240316360,M,1976-01-06,rafael.santos883@gmail.com,51986394001,Porto Alegre,RS,96048506,False
PES-04713,Helena Santos,56665220605,F,1998-02-13,helena_san739@gmail.com,11980609055,Guarulhos,SP,02263133,True
PES-04714,Rafael Andrade Freitas,29277297000,M,1996-08-28,rafael_fre261@outlook.com,31964274807,Belo Horizonte,MG,32012571,False
PES-04715,Lúcia Araújo Assunção Andrade,61338400304,F,1994-07-04,lucia_and186@gmail.com,41973738433,Curitiba,PR,81963784,True
PES-04716,Bruno Peixoto,05153289362,M,1983-03-26,bruno.peixoto871@hotmail.com,21998448344,Rio de Janeiro,RJ,25554992,True
PES-04717,Sérgio Santos Cardoso,26131479461,M,1961-06-23,sergio.cardoso194@yahoo.com.br,11980601921,São Paulo,SP,05160481,True
PES-04718,Natália Marques,80677589999,F,2001-01-10,nataliamarques299@outlook.com,11967891219,Santo André,SP,05754218,False
PES-04719,Lucas Pereira,85578083560,M,1993-06-14,lucas.pereira31@outlook.com,41977997628,Curitiba,PR,89248975,False
PES-04720,Ana Marques Ferreira,03634464003,F,1971-03-08,ana.ferreira75@outlook.com,11969506382,Santo André,SP,06403576,False
PES-04721,Paulo Melo,54178833014,M,1993-12-04,paulomelo69@yahoo.com.br,21969695620,Rio de Janeiro,RJ,24280323,False
PES-04722,Luís Assunção Andrade,42314441370,M,1958-08-14,luis.andrade972@yahoo.com.br,61980003505,Brasília,DF,75406098,False
PES-04723,Antônio Souza Oliveira,03935550707,M,1978-04-28,antoniooliveira783@hotmail.com,11971088487,São Paulo,SP,07700589,True
PES-04724,Beatriz Martins,92862693405,F,1947-07-04,beatriz.martins860@yahoo.com.br,41963809025,Curitiba,PR,83302134,True
PES-04725,Vitória Brandão Costa Nascimento,82930261110,F,1990-01-09,vitorianascimento283@bol.com.br,31994281587,Belo Horizonte,MG,34215349,True
PES-04726,Júlia Moreira Magalhães,80713884401,F,1987-03-12,julia.magalhaes652@uol.com.br,31992728325,Belo Horizonte,MG,37621766,False
PES-04727,Isabela Alves Araújo,63363193343,F,1979-02-18,isabela.araujo301@bol.com.br,51967558030,Porto Alegre,RS,92213037,False
PES-04728,Lucas Melo Machado,99285781764,M,1992-07-05,lucas_mac160@gmail.com,11977647551,São Paulo,SP,09883334,False
PES-04729,Wagner Lima Souza,42941030352,M,1980-06-27,wagnersouza634@outlook.com,41969613696,Curitiba,PR,87208986,False
PES-04730,Eduardo Costa Ferreira,22197043196,M,1980-10-22,eduardo.ferreira83@gmail.com,62980603434,Goiânia,GO,72326839,False
PES-04731,Fernanda Assunção Rocha,88829356123,F,1963-03-31,fernanda_roc100@bol.com.br,61964716395,Brasília,DF,77807961,True
PES-04732,Caio Assunção Marques,65357358001,M,1998-01-27,luis_mel370@uol.com.br,11977065638,São Paulo,SP,09225626,False
PES-04733,Lucas Mendes Guimarães,54659416267,M,1968-07-31,lucasguimaraes636@uol.com.br,51983969641,Porto Alegre,RS,91927516,False
PES-04734,Simone Silva,63565141409,F,1994-09-02,simone_sil567@hotmail.com,51987144010,Porto Alegre,RS,97339187,True
PES-04735,Daniel Magalhães Guimarães,09632788435,M,1990-04-20,daniel_gui561@outlook.com,11988314229,São Paulo,SP,06177716,False
PES-04736,Helena Cardoso Barbosa Silva,06423562466,F,1994-04-16,helena_sil670@gmail.com,71996781024,Salvador,BA,48631301,True
PES-04737,André Pereira Ribeiro,24321783941,M,1996-05-12,andreribeiro375@outlook.com,11963371283,São Paulo,SP,09537999,False
PES-04738,Wagner Oliveira Melo,59049563805,M,1982-04-27,wagner_mel115@yahoo.com.br,48969588030,Florianópolis,SC,89091100,True
PES-04739,Joana Alves,51414631332,F,1995-12-25,joana_alv597@bol.com.br,11995929668,Guarulhos,SP,02104535,True
PES-04740,Patrícia Carvalho Araújo Ribeiro,72838258940,F,1979-04-30,patriciaribeiro356@gmail.com,11997849067,São Paulo,SP,09192287,True
PES-04741,Henrique Alves Dias,28821068900,M,1975-12-27,henrique_dia571@hotmail.com,31984256742,Belo Horizonte,MG,39702970,True
PES-04742,Daniel Magalhães Silva,94677716242,M,1976-07-14,daniel_sil864@hotmail.com,11969739566,São Paulo,SP,06598703,False
PES-04743,Joana Moreira Santos Ferreira,67395901258,F,1996-05-11,joanaferreira768@yahoo.com.br,19963974926,Campinas,SP,15926317,False
PES-04744,Isabela Araújo Barbosa,10236888838,F,1960-03-18,isabelabarbosa643@yahoo.com.br,11964592901,São Paulo,SP,04812228,True
PES-04745,Camila Dias,84246921106,F,1990-05-28,camila_dia929@gmail.com,51971706466,Porto Alegre,RS,92009843,True
PES-04746,Márcia Marques Carvalho,00927648784,F,2001-07-22,marciacarvalho621@outlook.com,11991166401,São Paulo,SP,01499841,False
PES-04747,Caio Marques,42519348810,M,1990-11-01,caio.marques533@uol.com.br,31995625510,Belo Horizonte,MG,32041329,False
PES-04748,Gustavo Santos Nunes,77426155412,M,1982-10-21,gustavo.nunes219@uol.com.br,11985545652,Guarulhos,SP,01307991,False
PES-04749,Sérgio Pereira,01802948147,M,1979-08-26,sergiopereira430@yahoo.com.br,21968448926,Niterói,RJ,27246019,True
PES-04750,Joana Rodrigues,27708518024,F,1999-03-10,joanarodrigues348@uol.com.br,21963931592,Rio de Janeiro,RJ,23422531,True
PES-04751,Cláudia Marques Ferreira,61702712052,F,1999-05-30,claudia.ferreira20@yahoo.com.br,11983108306,Guarulhos,SP,06268778,True
PES-04752,Sérgio Souza Gomes Nascimento,93490521803,M,1986-12-02,sergionascimento188@gmail.com,11979846037,São Paulo,SP,05797051,False
PES-04753,Tânia Ferreira Nascimento,70817612750,F,1993-11-12,tania.nascimento578@uol.com.br,62965827659,Goiânia,GO,77482002,True
PES-04754,Beatriz Brandão Ribeiro,04322300090,F,1987-07-22,beatrizribeiro250@outlook.com,19982777791,Campinas,SP,13678673,False
PES-04755,Beatriz Magalhães,77473943812,F,1985-04-04,beatrizmagalhaes94@yahoo.com.br,21983397248,Rio de Janeiro,RJ,22359872,False
PES-04756,Luís Carvalho,87901874317,M,1968-02-08,luiscarvalho304@yahoo.com.br,41996142915,Curitiba,PR,81177825,False
PES-04757,Caio Ferreira Melo,44652419252,M,1966-06-09,caio_mel809@outlook.com,81960966298,Recife,PE,55345147,False
PES-04758,Bruno Costa Brandão,36348257231,M,1972-01-23,bruno_bra845@hotmail.com,11986666263,Guarulhos,SP,07832716,True
PES-04759,Aline Marques Carvalho,68095919233,F,1966-12-12,aline_car167@yahoo.com.br,11998815069,Santo André,SP,04242732,True
PES-04760,Lúcia Rocha Oliveira Andrade,66486472723,F,1992-08-04,luciaandrade361@yahoo.com.br,11974251117,Santo André,SP,04308122,True
PES-04761,Gabriela Santos,44896711726,F,1992-10-05,gabriela.santos103@bol.com.br,11966727180,São Paulo,SP,09001130,False
PES-04762,Lúcia Alves Dias,28558008973,F,1975-08-09,lucia.dias269@gmail.com,19963092317,Campinas,SP,13029805,False
PES-04763,Otávio Cardoso,11760481041,M,1994-09-28,otavio_car65@hotmail.com,41988022305,Curitiba,PR,88600176,True
PES-04764,Fábio Costa Magalhães,07028177912,M,1988-02-03,fabiomagalhaes694@outlook.com,11995253054,Guarulhos,SP,08272192,True
PES-04765,Natália Dias Lima Conceição,74233063980,F,1958-06-14,natalia_con808@outlook.com,21971446841,Rio de Janeiro,RJ,26470912,True
PES-04766,Márcia Nunes,92192151527,F,1978-04-17,marcia_nun399@gmail.com,11989427860,Guarulhos,SP,01594590,True
PES-04767,Cecília Andrade Gomes Costa,80559606583,F,1980-09-08,cecilia_cos39@outlook.com,11961586519,São Paulo,SP,04099933,False
PES-04768,Marcelo Assunção Brandão Rocha,79634496873,M,1963-03-17,marcelo.rocha196@outlook.com,31972644404,Belo Horizonte,MG,35164806,False
PES-04769,Larissa Gomes Santos Carvalho,39496358403,F,1975-02-09,larissa_car10@yahoo.com.br,31997261289,Belo Horizonte,MG,35320571,True
PES-04770,Isabela Assunção Marques,70859687880,F,1977-10-05,isabela_mar314@uol.com.br,11967748041,São Paulo,SP,08988307,True
PES-04771,Gustavo Freitas Dias,73611511757,M,1994-10-06,gustavo.dias625@bol.com.br,19976008246,Campinas,SP,12321268,True
PES-04772,Isabela Gomes,12331070970,F,1977-01-25,isabela_gom94@bol.com.br,61974335153,Brasília,DF,79659933,True
PES-04773,Tânia Santos Dias,26728955542,F,1982-07-07,taniadias861@outlook.com,11963689047,São Paulo,SP,05702915,True
PES-04774,Vinícius Guimarães Oliveira Freitas,28612356911,M,1978-04-16,vinicius.freitas618@yahoo.com.br,81989895786,Recife,PE,57788152,False
PES-04775,Patrícia Melo Rodrigues,06910111338,F,1990-12-24,patricia.rodrigues733@hotmail.com,81987678688,Recife,PE,53126084,False
PES-04776,Rodrigo Nascimento Barbosa,57881107855,M,1984-01-17,rodrigo.barbosa55@bol.com.br,21973151493,Rio de Janeiro,RJ,22470036,True
PES-04777,Gabriela Freitas Gomes,18294823198,F,1993-09-19,gabrielagomes864@yahoo.com.br,11989725742,São Paulo,SP,02149887,True
PES-04778,Lúcia Guimarães Marques,61423199162,F,1963-03-17,lucia_mar693@gmail.com,21991841057,Rio de Janeiro,RJ,24489137,True
PES-04779,Márcio Pereira Nunes,31840423080,M,1991-07-05,marcio_nun969@bol.com.br,41964288853,Curitiba,PR,81368515,True
PES-04780,Renata Marques Magalhães,86638586122,F,1984-05-28,renatamagalhaes433@yahoo.com.br,11970142957,São Paulo,SP,09912565,True
PES-04781,Luíza Gomes Peixoto,45101908088,F,1994-01-24,luizapeixoto244@hotmail.com,41981382196,Curitiba,PR,85469251,False
PES-04782,Cecília Cardoso,39288665404,F,2005-05-07,cecilia_car845@gmail.com,11978448944,Santo André,SP,06977648,True
PES-04783,Aline Dias,47331461915,F,1991-04-29,aline_dia145@outlook.com,11962981860,São Paulo,SP,09742156,False
PES-04784,Joana Costa,89279806467,F,1990-09-13,joana_cos847@hotmail.com,16985902269,Ribeirão Preto,SP,18933617,False
PES-04785,Otávio Gomes,57140042136,M,1984-12-06,otaviogomes877@outlook.com,71993044680,Salvador,BA,42521183,True
PES-04786,Sérgio Guimarães,46098896925,M,1956-12-21,sergioguimaraes162@yahoo.com.br,11963626661,Santo André,SP,02125604,False
PES-04787,Ana Carvalho Peixoto,54537887478,F,1982-12-01,ana_pei669@uol.com.br,11998794976,São Paulo,SP,02510639,False
PES-04788,Júlia Melo,27087530534,F,1978-12-11,julia_mel19@hotmail.com,61963889793,Brasília,DF,76876721,False
PES-04789,Gustavo Mendes,19347796794,M,1991-02-16,gustavo_men128@uol.com.br,19977907484,Campinas,SP,14293969,True
PES-04790,Priscila Souza Gomes,71703093356,F,1984-10-10,priscila.gomes626@hotmail.com,19980741394,Campinas,SP,14882728,False
PES-04791,Letícia Nunes Magalhães Gomes,03954842432,F,1996-07-13,leticia_gom961@outlook.com,11964728566,São Paulo,SP,05405036,False
PES-04792,Otávio Costa Machado Machado,85128536890,M,1969-03-30,otavio_mac745@uol.com.br,19994572737,Campinas,SP,11539961,False
PES-04793,Otávio Ribeiro,62710315017,M,2000-01-11,otavio.ribeiro108@yahoo.com.br,11973728384,São Paulo,SP,05859388,False
PES-04794,Helena Marques Ferreira,63635612219,F,1990-08-08,helena.ferreira285@uol.com.br,19981988323,Campinas,SP,13227459,True
PES-04795,Fábio Gomes Martins,12255333171,M,1966-07-26,fabio_mar537@uol.com.br,62996201412,Goiânia,GO,74917364,True
PES-04796,Tânia Nascimento Pereira,73911698542,F,1981-09-02,taniapereira720@uol.com.br,31994677271,Belo Horizonte,MG,36734236,True
PES-04797,Aline Conceição Oliveira,05961988252,F,1973-09-25,aline_oli32@gmail.com,21996729141,Rio de Janeiro,RJ,28466378,True
PES-04798,Henrique Guimarães Oliveira,05431358618,M,1972-04-30,henrique_oli313@yahoo.com.br,21988211732,Rio de Janeiro,RJ,28910947,True
PES-04799,Rodrigo Barbosa Gomes Marques,77826790107,M,1988-03-27,rodrigomarques296@outlook.com,41998826809,Curitiba,PR,88401984,True
PES-04800,Mateus Ferreira,35153230902,M,1974-05-14,mateus_fer665@yahoo.com.br,61993543954,Brasília,DF,77310310,True
PES-04801,Júlia Melo Peixoto Moreira,09604666819,F,1988-12-06,julia_mor746@bol.com.br,11967459939,São Paulo,SP,08069359,True
PES-04802,Hélio Conceição Andrade Guimarães,17850793790,M,1951-11-17,helio.guimaraes947@outlook.com,61979358276,Brasília,DF,79026643,False
PES-04803,Fernanda Mendes,59043954691,F,1988-03-12,fernanda.mendes986@uol.com.br,11965959871,Guarulhos,SP,02223023,False
PES-04804,João Rodrigues Moreira,99328192471,M,1981-09-24,joaomoreira638@gmail.com,11980942929,São Paulo,SP,01474484,True
PES-04805,Thiago Magalhães Rocha,73323297199,M,1971-07-12,thiago.rocha493@outlook.com,31970359804,Belo Horizonte,MG,39082333,False
PES-04806,Bruno Souza Pereira Gomes,16349153642,M,1985-03-07,bruno_gom763@uol.com.br,21960821111,Niterói,RJ,21843353,False
PES-04807,Cecília Costa,64450925513,F,1968-11-24,ceciliacosta629@outlook.com,31984399739,Belo Horizonte,MG,36467851,False
PES-04808,Antônio Marques Assunção,68421665430,M,1975-12-04,antonio_ass63@yahoo.com.br,11985418695,Santo André,SP,05360079,True
PES-04809,Fernanda Rocha Brandão,06216540351,F,1966-05-21,fernanda.brandao590@gmail.com,71988277001,Salvador,BA,43267904,True
PES-04810,Sérgio Gomes,29350940345,M,1963-05-11,sergio.gomes257@gmail.com,11992668928,São Paulo,SP,08533751,True
PES-04811,Márcia Alves,07878262004,F,1987-05-22,marcia_alv475@gmail.com,31965054798,Belo Horizonte,MG,39682199,True
PES-04812,Renata Nunes Rodrigues,59599550757,F,1994-10-08,renatarodrigues635@outlook.com,71995616905,Salvador,BA,45175487,True
PES-04813,Hélio Santos,90015010287,M,1995-07-22,heliosantos875@gmail.com,21982427848,Rio de Janeiro,RJ,24493938,True
PES-04814,Helena Gomes Assunção,88160715080,F,1974-06-16,helena.assuncao871@outlook.com,41972527169,Curitiba,PR,88246523,True
PES-04815,Rodrigo Araújo,51257751425,M,1980-07-06,rodrigo_ara239@gmail.com,11981495835,São Paulo,SP,01597203,True
PES-04816,Caio Lima,91890880426,M,1993-07-18,caio.lima156@hotmail.com,11968516474,São Paulo,SP,05784691,True
PES-04817,Fernanda Carvalho Mendes,36605770650,F,1999-11-06,fernanda.mendes895@bol.com.br,16998262598,Ribeirão Preto,SP,13354523,False
PES-04818,Hélio Mendes Oliveira,54116733482,M,1969-02-25,helio_oli667@yahoo.com.br,31996945054,Belo Horizonte,MG,38405562,False
PES-04819,Vitória Costa Souza,24403230636,F,1962-09-10,vitoria_sou667@hotmail.com,11989147103,Guarulhos,SP,06039474,False
PES-04820,Luíza Rocha Guimarães,96834989900,F,1984-07-28,luiza_gui140@yahoo.com.br,11990984966,São Paulo,SP,06356794,True
PES-04821,Natália Moreira,31089630581,F,1948-07-23,natalia_mor275@hotmail.com,11964893222,São Paulo,SP,08706487,True
PES-04822,Wagner Oliveira,71240198000,M,1993-08-02,wagneroliveira608@yahoo.com.br,31981641796,Belo Horizonte,MG,34510955,True
PES-04823,Tânia Rocha Cardoso Brandão,81279616717,F,1966-10-20,tania_bra547@uol.com.br,11985652268,São Paulo,SP,05138412,False
PES-04824,Isabela Freitas,07674115100,F,1969-11-01,isabela.freitas561@hotmail.com,31967683118,Belo Horizonte,MG,32304041,False
PES-04825,Wagner Guimarães,46207397908,M,1948-11-12,wagner.guimaraes604@outlook.com,11984322646,São Paulo,SP,06272057,True
PES-04826,Sônia Silva,02080795058,F,1953-03-09,sonia_sil29@outlook.com,81962679034,Recife,PE,57678756,True
PES-04827,Raquel Ferreira Brandão,95226062435,F,1984-03-13,raquel_bra45@hotmail.com,21962607453,Niterói,RJ,21796913,False
PES-04828,Patrícia Barbosa Marques,70777512017,F,1997-01-01,patricia.marques98@outlook.com,11995745956,São Paulo,SP,04890868,False
PES-04829,Fernanda Magalhães,95663314440,F,1974-07-06,fernanda_mag55@uol.com.br,21970298397,Niterói,RJ,28024871,False
PES-04830,Helena Conceição Ribeiro,61177882310,F,1992-07-15,helenaribeiro88@outlook.com,21995862248,Niterói,RJ,27358910,True
PES-04831,Lúcia Costa Peixoto,35830206420,F,1991-05-22,luciapeixoto707@bol.com.br,11972568534,São Paulo,SP,04481540,True
PES-04832,Paulo Araújo Peixoto,80359688900,M,1989-07-29,paulo.peixoto79@yahoo.com.br,31999625576,Belo Horizonte,MG,36888535,False
PES-04833,Fernanda Lima Melo,69688852805,F,1998-11-02,fernandamelo627@uol.com.br,31973996369,Belo Horizonte,MG,35071611,True
PES-04834,Helena Assunção Cardoso Gomes,66323735857,F,2001-03-23,helenagomes172@yahoo.com.br,71990419419,Salvador,BA,41392788,False
PES-04835,Helena Andrade Marques Oliveira,80473209390,F,1971-08-08,helena.oliveira168@gmail.com,21990195409,Niterói,RJ,22667215,False
PES-04836,Isabela Moreira Andrade,95317665841,F,2000-10-29,isabela_and993@bol.com.br,11982647178,São Paulo,SP,06617930,True
PES-04837,João Nascimento Araújo Nascimento,89500359952,M,1993-02-21,joao_nas5@uol.com.br,31978555774,Belo Horizonte,MG,39423283,False
PES-04838,Cecília Freitas Lima,02847762116,F,1988-05-21,cecilialima276@outlook.com,21976417592,Rio de Janeiro,RJ,26610953,True
PES-04839,Marcelo Lima,78484538559,M,1992-08-11,marcelo_lim537@bol.com.br,21975652861,Rio de Janeiro,RJ,26200942,False
PES-04840,Rodrigo Brandão,77594063201,M,1991-05-13,rodrigobrandao288@bol.com.br,21997222818,Niterói,RJ,22224942,False
PES-04841,Mateus Souza Alves,54015461142,M,1946-12-26,mateusalves56@outlook.com,16984144783,Ribeirão Preto,SP,18435609,False
PES-04842,Antônio Souza Lima,89354882161,M,1976-05-27,antoniolima315@uol.com.br,11970012250,São Paulo,SP,06028542,False
PES-04843,Vitória Costa Assunção Souza,84235174460,F,1967-11-12,vitoria_sou639@hotmail.com,19997896325,Campinas,SP,15506446,False
PES-04844,Aline Barbosa,37176926077,F,1988-04-15,aline.barbosa916@hotmail.com,71984069378,Salvador,BA,42609910,True
PES-04845,Natália Nascimento Peixoto,97303019804,F,1971-07-13,natalia_pei926@uol.com.br,41972963593,Curitiba,PR,81805507,True
PES-04846,Camila Nascimento Martins,88518242908,F,1973-08-09,camilamartins14@yahoo.com.br,11979256304,Santo André,SP,02196160,True
PES-04847,Natália Peixoto Marques,28462019869,F,1969-07-06,natalia.marques512@yahoo.com.br,31978943698,Belo Horizonte,MG,37370944,True
PES-04848,Priscila Brandão Freitas,01705755003,F,1961-12-28,priscilafreitas18@gmail.com,51972301645,Porto Alegre,RS,99154921,True
PES-04849,Sônia Cardoso Cardoso,53890644961,F,1966-01-05,sonia_car980@hotmail.com,11999941543,Guarulhos,SP,07151843,True
PES-04850,João Ribeiro,83463857499,M,1988-10-01,joaoribeiro794@bol.com.br,11967762393,São Paulo,SP,07879740,True
PES-04851,Sérgio Carvalho,23323252551,M,1981-09-17,sergio_car913@bol.com.br,11997749777,São Paulo,SP,01225195,True
PES-04852,Vinícius Costa Nascimento,03353482970,M,1976-03-20,viniciusnascimento695@yahoo.com.br,11962302409,São Paulo,SP,07703022,True
PES-04853,Sérgio Lima Assunção,75814681861,M,1989-08-25,sergio.assuncao973@hotmail.com,21977099857,Niterói,RJ,22409966,True
PES-04854,Leonardo Ribeiro Santos,40066948738,M,2001-10-26,leonardosantos642@gmail.com,32968872150,Juiz de Fora,MG,37247579,False
PES-04855,Mariana Araújo,06867934552,F,2002-02-24,mariana.araujo953@yahoo.com.br,11994265802,São Paulo,SP,03784408,True
PES-04856,Beatriz Magalhães,99208737489,F,1995-10-15,beatriz.magalhaes386@hotmail.com,11998428500,São Paulo,SP,06189879,True
PES-04857,Mateus Peixoto,81229166602,M,1992-01-09,mateuspeixoto112@yahoo.com.br,21965983818,Niterói,RJ,22265176,False
PES-04858,Aline Marques Oliveira Nascimento,36272635109,F,1991-12-21,aline.nascimento187@gmail.com,21981349839,Rio de Janeiro,RJ,23705686,False
PES-04859,Rafael Silva Barbosa,75333284342,M,1985-09-26,rafael.barbosa292@yahoo.com.br,11980564192,São Paulo,SP,06793496,False
PES-04860,Joana Ferreira Magalhães,60324406649,F,1961-07-01,joana.magalhaes821@uol.com.br,32995987478,Juiz de Fora,MG,37737092,True
PES-04861,Mariana Pereira,89879607309,F,1978-11-19,mariana.pereira932@outlook.com,19990013953,Campinas,SP,16208391,True
PES-04862,Sérgio Barbosa,32598444906,M,1951-08-29,sergio.barbosa497@bol.com.br,19967342353,Campinas,SP,11365074,True
PES-04863,Márcio Santos Rodrigues,02891518640,M,1990-07-16,marcio_rod780@hotmail.com,11989044882,São Paulo,SP,05618190,True
PES-04864,Gustavo Machado Martins Rocha,35784307495,M,1974-09-20,gustavo.rocha100@outlook.com,21966266004,Niterói,RJ,21773954,False
PES-04865,João Melo Souza,43925894128,M,1986-08-31,joao_sou898@uol.com.br,11967896710,São Paulo,SP,06780838,False
PES-04866,Thiago Moreira Silva,44084990213,M,1965-09-02,thiagosilva987@outlook.com,19995081548,Campinas,SP,18527324,False
PES-04867,Sérgio Alves,49722849000,M,1964-11-04,sergio.alves796@outlook.com,21986619882,Rio de Janeiro,RJ,27761576,True
PES-04868,Sérgio Cardoso Mendes,30699570050,M,1966-03-04,sergio_men498@uol.com.br,19964157270,Campinas,SP,15324496,True
PES-04869,Thiago Souza,95077712395,M,1985-10-29,thiago.souza304@yahoo.com.br,11968299373,Guarulhos,SP,08807306,False
PES-04870,Isabela Machado,13318447382,F,1997-03-24,isabela_mac917@yahoo.com.br,11998272561,São Paulo,SP,04858716,False
PES-04871,João Peixoto Alves,50926174207,M,1988-03-22,joao_alv769@hotmail.com,41977349528,Curitiba,PR,81340389,True
PES-04872,Vitória Oliveira Costa,13917613409,F,1980-10-22,vitoria.costa951@bol.com.br,31966846958,Belo Horizonte,MG,35002285,True
PES-04873,Cláudia Magalhães Dias,22445005353,F,1974-08-07,claudiadias520@uol.com.br,11991506739,São Paulo,SP,05479139,True
PES-04874,Gustavo Carvalho Assunção Magalhães,68534296642,M,1990-05-22,gustavomagalhaes919@gmail.com,19982312615,Campinas,SP,11828994,False
PES-04875,Helena Nunes Rocha Moreira,14097719033,F,1979-03-28,helena_mor66@hotmail.com,11964725424,São Paulo,SP,09492032,True
PES-04876,Cecília Alves Melo,88986881136,F,2001-06-26,cecilia_mel438@gmail.com,41983268476,Curitiba,PR,86312134,False
PES-04877,Camila Martins Carvalho,29811797137,F,1943-01-30,camila_car638@uol.com.br,11979483507,Santo André,SP,07228827,True
PES-04878,Patrícia Ribeiro Carvalho,87020647073,F,1998-05-02,patriciacarvalho207@gmail.com,51980466708,Porto Alegre,RS,91096838,False
PES-04879,Sônia Machado,35398892720,F,1981-09-17,sonia_mac374@outlook.com,11986228174,São Paulo,SP,01958229,True
PES-04880,Marcelo Rocha Andrade,83442775906,M,1949-07-13,marcelo_and736@hotmail.com,11987834286,São Paulo,SP,07584344,True
PES-04881,Gabriela Alves Rodrigues,85706625301,F,1944-11-16,gabriela_rod487@bol.com.br,16983197206,Ribeirão Preto,SP,11188719,True
PES-04882,Eduardo Marques,79403040890,M,1962-03-23,eduardo.marques559@outlook.com,11983539289,São Paulo,SP,05388668,False
PES-04883,Rodrigo Cardoso Marques,18645076322,M,1982-01-20,rodrigo.marques414@yahoo.com.br,11983345253,São Paulo,SP,05456428,True
PES-04884,Tânia Rodrigues Nascimento,48211315106,F,1968-01-04,tania_nas229@gmail.com,51996058515,Porto Alegre,RS,94043280,False
PES-04885,Joana Marques Ferreira,47925939648,F,1975-07-27,joana_fer235@gmail.com,31971498860,Belo Horizonte,MG,34798326,True
PES-04886,Hélio Martins Freitas,13032084318,M,1933-12-31,heliofreitas401@bol.com.br,31978212173,Belo Horizonte,MG,34207566,True
PES-04887,Gustavo Santos Rocha Martins,70842075895,M,1945-12-04,gustavo_mar221@yahoo.com.br,11975617523,Santo André,SP,01086387,False
PES-04888,Sérgio Rocha Peixoto,93709556155,M,1992-06-13,sergio_pei837@outlook.com,41993671007,Curitiba,PR,84241855,True
PES-04889,Antônio Araújo Assunção,86997458858,M,1987-08-16,antonio.assuncao436@hotmail.com,21961449483,Rio de Janeiro,RJ,22737587,False
PES-04890,Natália Alves,51369079672,F,1986-01-18,natalia.alves369@outlook.com,21962069850,Rio de Janeiro,RJ,24445217,False
PES-04891,Marcelo Rodrigues Moreira,41841518174,M,1968-03-04,marcelomoreira225@gmail.com,11991429848,São Paulo,SP,04156426,False
PES-04892,Antônio Rodrigues,85635626491,M,1978-10-06,antonio_rod780@yahoo.com.br,11976169110,São Paulo,SP,09131237,False
PES-04893,Hélio Nascimento Freitas,76635761870,M,1983-03-28,helio_fre469@yahoo.com.br,48987913482,Florianópolis,SC,84590798,False
PES-04894,Simone Costa Melo,97696082205,F,1984-02-24,simone.melo78@uol.com.br,71991215403,Salvador,BA,48660540,False
PES-04895,Vinícius Cardoso,78806180312,M,2003-08-13,vinicius_car158@outlook.com,21967194288,Niterói,RJ,27767599,False
PES-04896,André Dias Andrade,49532478175,M,1992-02-02,andreandrade677@yahoo.com.br,61985341651,Brasília,DF,73745681,True
PES-04897,Aline Magalhães,68059604953,F,1989-11-14,aline.magalhaes548@bol.com.br,21967032404,Niterói,RJ,29554508,False
PES-04898,Marcelo Moreira Barbosa,33836894840,M,1983-04-05,marcelo_bar101@outlook.com,19961223211,Campinas,SP,15909932,False
PES-04899,Larissa Marques Melo,42317460015,F,1996-06-10,larissa_mel164@hotmail.com,51964829693,Porto Alegre,RS,99534998,False
PES-04900,Simone Moreira,74771558787,F,1984-08-16,simonemoreira914@uol.com.br,41960902866,Curitiba,PR,86177070,False
PES-04901,José Assunção Brandão Ferreira,73469257345,M,1970-10-08,jose.ferreira156@yahoo.com.br,11972138990,Santo André,SP,03631864,False
PES-04902,César Andrade,35986741803,M,1988-08-29,cesarandrade558@uol.com.br,21999205602,Rio de Janeiro,RJ,24290640,False
PES-04903,Gabriela Pereira Magalhães,60003746585,F,1979-06-18,gabriela_mag173@outlook.com,16975844042,Ribeirão Preto,SP,16287441,True
PES-04904,Natália Araújo Ribeiro Costa,69297691005,F,1987-10-11,natalia_cos462@hotmail.com,11978756635,São Paulo,SP,07149423,False
PES-04905,Camila Peixoto Andrade,79371542683,F,1965-07-21,camilaandrade437@yahoo.com.br,62967389130,Goiânia,GO,76233100,True
PES-04906,Renata Marques Araújo,00030250803,F,1999-05-01,renata.araujo85@bol.com.br,11968928680,São Paulo,SP,07028769,True
PES-04907,Caio Rodrigues Rodrigues,79383422203,M,1958-05-27,caiorodrigues486@bol.com.br,21987897676,Rio de Janeiro,RJ,28152247,True
PES-04908,Henrique Costa,48036983095,M,1978-01-15,henrique.costa3@outlook.com,21998161668,Rio de Janeiro,RJ,22918661,False
PES-04909,Marcelo Cardoso Nunes,63239038498,M,1992-08-05,marcelo_nun81@gmail.com,11993483611,São Paulo,SP,06450740,True
PES-04910,Vitória Melo Martins,13399238312,F,2001-04-06,vitoria_mar904@uol.com.br,41961479339,Curitiba,PR,87849773,True
PES-04911,Isabela Barbosa Freitas,77591933949,F,1978-11-06,isabela_fre136@outlook.com,11962792075,São Paulo,SP,02416840,True
PES-04912,Letícia Ferreira Dias Magalhães,11390783138,F,1975-01-08,leticiamagalhaes715@hotmail.com,62968536170,Goiânia,GO,74283891,True
PES-04913,Lucas Araújo,85046179636,M,1999-01-20,lucas_ara29@bol.com.br,41960348111,Curitiba,PR,87425446,False
PES-04914,Letícia Oliveira,15844131401,F,1983-10-15,leticia_oli441@uol.com.br,31968513895,Belo Horizonte,MG,39409662,True
PES-04915,Henrique Dias Oliveira,42143933258,M,1987-04-30,henriqueoliveira1@yahoo.com.br,21999967061,Rio de Janeiro,RJ,26486483,False
PES-04916,Larissa Barbosa Assunção Nunes,95305227895,F,1983-05-02,larissa.nunes881@uol.com.br,16994933927,Ribeirão Preto,SP,15708820,True
PES-04917,Márcia Freitas Marques,80022521283,F,1986-01-30,marciamarques827@hotmail.com,11973271383,Guarulhos,SP,03685857,False
PES-04918,César Silva Araújo,98002173120,M,1976-06-28,cesararaujo18@hotmail.com,31989212855,Belo Horizonte,MG,33874245,True
PES-04919,Natália Martins Machado Martins,27526191380,F,1989-10-18,natalia.martins229@outlook.com,41961629927,Curitiba,PR,83391157,True
PES-04920,Cláudia Magalhães,51771846500,F,2000-06-15,claudia_mag483@uol.com.br,11994706554,São Paulo,SP,06170382,False
PES-04921,Letícia Gomes Silva,15330154146,F,1975-07-27,leticiasilva233@bol.com.br,11999735725,São Paulo,SP,05381393,True
PES-04922,André Barbosa Magalhães,14095808810,M,1987-10-19,andre_mag620@bol.com.br,51967013667,Porto Alegre,RS,98810958,False
PES-04923,Fernando Melo,45188053136,M,1958-09-02,fernandomelo38@hotmail.com,51963538101,Porto Alegre,RS,96627449,True
PES-04924,Thiago Marques,01682166120,M,1989-01-11,thiago_mar986@bol.com.br,21975375045,Rio de Janeiro,RJ,28623041,True
PES-04925,Letícia Andrade Conceição,75528325927,F,1997-09-02,leticia.conceicao903@hotmail.com,41983449218,Curitiba,PR,88115903,True
PES-04926,Letícia Oliveira Cardoso Cardoso,41963761855,F,1998-03-29,leticia.cardoso270@outlook.com,31962832101,Belo Horizonte,MG,35051383,False
PES-04927,André Cardoso Peixoto,29858157622,M,1963-07-27,andre_pei762@yahoo.com.br,11993898286,São Paulo,SP,02734091,True
PES-04928,Bruno Rocha Martins,00551160861,M,1988-10-04,bruno_mar417@gmail.com,11986597015,São Paulo,SP,06181947,False
PES-04929,Natália Pereira,99542921799,F,1979-08-10,natalia_per97@hotmail.com,11982186700,São Paulo,SP,03306592,False
PES-04930,Helena Nascimento Nascimento,46328458509,F,1991-01-12,helena.nascimento298@yahoo.com.br,61977366655,Brasília,DF,77836368,True
PES-04931,Hélio Nunes Mendes,43156042595,M,2002-12-15,heliomendes39@outlook.com,21964565148,Rio de Janeiro,RJ,23178322,True
PES-04932,Priscila Brandão Rocha,83452781593,F,1983-09-22,priscilarocha250@gmail.com,41964567123,Curitiba,PR,88769530,True
PES-04933,Júlia Araújo Carvalho Brandão,71243352647,F,1961-07-28,julia.brandao978@yahoo.com.br,21993004946,Rio de Janeiro,RJ,28234294,False
PES-04934,Letícia Pereira Melo,45279743860,F,1989-04-20,leticiamelo426@gmail.com,11980716605,São Paulo,SP,04432642,False
PES-04935,Helena Nunes Santos,07595203210,F,1969-10-03,helena.santos370@yahoo.com.br,41960807139,Curitiba,PR,84547237,False
PES-04936,Cecília Conceição Lima,59983830795,F,1972-03-08,cecilia.lima120@hotmail.com,21971797286,Rio de Janeiro,RJ,22380723,True
PES-04937,Joana Souza Santos,34023057479,F,1991-01-03,joana_san321@bol.com.br,21970917836,Niterói,RJ,26020470,False
PES-04938,Hélio Costa Marques,44473090760,M,1988-06-10,helio_mar26@yahoo.com.br,48960832301,Florianópolis,SC,86400205,True
PES-04939,Bruno Oliveira Martins,73530912158,M,1984-01-10,bruno.martins60@uol.com.br,41975054343,Curitiba,PR,87651646,True
PES-04940,Joana Ribeiro Santos,16200165246,F,1987-07-15,joanasantos209@hotmail.com,41990329972,Curitiba,PR,87626812,True
PES-04941,Natália Melo Brandão,54139694904,F,1970-06-21,natalia.brandao679@uol.com.br,62992563576,Goiânia,GO,76906556,False
PES-04942,Rodrigo Marques Rocha Carvalho,29647574703,M,1986-07-04,rodrigo_car77@hotmail.com,19975151848,Campinas,SP,15219651,False
PES-04943,Helena Machado Gomes,86232263642,F,1980-11-11,helena.gomes258@uol.com.br,61974584230,Brasília,DF,72750868,False
PES-04944,Márcio Gomes Assunção Souza,60367941180,M,1968-10-10,marciosouza840@hotmail.com,11972894830,Guarulhos,SP,05443144,True
PES-04945,Leonardo Assunção,98065616780,M,1987-01-30,leonardo_ass373@bol.com.br,61971954407,Brasília,DF,76504008,True
PES-04946,Cecília Moreira Carvalho,96969823210,F,1976-04-29,cecilia.carvalho900@yahoo.com.br,16985481475,Ribeirão Preto,SP,18868191,True
PES-04947,Paulo Souza Andrade,11779787502,M,1977-08-17,pauloandrade680@outlook.com,21990747227,Rio de Janeiro,RJ,27684726,False
PES-04948,Fernando Araújo,93657435590,M,1951-11-11,fernandoaraujo864@hotmail.com,11968043619,Guarulhos,SP,01788009,True
PES-04949,Tânia Martins Silva,20911138757,F,1965-11-07,taniasilva517@bol.com.br,11986259369,São Paulo,SP,04542917,True
PES-04950,Lúcia Mendes Alves Peixoto,68576718340,F,1988-01-22,lucia.peixoto962@gmail.com,19973743017,Campinas,SP,18535810,True
PES-04951,Fernando Peixoto Ferreira,71048698670,M,1993-11-18,fernando_fer972@yahoo.com.br,31996383391,Belo Horizonte,MG,35121876,True
PES-04952,Sônia Peixoto Martins Freitas,24738247549,F,2000-01-12,sonia.freitas434@yahoo.com.br,41992149992,Curitiba,PR,82971755,True
PES-04953,Aline Gomes Gomes,93401030094,F,1933-12-31,alinegomes655@gmail.com,19985457397,Campinas,SP,12171334,False
PES-04954,Luís Santos Assunção Rodrigues,44797649682,M,1968-08-18,luis_rod493@uol.com.br,11969289474,São Paulo,SP,05963699,False
PES-04955,Priscila Guimarães,15877194879,F,1977-11-19,priscila_gui704@uol.com.br,21984688414,Niterói,RJ,25374211,True
PES-04956,Daniel Dias,96658502617,M,1994-11-16,danieldias35@gmail.com,11972438711,São Paulo,SP,07365188,False
PES-04957,Cecília Ferreira Melo Pereira,38848810276,F,1995-01-26,cecilia.pereira602@bol.com.br,61989053353,Brasília,DF,75440118,False
PES-04958,Júlia Araújo Cardoso,65810746322,F,1991-12-30,julia.cardoso148@outlook.com,51976448869,Porto Alegre,RS,92500073,False
PES-04959,Débora Martins Pereira,09002944934,F,1988-06-25,debora_per168@hotmail.com,51977312128,Porto Alegre,RS,95896735,False
PES-04960,Fernando Costa Ferreira,31698530234,M,1988-07-30,fernando.ferreira494@hotmail.com,16976275274,Ribeirão Preto,SP,14216842,True
PES-04961,Vinícius Moreira Araújo,34644792187,M,1977-12-14,vinicius.araujo486@uol.com.br,21978119231,Rio de Janeiro,RJ,21683529,False
PES-04962,Aline Magalhães Santos Freitas,68162950800,F,1980-12-22,aline_fre192@bol.com.br,21984377334,Niterói,RJ,27991679,True
PES-04963,Cláudia Ferreira Melo Brandão,98369897304,F,1981-04-30,claudiabrandao740@outlook.com,71979186855,Salvador,BA,46319220,True
PES-04964,Vitória Moreira,29966123377,F,1967-08-05,vitoria.moreira2@outlook.com,11982501789,São Paulo,SP,01586870,False
PES-04965,Natália Machado Ferreira,07074371211,F,1970-06-20,nataliaferreira375@gmail.com,11972408464,Guarulhos,SP,07633136,False
PES-04966,Isabela Pereira,57608290250,F,1981-08-19,isabelapereira747@uol.com.br,11999234955,Guarulhos,SP,04684306,True
PES-04967,Wagner Conceição Alves,35142704576,M,2006-07-21,wagner_alv982@gmail.com,51968746442,Porto Alegre,RS,98530674,False
PES-04968,Isabela Araújo,24125355312,F,1974-04-29,isabela.araujo749@yahoo.com.br,41965612261,Curitiba,PR,84089114,True
PES-04969,Vitória Conceição Peixoto Araújo,08284363046,F,1945-11-14,vitoriaaraujo281@yahoo.com.br,21984825898,Rio de Janeiro,RJ,25033133,True
PES-04970,Márcia Melo Araújo Brandão,71613655037,F,1964-05-12,marciabrandao194@yahoo.com.br,62992218303,Goiânia,GO,71335055,False
PES-04971,Natália Peixoto Dias,06436107584,F,2001-10-07,natalia_dia803@yahoo.com.br,11986216875,São Paulo,SP,02453473,True
PES-04972,Fernando Moreira,83456377010,M,1967-12-03,fernando.moreira956@bol.com.br,71992395227,Salvador,BA,42774726,True
PES-04973,Helena Souza,05362425935,F,1995-10-05,helenasouza129@outlook.com,11971875747,Guarulhos,SP,05437678,True
PES-04974,Marcelo Rodrigues Brandão Souza,32335875973,M,2001-02-26,marcelo.souza157@hotmail.com,16986813627,Ribeirão Preto,SP,15305812,True
PES-04975,Larissa Alves Nunes,34699623913,F,1990-10-17,larissanunes192@hotmail.com,11975844810,São Paulo,SP,03809359,True
PES-04976,Letícia Oliveira Oliveira,57011686380,F,1983-10-15,leticiaoliveira931@gmail.com,11976382477,São Paulo,SP,05182664,False
PES-04977,Helena Silva Lima,99415850590,F,1985-06-22,helenalima122@hotmail.com,11999632510,São Paulo,SP,01300061,False
PES-04978,Beatriz Freitas Oliveira,88800754627,F,1951-08-11,beatriz.oliveira200@yahoo.com.br,11987083395,Santo André,SP,01341623,False
PES-04979,Tânia Silva,14488481809,F,1991-11-23,tania_sil258@uol.com.br,21980414831,Rio de Janeiro,RJ,25486160,True
PES-04980,Marcelo Rocha,27279225403,M,1998-11-27,marcelorocha177@bol.com.br,11962272477,São Paulo,SP,03667246,True
PES-04981,Gabriela Martins,87714555238,F,1993-06-22,gabrielamartins402@yahoo.com.br,11979025591,Santo André,SP,03142581,True
PES-04982,Aline Araújo Ribeiro,38044398619,F,1990-07-18,alineribeiro395@bol.com.br,11972511056,São Paulo,SP,02781586,True
PES-04983,Joana Andrade,74566366561,F,1991-11-06,joanaandrade337@hotmail.com,11978683665,São Paulo,SP,09577203,False
PES-04984,Márcia Gomes,89063598378,F,1960-10-27,marcia_gom672@bol.com.br,21978635109,Rio de Janeiro,RJ,24113580,True
PES-04985,Fernanda Assunção Alves Freitas,21061088189,F,1958-06-29,fernanda_fre231@outlook.com,11969104580,São Paulo,SP,04552067,True
PES-04986,Júlia Moreira Gomes,26410786948,F,1965-04-14,julia_gom518@uol.com.br,21961112470,Rio de Janeiro,RJ,22346694,False
PES-04987,Leonardo Marques Ribeiro,48164638951,M,1989-07-01,leonardoribeiro622@uol.com.br,81960747276,Recife,PE,52354561,True
PES-04988,Sérgio Assunção,30328506656,M,1988-08-15,sergioassuncao153@hotmail.com,11970277931,São Paulo,SP,08656690,True
PES-04989,Bruno Souza Carvalho,63929397250,M,1989-04-21,bruno.carvalho260@bol.com.br,11960723021,São Paulo,SP,02082701,True
PES-04990,Luíza Moreira,23222813361,F,1980-03-03,luiza_mor39@uol.com.br,71980419832,Salvador,BA,49983242,True
PES-04991,Vinícius Marques,74044250774,M,1956-04-17,vinicius.marques776@bol.com.br,19984138527,Campinas,SP,18433784,False
PES-04992,Cláudia Moreira Araújo,18479912464,F,2000-01-15,claudiaaraujo836@bol.com.br,81977768821,Recife,PE,55109040,True
PES-04993,Natália Nunes Magalhães,60644189231,F,1983-12-08,natalia.magalhaes688@uol.com.br,31960412928,Belo Horizonte,MG,39877849,False
PES-04994,Paulo Marques Andrade,13892054282,M,1997-08-07,pauloandrade814@uol.com.br,41984737025,Curitiba,PR,83405567,True
PES-04995,Priscila Oliveira,24898352030,F,1977-11-30,priscila.oliveira1@yahoo.com.br,11988922870,São Paulo,SP,02255722,True
PES-04996,Caio Araújo,13081297184,M,1989-02-19,caioaraujo8@yahoo.com.br,51978403477,Porto Alegre,RS,96725286,True
PES-04997,Lúcia Assunção Barbosa,76206386872,F,1997-07-05,luciabarbosa894@outlook.com,11988286219,Guarulhos,SP,04509503,False
PES-04998,Leonardo Rocha,84595329920,M,1980-11-29,leonardo.rocha259@hotmail.com,11990454403,São Paulo,SP,02559873,True
PES-04999,Gabriela Peixoto,33578515981,F,1958-08-24,gabrielapeixoto683@uol.com.br,11979489123,São Paulo,SP,04290914,False
PES-05000,Lucas Nunes Mendes,98613185347,M,1989-11-11,lucasmendes331@bol.com.br,21980407690,Rio de Janeiro,RJ,24309432,True
PES-05001,Débora Guimarães Freitas,34561572236,F,1992-12-23,debora.freitas261@outlook.com,48960345245,Florianópolis,SC,88034110,False
PES-05002,Paulo Dias Guimarães Cardoso,66380271155,M,1955-09-30,paulo.cardoso43@gmail.com,32976521219,Juiz de Fora,MG,37362397,False
PES-05003,Luís Martins Peixoto,21359529900,M,2002-06-14,luis.peixoto442@hotmail.com,31968555789,Belo Horizonte,MG,39558947,True
PES-05004,Lucas Assunção,19899400130,M,2001-02-21,lucas.assuncao465@bol.com.br,11996051756,São Paulo,SP,04749873,True
PES-05005,Otávio Araújo,93179451122,M,1986-06-11,otavioaraujo979@bol.com.br,62984699429,Goiânia,GO,71975704,True
PES-05006,Sérgio Nascimento Mendes,09959600629,M,1962-03-09,sergiomendes829@hotmail.com,51999981553,Porto Alegre,RS,93229895,False
PES-05007,Camila Melo Alves Gomes,30977446735,F,1941-04-23,camilagomes770@hotmail.com,11973926918,São Paulo,SP,03285134,True
PES-05008,Renata Souza Carvalho Nunes,26858951407,F,1983-12-12,renatanunes442@gmail.com,81964315472,Recife,PE,58981075,True
PES-05009,Eduardo Araújo,11314125168,M,1978-12-24,eduardo_ara855@outlook.com,11963431512,Santo André,SP,09176912,False
PES-05010,Thiago Magalhães Andrade,52477909959,M,1988-02-14,thiago.andrade138@hotmail.com,31995496869,Belo Horizonte,MG,33829781,False
PES-05011,Márcio Barbosa Assunção,87120404016,M,1971-01-21,marcio.assuncao349@outlook.com,61997296402,Brasília,DF,75575157,True
PES-05012,Joana Moreira Barbosa,24197959389,F,1999-08-02,joanabarbosa232@yahoo.com.br,31999083773,Belo Horizonte,MG,38657270,False
PES-05013,Larissa Barbosa,70989878325,F,1977-05-21,larissabarbosa29@hotmail.com,31976922999,Belo Horizonte,MG,39682745,True
PES-05014,Natália Machado,50978345428,F,1962-11-13,natalia.machado528@hotmail.com,41965691527,Curitiba,PR,83225836,True
PES-05015,Mariana Guimarães,55027553048,F,1981-12-30,mariana.guimaraes681@outlook.com,21981726286,Niterói,RJ,28025032,False
PES-05016,André Magalhães Andrade Pereira,37919558450,M,1997-11-16,andre.pereira174@uol.com.br,11988503830,São Paulo,SP,07938095,True
PES-05017,José Andrade Andrade,05861663785,M,1979-10-01,jose.andrade119@yahoo.com.br,19965415545,Campinas,SP,17308758,False
PES-05018,João Freitas Souza,02271114942,M,1992-09-25,joao.souza396@gmail.com,31988538017,Belo Horizonte,MG,32477723,False
PES-05019,Priscila Magalhães Costa,63568373300,F,1983-09-19,priscila_cos104@gmail.com,11996423977,São Paulo,SP,01847781,False
PES-05020,Vitória Nascimento Rodrigues,37793251016,F,1988-10-28,vitoriarodrigues883@yahoo.com.br,11995112569,São Paulo,SP,09172301,False
PES-05021,Natália Dias Costa,17248879711,F,1979-07-22,natalia_cos136@bol.com.br,21962475961,Rio de Janeiro,RJ,27957983,True
PES-05022,Helena Magalhães Magalhães,70953379930,F,1958-01-14,helena_mag642@outlook.com,61961428677,Brasília,DF,74452544,True
PES-05023,André Mendes,01808231244,M,1951-05-29,andremendes822@uol.com.br,11998813285,São Paulo,SP,09896705,False
PES-05024,Isabela Rocha Andrade Marques,02476316636,F,1984-07-26,isabelamarques205@bol.com.br,81969005483,Recife,PE,53318217,False
PES-05025,Beatriz Machado,42589200455,F,1993-10-26,beatriz_mac952@uol.com.br,11975743726,São Paulo,SP,05330286,False
PES-05026,Gabriela Mendes Carvalho,76091047019,F,1998-08-16,gabriela_car34@hotmail.com,19975785690,Campinas,SP,17645733,False
PES-05027,Márcia Peixoto,68764856178,F,1991-03-24,marciapeixoto309@outlook.com,11986066132,São Paulo,SP,08839806,True
PES-05028,Sônia Gomes,05565761956,F,1989-09-27,sonia_gom380@yahoo.com.br,11990411706,São Paulo,SP,01233093,True
PES-05029,Fernando Araújo Freitas Araújo,00969998538,M,1984-08-24,fernandoaraujo802@bol.com.br,41970605089,Curitiba,PR,89125106,True
PES-05030,Camila Mendes Nascimento,46294396093,F,1997-08-20,camila_nas73@gmail.com,62968303903,Goiânia,GO,73092590,True
PES-05031,Cláudia Andrade Silva,75454086240,F,1999-06-23,claudia.silva580@hotmail.com,11985743799,Santo André,SP,06683594,True
PES-05032,Aline Brandão Brandão,77563064494,F,1982-09-25,aline.brandao821@outlook.com,62980527049,Goiânia,GO,76217423,True
PES-05033,Fernando Dias Magalhães,68124768463,M,1983-01-28,fernando_mag491@bol.com.br,11987456859,Guarulhos,SP,09392189,False
PES-05034,Leonardo Nascimento Freitas Barbosa,82582532126,M,1987-11-09,leonardo.barbosa488@uol.com.br,31975408357,Belo Horizonte,MG,36779050,True
PES-05035,João Ferreira Carvalho Dias,72045217140,M,1979-08-16,joao_dia599@outlook.com,11972906821,São Paulo,SP,07844952,True
PES-05036,Rodrigo Gomes Silva Carvalho,36340538878,M,1988-08-17,marcelo_pei172@bol.com.br,71991065016,Salvador,BA,45416045,False
PES-05037,Débora Santos,66599260110,F,1956-03-25,deborasantos554@outlook.com,19979004927,Campinas,SP,19867504,False
PES-05038,Beatriz Melo,26099102310,F,1980-12-18,beatriz_mel691@hotmail.com,11992361627,São Paulo,SP,04593400,True
PES-05039,Leonardo Pereira Rocha,45395010629,M,1976-09-03,leonardorocha668@uol.com.br,11996515465,São Paulo,SP,04623586,True
PES-05040,Eduardo Cardoso,22779849576,M,1967-12-16,eduardo.cardoso894@gmail.com,32960548184,Juiz de Fora,MG,32498216,False
PES-05041,Priscila Barbosa,65113464473,F,1971-04-16,priscilabarbosa39@hotmail.com,11962368253,São Paulo,SP,07851453,True
PES-05042,Larissa Peixoto Barbosa Carvalho,91291561498,F,1963-09-13,larissacarvalho797@bol.com.br,19960251307,Campinas,SP,19603050,True
PES-05043,Thiago Nunes Ferreira,05082262955,M,1975-10-06,thiago.ferreira745@hotmail.com,11983543373,São Paulo,SP,02725627,True
PES-05044,Antônio Brandão,46647021329,M,1990-12-04,antoniobrandao660@uol.com.br,19978901047,Campinas,SP,16906520,False
PES-05045,Ana Ferreira,89281256851,F,1983-04-24,ana.ferreira35@yahoo.com.br,81960382013,Recife,PE,57715428,False
PES-05046,Leonardo Pereira Magalhães,92378399790,M,1991-05-10,leonardo.magalhaes38@gmail.com,51964816464,Porto Alegre,RS,97948483,True
PES-05047,Simone Nascimento Santos,03242743008,F,1984-11-05,simonesantos662@hotmail.com,41990309637,Curitiba,PR,89815734,False
PES-05048,Wagner Souza,50040516741,M,1974-04-01,wagner.souza58@bol.com.br,51982282881,Porto Alegre,RS,98422316,True
PES-05049,Joana Pereira Alves Souza,82812269944,F,1990-02-16,joanasouza231@uol.com.br,51981758122,Porto Alegre,RS,97828671,True
PES-05050,Lucas Oliveira Ferreira,88262578171,M,1959-12-02,lucas.ferreira291@outlook.com,11998582381,Santo André,SP,09491211,True
PES-05051,Antônio Ribeiro Santos,57957197140,M,1949-11-19,antonio_san600@uol.com.br,32985334786,Juiz de Fora,MG,38416813,True
PES-05052,Vitória Conceição Martins Mendes,17504264393,F,1978-08-08,vitoria_men854@gmail.com,19993114667,Campinas,SP,16442771,False
PES-05053,Mariana Silva,21299730434,F,2000-09-05,mariana_sil185@uol.com.br,21989286131,Rio de Janeiro,RJ,27055555,True
PES-05054,Sérgio Carvalho Gomes,33753107220,M,1989-02-28,sergio_gom405@bol.com.br,11961889198,São Paulo,SP,07970902,True
PES-05055,Patrícia Marques Andrade,47055457025,F,1985-03-27,patricia_and632@bol.com.br,31991575542,Belo Horizonte,MG,33949628,True
PES-05056,Sônia Guimarães Lima Gomes,45085338251,F,1979-07-27,sonia_gom340@hotmail.com,11997392634,São Paulo,SP,02568765,True
PES-05057,Helena Conceição Dias,34514652300,F,1974-11-13,helenadias861@uol.com.br,31990153108,Belo Horizonte,MG,32843037,False
PES-05058,Vinícius Pereira Martins Pereira,53543843389,M,1981-01-16,vinicius_per364@uol.com.br,11965822262,São Paulo,SP,07603130,False
PES-05059,Mariana Pereira Silva Peixoto,16660924604,F,1987-12-24,marianapeixoto192@outlook.com,61970205878,Brasília,DF,78781347,True
PES-05060,Henrique Rocha Magalhães,84000577751,M,1984-09-30,henrique.magalhaes982@uol.com.br,11965687618,São Paulo,SP,03177137,True
PES-05061,Daniel Dias Assunção Mendes,23350764770,M,1995-09-13,danielmendes705@bol.com.br,31991588076,Belo Horizonte,MG,38417407,False
PES-05062,Ana Mendes Pereira,66557904256,F,1979-01-06,ana.pereira959@gmail.com,11971309966,São Paulo,SP,01274547,True
PES-05063,Cláudia Freitas,48152042846,F,1969-02-07,claudia_fre487@uol.com.br,21960807193,Rio de Janeiro,RJ,22903187,True
PES-05064,Aline Alves Cardoso,73080182537,F,1995-09-19,alinecardoso499@hotmail.com,51966171594,Porto Alegre,RS,96539774,True
PES-05065,Henrique Araújo,51766067808,M,1985-04-08,henrique.araujo153@hotmail.com,11971572089,Santo André,SP,06096552,False
PES-05066,Sônia Andrade,42301914801,F,1990-02-14,soniaandrade594@bol.com.br,21993905585,Rio de Janeiro,RJ,28291977,True
PES-05067,Letícia Mendes Carvalho Ribeiro,22192673850,F,1985-09-06,leticia_rib842@outlook.com,11968294004,São Paulo,SP,03976694,True
PES-05068,Otávio Alves,97035837418,M,1953-10-04,otavio_alv40@outlook.com,11992825802,São Paulo,SP,09321616,False
PES-05069,Aline Araújo Gomes,72659759014,F,1970-03-07,aline.gomes313@bol.com.br,21968448407,Niterói,RJ,25735815,True
PES-05070,Simone Ferreira Magalhães,59586325822,F,2005-01-10,simonemagalhaes371@gmail.com,21996371501,Rio de Janeiro,RJ,24706834,False
PES-05071,Wagner Rocha Araújo,34560976112,M,1969-02-26,wagneraraujo87@bol.com.br,11996701870,São Paulo,SP,07101497,True
PES-05072,Bruno Mendes Silva,57650931595,M,1983-05-08,brunosilva690@hotmail.com,11964316727,São Paulo,SP,06353089,False
PES-05073,Márcia Rodrigues,69326705420,F,1985-07-22,marciarodrigues196@yahoo.com.br,51973918846,Porto Alegre,RS,97277153,False
PES-05074,Gustavo Rodrigues Dias,67448167995,M,1982-04-16,gustavo.dias334@bol.com.br,71970865236,Salvador,BA,42365382,False
PES-05075,Márcio Marques Oliveira,82761574591,M,1958-04-23,marciooliveira212@bol.com.br,48966361949,Florianópolis,SC,85349473,False
PES-05076,Joana Brandão Assunção,27893518057,F,1986-10-10,joanaassuncao368@uol.com.br,19981585355,Campinas,SP,12486889,False
PES-05077,Lúcia Oliveira Lima,36300737357,F,1975-08-15,lucia.lima262@bol.com.br,11974487008,São Paulo,SP,08267853,True
PES-05078,Camila Lima Melo,83487646900,F,1987-03-31,camila_mel660@bol.com.br,31988947005,Belo Horizonte,MG,38051574,True
PES-05079,João Marques Mendes,41158421648,M,1989-10-22,joao.mendes778@uol.com.br,41973809860,Curitiba,PR,81093231,False
PES-05080,Ana Lima,23292317681,F,1977-02-17,analima146@outlook.com,81993256744,Recife,PE,54152872,True
PES-05081,Eduardo Mendes,48189058282,M,1982-05-24,eduardomendes94@gmail.com,19999919795,Campinas,SP,18592534,False
PES-05082,Natália Dias Melo,87008010117,F,1975-03-30,natalia_mel141@yahoo.com.br,81995571216,Recife,PE,58641674,True
PES-05083,Débora Gomes Costa Barbosa,94162250294,F,1977-04-26,debora_bar370@outlook.com,32975173158,Juiz de Fora,MG,34159711,True
PES-05084,Luís Carvalho,18458494345,M,1993-05-06,luis.carvalho502@bol.com.br,11985464280,São Paulo,SP,03908372,True
PES-05085,Aline Gomes Pereira,14069383948,F,1991-02-21,alinepereira617@gmail.com,31995534180,Belo Horizonte,MG,33425670,False
PES-05086,Gabriela Rocha,98961432699,F,1993-07-28,gabriela.rocha709@gmail.com,61980464530,Brasília,DF,74586800,False
PES-05087,Leonardo Carvalho Ferreira,50214782301,M,1963-08-08,leonardoferreira212@uol.com.br,31998316145,Belo Horizonte,MG,33084570,False
PES-05088,Larissa Moreira,23754675583,F,1989-05-20,larissa_mor899@uol.com.br,11976121925,São Paulo,SP,01346430,False
PES-05089,João Machado Barbosa,74850954715,M,1976-10-18,joao_bar799@outlook.com,19970074761,Campinas,SP,17143841,True
PES-05090,Aline Santos,92159273449,F,1992-06-21,alinesantos466@hotmail.com,41964322656,Curitiba,PR,88660332,True
PES-05091,Beatriz Brandão Mendes,31441566201,F,1971-01-05,beatrizmendes522@bol.com.br,11980715293,São Paulo,SP,07715177,True
PES-05092,Fernando Dias Andrade,08596073647,M,1979-09-08,fernando.andrade372@uol.com.br,21962084112,Rio de Janeiro,RJ,27620201,False
PES-05093,Márcio Araújo Machado,51602500770,M,1972-08-25,marcio.machado698@yahoo.com.br,11985272913,São Paulo,SP,06798263,False
PES-05094,João Araújo Pereira,64817466049,M,1957-06-02,joao.pereira897@uol.com.br,32966187143,Juiz de Fora,MG,36170731,True
PES-05095,Isabela Mendes Ferreira,39543118523,F,1998-09-27,isabela.ferreira605@yahoo.com.br,21984102158,Niterói,RJ,28352549,True
PES-05096,Otávio Cardoso Lima,07817427305,M,1933-12-31,otavio_lim248@gmail.com,21980887450,Rio de Janeiro,RJ,23479488,True
PES-05097,Renata Conceição Gomes,19404230154,F,1978-06-04,renatagomes56@yahoo.com.br,31969387789,Belo Horizonte,MG,37606978,False
PES-05098,Otávio Assunção Rocha,34669512242,M,1990-05-31,otavio.rocha241@gmail.com,21997838070,Rio de Janeiro,RJ,25829302,True
PES-05099,Júlia Freitas Oliveira,46488602926,F,1985-11-12,julia.oliveira742@hotmail.com,11983884859,São Paulo,SP,03360673,False
PES-05100,Luíza Lima Moreira,72850701068,F,1991-05-11,luizamoreira427@hotmail.com,31964364472,Belo Horizonte,MG,35690575,False
PES-05101,Débora Alves Araújo,50876519923,F,1993-05-13,debora.araujo756@outlook.com,51982867078,Porto Alegre,RS,99535456,True
PES-05102,Luíza Freitas Magalhães,38405844694,F,1977-10-05,luizamagalhaes122@gmail.com,11998658466,Santo André,SP,03043115,False
PES-05103,Larissa Machado Rodrigues Cardoso,35502648109,F,1945-06-21,larissa_car228@outlook.com,11979341683,São Paulo,SP,04941717,False
PES-05104,Antônio Ribeiro Conceição Alves,28178090333,M,1973-11-03,antonioalves314@bol.com.br,11972997666,Guarulhos,SP,01688156,True
PES-05105,Rafael Rodrigues Freitas,49674631429,M,1979-12-01,rafael_fre259@outlook.com,71985455533,Salvador,BA,42010851,True
PES-05106,Márcia Moreira,93459181087,F,1989-08-14,marcia_mor381@gmail.com,48968383981,Florianópolis,SC,81842260,True
PES-05107,Priscila Guimarães Magalhães,07799661631,F,1998-08-17,priscila_mag782@outlook.com,11961725752,São Paulo,SP,05725839,False
PES-05108,Gustavo Assunção Araújo,40433964650,M,1933-12-31,gustavo.araujo824@hotmail.com,11997116535,São Paulo,SP,04259801,False
PES-05109,Renata Barbosa,90521679907,F,1967-10-17,renata.barbosa393@bol.com.br,11999638671,São Paulo,SP,01678718,False
PES-05110,Fernanda Carvalho,21589479262,F,1980-09-28,fernanda_car362@yahoo.com.br,11987261753,São Paulo,SP,09998049,False
PES-05111,Rodrigo Magalhães Souza,16056762335,M,1987-06-19,rodrigo_sou752@hotmail.com,16998298257,Ribeirão Preto,SP,12842191,True
PES-05112,Rodrigo Andrade Barbosa,27806043012,M,1970-01-08,rodrigo.barbosa815@bol.com.br,11999325642,São Paulo,SP,09123935,True
PES-05113,Camila Rocha,30268635560,F,1995-01-07,camila.rocha914@uol.com.br,11973206108,São Paulo,SP,06541540,False
PES-05114,Rodrigo Ribeiro,14944599307,M,2000-06-09,rodrigoribeiro556@yahoo.com.br,19978011625,Campinas,SP,14613418,True
PES-05115,Beatriz Rocha Cardoso Moreira,53006534549,F,1980-05-10,beatriz.moreira702@outlook.com,61984423750,Brasília,DF,71611251,True
PES-05116,Júlia Souza,86986962363,F,1998-10-18,juliasouza845@bol.com.br,48999078223,Florianópolis,SC,86265480,False
PES-05117,Vinícius Assunção,74160055311,M,1984-08-14,vinicius_ass634@outlook.com,11985694115,São Paulo,SP,09452832,False
PES-05118,César Souza Ferreira,07266829003,M,1991-09-25,cesar_fer176@uol.com.br,11982793571,São Paulo,SP,02148025,True
PES-05119,Márcio Ferreira,75354346495,M,1977-10-17,marcio_fer680@hotmail.com,21993939495,Rio de Janeiro,RJ,24968821,False
PES-05120,Sérgio Costa Ferreira Marques,14785171316,M,2000-03-29,sergio.marques523@outlook.com,41971081825,Curitiba,PR,89752114,True
PES-05121,Joana Dias Rocha,28403427581,F,1987-02-09,joana_roc838@hotmail.com,61981384975,Brasília,DF,75775085,True
PES-05122,Joana Melo Ferreira,96555769220,F,1998-06-16,joanaferreira484@outlook.com,11967719609,São Paulo,SP,01003249,True
PES-05123,Raquel Dias,50352720522,F,1985-12-15,raqueldias623@yahoo.com.br,48982071460,Florianópolis,SC,85949510,True
PES-05124,Luís Costa,37539355140,M,1997-05-03,luis.costa43@bol.com.br,11993678405,Guarulhos,SP,08036631,True
PES-05125,Joana Pereira,20707801630,F,1957-08-17,joana_per319@outlook.com,11967351315,São Paulo,SP,01749016,True
PES-05126,Sérgio Machado Costa,46335289636,M,1980-07-03,sergio_cos153@hotmail.com,48975836499,Florianópolis,SC,87459515,True
PES-05127,Camila Rocha,85118524334,F,2002-03-29,camila_roc793@hotmail.com,11989995670,São Paulo,SP,01270891,False
PES-05128,Vitória Dias Assunção,48205947619,F,1953-11-17,vitoria_ass857@hotmail.com,16997637203,Ribeirão Preto,SP,15325154,True
PES-05129,Gustavo Peixoto Costa,90218134320,M,1976-06-06,gustavocosta98@yahoo.com.br,11976914077,São Paulo,SP,04539791,False
PES-05130,Mariana Freitas Oliveira Rocha,29580848416,F,1965-01-02,mariana_roc652@gmail.com,51979471540,Porto Alegre,RS,92480867,True
PES-05131,Rafael Magalhães Gomes,95363759233,M,1951-02-18,rafael.gomes158@uol.com.br,11996639416,São Paulo,SP,09287334,False
PES-05132,Caio Melo Rocha,45544249369,M,1984-05-22,caio_roc407@bol.com.br,51965336875,Porto Alegre,RS,96815658,False
PES-05133,Rodrigo Freitas Nascimento,16171188344,M,1986-05-20,rodrigo.nascimento462@hotmail.com,48968533871,Florianópolis,SC,85571913,True
PES-05134,Sérgio Machado Souza,49222642643,M,1970-02-25,sergiosouza528@gmail.com,71968623240,Salvador,BA,43593983,False
PES-05135,Beatriz Cardoso,73727960400,F,1980-06-05,beatriz.cardoso162@gmail.com,16999211402,Ribeirão Preto,SP,12972817,True
PES-05136,Renata Dias Carvalho Cardoso,96842184789,F,1980-03-13,renata.cardoso509@bol.com.br,51982415000,Porto Alegre,RS,94925407,False
PES-05137,Raquel Melo Guimarães,64851488920,F,1982-05-16,raquel_gui374@outlook.com,11976523654,Santo André,SP,08324556,True
PES-05138,Débora Freitas,75123856099,F,1979-10-29,debora_fre15@hotmail.com,11960061325,Guarulhos,SP,02148189,False
PES-05139,Cecília Nascimento Machado,11057734500,F,1992-10-12,marcelomoreira246@bol.com.br,19969439139,Campinas,SP,15325475,True
PES-05140,Márcia Costa Ferreira,28007649611,F,1968-03-25,marcia_fer873@uol.com.br,11995499327,São Paulo,SP,02785942,False
PES-05141,Cláudia Pereira Barbosa,54701197696,F,1999-11-10,claudiabarbosa740@yahoo.com.br,31993592310,Belo Horizonte,MG,37423356,True
PES-05142,Priscila Lima Pereira,14766632460,F,1980-04-28,priscila_per192@bol.com.br,21995995098,Rio de Janeiro,RJ,22238183,True
PES-05143,Natália Guimarães,27792989364,F,1991-12-11,natalia_gui752@outlook.com,21971499351,Rio de Janeiro,RJ,29137835,True
PES-05144,César Barbosa Freitas,35914093163,M,1955-08-06,cesar.freitas126@hotmail.com,11975442802,São Paulo,SP,04326705,False
PES-05145,Fernanda Dias,57289121171,F,1994-03-05,fernanda_dia970@gmail.com,31995313147,Belo Horizonte,MG,37019787,False
PES-05146,Ana Conceição,78503242699,F,1967-10-19,ana.conceicao185@hotmail.com,51968123698,Porto Alegre,RS,97528651,True
PES-05147,Priscila Marques Costa,11458984320,F,1997-09-21,priscila_cos111@gmail.com,41961479834,Curitiba,PR,85183959,True
PES-05148,Lúcia Cardoso Nunes,21761584073,F,1996-08-23,lucia_nun417@bol.com.br,11963351991,Santo André,SP,05121362,False
PES-05149,Larissa Nunes Rocha,70581796209,F,1975-03-03,larissarocha140@yahoo.com.br,48975707093,Florianópolis,SC,88180335,True
PES-05150,Paulo Barbosa,07738275790,M,1997-10-19,paulobarbosa492@outlook.com,61994358964,Brasília,DF,75650004,True
PES-05151,Vinícius Araújo Gomes,97497673904,M,1975-12-08,viniciusgomes402@uol.com.br,16963399091,Ribeirão Preto,SP,11754261,True
PES-05152,Vitória Santos Costa Mendes,67253437322,F,1951-12-04,vitoria.mendes30@gmail.com,19971341938,Campinas,SP,12807222,False
PES-05153,Gabriela Nunes,52482767482,F,1966-01-01,gabriela_nun520@bol.com.br,11988252819,São Paulo,SP,02134721,False
PES-05154,Rafael Gomes Guimarães,03846921254,M,1985-05-28,rafaelguimaraes651@hotmail.com,61985694799,Brasília,DF,74088934,True
PES-05155,Luís Dias,72003670289,M,1968-04-05,luisdias141@hotmail.com,11999586707,São Paulo,SP,08583622,True
PES-05156,André Assunção Brandão Costa,51951450086,M,1944-12-23,andrecosta299@hotmail.com,11969055233,São Paulo,SP,06409235,True
PES-05157,Simone Santos,52438106069,F,1984-03-03,simonesantos282@bol.com.br,19963445404,Campinas,SP,13226518,False
PES-05158,Mariana Lima,14246987905,F,1943-07-13,marianalima269@uol.com.br,21978681510,Niterói,RJ,21269665,False
PES-05159,Rodrigo Santos Moreira Barbosa,23337220100,M,1993-03-13,rodrigo_bar435@yahoo.com.br,11979627805,São Paulo,SP,03619876,False
PES-05160,Renata Carvalho,69796146738,F,1999-07-07,renatacarvalho923@hotmail.com,32999606613,Juiz de Fora,MG,36483121,False
PES-05161,Fernanda Gomes,53984111100,F,1981-04-28,fernandagomes598@gmail.com,19976479420,Campinas,SP,12636642,True
PES-05162,Joana Moreira Magalhães,67251152258,F,1995-03-27,joana_mag649@bol.com.br,11960975661,Guarulhos,SP,01046908,True
PES-05163,João Costa Mendes Moreira,87946050682,M,1978-03-21,joao.moreira256@uol.com.br,21977764307,Rio de Janeiro,RJ,25713883,True
PES-05164,Sônia Lima Magalhães,17830966087,F,1986-12-17,soniamagalhaes697@uol.com.br,11972309931,São Paulo,SP,07450688,True
PES-05165,Priscila Lima Rodrigues,60668703199,F,1995-08-10,priscila.rodrigues139@uol.com.br,19964205563,Campinas,SP,14877698,False
PES-05166,Vinícius Martins Melo,53958072097,M,1991-11-01,vinicius.melo530@hotmail.com,11976999742,São Paulo,SP,01143454,True
PES-05167,Márcia Guimarães,13325309402,F,1983-11-01,marciaguimaraes76@bol.com.br,81977647669,Recife,PE,59761188,False
PES-05168,Luíza Nunes Magalhães Barbosa,43651003191,F,1972-10-25,luiza.barbosa369@hotmail.com,19985438002,Campinas,SP,19333287,False
PES-05169,Fernando Costa Carvalho,09973763335,M,1973-06-09,fernando.carvalho720@uol.com.br,11966166167,São Paulo,SP,02538818,True
PES-05170,Gustavo Martins Santos Nunes,78582281455,M,1989-01-09,gustavo.nunes536@hotmail.com,41993814045,Curitiba,PR,81373459,True
PES-05171,Rafael Oliveira Souza,43173411749,M,1978-06-28,rafael_sou960@yahoo.com.br,11983102822,São Paulo,SP,09214358,True
PES-05172,Márcio Souza Gomes,63362567584,M,1988-12-23,marcio_gom652@gmail.com,71974427980,Salvador,BA,45435740,False
PES-05173,Antônio Rocha,50354666045,M,1989-01-16,antonio.rocha369@hotmail.com,11998673703,São Paulo,SP,07737525,False
PES-05174,Gustavo Rodrigues Santos,87398964129,M,1976-08-30,gustavosantos814@outlook.com,21989631156,Rio de Janeiro,RJ,22357522,True
PES-05175,Cláudia Guimarães Marques,14719686508,F,1951-08-23,claudia.marques447@bol.com.br,61973937455,Brasília,DF,71450630,True
PES-05176,Mateus Pereira Lima,85339104796,M,1994-07-12,mateus_lim488@bol.com.br,21967477441,Rio de Janeiro,RJ,27917475,True
PES-05177,Gustavo Rocha Machado Ferreira,73583145143,M,1988-11-30,gustavo.ferreira85@outlook.com,81989996837,Recife,PE,59005711,False
PES-05178,Gustavo Machado Pereira Assunção,26786170846,M,1965-06-24,gustavo.assuncao966@uol.com.br,19968781660,Campinas,SP,16830391,True
PES-05179,Vinícius Marques,95542595308,M,1992-12-21,vinicius_mar839@uol.com.br,11983926273,São Paulo,SP,01893990,False
PES-05180,Marcelo Nascimento,32588412920,M,1966-12-15,marcelonascimento781@hotmail.com,32961828645,Juiz de Fora,MG,34561052,True
PES-05181,Daniel Oliveira,01974783448,M,1998-01-16,daniel_oli589@hotmail.com,21998637851,Niterói,RJ,26140625,False
PES-05182,Lucas Ribeiro,18896002702,M,2005-09-23,lucas.ribeiro827@gmail.com,21967478308,Rio de Janeiro,RJ,22633288,True
PES-05183,Vitória Gomes,03579593293,F,1997-09-23,vitoriagomes734@outlook.com,16993684700,Ribeirão Preto,SP,13620715,False
PES-05184,Tânia Martins Freitas Nascimento,07048120452,F,2000-08-26,tania_nas811@yahoo.com.br,11985593867,São Paulo,SP,05261379,False
PES-05185,Letícia Mendes Dias,22174158914,F,1982-12-27,leticia_dia83@hotmail.com,21980497302,Rio de Janeiro,RJ,27382657,False
PES-05186,Camila Alves,90459346555,F,1988-09-05,camila.alves303@outlook.com,11973693838,Santo André,SP,09768259,True
PES-05187,Eduardo Silva Moreira Assunção,85324294675,M,1956-10-14,eduardo.assuncao448@outlook.com,11962101463,São Paulo,SP,03891318,False
PES-05188,Márcio Conceição Costa,08095102601,M,1975-02-04,marcio.costa840@hotmail.com,71960468853,Salvador,BA,44202794,False
PES-05189,Tânia Andrade Gomes,25933950955,F,1982-05-27,taniagomes151@bol.com.br,11970331896,Santo André,SP,01105507,False
PES-05190,Débora Ferreira Barbosa,10269136673,F,1988-03-13,debora_bar125@outlook.com,21975558302,Rio de Janeiro,RJ,21603508,False
PES-05191,Priscila Magalhães,71815861819,F,1994-12-26,priscila_mag874@outlook.com,11988664073,São Paulo,SP,07331572,False
PES-05192,Natália Machado Cardoso,06917775193,F,1989-12-09,nataliacardoso290@hotmail.com,11990395242,São Paulo,SP,01016970,False
PES-05193,Lúcia Nascimento Lima,38088539480,F,1972-02-15,lucialima789@uol.com.br,41992897282,Curitiba,PR,82858577,True
PES-05194,Tânia Martins Ribeiro Peixoto,01845282590,F,1977-03-23,tania_pei583@uol.com.br,62967465219,Goiânia,GO,74607985,True
PES-05195,Daniel Martins Santos,88187627700,M,1968-01-24,daniel_san47@bol.com.br,32964796465,Juiz de Fora,MG,33156279,True
PES-05196,Leonardo Costa Magalhães,92708664247,M,1989-12-15,leonardo.magalhaes103@gmail.com,11979726397,Guarulhos,SP,07301987,True
PES-05197,Wagner Barbosa Araújo,69807464218,M,1972-04-16,wagneraraujo565@gmail.com,11982833217,São Paulo,SP,06925013,True
PES-05198,Raquel Barbosa,12889819612,F,1976-06-06,raquelbarbosa365@yahoo.com.br,11978861491,São Paulo,SP,04949821,True
PES-05199,Caio Machado,59232651335,M,1975-06-08,caio_mac717@bol.com.br,11985485667,São Paulo,SP,07868595,False
PES-05200,Antônio Rodrigues Alves,69426974865,M,2001-07-07,antonioalves928@hotmail.com,11975272231,São Paulo,SP,08258003,False
PES-05201,Patrícia Barbosa Mendes,40717303900,F,1981-03-19,patriciamendes362@outlook.com,51966436120,Porto Alegre,RS,94382608,False
PES-05202,Camila Alves Lima,51141773112,F,1982-12-23,camila_lim688@gmail.com,31971867482,Belo Horizonte,MG,35528862,True
PES-05203,Marcelo Cardoso Moreira,59222360672,M,1974-02-05,marcelo_mor730@hotmail.com,62976259511,Goiânia,GO,73458425,True
PES-05204,Mariana Barbosa Brandão Silva,66939425047,F,1987-08-25,marianasilva979@uol.com.br,61999207825,Brasília,DF,73157567,True
PES-05205,Luíza Cardoso Conceição Dias,22540675247,F,1989-02-24,luizadias636@yahoo.com.br,11970649590,São Paulo,SP,05592619,False
PES-05206,Bruno Cardoso Assunção,70154399132,M,1977-01-05,bruno.assuncao975@yahoo.com.br,11996433653,São Paulo,SP,06154335,False
PES-05207,Gustavo Guimarães Rocha,10358438381,M,1949-08-25,gustavo_roc348@yahoo.com.br,71987266511,Salvador,BA,48188272,True
PES-05208,Thiago Magalhães,97951045357,M,1983-01-15,thiagomagalhaes504@gmail.com,11983632665,São Paulo,SP,04662464,False
PES-05209,Sônia Magalhães Oliveira Lima,39422463092,F,1969-08-18,sonialima859@hotmail.com,11988245565,São Paulo,SP,02566702,False
PES-05210,Patrícia Assunção Silva,96697576570,F,2002-03-10,patricia.silva638@hotmail.com,16967655329,Ribeirão Preto,SP,19912171,True
PES-05211,Mateus Mendes Mendes Santos,80090964233,M,1966-06-20,mateus.santos50@hotmail.com,11982579704,São Paulo,SP,06957476,True
PES-05212,Letícia Ribeiro Melo Ribeiro,72377320643,F,2000-05-27,leticia_rib357@outlook.com,19962963796,Campinas,SP,16108651,True
PES-05213,Tânia Ferreira,02531519530,F,1988-01-06,tania_fer69@uol.com.br,48967044152,Florianópolis,SC,89397139,False
PES-05214,Gustavo Melo,10095324054,M,1997-10-28,gustavomelo118@gmail.com,48986979919,Florianópolis,SC,81845822,False
PES-05215,Gabriela Guimarães,60992928966,F,1984-08-25,gabriela_gui371@yahoo.com.br,81987889725,Recife,PE,52047765,True
PES-05216,Bruno Carvalho Conceição,31459400232,M,1995-08-31,bruno_con839@gmail.com,11985553839,São Paulo,SP,06052453,True
PES-05217,João Oliveira Moreira,08071382582,M,1989-11-08,joao.moreira350@gmail.com,61980729642,Brasília,DF,74892783,True
PES-05218,Henrique Andrade Lima,49803945408,M,2002-08-15,henrique.lima773@hotmail.com,41976721847,Curitiba,PR,89500706,True
PES-05219,Tânia Cardoso Ribeiro,05139612917,F,1993-03-29,tania.ribeiro57@gmail.com,31973178582,Belo Horizonte,MG,35247158,False
PES-05220,Cecília Ferreira,72823050213,F,1996-05-20,cecilia_fer331@outlook.com,11984137124,São Paulo,SP,09424722,False
PES-05221,Marcelo Peixoto,88333249078,M,1982-11-21,marcelo_pei172@bol.com.br,11975918213,São Paulo,SP,06170152,False
PES-05222,Gabriela Assunção Andrade,33959834802,F,1953-01-19,gabriela.andrade33@uol.com.br,32962722468,Juiz de Fora,MG,39650139,True
PES-05223,Simone Oliveira Ferreira,18295475185,F,1977-04-30,simoneferreira279@gmail.com,21995549545,Rio de Janeiro,RJ,23203438,True
PES-05224,Henrique Ferreira,73079212274,M,1976-09-18,henrique_fer552@hotmail.com,11978075376,São Paulo,SP,07292163,True
PES-05225,Paulo Moreira Brandão,58988048628,M,1989-05-10,paulo_bra15@hotmail.com,31996856395,Belo Horizonte,MG,35724012,True
PES-05226,Sérgio Magalhães Rocha,51110018592,M,1974-07-31,sergiorocha917@hotmail.com,11999831560,São Paulo,SP,05115743,True
PES-05227,Lúcia Brandão Gomes,45709643548,F,1991-01-02,lucia_gom81@gmail.com,61977419815,Brasília,DF,74510848,True
PES-05228,José Rocha Conceição,76730879521,M,1964-11-11,jose.conceicao308@yahoo.com.br,11999474829,São Paulo,SP,08820678,True
PES-05229,Isabela Cardoso Andrade,76267861066,F,1966-08-15,isabelaandrade959@hotmail.com,11992254730,São Paulo,SP,05037765,True
PES-05230,José Peixoto Nunes,94774729809,M,1982-07-02,jose.nunes213@outlook.com,11999838389,São Paulo,SP,05569824,True
PES-05231,César Machado Ribeiro,42357129182,M,1974-09-24,cesarribeiro60@uol.com.br,21971903710,Rio de Janeiro,RJ,24240823,True
PES-05232,Márcia Machado Araújo,26524539982,F,1980-05-03,marcia_ara732@outlook.com,31973977964,Belo Horizonte,MG,31020662,True
PES-05233,Eduardo Melo Souza,20779442423,M,1969-05-28,eduardosouza826@gmail.com,11978486932,Guarulhos,SP,07078452,True
PES-05234,Sônia Melo,25279030104,F,1980-10-12,sonia_mel135@gmail.com,11965384948,São Paulo,SP,06294915,False
PES-05235,Lúcia Costa Magalhães,69983065800,F,1988-04-13,lucia.magalhaes759@yahoo.com.br,16990893975,Ribeirão Preto,SP,13619523,False
PES-05236,Daniel Guimarães,21801077908,M,1982-08-25,danielguimaraes107@yahoo.com.br,11967773360,São Paulo,SP,08752566,True
PES-05237,Hélio Araújo Assunção,33501150040,M,1978-01-05,helioassuncao878@uol.com.br,48991401557,Florianópolis,SC,87712362,False
PES-05238,Cláudia Souza,26479520351,F,1980-07-27,claudiasouza548@outlook.com,51987885169,Porto Alegre,RS,91582485,False
PES-05239,Vitória Andrade,24967437850,F,1989-10-09,vitoria_and516@gmail.com,51992265992,Porto Alegre,RS,92940386,False
PES-05240,Vinícius Magalhães Nascimento,56162758087,M,1986-03-11,vinicius_nas446@hotmail.com,11987587867,Santo André,SP,08882491,True
PES-05241,Eduardo Peixoto,06959980135,M,1948-08-22,eduardo_pei96@outlook.com,51976036041,Porto Alegre,RS,93281691,False
PES-05242,Tânia Souza Andrade Pereira,72361516373,F,1972-05-02,tania_per750@uol.com.br,11993635078,São Paulo,SP,05650306,False
PES-05243,Vitória Nascimento Lima,28992566611,F,1989-07-26,vitoria.lima952@uol.com.br,48996504737,Florianópolis,SC,84802737,False
PES-05244,Lúcia Costa Assunção,79148881929,F,1980-04-30,lucia.assuncao596@uol.com.br,31963229721,Belo Horizonte,MG,32061137,False
PES-05245,Ana Machado Ferreira,75143491207,F,1987-09-28,anaferreira578@uol.com.br,61969259330,Brasília,DF,79747579,False
PES-05246,Lúcia Costa Machado Rocha,20605484899,F,1987-12-05,luciarocha995@hotmail.com,11968027418,São Paulo,SP,01207819,True
PES-05247,Márcio Mendes,81349793191,M,1991-05-03,marciomendes291@outlook.com,21981532334,Rio de Janeiro,RJ,24226084,False
PES-05248,Henrique Costa Rocha,49882398618,M,1976-11-06,henrique_roc963@hotmail.com,31977462712,Belo Horizonte,MG,32130740,False
PES-05249,Débora Souza Machado Melo,33442634717,F,1992-08-27,debora_mel195@yahoo.com.br,19980953276,Campinas,SP,12695704,True
PES-05250,Hélio Freitas Ferreira,16447132178,M,1996-03-12,helioferreira907@yahoo.com.br,31972359329,Belo Horizonte,MG,33466803,True
PES-05251,Beatriz Nascimento Conceição,89587352793,F,1997-09-26,beatriz.conceicao259@yahoo.com.br,21990182629,Rio de Janeiro,RJ,23973567,False
PES-05252,Henrique Lima,34392240070,M,1983-02-26,henrique.lima457@bol.com.br,21978977518,Rio de Janeiro,RJ,26253025,True
PES-05253,Gabriela Moreira Mendes,41247290140,F,1976-12-10,gabrielamendes40@uol.com.br,31999313557,Belo Horizonte,MG,35642745,True
PES-05254,Sônia Guimarães Nascimento Brandão,85970972649,F,1980-07-28,sonia_bra533@uol.com.br,11996926455,São Paulo,SP,08538193,False
PES-05255,Márcia Souza Machado Brandão,55997932737,F,2001-07-15,marcia.brandao636@uol.com.br,48961077769,Florianópolis,SC,86560282,False
PES-05256,André Cardoso Assunção,11301119628,M,2000-06-22,andre.assuncao96@uol.com.br,11975365360,São Paulo,SP,09296450,True
PES-05257,Gabriela Assunção Santos,39924692802,F,1991-01-19,gabriela_san719@hotmail.com,71990321436,Salvador,BA,43992492,True
PES-05258,Isabela Souza,35345884285,F,1975-02-13,isabela.souza473@uol.com.br,32994434794,Juiz de Fora,MG,34946275,False
PES-05259,Débora Cardoso Nascimento,36625386367,F,1985-07-28,debora_nas213@outlook.com,11995335642,São Paulo,SP,08013790,False
PES-05260,Antônio Souza Alves,77048724609,M,1988-07-13,antonio_alv33@uol.com.br,11967492325,São Paulo,SP,03449419,True
PES-05261,Tânia Cardoso,64574368209,F,1985-11-07,tania_car255@bol.com.br,31994399975,Belo Horizonte,MG,36578755,True
PES-05262,Fernando Nunes,04907380100,M,1997-11-28,fernandonunes767@gmail.com,21972416787,Rio de Janeiro,RJ,23728656,True
PES-05263,Helena Silva Melo Alves,88844877902,F,1950-04-16,helenaalves349@hotmail.com,41998361494,Curitiba,PR,86302730,False
PES-05264,Isabela Conceição Santos,14627389582,F,1987-01-03,isabela.santos741@gmail.com,41983688922,Curitiba,PR,83348630,True
PES-05265,Simone Gomes Ferreira,38036736586,F,1999-11-27,simoneferreira351@uol.com.br,11982693933,São Paulo,SP,03418183,False
PES-05266,Gabriela Alves Ferreira,77961952578,F,1996-11-08,gabrielaferreira498@yahoo.com.br,19977511689,Campinas,SP,14617103,False
PES-05267,Raquel Moreira Conceição,01733205381,F,1963-05-14,raquelconceicao566@uol.com.br,41995004698,Curitiba,PR,82602495,True
PES-05268,Bruno Araújo,15187275062,M,1984-06-21,bruno.araujo470@hotmail.com,11984183434,São Paulo,SP,04484625,False
PES-05269,Otávio Marques Ferreira,98093476180,M,1969-11-03,otavio.ferreira622@uol.com.br,11998767768,São Paulo,SP,01247126,True
PES-05270,Gabriela Costa,54973411280,F,1985-02-02,gabrielacosta244@hotmail.com,11965231677,São Paulo,SP,05180954,False
PES-05271,Beatriz Peixoto Melo,28799854716,F,1986-10-31,beatriz_mel54@uol.com.br,16992544962,Ribeirão Preto,SP,19244730,True
PES-05272,Patrícia Freitas Guimarães,67852063837,F,1964-06-19,patriciaguimaraes244@yahoo.com.br,48963084948,Florianópolis,SC,89287208,True
PES-05273,Lucas Rocha,52727892292,M,1999-06-27,lucasrocha298@yahoo.com.br,16974892100,Ribeirão Preto,SP,19316795,True
PES-05274,Márcio Nunes Ribeiro,87670354852,M,1933-12-31,marcio.ribeiro970@outlook.com,19977339739,Campinas,SP,14436927,False
PES-05275,Débora Magalhães Andrade,37994382622,F,1964-04-02,debora_and348@hotmail.com,51980507288,Porto Alegre,RS,94401014,True
PES-05276,José Assunção Mendes Cardoso,14671406276,M,1998-05-28,josecardoso861@yahoo.com.br,48984665588,Florianópolis,SC,86446488,True
PES-05277,Beatriz Lima Ribeiro,33034859767,F,1989-01-05,beatriz.ribeiro354@gmail.com,31964504544,Belo Horizonte,MG,36253820,False
PES-05278,Priscila Ribeiro Carvalho,81556252145,F,1990-08-03,priscila_car247@yahoo.com.br,11998231534,São Paulo,SP,03845848,True
PES-05279,Fernando Marques Machado,05085102525,M,1992-12-09,fernando.machado271@hotmail.com,11978919200,Santo André,SP,04347396,False
PES-05280,Renata Gomes Conceição Mendes,01475274572,F,1993-09-01,renata_men523@bol.com.br,11963034266,São Paulo,SP,06934452,True
PES-05281,Gabriela Araújo Dias,90899875335,F,1994-02-26,gabriela.dias868@gmail.com,11975445764,Guarulhos,SP,08465153,True
PES-05282,Lucas Lima,60830579575,M,1997-09-04,lucas.lima99@uol.com.br,41984151600,Curitiba,PR,81440166,False
PES-05283,José Guimarães,72026765910,M,1993-05-20,jose_gui509@uol.com.br,11972358064,Santo André,SP,06651771,True
PES-05284,Mariana Rocha Santos,23916003216,F,1966-05-30,mariana_san40@gmail.com,11969558875,São Paulo,SP,09844562,False
PES-05285,Priscila Guimarães Nascimento,72093731525,F,1988-04-05,priscilanascimento642@uol.com.br,11986032300,São Paulo,SP,09129212,True
PES-05286,Rafael Brandão Peixoto,14937791095,M,1962-11-22,rafael_pei671@yahoo.com.br,11992435032,São Paulo,SP,05034904,False
PES-05287,Antônio Nascimento,67441996414,M,1977-09-19,antonionascimento937@outlook.com,11996935699,São Paulo,SP,04338437,True
PES-05288,Gustavo Mendes Santos,23085283110,M,2003-02-09,gustavo.santos828@uol.com.br,11991637443,São Paulo,SP,04969580,True
PES-05289,Bruno Magalhães,94401698851,M,1981-12-16,bruno.magalhaes184@bol.com.br,71981113290,Salvador,BA,48842963,True
PES-05290,Renata Rocha Araújo,63494282340,F,1980-02-15,renataaraujo785@uol.com.br,11975716288,São Paulo,SP,06939924,True
PES-05291,Lucas Cardoso Santos,16168569987,M,1980-11-15,lucas_san618@yahoo.com.br,11993377642,São Paulo,SP,09246309,True
PES-05292,Ana Lima Magalhães,80251012824,F,1975-05-28,ana.magalhaes297@bol.com.br,21969978080,Rio de Janeiro,RJ,24727658,True
PES-05293,Lucas Machado,18322790228,M,2001-04-06,lucas.machado966@uol.com.br,31977827785,Belo Horizonte,MG,37726100,False
PES-05294,Bruno Magalhães,59478081969,M,1977-01-27,bruno.magalhaes322@yahoo.com.br,21989095059,Rio de Janeiro,RJ,25293831,True
PES-05295,Caio Marques Brandão,02827049066,M,1986-04-15,caio.brandao56@bol.com.br,81968875482,Recife,PE,57806157,False
PES-05296,Wagner Rocha,40923870407,M,1972-05-11,wagnerrocha954@uol.com.br,11964222935,São Paulo,SP,03043965,False
PES-05297,André Ribeiro Oliveira,49966502068,M,1973-06-06,andre.oliveira85@hotmail.com,11963678124,São Paulo,SP,04613080,True
PES-05298,Antônio Barbosa Gomes,90030309794,M,1993-10-05,antonio_gom511@gmail.com,21961592137,Rio de Janeiro,RJ,25831490,True
PES-05299,Helena Melo Santos Freitas,87032215556,F,1978-03-15,helena_fre935@outlook.com,11994963286,São Paulo,SP,04099291,True
PES-05300,Henrique Silva,38769259089,M,1987-11-26,henrique_sil773@uol.com.br,41961712081,Curitiba,PR,85384979,True
PES-05301,Hélio Costa Martins Alves,63341204920,M,1990-05-18,helio.alves208@bol.com.br,31967351423,Belo Horizonte,MG,31331248,True
PES-05302,Antônio Peixoto Mendes Martins,42342699484,M,1988-01-17,antoniomartins891@yahoo.com.br,81983538082,Recife,PE,55479429,True
PES-05303,Fábio Lima Nascimento,03872986147,M,1993-12-28,fabio.nascimento187@hotmail.com,31960405988,Belo Horizonte,MG,38584652,True
PES-05304,Fernando Ribeiro Nunes,03692336209,M,1957-04-13,fernando.nunes9@outlook.com,11988968895,São Paulo,SP,08776064,True
PES-05305,Tânia Ribeiro Oliveira,40824261160,F,1933-12-31,tania.oliveira769@hotmail.com,31991984327,Belo Horizonte,MG,32067020,False
PES-05306,Priscila Mendes Brandão,80825272858,F,1982-11-01,priscila.brandao732@outlook.com,11960469818,São Paulo,SP,05237580,True
PES-05307,José Cardoso Nunes,77302545901,M,1986-12-09,jose_nun546@bol.com.br,11975979008,São Paulo,SP,06326194,False
PES-05308,Priscila Barbosa Gomes,08003247659,F,1998-12-18,priscilagomes528@bol.com.br,11984869874,São Paulo,SP,02034883,True
PES-05309,João Silva,63312027659,M,1991-10-04,joao_sil595@yahoo.com.br,31997688571,Belo Horizonte,MG,33246075,False
PES-05310,Fábio Guimarães,39201262035,M,1965-01-30,fabio_gui712@bol.com.br,11983993045,Santo André,SP,02685914,False
PES-05311,Cecília Machado,89315150309,F,1980-07-06,ceciliamachado882@gmail.com,11960072057,São Paulo,SP,07063095,True
PES-05312,Joana Martins Ribeiro,96279408523,F,1994-01-29,joanaribeiro86@bol.com.br,32981576510,Juiz de Fora,MG,31892483,False
PES-05313,Marcelo Gomes Guimarães Marques,93484819677,M,1976-11-25,marcelomarques20@bol.com.br,19978988977,Campinas,SP,12607172,True
PES-05314,João Nunes,46574847451,M,1973-04-16,joao_nun269@yahoo.com.br,51971588208,Porto Alegre,RS,99943771,True
PES-05315,Thiago Cardoso Ferreira,77826150892,M,1985-10-13,thiago.ferreira839@bol.com.br,48992218894,Florianópolis,SC,86354898,False
PES-05316,Ana Santos Rocha,43779246724,F,1967-01-30,ana_roc289@gmail.com,11990255222,São Paulo,SP,09661674,False
PES-05317,Beatriz Rocha,43930096226,F,1982-03-31,beatriz.rocha202@gmail.com,16960747615,Ribeirão Preto,SP,11761091,True
PES-05318,Joana Andrade Marques,67829795606,F,1976-11-23,joana.marques490@gmail.com,11998671581,São Paulo,SP,05218396,True
PES-05319,Bruno Brandão Melo Rodrigues,90520029321,M,1972-09-16,bruno.rodrigues541@bol.com.br,11979448211,São Paulo,SP,09230761,True
PES-05320,Lúcia Ferreira Cardoso Pereira,91645910857,F,1950-09-18,lucia.pereira860@outlook.com,31968793707,Belo Horizonte,MG,36087315,True
PES-05321,Débora Silva,87217025354,F,1993-12-28,deborasilva581@bol.com.br,71987323548,Salvador,BA,49283912,False
PES-05322,Joana Conceição Moreira,96093012824,F,1933-12-31,joanamoreira722@outlook.com,51982669389,Porto Alegre,RS,96734076,True
PES-05323,Marcelo Pereira Santos,22629294161,M,1998-07-08,marcelosantos35@yahoo.com.br,21965443220,Niterói,RJ,26714310,False
PES-05324,Sônia Souza Ribeiro,00595595197,F,1987-05-08,sonia_rib157@bol.com.br,11968174914,São Paulo,SP,03242158,False
PES-05325,Júlia Martins,08971436123,F,1950-09-30,julia_mar402@uol.com.br,21985758183,Rio de Janeiro,RJ,25041842,False
PES-05326,Hélio Moreira Oliveira Araújo,11924782235,M,1984-07-25,helioaraujo560@uol.com.br,19974975281,Campinas,SP,17248291,True
PES-05327,Joana Ferreira Costa,80541459856,F,1983-01-04,joana.costa349@outlook.com,51960107327,Porto Alegre,RS,98131093,True
PES-05328,Raquel Carvalho Barbosa Nunes,64620411701,F,1949-08-02,raquel.nunes897@gmail.com,61971796866,Brasília,DF,79824079,False
PES-05329,Daniel Rocha,63304409300,M,1976-10-25,danielrocha221@gmail.com,11986721790,São Paulo,SP,08920638,True
PES-05330,Lúcia Mendes Andrade,47696689371,F,1953-11-03,lucia.andrade964@hotmail.com,41988572217,Curitiba,PR,88324531,False
PES-05331,Isabela Costa Carvalho,05780727503,F,1981-10-20,isabela.carvalho964@outlook.com,71993091708,Salvador,BA,45915196,False
PES-05332,Fábio Nascimento Marques,34460967600,M,1990-03-26,fabio_mar305@bol.com.br,11972465615,São Paulo,SP,07613558,True
PES-05333,Débora Lima Assunção,09306005687,F,1972-06-10,deboraassuncao804@outlook.com,48998112193,Florianópolis,SC,81770720,False
PES-05334,Bruno Souza Nascimento,86479059034,M,1984-08-28,bruno.nascimento194@uol.com.br,71978985351,Salvador,BA,42957389,False
PES-05335,Márcio Freitas Pereira,78958519002,M,1967-09-25,marcio.pereira802@hotmail.com,11983661196,São Paulo,SP,07223921,True
PES-05336,Cecília Nunes Nascimento Machado,21478321628,F,1970-07-06,cecilia.machado422@gmail.com,16990626184,Ribeirão Preto,SP,14009891,False
PES-05337,André Pereira Freitas Brandão,44805760451,M,1997-04-25,andrebrandao777@hotmail.com,11974526469,São Paulo,SP,04788752,False
PES-05338,Otávio Andrade Barbosa,14964962997,M,1966-11-14,otavio.barbosa186@hotmail.com,11988615825,Guarulhos,SP,04477775,True
PES-05339,Natália Silva Cardoso,51700793896,F,1966-02-19,natalia_car280@yahoo.com.br,31965063445,Belo Horizonte,MG,32978795,False
PES-05340,Débora Souza,22583973592,F,1991-03-19,debora.souza52@uol.com.br,62974799467,Goiânia,GO,74307165,False
PES-05341,Júlia Assunção Barbosa,65850422200,F,1987-02-15,julia.barbosa468@outlook.com,31981491475,Belo Horizonte,MG,39500822,False
PES-05342,Raquel Freitas Brandão,76214683198,F,2005-11-13,raquelbrandao821@yahoo.com.br,51993188150,Porto Alegre,RS,99311369,True
PES-05343,João Costa Conceição,16967143387,M,1963-10-27,joao.conceicao411@hotmail.com,11987466192,São Paulo,SP,08083000,False
PES-05344,Raquel Cardoso,26570245724,F,1946-11-17,raquelcardoso876@bol.com.br,51984371664,Porto Alegre,RS,96099086,False
PES-05345,Isabela Oliveira Magalhães,54247046705,F,1966-05-20,isabela.magalhaes281@outlook.com,11962156905,Santo André,SP,05377677,False
PES-05346,Larissa Martins Dias Assunção,10756201209,F,1965-03-09,larissa_ass574@hotmail.com,21978503029,Niterói,RJ,27488027,True
PES-05347,Camila Mendes,83630714390,F,1983-02-01,camilamendes698@uol.com.br,21967487270,Rio de Janeiro,RJ,26846215,False
PES-05348,João Mendes Dias,47104670130,M,1996-11-24,joao_dia380@bol.com.br,48983637269,Florianópolis,SC,82510041,True
PES-05349,Gabriela Rodrigues,37418286961,F,1975-06-07,gabriela_rod937@yahoo.com.br,31984673665,Belo Horizonte,MG,37391986,True
PES-05350,Simone Melo Magalhães,91221511769,F,1988-05-21,simone.magalhaes150@uol.com.br,19970161555,Campinas,SP,17018203,True
PES-05351,Cecília Martins Mendes,81541960424,F,1993-06-23,cecilia_men882@gmail.com,71986793017,Salvador,BA,49417637,False
PES-05352,Natália Oliveira Moreira,99177183207,F,1995-09-12,nataliamoreira152@outlook.com,41970891047,Curitiba,PR,89133980,True
PES-05353,José Oliveira Assunção,77121914689,M,1971-10-01,joseassuncao208@bol.com.br,11962682451,São Paulo,SP,06532400,True
PES-05354,Vinícius Alves Costa Ribeiro,54110406471,M,1977-05-08,viniciusribeiro938@yahoo.com.br,11993508892,São Paulo,SP,02893808,True
PES-05355,Márcia Magalhães,04915541924,F,1994-02-09,marcia_mag783@uol.com.br,11980208578,São Paulo,SP,05787766,True
PES-05356,Helena Marques Barbosa Rocha,49724283763,F,1975-12-12,helena_roc871@gmail.com,62995398167,Goiânia,GO,74849116,False
PES-05357,Márcia Rocha Brandão,91843989492,F,1990-08-07,marcia.brandao603@uol.com.br,41999871773,Curitiba,PR,87598238,False
PES-05358,Lucas Alves Araújo,97319727145,M,1987-09-07,lucasaraujo696@outlook.com,11961996946,Guarulhos,SP,03830850,True
PES-05359,Vinícius Nascimento Conceição,10731255569,M,1985-11-15,viniciusconceicao314@uol.com.br,11987989563,São Paulo,SP,03009749,True
PES-05360,Tânia Rocha,32385169304,F,2003-08-11,taniarocha560@gmail.com,11978566379,São Paulo,SP,05974428,False
PES-05361,Rodrigo Andrade Rocha,56576876807,M,2000-04-04,rodrigo_roc572@outlook.com,21996243014,Rio de Janeiro,RJ,23360687,True
PES-05362,Gustavo Machado Nunes,57210661999,M,1979-09-10,gustavo_nun298@uol.com.br,31978428263,Belo Horizonte,MG,32505622,True
PES-05363,Joana Ferreira Souza Barbosa,87755361373,F,1998-05-16,joana.barbosa960@outlook.com,19984383652,Campinas,SP,13820911,True
PES-05364,Wagner Ferreira,27820621400,M,1970-04-15,wagnerferreira338@yahoo.com.br,31976422890,Belo Horizonte,MG,34901025,True
PES-05365,Lúcia Martins Ribeiro,89628001442,F,1993-05-30,lucia_rib585@bol.com.br,11968244349,São Paulo,SP,05422894,False
PES-05366,Helena Moreira Ribeiro Araújo,91783860472,F,2000-07-28,helenaaraujo707@bol.com.br,62975728897,Goiânia,GO,78119006,False
PES-05367,Henrique Pereira Araújo,07376091416,M,1979-12-23,henrique.araujo563@gmail.com,21991002132,Rio de Janeiro,RJ,29811825,True
PES-05368,Priscila Dias Mendes,98996160105,F,1986-04-20,priscila.mendes468@hotmail.com,21988724667,Rio de Janeiro,RJ,27313515,False
PES-05369,Gabriela Nunes Costa,70188993460,F,1996-07-01,gabriela_cos807@outlook.com,11998463545,São Paulo,SP,09154748,False
PES-05370,Isabela Brandão Mendes Conceição,31847283071,F,1967-10-14,isabela.conceicao87@hotmail.com,41982582923,Curitiba,PR,88056262,True
PES-05371,Vitória Ribeiro,77007781837,F,1983-11-19,vitoria.ribeiro50@bol.com.br,11975004686,São Paulo,SP,06843373,True
PES-05372,José Rocha Machado,61956714790,M,1988-09-23,josemachado373@yahoo.com.br,11962878567,Santo André,SP,07372082,True
PES-05373,Antônio Araújo Ferreira Pereira,67650004708,M,1991-02-19,antonio.pereira667@uol.com.br,19990564792,Campinas,SP,18846858,False
PES-05374,Henrique Magalhães Pereira Rodrigues,68051323203,M,1942-03-20,henrique.rodrigues257@gmail.com,11970996138,São Paulo,SP,02103015,False
PES-05375,Leonardo Alves Dias Ferreira,77093922104,M,1980-05-22,leonardo.ferreira186@yahoo.com.br,11985375771,Santo André,SP,09694937,True
PES-05376,Caio Alves,35922146599,M,1995-03-25,caioalves117@outlook.com,31980751195,Belo Horizonte,MG,38039135,False
PES-05377,Rafael Alves Moreira Moreira,75609227089,M,1987-03-12,rafael_mor869@gmail.com,81987859816,Recife,PE,52755604,False
PES-05378,Leonardo Moreira Freitas,29620936124,M,1999-10-10,leonardofreitas139@outlook.com,81984935330,Recife,PE,51686385,True
PES-05379,Paulo Peixoto Peixoto,19265806133,M,1991-06-27,paulo.peixoto557@yahoo.com.br,11999626598,São Paulo,SP,09721178,True
PES-05380,André Rodrigues Oliveira,25325935550,M,1994-12-16,andreoliveira374@hotmail.com,81980893187,Recife,PE,56259121,True
PES-05381,Márcio Ribeiro Gomes,76386531736,M,1972-08-03,marciogomes771@yahoo.com.br,11993316498,São Paulo,SP,03246012,False
PES-05382,Cláudia Martins,17430170498,F,2001-02-04,claudia.martins825@uol.com.br,11989908582,São Paulo,SP,02340545,False
PES-05383,Luíza Rodrigues Guimarães,13302670362,F,1996-05-23,luiza_gui385@hotmail.com,11961919168,Guarulhos,SP,04971527,True
PES-05384,Isabela Melo Cardoso,93226290100,F,1988-08-18,isabela.cardoso308@outlook.com,11969723158,São Paulo,SP,02207822,True
PES-05385,Lucas Assunção Assunção,45684243134,M,1982-02-13,lucas.assuncao602@hotmail.com,21979078331,Rio de Janeiro,RJ,21852850,True
PES-05386,Simone Machado Melo Ribeiro,50724143963,F,1991-05-09,simone_rib352@yahoo.com.br,11988336634,Guarulhos,SP,02229086,True
PES-05387,Lúcia Assunção Barbosa Moreira,79568744754,F,1981-12-05,lucia_mor908@gmail.com,11995983055,São Paulo,SP,02073233,True
PES-05388,Lucas Rocha Gomes Santos,49205978434,M,1982-05-07,lucassantos324@hotmail.com,62970912528,Goiânia,GO,72782887,True
PES-05389,Sérgio Guimarães,31149685115,M,1964-10-16,sergioguimaraes220@uol.com.br,11981848773,São Paulo,SP,02794673,True
PES-05390,Tânia Melo Cardoso,87705264609,F,1975-03-26,taniacardoso475@yahoo.com.br,19983061578,Campinas,SP,13813391,False
PES-05391,Lúcia Moreira,87838429773,F,1981-01-08,lucia_mor365@hotmail.com,11973137495,São Paulo,SP,03088301,False
PES-05392,Caio Marques Carvalho,27235755601,M,1983-03-29,caio_car590@yahoo.com.br,11965611069,Santo André,SP,01085209,True
PES-05393,Hélio Dias Alves,34659223442,M,1981-08-25,helio_alv780@bol.com.br,21995233641,Rio de Janeiro,RJ,25247977,False
PES-05394,Débora Rocha Lima,94355192881,F,1985-03-17,deboralima239@bol.com.br,19999605752,Campinas,SP,17619595,True
PES-05395,Henrique Carvalho Costa,56680638364,M,1970-06-01,henrique_cos877@uol.com.br,11970706555,São Paulo,SP,05837441,True
PES-05396,Fernando Magalhães Mendes,46495446373,M,1986-04-05,fernandomendes637@hotmail.com,21971382218,Rio de Janeiro,RJ,28498978,False
PES-05397,Simone Rocha Brandão,94193100278,F,1991-10-13,simone_bra122@outlook.com,21975206142,Niterói,RJ,26691607,True
PES-05398,Márcio Nunes Lima,41472862406,M,1985-12-18,marcio.lima636@uol.com.br,11967373321,São Paulo,SP,01964887,True
PES-05399,Fernanda Nunes Magalhães,67566145762,F,1973-12-16,fernandamagalhaes749@gmail.com,11986149552,São Paulo,SP,07641153,False
PES-05400,Ana Silva Santos,67374322984,F,1984-06-03,ana.santos316@bol.com.br,21994865731,Rio de Janeiro,RJ,21229675,False
PES-05401,Aline Carvalho Brandão Mendes,52864872897,F,1979-07-26,alinemendes387@gmail.com,21999395786,Rio de Janeiro,RJ,21415831,False
PES-05402,Vinícius Assunção Nascimento,16424981810,M,1948-12-10,viniciusnascimento230@hotmail.com,19994762710,Campinas,SP,16474210,False
PES-05403,Fábio Martins,89166565839,M,1995-11-08,fabio_mar914@hotmail.com,51987394607,Porto Alegre,RS,95618872,True
PES-05404,Júlia Ferreira Carvalho,11177255103,F,1981-01-17,julia_car684@gmail.com,19975263080,Campinas,SP,16773428,False
PES-05405,Patrícia Magalhães Brandão,07778896508,F,1982-02-03,patricia.brandao930@yahoo.com.br,51967541375,Porto Alegre,RS,95421433,False
PES-05406,Lucas Costa Melo,97348991807,M,1978-05-25,lucas_mel485@uol.com.br,11994113129,São Paulo,SP,07716929,True
PES-05407,Thiago Rodrigues,92673435808,M,1942-04-29,thiago_rod322@bol.com.br,11987374895,São Paulo,SP,05368012,False
PES-05408,Letícia Gomes,43872574230,F,1999-04-29,leticia_gom661@outlook.com,31983941715,Belo Horizonte,MG,38116828,False
PES-05409,Antônio Oliveira Machado Barbosa,60766241165,M,1979-12-18,antoniobarbosa72@uol.com.br,32988814998,Juiz de Fora,MG,36191944,True
PES-05410,Sérgio Peixoto,00855485884,M,1982-07-05,sergio.peixoto698@bol.com.br,11973566661,São Paulo,SP,09138810,True
PES-05411,Renata Freitas Magalhães,73343110272,F,1967-12-25,renata.magalhaes601@outlook.com,11963479188,São Paulo,SP,06039447,True
PES-05412,Camila Ribeiro Ferreira,03576425039,F,1996-10-19,camila_fer724@bol.com.br,21997184687,Niterói,RJ,28119434,True
PES-05413,Eduardo Gomes Oliveira Freitas,12586547179,M,1970-04-28,eduardo.freitas732@yahoo.com.br,11971729878,Guarulhos,SP,04160762,True
PES-05414,João Melo Melo Rocha,54728626474,M,1995-07-19,joao_roc580@hotmail.com,31997165740,Belo Horizonte,MG,36992571,False
PES-05415,Márcio Gomes Ferreira,83062720727,M,1989-02-24,marcio.ferreira597@yahoo.com.br,71993807230,Salvador,BA,45483007,True
PES-05416,Ana Rodrigues,95007636487,F,1961-07-12,ana_rod305@hotmail.com,19989097480,Campinas,SP,12326234,True
PES-05417,Mariana Melo Nunes,31259729656,F,2000-12-10,mariana.nunes511@uol.com.br,51978597187,Porto Alegre,RS,98342971,True
PES-05418,Cláudia Nunes Alves,86732557599,F,1979-06-23,claudiaalves647@outlook.com,16997591438,Ribeirão Preto,SP,14244789,True
PES-05419,Leonardo Brandão Melo,06491786455,M,1979-03-12,leonardomelo529@outlook.com,71987882036,Salvador,BA,45545042,True
PES-05420,Lucas Araújo Costa Mendes,19681545826,M,1988-05-18,lucasmendes549@gmail.com,51974535544,Porto Alegre,RS,98602779,False
PES-05421,César Gomes Melo,18452489617,M,1976-04-20,cesarmelo759@hotmail.com,11999312430,Santo André,SP,05728333,False
PES-05422,Otávio Rodrigues,53492867812,M,1987-03-16,otaviorodrigues138@uol.com.br,11991352975,Guarulhos,SP,04241923,True
PES-05423,Ana Oliveira Silva,93720296539,F,1985-01-19,ana.silva818@bol.com.br,19999706761,Campinas,SP,18140034,True
PES-05424,Raquel Santos Martins,33862401359,F,1977-01-20,raquel_mar916@gmail.com,11991578423,São Paulo,SP,05529350,False
PES-05425,Mariana Marques Lima,49286475802,F,1989-08-31,mariana.lima255@hotmail.com,41960905464,Curitiba,PR,83107560,False
PES-05426,Larissa Rocha Silva Souza,76853518543,F,1980-01-26,larissa.souza468@yahoo.com.br,11972974925,São Paulo,SP,07595592,False
PES-05427,Júlia Machado Andrade,94721881843,F,1944-12-10,julia_and527@bol.com.br,41970329324,Curitiba,PR,87806034,False
PES-05428,Thiago Magalhães Costa,67351671397,M,1994-05-14,thiago_cos968@bol.com.br,11969156379,Guarulhos,SP,03038805,True
PES-05429,Joana Peixoto Machado,48376281259,F,1994-05-22,joanamachado417@gmail.com,21982356049,Niterói,RJ,29177309,True
PES-05430,Renata Guimarães,73498716948,F,1970-05-15,renataguimaraes311@bol.com.br,11987077809,São Paulo,SP,04044928,True
PES-05431,Mariana Machado Andrade Guimarães,13985989176,F,2000-12-10,mariana_gui71@gmail.com,51983327040,Porto Alegre,RS,98314577,True
PES-05432,Tânia Gomes Dias,83413615823,F,1983-02-23,tania_dia118@yahoo.com.br,16966431657,Ribeirão Preto,SP,14734764,True
PES-05433,Camila Magalhães Santos,40838358349,F,1986-07-15,camila.santos772@hotmail.com,81969711385,Recife,PE,51949438,True
PES-05434,Luíza Guimarães Araújo Martins,24623874710,F,1983-12-02,luizamartins884@uol.com.br,11997838620,São Paulo,SP,01505265,False
PES-05435,Vinícius Mendes,71113766255,M,1997-08-17,viniciusmendes102@yahoo.com.br,62989996276,Goiânia,GO,77012074,False
PES-05436,Luíza Moreira,82702258433,F,1983-04-28,luiza.moreira718@bol.com.br,11987382757,São Paulo,SP,05984539,False
PES-05437,Joana Assunção,10426640217,F,1986-03-13,joana_ass96@gmail.com,21977608556,Rio de Janeiro,RJ,29354441,False
PES-05438,Letícia Marques,69812720839,F,1997-12-26,leticiamarques284@gmail.com,11987107336,São Paulo,SP,03031946,True
PES-05439,Renata Peixoto,55945042064,F,1971-12-07,renata_pei546@uol.com.br,19979372781,Campinas,SP,19952049,False
PES-05440,Thiago Carvalho Brandão,06586787289,M,1984-06-21,thiago_bra1@outlook.com,11984954525,São Paulo,SP,01049662,True
PES-05441,Fernanda Souza Mendes,52415355194,F,1981-12-28,fernanda_men89@uol.com.br,11971475629,São Paulo,SP,08000170,True
PES-05442,Renata Santos,29418623900,F,1972-11-04,renata.santos363@yahoo.com.br,11988391864,São Paulo,SP,04161874,True
PES-05443,Ana Cardoso,29739222595,F,1954-10-09,anacardoso806@outlook.com,11967149146,São Paulo,SP,05511787,False
PES-05444,João Costa,19243859102,M,1988-08-05,joao.costa516@yahoo.com.br,11985389092,Santo André,SP,09952678,False
PES-05445,Paulo Alves Freitas Araújo,36408812309,M,1994-05-21,paulo_ara495@yahoo.com.br,21987435114,Rio de Janeiro,RJ,22073894,True
PES-05446,Mariana Silva Marques,98835636981,F,1986-01-21,mariana.marques64@yahoo.com.br,21993799620,Niterói,RJ,25831630,True
PES-05447,Antônio Ribeiro Rodrigues,95556237409,M,1975-04-21,antonio_rod503@uol.com.br,61977846466,Brasília,DF,79407612,True
PES-05448,Helena Silva Nascimento,80742107078,F,1989-02-22,helenanascimento319@yahoo.com.br,21990099153,Niterói,RJ,24697217,True
PES-05449,Leonardo Araújo Oliveira,16905070637,M,1961-06-12,leonardooliveira970@hotmail.com,41991011219,Curitiba,PR,85303221,True
PES-05450,Cecília Martins Rocha,61803885041,F,1997-05-26,ceciliarocha397@bol.com.br,51997418462,Porto Alegre,RS,93947662,True
PES-05451,Márcio Assunção Lima Alves,26009845505,M,1977-06-17,marcioalves158@yahoo.com.br,81976057225,Recife,PE,57885242,True
PES-05452,Luís Silva,19595105767,M,1983-08-19,luissilva330@uol.com.br,11983085710,São Paulo,SP,06638365,False
PES-05453,Márcia Guimarães Marques Mendes,18043844704,F,1968-06-16,marcia.mendes386@uol.com.br,11980667656,São Paulo,SP,09235955,False
PES-05454,Luíza Andrade Lima Alves,15966612323,F,1964-10-30,luiza.alves603@uol.com.br,11962101523,São Paulo,SP,09341087,False
PES-05455,José Carvalho Pereira,28781437951,M,1986-10-10,jose.pereira116@outlook.com,21997594550,Rio de Janeiro,RJ,29321711,True
PES-05456,Eduardo Peixoto,91702429920,M,1985-02-14,eduardopeixoto849@bol.com.br,21981903830,Rio de Janeiro,RJ,21905798,True
PES-05457,Thiago Alves Melo Martins,34806561029,M,1976-03-24,thiagomartins442@uol.com.br,31980787537,Belo Horizonte,MG,31646779,False
PES-05458,José Rodrigues Melo,25070898140,M,1975-06-11,jose_mel337@hotmail.com,11997484654,São Paulo,SP,04851353,False
PES-05459,Simone Brandão Machado,54701335088,F,1983-02-25,simonemachado482@outlook.com,51991981662,Porto Alegre,RS,91593509,False
PES-05460,Gabriela Marques,12155968205,F,1960-02-12,gabriela_mar242@hotmail.com,11991149977,São Paulo,SP,06252058,False
PES-05461,Caio Machado,43035088373,M,1950-11-10,caio.machado398@gmail.com,16973023568,Ribeirão Preto,SP,18010248,True
PES-05462,Sérgio Nunes Oliveira Souza,98713428705,M,1969-03-02,sergiosouza889@uol.com.br,31984344434,Belo Horizonte,MG,39811718,False
PES-05463,Hélio Guimarães,26917928623,M,1982-06-26,helio.guimaraes642@hotmail.com,11996973946,São Paulo,SP,02026948,True
PES-05464,Raquel Melo Lima,43027713728,F,1983-01-20,debora_gui430@uol.com.br,41968942978,Curitiba,PR,89306019,False
PES-05465,Eduardo Barbosa Barbosa,60751612790,M,1951-01-19,eduardo.barbosa475@gmail.com,11990369513,São Paulo,SP,09146922,True
PES-05466,Lúcia Lima Mendes Melo,04317472880,F,1991-10-20,luciamelo500@yahoo.com.br,71977685107,Salvador,BA,42436730,True
PES-05467,Rafael Assunção Oliveira,50923200444,M,1998-09-26,rafael.oliveira44@bol.com.br,11996368382,Guarulhos,SP,04998166,True
PES-05468,José Martins Martins,13320965140,M,1975-06-29,jose.martins38@gmail.com,11993205751,São Paulo,SP,09990739,True
PES-05469,Helena Rodrigues Guimarães,77518721791,F,1986-09-20,helena_gui958@outlook.com,41979393470,Curitiba,PR,81813124,False
PES-05470,Henrique Ferreira,15562297809,M,1999-08-21,henrique.ferreira166@yahoo.com.br,21988001645,Rio de Janeiro,RJ,25410024,True
PES-05471,Priscila Ribeiro Santos,26122889296,F,1983-09-23,priscila.santos278@bol.com.br,11991898274,São Paulo,SP,01726441,False
PES-05472,Henrique Peixoto Marques,66091602365,M,1983-06-03,henrique.marques850@yahoo.com.br,11960253965,São Paulo,SP,01451776,False
PES-05473,Paulo Santos,69614140100,M,1992-11-12,paulo.santos511@gmail.com,41999481583,Curitiba,PR,82394515,False
PES-05474,Antônio Moreira Rodrigues,57562017697,M,1976-10-15,antoniorodrigues309@outlook.com,11997991592,Santo André,SP,07731995,True
PES-05475,Renata Marques Moreira,15363834731,F,1986-01-11,renata.moreira382@yahoo.com.br,32982249038,Juiz de Fora,MG,35106027,False
PES-05476,Fernando Ferreira Araújo Gomes,18909887745,M,1992-12-22,fernando.gomes939@yahoo.com.br,61960702758,Brasília,DF,76281100,True
PES-05477,Vitória Silva,35782810858,F,1986-08-02,vitoriasilva199@yahoo.com.br,48984175686,Florianópolis,SC,82050287,True
PES-05478,Lúcia Dias Brandão,45950530454,F,1988-04-27,lucia.brandao164@hotmail.com,41994077313,Curitiba,PR,86150380,False
PES-05479,Sônia Gomes,57849278763,F,1958-12-13,sonia.gomes433@bol.com.br,21970295701,Niterói,RJ,23417869,True
PES-05480,André Rocha Nascimento Souza,55421516474,M,1999-05-22,andre.souza487@yahoo.com.br,51963078939,Porto Alegre,RS,99600709,True
PES-05481,Ana Marques,24946660828,F,1990-08-26,ana_mar408@bol.com.br,21963915125,Rio de Janeiro,RJ,28459953,False
PES-05482,Júlia Santos Costa,51299974503,F,1970-01-26,julia.costa80@yahoo.com.br,11979033654,São Paulo,SP,06225973,True
PES-05483,Sérgio Martins Nunes,64684336654,M,1989-09-08,sergio_nun642@outlook.com,11975215619,Guarulhos,SP,03936599,True
PES-05484,César Marques,16323389398,M,1976-02-07,cesarmarques858@outlook.com,71986116479,Salvador,BA,44124247,True
PES-05485,Rafael Ferreira,33137753570,M,1980-05-04,rafael_fer377@outlook.com,31969357967,Belo Horizonte,MG,36937253,True
PES-05486,César Martins Ribeiro Araújo,46084852610,M,1989-05-12,cesar_ara231@uol.com.br,31991477414,Belo Horizonte,MG,36258759,True
PES-05487,Lúcia Souza Freitas,64334722903,F,1981-07-10,lucia_fre501@bol.com.br,11998724918,Santo André,SP,02150563,False
PES-05488,José Santos Alves,87794374430,M,1981-09-08,jose_alv242@bol.com.br,41965724174,Curitiba,PR,84242423,False
PES-05489,Rafael Alves Souza,78067628505,M,1977-11-03,rafael.souza743@gmail.com,62989186385,Goiânia,GO,76574057,True
PES-05490,Patrícia Dias Santos,14812392527,F,1942-06-01,patriciasantos973@hotmail.com,11991195452,Santo André,SP,04540181,True
PES-05491,Antônio Souza Marques,82483121519,M,1994-02-14,antoniomarques703@gmail.com,11966806296,São Paulo,SP,08837620,True
PES-05492,Fernando Santos Peixoto,51750137690,M,1984-05-05,fernando_pei262@hotmail.com,11964476617,São Paulo,SP,02205827,True
PES-05493,Renata Costa Souza Araújo,02766883339,F,1995-12-09,renataaraujo689@outlook.com,11982373925,Guarulhos,SP,03646834,False
PES-05494,Sérgio Gomes,79854927474,M,1975-05-16,sergiogomes727@uol.com.br,19987852151,Campinas,SP,18857978,True
PES-05495,Patrícia Mendes Conceição,75368119933,F,1982-09-18,patricia.conceicao917@hotmail.com,19988178503,Campinas,SP,12511825,True
PES-05496,César Nascimento Costa,15247990927,M,1980-03-21,cesar_cos291@yahoo.com.br,19977837424,Campinas,SP,11589963,False
PES-05497,Otávio Conceição,57889181973,M,1991-04-09,otavio_con735@yahoo.com.br,51960079353,Porto Alegre,RS,92401252,True
PES-05498,Lucas Peixoto,53192815876,M,1990-11-25,lucas_pei698@outlook.com,41977224379,Curitiba,PR,85530863,True
PES-05499,Marcelo Ribeiro Rodrigues,91110376600,M,1970-05-23,marcelo_rod959@gmail.com,21995296281,Niterói,RJ,27896670,True
PES-05500,Patrícia Rocha Oliveira,87280462260,F,1996-04-30,patriciaoliveira77@bol.com.br,31998325817,Belo Horizonte,MG,37457202,False
PES-05501,Eduardo Andrade Peixoto,35020719692,M,1972-10-17,eduardo_pei88@yahoo.com.br,31986154009,Belo Horizonte,MG,33727758,False
PES-05502,Rafael Mendes Brandão,79221788407,M,1978-08-16,rafael.brandao342@uol.com.br,81968196985,Recife,PE,56396504,False
PES-05503,Patrícia Cardoso,06789619216,F,1959-12-31,patricia_car486@bol.com.br,11995303414,São Paulo,SP,03256525,False
PES-05504,Gustavo Ribeiro Dias,64568324890,M,1992-09-02,gustavodias277@bol.com.br,81965564942,Recife,PE,54350683,False
PES-05505,Fernando Guimarães,66937170807,M,1981-04-24,fernando.guimaraes812@yahoo.com.br,11962978538,São Paulo,SP,07977653,True
PES-05506,Priscila Mendes,38766097711,F,1995-02-12,priscila.mendes820@outlook.com,19964514111,Campinas,SP,19648139,True
PES-05507,José Martins Conceição Rodrigues,09740890601,M,1994-07-27,joserodrigues422@yahoo.com.br,21985321073,Rio de Janeiro,RJ,28886004,False
PES-05508,Joana Peixoto Peixoto,03391753544,F,1994-05-15,joana_pei153@outlook.com,16981315089,Ribeirão Preto,SP,17222742,True
PES-05509,Lucas Nunes Machado Andrade,82088032436,M,1985-07-24,lucas_and491@yahoo.com.br,31960462758,Belo Horizonte,MG,39812012,True
PES-05510,Thiago Andrade Andrade,94182532830,M,2003-09-07,thiago_and915@uol.com.br,11988071001,São Paulo,SP,09667276,False
PES-05511,Raquel Nunes,69834361211,F,1998-10-30,raquel.nunes696@yahoo.com.br,11987991416,São Paulo,SP,09879416,True
PES-05512,Isabela Melo,06933188990,F,1976-03-30,isabela.melo479@gmail.com,11967078680,São Paulo,SP,09670817,True
PES-05513,Vitória Costa Machado,09222681770,F,1971-08-04,vitoria.machado431@gmail.com,11967626016,São Paulo,SP,02766242,True
PES-05514,Mateus Cardoso,26756479423,M,2005-12-11,mateus.cardoso633@yahoo.com.br,32988588786,Juiz de Fora,MG,31354959,True
PES-05515,Rafael Dias Marques,28303954920,M,1987-12-07,rafaelmarques538@uol.com.br,41984893656,Curitiba,PR,85924381,False
PES-05516,Otávio Souza,15971600591,M,1989-04-01,otaviosouza502@gmail.com,41982056534,Curitiba,PR,83544006,False
PES-05517,Marcelo Rodrigues Pereira,94608679368,M,1940-12-01,marcelopereira288@bol.com.br,71982011775,Salvador,BA,45890819,False
PES-05518,Hélio Nascimento,18096383728,M,1989-04-29,helio.nascimento743@uol.com.br,11960655228,São Paulo,SP,01916129,False
PES-05519,Márcia Guimarães Mendes,71518174523,F,1985-09-26,marcia_men259@bol.com.br,81972127563,Recife,PE,57271057,True
PES-05520,Daniel Machado Rodrigues,04614513107,M,2001-07-27,daniel.rodrigues211@gmail.com,11971669692,São Paulo,SP,01589764,True
PES-05521,Beatriz Melo,71282951866,F,1969-10-07,beatriz_mel294@uol.com.br,61964518588,Brasília,DF,79825279,True
PES-05522,Daniel Machado Silva,67847320223,M,1985-05-08,danielsilva746@yahoo.com.br,11992826157,São Paulo,SP,09386400,False
PES-05523,Simone Gomes,10939659590,F,2002-01-09,simonegomes635@outlook.com,11973345783,São Paulo,SP,08507933,True
PES-05524,Gustavo Martins,73817728921,M,1977-07-23,gustavomartins815@hotmail.com,51984938332,Porto Alegre,RS,97236485,True
PES-05525,Gabriela Guimarães,28352328000,F,2002-09-22,gabrielaguimaraes925@uol.com.br,11991049713,São Paulo,SP,09644749,True
PES-05526,Caio Araújo Magalhães,70200739212,M,1980-07-12,caiomagalhaes585@gmail.com,11995899752,São Paulo,SP,07542523,True
PES-05527,Antônio Assunção Freitas,71981524819,M,2000-01-01,antoniofreitas929@bol.com.br,51978418023,Porto Alegre,RS,96711240,False
PES-05528,Helena Marques,48290114834,F,1989-05-31,helena_mar246@uol.com.br,31965498521,Belo Horizonte,MG,33734932,True
PES-05529,Vinícius Freitas Conceição,53156292958,M,1977-06-01,viniciusconceicao634@hotmail.com,31972803925,Belo Horizonte,MG,32979756,False
PES-05530,Vinícius Cardoso Magalhães,14844300504,M,1990-07-17,vinicius.magalhaes146@hotmail.com,41995549146,Curitiba,PR,85550012,False
PES-05531,Luís Melo Dias,20646809008,M,1970-07-22,luisdias823@bol.com.br,81981754752,Recife,PE,56396398,False
PES-05532,Mariana Mendes Mendes,55462790791,F,1996-07-15,mariana_men749@outlook.com,21974962286,Niterói,RJ,27773837,True
PES-05533,Júlia Pereira,35161722746,F,1979-04-27,julia.pereira672@outlook.com,21987264558,Rio de Janeiro,RJ,29697476,True
PES-05534,Joana Araújo Conceição,80466297742,F,1991-03-06,joanaconceicao582@outlook.com,11997914242,São Paulo,SP,06680160,False
PES-05535,Ana Dias Rodrigues Mendes,17514150404,F,1980-02-26,ana.mendes651@uol.com.br,11960446870,Guarulhos,SP,07295247,True
PES-05536,Antônio Rodrigues Ribeiro,21025435362,M,1991-04-23,antonio.ribeiro440@outlook.com,11966482350,São Paulo,SP,04490352,True
PES-05537,Bruno Oliveira Rodrigues,04040450493,M,1991-05-15,bruno_rod412@hotmail.com,11960736035,Guarulhos,SP,03298080,False
PES-05538,Luíza Brandão Marques,30816877050,F,1967-08-12,priscilasantos792@yahoo.com.br,16960927576,Ribeirão Preto,SP,11094304,False
PES-05539,Gustavo Oliveira Costa,55717878990,M,1977-06-05,gustavo.costa726@yahoo.com.br,21963495519,Niterói,RJ,26712238,False
PES-05540,Fernando Assunção Machado,70558048765,M,1986-01-09,fernando_mac372@yahoo.com.br,11972044333,São Paulo,SP,06816634,False
PES-05541,Eduardo Melo Brandão,14316071181,M,1956-09-02,eduardobrandao492@yahoo.com.br,81999281627,Recife,PE,54637580,True
PES-05542,Gabriela Alves Alves,34633724878,F,1994-09-23,gabrielaalves23@bol.com.br,19960122528,Campinas,SP,14406605,True
PES-05543,Mariana Souza Costa Andrade,53705125664,F,1991-07-08,marianaandrade578@hotmail.com,11984333409,Santo André,SP,01131729,True
PES-05544,Letícia Araújo,79903761805,F,1988-03-18,leticia_ara852@gmail.com,51972253453,Porto Alegre,RS,95408885,True
PES-05545,Simone Gomes Assunção,43238404202,F,1999-10-09,simone_ass386@uol.com.br,31983399550,Belo Horizonte,MG,32699045,True
PES-05546,Marcelo Alves Alves,95329368669,M,1960-05-29,marcelo.alves922@hotmail.com,11965585330,São Paulo,SP,03044867,False
PES-05547,Otávio Ferreira,96028592455,M,1950-09-18,otavioferreira665@yahoo.com.br,11994994525,São Paulo,SP,07156165,False
PES-05548,Lúcia Oliveira,75154639537,F,1956-06-25,lucia_oli436@hotmail.com,62993538671,Goiânia,GO,78354054,False
PES-05549,Caio Magalhães Ferreira Nascimento,84495695916,M,1957-10-19,caio.nascimento934@hotmail.com,11970742219,São Paulo,SP,02863517,True
PES-05550,Larissa Souza,50138305919,F,1989-11-20,larissa.souza484@hotmail.com,48969415807,Florianópolis,SC,87791125,False
PES-05551,Sônia Pereira,52254096524,F,1994-04-07,sonia_per76@yahoo.com.br,11968303384,São Paulo,SP,08882295,False
PES-05552,Lúcia Freitas Nascimento,58164645079,F,1977-08-21,lucia_nas789@outlook.com,41990436806,Curitiba,PR,86752976,False
PES-05553,Tânia Gomes Moreira,18317787184,F,1982-05-10,taniamoreira398@uol.com.br,11985345618,São Paulo,SP,06784728,True
PES-05554,Cecília Freitas Machado,95055266449,F,1998-12-01,ceciliamachado618@uol.com.br,61989113249,Brasília,DF,77359920,True
PES-05555,Natália Nascimento Dias Mendes,59252130845,F,1969-10-03,nataliamendes860@outlook.com,19977218758,Campinas,SP,13499850,True
PES-05556,Gustavo Ribeiro Nunes,59408127161,M,1990-08-20,gustavo.nunes606@hotmail.com,11976793777,São Paulo,SP,07659713,False
PES-05557,Vinícius Gomes Gomes Alves,33609517352,M,2002-07-10,vinicius_alv893@yahoo.com.br,11975632834,São Paulo,SP,06392812,True
PES-05558,Larissa Pereira,89027585326,F,2002-07-18,larissa.pereira303@hotmail.com,19997162272,Campinas,SP,13786388,True
PES-05559,Cecília Marques Alves Mendes,00665524943,F,1939-09-02,cecilia.mendes206@hotmail.com,11982574821,São Paulo,SP,04840721,True
PES-05560,Isabela Martins Rodrigues,44884930509,F,1994-11-04,isabela.rodrigues638@outlook.com,11997349686,São Paulo,SP,07253232,True
PES-05561,Joana Nunes,19180949851,F,1991-12-20,joana_nun247@hotmail.com,11999754048,São Paulo,SP,07494439,True
PES-05562,Paulo Conceição,47370349918,M,1983-06-10,paulo_con296@yahoo.com.br,21994666771,Rio de Janeiro,RJ,24839518,False
PES-05563,Bruno Silva Freitas,63057120938,M,1986-05-30,bruno_fre521@bol.com.br,11999245007,São Paulo,SP,09585360,False
PES-05564,Sônia Gomes Nunes,27329327875,F,1997-12-13,sonianunes223@gmail.com,11982805273,São Paulo,SP,01036178,False
PES-05565,Rodrigo Cardoso Barbosa,37149953409,M,1993-06-23,rodrigobarbosa539@yahoo.com.br,11984785933,São Paulo,SP,06223888,True
PES-05566,Débora Ribeiro,82751991661,F,1987-10-08,debora.ribeiro469@bol.com.br,16997754019,Ribeirão Preto,SP,16731068,True
PES-05567,João Rodrigues,88519752560,M,1979-10-03,joao_rod415@uol.com.br,11965435396,São Paulo,SP,07837034,True
PES-05568,Tânia Gomes Assunção,95970684600,F,1982-01-29,taniaassuncao846@gmail.com,21966352286,Rio de Janeiro,RJ,29431210,False
PES-05569,Otávio Martins Moreira,33522845471,M,1992-06-27,otavio_mor301@outlook.com,11985422668,Guarulhos,SP,06350752,True
PES-05570,Mateus Araújo Ribeiro,00487952677,M,1985-10-06,mateus_rib2@outlook.com,51988152225,Porto Alegre,RS,92372137,False
PES-05571,Renata Araújo Mendes,84474241380,F,1985-05-14,renata_men512@gmail.com,11982383755,São Paulo,SP,05267348,False
PES-05572,Débora Barbosa Rodrigues,43057617263,F,1999-08-17,debora.rodrigues319@outlook.com,11967258988,São Paulo,SP,05553927,True
PES-05573,Letícia Peixoto Dias,21725413205,F,2002-11-27,leticia_dia602@yahoo.com.br,19970319088,Campinas,SP,12220910,True
PES-05574,Ana Nunes Oliveira,62507706589,F,1989-05-01,anaoliveira244@gmail.com,11990484367,Santo André,SP,01645676,False
PES-05575,Rodrigo Nunes Assunção,21980109842,M,1981-12-15,rodrigo_ass311@hotmail.com,11974076168,Santo André,SP,01786991,True
PES-05576,Caio Peixoto Souza Cardoso,68631634972,M,1980-01-15,caiocardoso761@outlook.com,11996614248,São Paulo,SP,03914496,False
PES-05577,Lucas Ferreira Freitas Dias,37461463217,M,1998-11-22,lucasdias893@gmail.com,51988275677,Porto Alegre,RS,96457713,True
PES-05578,Thiago Rodrigues Cardoso,72133183817,M,1996-07-10,thiago_car978@gmail.com,21988527494,Rio de Janeiro,RJ,23824533,False
PES-05579,Renata Oliveira Assunção,59453665363,F,1987-08-10,renataassuncao424@bol.com.br,21998925307,Niterói,RJ,29712844,True
PES-05580,Helena Cardoso,22370937769,F,1995-11-23,helenacardoso290@bol.com.br,41978527541,Curitiba,PR,84320738,False
PES-05581,Rodrigo Andrade Cardoso,22995425312,M,1964-01-29,rodrigo.cardoso704@uol.com.br,11986925863,São Paulo,SP,08697919,False
PES-05582,Aline Martins Freitas Alves,75863869518,F,1961-05-21,alinealves245@outlook.com,11974368579,Guarulhos,SP,07749899,True
PES-05583,Vinícius Peixoto Souza,38340961136,M,1977-10-28,viniciussouza884@bol.com.br,31997332456,Belo Horizonte,MG,37392141,False
PES-05584,Natália Martins Nunes,78379219414,F,1982-03-25,natalia.nunes281@yahoo.com.br,51970728671,Porto Alegre,RS,97431067,False
PES-05585,Gustavo Mendes,34313635394,M,1973-08-01,gustavo.mendes48@hotmail.com,11971329970,São Paulo,SP,03086938,True
PES-05586,Ana Assunção,03854658400,F,1940-02-18,ana.assuncao560@gmail.com,11995225319,São Paulo,SP,05527507,True
PES-05587,César Rodrigues,41461705916,M,1966-12-24,cesar.rodrigues473@yahoo.com.br,11960349471,São Paulo,SP,09433268,True
PES-05588,Camila Souza Lima,84360845430,F,1990-08-02,camila_lim812@uol.com.br,11977582456,São Paulo,SP,07099661,True
PES-05589,Cláudia Alves Melo,38468298115,F,1978-07-12,claudiamelo803@hotmail.com,31998517879,Belo Horizonte,MG,37812013,True
PES-05590,Simone Nunes Assunção,81944240543,F,1989-08-09,simoneassuncao503@hotmail.com,11965497652,Santo André,SP,08993728,False
PES-05591,César Moreira,90967558638,M,1988-03-13,cesar.moreira265@bol.com.br,11973704363,Guarulhos,SP,03987781,True
PES-05592,Márcia Moreira Rodrigues,82253034665,F,1988-03-23,marcia.rodrigues226@yahoo.com.br,16993439610,Ribeirão Preto,SP,19785673,True
PES-05593,Rafael Magalhães,25778890389,M,1981-01-02,rafaelmagalhaes443@uol.com.br,21998349244,Rio de Janeiro,RJ,29926307,False
PES-05594,Leonardo Rocha,89874777206,M,1978-03-20,leonardorocha776@bol.com.br,11997214875,Guarulhos,SP,01066174,False
PES-05595,Vinícius Cardoso,56778927500,M,1973-05-24,vinicius.cardoso640@hotmail.com,31977766536,Belo Horizonte,MG,38868548,False
PES-05596,Thiago Nunes,46036807759,M,1961-07-27,thiago.nunes109@yahoo.com.br,11968128799,São Paulo,SP,02532895,False
PES-05597,João Dias,62762562503,M,1955-11-18,rodrigo.freitas952@gmail.com,11992998770,São Paulo,SP,09053789,True
PES-05598,Sônia Rodrigues Araújo,59135700815,F,1950-07-06,soniaaraujo631@hotmail.com,11971958165,São Paulo,SP,09341273,True
PES-05599,Eduardo Barbosa,29974115132,M,1971-02-26,eduardo.barbosa514@gmail.com,41962047402,Curitiba,PR,86510922,True
PES-05600,Thiago Rocha Rocha,80846529076,M,1994-06-14,thiago.rocha24@hotmail.com,11998649416,Guarulhos,SP,03938764,True
PES-05601,Larissa Araújo,65331369766,F,1950-06-16,larissa_ara158@bol.com.br,81984834784,Recife,PE,59767093,True
PES-05602,Raquel Ferreira Guimarães Melo,93718052938,F,1992-08-25,raquelmelo73@gmail.com,21962604424,Rio de Janeiro,RJ,22738791,False
PES-05603,Camila Rodrigues Magalhães,39453774200,F,1977-02-08,camila_mag140@bol.com.br,31964695165,Belo Horizonte,MG,32571632,True
PES-05604,Lúcia Alves Brandão,99269074072,F,1971-05-21,lucia.brandao292@gmail.com,11995435296,Guarulhos,SP,08141565,True
PES-05605,Hélio Moreira Costa,30399519041,M,1981-06-04,helio_cos994@bol.com.br,11984405502,São Paulo,SP,05409658,True
PES-05606,Priscila Melo,72121910000,F,1991-11-05,priscilamelo627@hotmail.com,32997815438,Juiz de Fora,MG,33006598,False
PES-05607,Fernando Moreira Lima,86972949408,M,1984-10-15,fernando_lim622@yahoo.com.br,11970905333,São Paulo,SP,02694460,True
PES-05608,Lúcia Moreira Santos,39223882052,F,1959-06-03,luciasantos474@yahoo.com.br,11971754571,Guarulhos,SP,08086754,True
PES-05609,Marcelo Rodrigues,31916687300,M,1945-11-26,marcelorodrigues740@outlook.com,11972211075,São Paulo,SP,02847015,False
PES-05610,Larissa Melo Brandão,57324019110,F,1958-08-15,larissa_bra578@outlook.com,32992657181,Juiz de Fora,MG,36353329,False
PES-05611,Otávio Silva Cardoso,75783600784,M,1983-05-19,otavio.cardoso466@bol.com.br,11965963637,São Paulo,SP,03350822,False
PES-05612,Lucas Conceição Dias,52524064212,M,1991-04-12,lucas.dias686@uol.com.br,62975999613,Goiânia,GO,74787945,True
PES-05613,Cláudia Ferreira Martins Conceição,91929591136,F,1983-02-19,claudiaconceicao534@outlook.com,71973436325,Salvador,BA,49588115,True
PES-05614,Daniel Conceição Gomes,35407563452,M,1997-04-01,daniel_gom624@bol.com.br,61998304369,Brasília,DF,77282556,False
PES-05615,Camila Costa Ferreira,08418585005,F,1975-12-25,camila_fer838@yahoo.com.br,11960681471,São Paulo,SP,08446841,True
PES-05616,Gustavo Gomes,53160026957,M,1988-01-26,gustavogomes549@uol.com.br,11966096313,São Paulo,SP,09159578,True
PES-05617,Camila Pereira Cardoso,42962247270,F,1995-06-12,camilacardoso406@bol.com.br,62966217690,Goiânia,GO,75394011,False
PES-05618,Wagner Pereira Marques,40565673106,M,1976-05-31,wagner_mar307@gmail.com,16986285589,Ribeirão Preto,SP,12967685,False
PES-05619,Tânia Dias Alves Martins,34071388498,F,1958-02-23,taniamartins786@gmail.com,11974255852,São Paulo,SP,08093273,True
PES-05620,João Rocha,29095410455,M,1956-03-26,joaorocha387@gmail.com,62967135328,Goiânia,GO,73524368,True
PES-05621,Raquel Cardoso Ribeiro Oliveira,40050347055,F,1982-08-01,raquel_oli922@yahoo.com.br,11960646484,São Paulo,SP,02415469,True
PES-05622,Sônia Silva,30099668653,F,1996-04-21,soniasilva541@gmail.com,21990965649,Rio de Janeiro,RJ,27328443,True
PES-05623,Patrícia Mendes Marques,62147961035,F,1981-06-10,patriciamarques953@outlook.com,32994613795,Juiz de Fora,MG,31233479,True
PES-05624,Letícia Peixoto Marques Peixoto,40201619091,F,1969-10-25,leticiapeixoto357@gmail.com,31981802478,Belo Horizonte,MG,37520015,False
PES-05625,Luíza Silva Gomes,46236616280,F,1984-11-06,luiza_gom820@yahoo.com.br,11983173670,São Paulo,SP,02289390,False
PES-05626,Joana Ferreira,33029951723,F,1933-12-31,joanaferreira79@yahoo.com.br,31992655606,Belo Horizonte,MG,33148335,False
PES-05627,Sérgio Guimarães Gomes,84661083946,M,1963-11-10,sergio.gomes466@outlook.com,11963931427,Guarulhos,SP,06450565,True
PES-05628,Letícia Gomes Conceição,87221569339,F,1968-10-06,leticia_con803@yahoo.com.br,81985337452,Recife,PE,53692611,True
PES-05629,Camila Silva,17784562608,F,1999-04-17,camila.silva671@gmail.com,21989467107,Niterói,RJ,21383664,True
PES-05630,Camila Cardoso Rocha,30795578911,F,1963-02-26,camilarocha80@bol.com.br,21997041404,Niterói,RJ,27182767,True
PES-05631,Patrícia Freitas Carvalho,20630525811,F,1986-04-19,patricia.carvalho11@hotmail.com,61988485700,Brasília,DF,75400341,True
PES-05632,Patrícia Lima,96839154262,F,1953-09-04,patricialima190@bol.com.br,81984539265,Recife,PE,52149885,False
PES-05633,Fernando Andrade Pereira,17018918596,M,1985-12-27,fernandopereira717@bol.com.br,71987939712,Salvador,BA,41273394,False
PES-05634,Beatriz Santos Machado,86730490918,F,2000-11-12,beatriz_mac140@bol.com.br,81991223130,Recife,PE,53137229,True
PES-05635,Débora Nunes Pereira,16207066103,F,1974-04-16,debora_per850@bol.com.br,11961415798,São Paulo,SP,09392120,False
PES-05636,Lúcia Brandão Costa Gomes,73668527326,F,1974-10-05,lucia.gomes923@hotmail.com,21966174946,Rio de Janeiro,RJ,28345086,True
PES-05637,Eduardo Carvalho,77149656900,M,1978-01-20,eduardo.carvalho963@yahoo.com.br,11987394327,São Paulo,SP,03065944,True
PES-05638,Márcia Andrade,76618392020,F,1994-02-07,marcia_and144@bol.com.br,11979646249,São Paulo,SP,09416024,True
PES-05639,Otávio Freitas,14625854776,M,1933-12-31,otavio.freitas150@uol.com.br,41971513604,Curitiba,PR,89533851,True
PES-05640,Renata Costa,32299083251,F,1992-12-21,renata.costa728@bol.com.br,19981847081,Campinas,SP,14623639,True
PES-05641,Lucas Magalhães Andrade,63044075564,M,1973-08-14,lucas.andrade445@hotmail.com,11982571544,São Paulo,SP,02786027,True
PES-05642,César Freitas Lima,60635335247,M,1989-05-02,cesar.lima448@hotmail.com,61975464165,Brasília,DF,77036272,False
PES-05643,Larissa Lima Costa,21021600091,F,1965-12-16,larissacosta373@bol.com.br,31992342492,Belo Horizonte,MG,35137694,True
PES-05644,Mateus Costa,43099253324,M,1961-05-20,mateus.costa771@hotmail.com,48966919207,Florianópolis,SC,85704001,False
PES-05645,Patrícia Nunes Freitas Barbosa,26794638207,F,1958-09-21,patriciabarbosa232@yahoo.com.br,19967516789,Campinas,SP,16102543,True
PES-05646,Débora Lima,09839551825,F,1986-01-03,gustavo.assuncao907@bol.com.br,11983481442,São Paulo,SP,05497141,False
PES-05647,Vitória Freitas,10336817339,F,1989-01-15,vitoria.freitas609@gmail.com,11986003873,São Paulo,SP,02991479,True
PES-05648,Isabela Marques,22443177653,F,1998-03-02,isabelamarques576@outlook.com,61962431063,Brasília,DF,78683316,True
PES-05649,Camila Santos Pereira Costa,17531484307,F,1979-07-11,camila_cos494@gmail.com,62990504586,Goiânia,GO,76703139,True
PES-05650,Cecília Lima,27607086595,F,1971-01-30,cecilia.lima835@hotmail.com,11988662316,São Paulo,SP,06943285,False
PES-05651,Hélio Andrade Magalhães Marques,21979461708,M,1997-02-15,helio.marques307@yahoo.com.br,11996033346,São Paulo,SP,01861556,False
PES-05652,André Rodrigues Nunes Nunes,23415869377,M,1938-02-03,andre_nun953@hotmail.com,11993972256,São Paulo,SP,08166329,True
PES-05653,André Alves Marques,21833748700,M,2001-06-20,andremarques138@gmail.com,11973468157,São Paulo,SP,02597051,True
PES-05654,Priscila Ribeiro Gomes,12809270708,F,2003-06-28,priscilagomes645@gmail.com,51961384868,Porto Alegre,RS,92001743,False
PES-05655,Cecília Lima,46835595876,F,1965-06-28,cecilia_lim479@outlook.com,11968447865,São Paulo,SP,07663281,True
PES-05656,Débora Rodrigues Oliveira,31547611103,F,1980-05-29,debora_oli349@outlook.com,11986347855,São Paulo,SP,07436228,True
PES-05657,Helena Lima Silva,93319190695,F,1991-09-22,helenasilva394@yahoo.com.br,21982251839,Rio de Janeiro,RJ,21224369,False
PES-05658,Renata Martins,64838196334,F,1990-03-03,renatamartins883@outlook.com,71962107231,Salvador,BA,41718766,False
PES-05659,Rodrigo Oliveira,31523259400,M,1985-08-10,rodrigo_oli486@yahoo.com.br,21975942928,Rio de Janeiro,RJ,26353077,True
PES-05660,Fábio Alves,27541745324,M,1988-01-28,fabio_alv180@outlook.com,61976836139,Brasília,DF,78892844,False
PES-05661,Fernando Cardoso Rodrigues,33840890497,M,1970-05-29,fernandorodrigues785@outlook.com,21986029837,Rio de Janeiro,RJ,22607374,False
PES-05662,Júlia Rodrigues Andrade Ribeiro,69840838504,F,1998-01-18,julia_rib577@bol.com.br,51970175283,Porto Alegre,RS,98812098,False
PES-05663,Mariana Marques Conceição Ferreira,94561744410,F,1950-09-27,marianaferreira952@uol.com.br,21971059289,Rio de Janeiro,RJ,26919597,True
PES-05664,Aline Brandão,30828856915,F,1962-05-27,aline.brandao241@uol.com.br,31984996733,Belo Horizonte,MG,33241671,True
PES-05665,Mariana Carvalho,87800227316,F,1990-03-21,mariana_car173@yahoo.com.br,11985579855,São Paulo,SP,04420205,False
PES-05666,Aline Peixoto Andrade,32122415860,F,1969-12-03,aline.andrade21@gmail.com,11976345060,São Paulo,SP,08485138,False
PES-05667,Débora Gomes Assunção,67788139971,F,1998-04-25,debora_ass915@hotmail.com,11975469404,São Paulo,SP,05364121,False
PES-05668,André Andrade Cardoso,73865709613,M,1963-12-09,andrecardoso539@hotmail.com,11983272027,São Paulo,SP,07154682,False
PES-05669,Aline Santos Mendes,31637138407,F,1976-03-18,aline.mendes425@uol.com.br,31995609714,Belo Horizonte,MG,31377474,False
PES-05670,Leonardo Martins Peixoto Gomes,47161027934,M,1972-12-02,leonardo.gomes620@gmail.com,62966718445,Goiânia,GO,77446130,True
PES-05671,Henrique Oliveira,00485033631,M,1994-02-07,henrique_oli576@outlook.com,31981409375,Belo Horizonte,MG,36448870,True
PES-05672,Joana Dias Gomes Conceição,00436040131,F,1974-08-08,joanaconceicao593@gmail.com,48972877802,Florianópolis,SC,88148024,False
PES-05673,Aline Mendes Nascimento Brandão,23199763707,F,1968-06-15,aline_bra946@bol.com.br,41996287472,Curitiba,PR,86155428,True
PES-05674,Luíza Martins Santos,50266125557,F,1984-11-03,luiza_san82@gmail.com,51968245933,Porto Alegre,RS,91783777,True
PES-05675,Tânia Guimarães Nunes,35746493988,F,1977-01-05,tanianunes406@bol.com.br,21999927872,Rio de Janeiro,RJ,23305852,True
PES-05676,Daniel Gomes,67271573755,M,1990-10-10,daniel_gom527@gmail.com,11986637679,São Paulo,SP,08547808,True
PES-05677,Paulo Magalhães Carvalho,48670083116,M,1965-11-08,paulo_car675@outlook.com,31999585695,Belo Horizonte,MG,34433001,False
PES-05678,Patrícia Nunes Barbosa,90724176748,F,1974-06-02,patricia_bar377@gmail.com,61980952661,Brasília,DF,74556820,True
PES-05679,Márcia Lima Gomes,79878659828,F,1983-05-03,marciagomes368@outlook.com,11971569425,São Paulo,SP,05943568,True
PES-05680,Márcia Peixoto Pereira,09836110259,F,1966-07-20,marciapereira336@uol.com.br,21983069265,Rio de Janeiro,RJ,28365097,False
PES-05681,Sônia Cardoso,34280616914,F,1978-11-08,soniacardoso935@uol.com.br,11992634037,São Paulo,SP,06741465,True
PES-05682,Paulo Nascimento Oliveira Rocha,29936732707,M,1997-08-01,paulorocha86@uol.com.br,21980431600,Niterói,RJ,23681703,True
PES-05683,Beatriz Brandão Barbosa,49069232910,F,1953-11-27,beatrizbarbosa33@hotmail.com,21972828822,Rio de Janeiro,RJ,29627528,True
PES-05684,Cecília Mendes Alves,00841425299,F,1985-06-20,cecilia_alv19@yahoo.com.br,62992524416,Goiânia,GO,72736481,True
PES-05685,Hélio Andrade Souza Barbosa,36492866614,M,1963-12-18,heliobarbosa381@uol.com.br,11981907253,Guarulhos,SP,04201757,True
PES-05686,Sônia Marques Machado,34857080206,F,1989-09-06,sonia.machado84@hotmail.com,11981106293,São Paulo,SP,07327047,True
PES-05687,Gabriela Costa Magalhães,96659620435,F,1969-05-31,gabrielamagalhaes371@yahoo.com.br,11961987504,São Paulo,SP,06698970,False
PES-05688,Sérgio Nunes Carvalho,38539859041,M,2004-02-15,sergio.carvalho982@bol.com.br,48981689571,Florianópolis,SC,89046369,True
PES-05689,César Rocha Magalhães,48205760209,M,1969-11-15,cesar.magalhaes964@uol.com.br,11997764424,São Paulo,SP,09064107,False
PES-05690,Joana Magalhães Moreira,56766070099,F,1992-06-26,joana.moreira206@yahoo.com.br,19998116540,Campinas,SP,17046981,False
PES-05691,Fernanda Dias Martins,89949607167,F,1993-12-12,fernandamartins512@hotmail.com,48997987821,Florianópolis,SC,89338573,False
PES-05692,Cláudia Rocha Melo,28845686205,F,1999-09-30,claudia.melo802@outlook.com,11983159591,São Paulo,SP,05268615,True
PES-05693,Priscila Melo,95507627690,F,1984-09-24,priscilamelo274@bol.com.br,71981745441,Salvador,BA,45642047,False
PES-05694,Priscila Assunção Pereira,51934649988,F,1976-12-02,priscila.pereira511@yahoo.com.br,51962077009,Porto Alegre,RS,93534467,False
PES-05695,Otávio Santos,60815621825,M,1995-02-12,otaviosantos95@gmail.com,21999185539,Rio de Janeiro,RJ,29932821,True
PES-05696,Aline Pereira Ribeiro Mendes,15347957662,F,1980-07-14,aline.mendes772@bol.com.br,11977904933,Guarulhos,SP,07937567,False
PES-05697,Fernando Carvalho Araújo,91512947881,M,1979-10-12,fernando_ara911@outlook.com,81983947764,Recife,PE,59708115,True
PES-05698,José Melo Dias,27423435716,M,1979-02-08,jose.dias780@yahoo.com.br,21979437915,Rio de Janeiro,RJ,27171798,False
PES-05699,Lúcia Souza Assunção,22589261900,F,1968-07-20,lucia.assuncao946@uol.com.br,11997656723,São Paulo,SP,07692905,False
PES-05700,Paulo Alves Dias,89367314167,M,1974-10-05,paulo.dias64@outlook.com,11993581894,São Paulo,SP,06965089,False
PES-05701,Larissa Ferreira Carvalho,95174820008,F,1999-10-25,larissa_car133@outlook.com,11962934550,São Paulo,SP,02877964,True
PES-05702,Mateus Araújo Costa,97956641233,M,1988-10-30,mateus_cos46@outlook.com,11965761771,São Paulo,SP,04760965,False
PES-05703,Otávio Gomes Costa,30351108912,M,1978-02-06,otaviocosta574@yahoo.com.br,11996643596,São Paulo,SP,02501853,True
PES-05704,Sônia Mendes,23924758735,F,2000-06-28,sonia_men135@hotmail.com,11999538506,São Paulo,SP,06538368,True
PES-05705,Mariana Santos,48833436691,F,1962-09-02,marianasantos961@yahoo.com.br,11980856132,Santo André,SP,08706438,False
PES-05706,João Peixoto Ferreira Guimarães,09535284800,M,1994-03-31,joao.guimaraes292@yahoo.com.br,48970567552,Florianópolis,SC,87973299,True
PES-05707,Fernanda Alves Santos,66068800415,F,1989-04-04,fernanda_san83@hotmail.com,21978982692,Niterói,RJ,24217979,True
PES-05708,Priscila Silva Rocha,01623797225,F,1984-11-01,priscilarocha414@outlook.com,11969711220,São Paulo,SP,03135913,False
PES-05709,Fernando Gomes,03100461223,M,2003-08-14,fernando_gom869@uol.com.br,21961151536,Rio de Janeiro,RJ,26519904,False
PES-05710,Lúcia Ferreira Marques,34577711206,F,1939-12-27,luciamarques524@uol.com.br,11994525426,Santo André,SP,08652500,True
PES-05711,João Pereira Rocha,12372655418,M,2000-08-15,joao_roc70@gmail.com,51979017683,Porto Alegre,RS,93008799,True
PES-05712,Ana Brandão,67824634906,F,1955-03-18,ana_bra549@gmail.com,31977401367,Belo Horizonte,MG,37984759,True
PES-05713,Júlia Souza Pereira,67607958576,F,1985-06-19,julia_per544@bol.com.br,16975424401,Ribeirão Preto,SP,13856159,True
PES-05714,Ana Dias Souza,93847442716,F,1962-11-22,anasouza872@outlook.com,41997558218,Curitiba,PR,87363538,True
PES-05715,André Moreira,66796354702,M,1961-04-18,andremoreira101@bol.com.br,31962976098,Belo Horizonte,MG,31335595,True
PES-05716,Lúcia Conceição Alves,77964833251,F,1992-11-15,luciaalves353@bol.com.br,11986856234,São Paulo,SP,07996823,True
PES-05717,Bruno Andrade Mendes,85487654611,M,1999-01-11,brunomendes725@uol.com.br,11973303191,Guarulhos,SP,08660479,False
PES-05718,Natália Alves Carvalho Silva,00961949015,F,1990-11-09,nataliasilva154@hotmail.com,19982671545,Campinas,SP,15693473,False
PES-05719,Vitória Guimarães Souza,37701240063,F,1979-12-20,vitoriasouza71@uol.com.br,41977341841,Curitiba,PR,87027362,False
PES-05720,Simone Peixoto,82273750145,F,1992-09-07,simone_pei701@yahoo.com.br,21994551663,Rio de Janeiro,RJ,23030873,True
PES-05721,Tânia Santos Rodrigues,62274993823,F,1964-05-16,taniarodrigues254@yahoo.com.br,11996553808,São Paulo,SP,03396912,True
PES-05722,Débora Santos Ferreira,21540838625,F,1985-05-13,debora.ferreira811@uol.com.br,21980186249,Rio de Janeiro,RJ,29559495,True
PES-05723,João Silva Andrade,48309119992,M,1976-09-12,joao_and499@hotmail.com,11962801714,São Paulo,SP,02961722,True
PES-05724,João Cardoso Souza Marques,39944613754,M,1984-04-20,joaomarques633@bol.com.br,21967089149,Rio de Janeiro,RJ,29864965,True
PES-05725,Larissa Alves Martins,85975410916,F,1970-07-03,larissamartins915@uol.com.br,21976164196,Rio de Janeiro,RJ,24374122,True
PES-05726,Henrique Oliveira Carvalho,93018530357,M,1949-08-13,henriquecarvalho859@hotmail.com,11976663187,São Paulo,SP,05714365,True
PES-05727,Mariana Assunção Conceição Oliveira,67307691060,F,1997-02-26,mariana_oli358@uol.com.br,21994851271,Rio de Janeiro,RJ,27436396,False
PES-05728,Aline Santos,38260438631,F,1990-05-17,aline.santos279@gmail.com,32971814910,Juiz de Fora,MG,35524905,False
PES-05729,Fernanda Ribeiro Brandão,46375618410,F,1986-08-13,fernandabrandao408@gmail.com,61964713474,Brasília,DF,77526927,False
PES-05730,Simone Andrade,89162716069,F,1988-01-10,simone_and265@gmail.com,61974617023,Brasília,DF,78251885,False
PES-05731,Fernanda Lima,38933581707,F,1985-05-25,fernandalima464@outlook.com,11989747975,São Paulo,SP,01871181,True
PES-05732,Débora Andrade Machado,81236746511,F,2000-08-17,debora_mac773@yahoo.com.br,11983477636,Guarulhos,SP,04054186,True
PES-05733,Rafael Freitas Andrade,47439584589,M,1996-08-12,rafael.andrade845@hotmail.com,21967013620,Rio de Janeiro,RJ,27169880,True
PES-05734,Isabela Santos,72313709850,F,1983-07-24,isabelasantos303@bol.com.br,11977067376,São Paulo,SP,06967443,False
PES-05735,Caio Melo Ferreira,62735572099,M,1971-06-01,caioferreira361@gmail.com,11993371759,Santo André,SP,04087101,True
PES-05736,Fábio Magalhães Martins,78793067658,M,1960-12-15,fabiomartins78@outlook.com,21980895633,Rio de Janeiro,RJ,29996028,True
PES-05737,Márcio Nascimento,92856153097,M,1978-03-25,marcionascimento546@outlook.com,11983681036,Santo André,SP,02751169,True
PES-05738,Gustavo Santos Oliveira,53799698523,M,1979-03-05,gustavo_oli990@uol.com.br,51987702227,Porto Alegre,RS,91092149,True
PES-05739,Larissa Magalhães Machado,94316126318,F,1995-12-02,larissamachado736@yahoo.com.br,11984831461,São Paulo,SP,03495556,False
PES-05740,Márcio Moreira Araújo Lima,15809081444,M,1973-04-03,marcio_lim571@yahoo.com.br,11966049579,São Paulo,SP,03229423,True
PES-05741,Lúcia Machado Ferreira Alves,75507420068,F,1980-03-12,lucia.alves735@yahoo.com.br,21991917035,Rio de Janeiro,RJ,22411691,False
PES-05742,Márcio Cardoso,92925211100,M,1997-04-09,marcio_car222@uol.com.br,11980004570,São Paulo,SP,07235527,True
PES-05743,Mateus Conceição Carvalho,93514255334,M,1953-01-08,mateus.carvalho150@gmail.com,11967811372,São Paulo,SP,01928651,True
PES-05744,Hélio Cardoso,06755686921,M,1988-12-27,helio_car583@hotmail.com,11980252902,São Paulo,SP,04514161,False
PES-05745,Paulo Conceição,08969525173,M,1979-04-10,paulo_con480@uol.com.br,32969811575,Juiz de Fora,MG,36590482,True
PES-05746,Mateus Carvalho Moreira Peixoto,03017144364,M,1984-10-10,mateuspeixoto288@yahoo.com.br,11966632543,São Paulo,SP,02226585,True
PES-05747,Henrique Conceição Mendes,90774759232,M,1997-01-03,henrique.mendes581@yahoo.com.br,19961143787,Campinas,SP,19488643,True
PES-05748,Marcelo Guimarães Rodrigues,25222634124,M,1980-02-20,marcelo.rodrigues51@hotmail.com,48987817273,Florianópolis,SC,84935152,False
PES-05749,Gabriela Ferreira Ribeiro,12552732089,F,1994-03-16,gabriela.ribeiro240@hotmail.com,51994609722,Porto Alegre,RS,91249255,True
PES-05750,Joana Rocha,94708274815,F,1998-03-15,joana.rocha244@yahoo.com.br,11986926483,São Paulo,SP,01687290,True
PES-05751,Joana Barbosa Assunção,66153522491,F,1992-10-15,joanaassuncao233@gmail.com,61984125960,Brasília,DF,74726717,True
PES-05752,Caio Peixoto Dias Assunção,84543540344,M,1994-06-22,caio_ass225@hotmail.com,16969443430,Ribeirão Preto,SP,16900998,False
PES-05753,Letícia Marques,88832455471,F,1992-11-02,leticia_mar260@bol.com.br,21969424434,Niterói,RJ,29050065,False
PES-05754,Henrique Lima Freitas,49121546010,M,1933-12-31,henriquefreitas308@uol.com.br,11999592596,São Paulo,SP,06459121,False
PES-05755,Ana Nascimento Assunção,00786402539,F,1973-11-08,ana.assuncao761@gmail.com,31999841419,Belo Horizonte,MG,35186948,True
PES-05756,Natália Guimarães Silva,97709191606,F,1996-02-11,natalia.silva816@bol.com.br,11968019934,São Paulo,SP,03904441,True
PES-05757,Luís Alves,57226881853,M,1963-09-11,luis_alv169@outlook.com,11982861962,São Paulo,SP,05286660,False
PES-05758,André Melo Guimarães,34550771453,M,1979-03-13,andre.guimaraes282@bol.com.br,31996103874,Belo Horizonte,MG,37029503,False
PES-05759,Sônia Brandão Pereira,00091184541,F,1999-03-02,sonia_per76@yahoo.com.br,11990599394,Santo André,SP,03914579,False
PES-05760,Mateus Guimarães Santos,82094755410,M,1968-08-31,mateus_san468@uol.com.br,11968469494,São Paulo,SP,03783780,True
PES-05761,Mariana Oliveira Marques,06362220129,F,1983-04-08,marianamarques621@hotmail.com,48971363371,Florianópolis,SC,82330624,False
PES-05762,Hélio Assunção Carvalho,10209159863,M,1984-12-12,helio.carvalho698@hotmail.com,11977518822,São Paulo,SP,06848056,False
PES-05763,José Freitas,26286473890,M,1981-10-14,jose.freitas273@gmail.com,11981821587,São Paulo,SP,01975261,True
PES-05764,Joana Moreira Mendes Mendes,92781787213,F,1963-04-23,joanamendes898@yahoo.com.br,61966494546,Brasília,DF,78990847,False
PES-05765,Henrique Gomes,36275896370,M,1993-02-28,henrique_gom10@uol.com.br,11990134197,São Paulo,SP,05404627,False
PES-05766,José Souza Oliveira,99975794610,M,2000-11-14,joseoliveira701@bol.com.br,11968762703,São Paulo,SP,02906239,False
PES-05767,Luís Martins,32874241571,M,1987-12-20,luis_mar491@uol.com.br,51988581596,Porto Alegre,RS,96967072,False
PES-05768,César Andrade,13511962781,M,1992-12-21,cesar.andrade340@gmail.com,19981213185,Campinas,SP,11923987,True
PES-05769,Antônio Marques Costa,80890667390,M,1986-06-05,antonio.costa693@gmail.com,61975874060,Brasília,DF,76481354,False
PES-05770,Rafael Moreira Lima,53127997779,M,1959-08-13,rafael.lima500@uol.com.br,61973175219,Brasília,DF,74056414,True
PES-05771,Otávio Oliveira,30103982981,M,1990-05-06,otavio.oliveira709@hotmail.com,32983523920,Juiz de Fora,MG,38873599,False
PES-05772,Caio Alves Brandão,79654258153,M,1995-01-18,caio.brandao581@yahoo.com.br,21967992314,Rio de Janeiro,RJ,25112924,False
PES-05773,Thiago Araújo Barbosa,30454326629,M,1985-08-08,thiago_bar741@hotmail.com,32987359903,Juiz de Fora,MG,38144119,False
PES-05774,Leonardo Guimarães,13238786296,M,1993-08-06,leonardoguimaraes665@bol.com.br,11992216128,Santo André,SP,01683505,True
PES-05775,Rodrigo Melo Guimarães,04177059641,M,1985-09-04,rodrigo.guimaraes308@uol.com.br,21992114946,Rio de Janeiro,RJ,25373192,True
PES-05776,Gabriela Machado,31620569698,F,1983-04-11,gabriela.machado95@uol.com.br,81964695881,Recife,PE,53593577,False
PES-05777,Hélio Machado,68215140203,M,1977-09-08,helio_mac665@hotmail.com,11970463991,São Paulo,SP,01120133,False
PES-05778,Helena Conceição Barbosa,12944903039,F,1992-11-23,helena.barbosa226@uol.com.br,19994642723,Campinas,SP,18905332,False
PES-05779,Joana Dias Barbosa,57962208619,F,1987-05-12,joanabarbosa482@bol.com.br,11960481769,Guarulhos,SP,09880858,False
PES-05780,Henrique Brandão,56192728186,M,1998-07-30,henrique_bra783@bol.com.br,41994279113,Curitiba,PR,82871388,True
PES-05781,Tânia Magalhães Conceição,97633913428,F,1964-07-19,tania_con513@bol.com.br,71977048960,Salvador,BA,44063417,True
PES-05782,Aline Cardoso Nunes,54815908753,F,1995-09-13,aline_nun842@outlook.com,11989624037,São Paulo,SP,06886613,False
PES-05783,Tânia Moreira Guimarães,22140254562,F,1992-06-06,tania.guimaraes951@bol.com.br,48983797383,Florianópolis,SC,81282247,True
PES-05784,José Dias Machado,44875709641,M,1990-12-05,josemachado740@yahoo.com.br,81996609047,Recife,PE,52379403,False
PES-05785,Fábio Marques Nascimento,51033876038,M,1995-01-21,fabio_nas19@bol.com.br,11983746404,São Paulo,SP,05601144,False
PES-05786,Vitória Souza Cardoso,14852508704,F,1990-11-01,vitoria.cardoso83@hotmail.com,11962183359,Santo André,SP,05487859,False
PES-05787,Patrícia Gomes Conceição Rodrigues,55513274507,F,1957-04-18,patriciarodrigues566@uol.com.br,11978812976,São Paulo,SP,09052154,True
PES-05788,Mariana Guimarães Mendes,29439194200,F,1959-10-18,mariana_men535@yahoo.com.br,21990905291,Rio de Janeiro,RJ,26396881,False
PES-05789,André Lima Nunes,45967873600,M,1998-03-06,andre.nunes485@outlook.com,11968248575,São Paulo,SP,09037490,False
PES-05790,Paulo Melo Pereira,23892501815,M,1963-09-08,paulo_per967@gmail.com,11972781482,São Paulo,SP,04846632,False
PES-05791,Patrícia Dias,79709734261,F,1996-08-12,patricia_dia446@outlook.com,11969637835,São Paulo,SP,08219785,True
PES-05792,Rodrigo Santos Andrade,71412023823,M,1991-04-12,rodrigo.andrade480@outlook.com,19960477718,Campinas,SP,13936522,True
PES-05793,Cecília Freitas,07287698838,F,1972-02-14,cecilia_fre345@bol.com.br,21986206242,Rio de Janeiro,RJ,29663629,False
PES-05794,André Machado,34939415600,M,1991-06-27,andre.machado279@bol.com.br,32992141454,Juiz de Fora,MG,37564273,False
PES-05795,Camila Carvalho Alves,97926721417,F,1993-08-27,camilaalves848@yahoo.com.br,11971615574,São Paulo,SP,06350944,True
PES-05796,Renata Rocha Pereira Araújo,05481563525,F,1993-01-12,renata.araujo514@uol.com.br,11977755820,Guarulhos,SP,03433767,True
PES-05797,Camila Carvalho Barbosa Guimarães,06737229026,F,1980-07-17,camilaguimaraes780@bol.com.br,11995608091,São Paulo,SP,06345328,False
PES-05798,Márcia Ribeiro,55756632808,F,1988-12-26,marciaribeiro476@outlook.com,11982015182,São Paulo,SP,08357134,False
PES-05799,Cláudia Alves,60373626886,F,1989-10-15,claudia_alv891@bol.com.br,71965732396,Salvador,BA,42520227,True
PES-05800,Fernando Gomes,18773390089,M,1980-10-29,fernando_gom665@gmail.com,41967018850,Curitiba,PR,83377332,False
PES-05801,Raquel Alves,67396952530,F,1985-01-19,raquel.alves864@yahoo.com.br,71990995530,Salvador,BA,48308223,False
PES-05802,Mariana Cardoso,40551358076,F,1996-10-31,marianacardoso384@gmail.com,16979321844,Ribeirão Preto,SP,14812973,True
PES-05803,Aline Gomes Alves,48325558474,F,1988-01-09,simone.ribeiro9@outlook.com,11967458451,Guarulhos,SP,02086217,False
PES-05804,Lucas Rocha Brandão,59616254430,M,1948-12-30,lucasbrandao75@yahoo.com.br,51977131711,Porto Alegre,RS,95996826,False
PES-05805,Márcia Andrade Carvalho Pereira,91878945130,F,1997-03-07,marciapereira360@outlook.com,41991098593,Curitiba,PR,84964738,True
PES-05806,Camila Costa,09740178928,F,1989-04-21,camila.costa580@bol.com.br,11997029674,São Paulo,SP,01962516,False
PES-05807,Priscila Ribeiro,27342599310,F,1995-08-28,priscila.ribeiro633@gmail.com,31974788491,Belo Horizonte,MG,35857974,False
PES-05808,Daniel Conceição Carvalho,46228028219,M,1960-03-31,daniel_car391@yahoo.com.br,51964574484,Porto Alegre,RS,92003806,False
PES-05809,Vinícius Gomes Oliveira Souza,41761002902,M,1996-09-22,vinicius_sou275@outlook.com,11994389153,São Paulo,SP,04405539,True
PES-05810,José Conceição,62948501938,M,1990-09-09,jose.conceicao929@hotmail.com,11985632877,São Paulo,SP,03384252,True
PES-05811,Priscila Nascimento Guimarães Assunção,78596221301,F,1970-04-01,priscila.assuncao84@uol.com.br,71963955231,Salvador,BA,48132862,False
PES-05812,Larissa Freitas Souza,26088736771,F,1985-03-12,larissasouza148@uol.com.br,31996374063,Belo Horizonte,MG,32146700,False
PES-05813,Mariana Gomes,88312217797,F,1994-11-27,marianagomes454@hotmail.com,21994887664,Rio de Janeiro,RJ,23483650,True
PES-05814,João Silva Nascimento Mendes,57719360494,M,1944-05-11,joao.mendes676@hotmail.com,11986991436,São Paulo,SP,09204442,False
PES-05815,Rafael Freitas,12749953294,M,1964-05-04,rafaelfreitas324@outlook.com,11967526865,São Paulo,SP,07672124,False
PES-05816,Caio Assunção Dias,90048336688,M,1992-11-22,caio.dias161@hotmail.com,11972113303,São Paulo,SP,02904680,True
PES-05817,Otávio Martins Brandão,33030120406,M,1944-07-11,otavio.brandao269@gmail.com,81962225833,Recife,PE,51156157,True
PES-05818,Rafael Mendes Carvalho,88265347480,M,1985-09-01,rafael.carvalho810@yahoo.com.br,11962009653,São Paulo,SP,07082330,False
PES-05819,Fernanda Araújo Ribeiro,11496065760,F,1995-10-14,fernandaribeiro968@uol.com.br,51972483779,Porto Alegre,RS,98933498,False
PES-05820,Renata Barbosa Melo,92714319106,F,1997-04-06,renatamelo803@outlook.com,71986633631,Salvador,BA,46442010,False
PES-05821,Helena Nascimento Alves,12668948533,F,1974-11-08,helenaalves316@hotmail.com,11981614542,São Paulo,SP,08317398,True
PES-05822,Sérgio Assunção Barbosa,57922553501,M,1972-12-11,sergiobarbosa205@yahoo.com.br,21973586041,Rio de Janeiro,RJ,25433314,True
PES-05823,André Andrade Martins,79546264237,M,1974-10-04,andre.martins572@bol.com.br,81978438094,Recife,PE,57953327,True
PES-05824,Otávio Andrade Santos,41996761048,M,1987-08-25,otavio.santos962@hotmail.com,16976812185,Ribeirão Preto,SP,15456785,False
PES-05825,Cecília Rocha Andrade,66468898137,F,1953-04-01,ceciliaandrade979@bol.com.br,11981281399,São Paulo,SP,02683028,True
PES-05826,Joana Santos Machado,63727881607,F,1966-05-31,joana_mac701@bol.com.br,16967822311,Ribeirão Preto,SP,14408432,False
PES-05827,Joana Barbosa,16834059350,F,1987-06-22,joanabarbosa939@bol.com.br,11963274116,São Paulo,SP,07382585,False
PES-05828,Sérgio Pereira Moreira Guimarães,94398454659,M,1997-03-22,sergio_gui566@hotmail.com,11997584297,São Paulo,SP,02369098,True
PES-05829,Simone Melo,04190094773,F,1990-12-10,simone_mel693@uol.com.br,31998331161,Belo Horizonte,MG,37740404,False
PES-05830,Bruno Cardoso Mendes Santos,86249446354,M,1998-03-16,brunosantos976@hotmail.com,61978526979,Brasília,DF,71902275,False
PES-05831,Aline Ferreira,58075742737,F,1974-01-19,aline.ferreira583@yahoo.com.br,11979363057,São Paulo,SP,05914270,True
PES-05832,João Cardoso,27070487800,M,1999-12-11,joao.cardoso925@hotmail.com,31988916623,Belo Horizonte,MG,35736834,True
PES-05833,André Marques,15345997705,M,1970-04-29,andre_mar167@outlook.com,21961443968,Rio de Janeiro,RJ,22546423,True
PES-05834,Paulo Pereira Magalhães,13406545475,M,1974-04-11,paulo_mag605@hotmail.com,11973129317,São Paulo,SP,04894143,False
PES-05835,Helena Alves Souza Dias,11440991880,F,1995-04-14,helena_dia461@uol.com.br,19969475404,Campinas,SP,12328506,False
PES-05836,Isabela Ribeiro Gomes,78103580732,F,1964-12-01,isabela_gom651@gmail.com,11998001045,São Paulo,SP,04699709,False
PES-05837,Letícia Rodrigues,42134770961,F,1971-12-06,leticia.rodrigues630@gmail.com,16976011580,Ribeirão Preto,SP,13512383,True
PES-05838,Débora Oliveira Carvalho,83701701610,F,1992-08-28,debora.carvalho576@yahoo.com.br,21969183269,Niterói,RJ,29138905,True
PES-05839,Bruno Oliveira Rocha,03671310057,M,1964-11-13,brunorocha64@outlook.com,19977287742,Campinas,SP,15108106,False
PES-05840,Marcelo Assunção Barbosa,27109030911,M,1968-10-03,marcelo_bar241@bol.com.br,11965656380,São Paulo,SP,04537456,True
PES-05841,Renata Alves Ribeiro,00347579531,F,2000-11-21,renata.ribeiro738@uol.com.br,11974176714,São Paulo,SP,09142030,True
PES-05842,César Ferreira Freitas,45455734105,M,1962-06-07,cesar.freitas356@hotmail.com,19962229659,Campinas,SP,19594553,False
PES-05843,Débora Rodrigues Assunção,63342986905,F,1982-02-26,debora.assuncao180@outlook.com,21994584513,Rio de Janeiro,RJ,23139660,False
PES-05844,Sérgio Lima Mendes,34789535371,M,1998-12-25,sergio_men55@yahoo.com.br,51965672747,Porto Alegre,RS,91159388,True
PES-05845,Aline Rodrigues Brandão,52917556366,F,1978-09-07,aline_bra817@outlook.com,31996461564,Belo Horizonte,MG,37991924,False
PES-05846,Patrícia Barbosa Lima,73437905287,F,2000-05-07,patricia.lima434@bol.com.br,11987516352,São Paulo,SP,05286182,True
PES-05847,Daniel Mendes Alves,13136997999,M,1964-10-13,daniel.alves103@yahoo.com.br,11970483927,Santo André,SP,06075865,True
PES-05848,Júlia Magalhães Marques,04461608654,F,2003-02-17,julia.marques360@bol.com.br,31967869201,Belo Horizonte,MG,33581259,False
PES-05849,Ana Magalhães Barbosa Andrade,74536468803,F,1999-05-28,ana.andrade831@uol.com.br,19993014530,Campinas,SP,18406068,True
PES-05850,Wagner Cardoso,22517502587,M,1984-02-10,wagnercardoso108@outlook.com,51990966051,Porto Alegre,RS,94084167,True
PES-05851,Fernanda Araújo Nunes,51107125227,F,1991-01-23,fernanda.nunes687@hotmail.com,11989073527,São Paulo,SP,06886930,False
PES-05852,Otávio Peixoto Ferreira,51359093389,M,1982-12-13,otavioferreira862@uol.com.br,41972758571,Curitiba,PR,86254745,False
PES-05853,Priscila Brandão,04465718810,F,1974-06-19,priscilabrandao571@hotmail.com,61996616307,Brasília,DF,74611939,False
PES-05854,José Oliveira Andrade,44783507449,M,1980-03-22,jose_and324@gmail.com,62999128332,Goiânia,GO,79124916,False
PES-05855,Patrícia Martins,62481407660,F,1936-11-23,patriciamartins774@uol.com.br,31990085400,Belo Horizonte,MG,34109279,False
PES-05856,Márcio Nascimento Magalhães,88210544110,M,1993-03-25,marcio.magalhaes766@hotmail.com,61982369877,Brasília,DF,72793374,True
PES-05857,Patrícia Dias Nunes,34048037102,F,1972-10-13,patricia.nunes883@outlook.com,11961451388,São Paulo,SP,02009911,True
PES-05858,Henrique Guimarães Pereira,60012471372,M,1996-03-01,henrique.pereira152@bol.com.br,11962852484,São Paulo,SP,07374078,True
PES-05859,José Machado Brandão,85672302173,M,1991-12-29,jose.brandao159@outlook.com,11979658032,São Paulo,SP,03354867,True
PES-05860,Débora Alves Alves,06033930550,F,1981-10-31,debora.alves118@outlook.com,51963416644,Porto Alegre,RS,91655216,True
PES-05861,José Peixoto Nunes,71085182444,M,1983-08-31,josenunes148@outlook.com,41970818173,Curitiba,PR,87020249,False
PES-05862,Rafael Mendes Dias,50352824735,M,1979-03-03,rafael.dias932@gmail.com,11961972251,São Paulo,SP,09509835,True
PES-05863,José Rocha Brandão,79736630293,M,1975-07-19,josebrandao195@yahoo.com.br,51999757077,Porto Alegre,RS,91536576,False
PES-05864,Fábio Gomes Andrade,08812432131,M,1990-08-30,fabio_and980@bol.com.br,19991729776,Campinas,SP,16556975,True
PES-05865,Aline Araújo,97781893158,F,1955-08-07,aline.araujo471@bol.com.br,11986153527,Santo André,SP,04926301,False
PES-05866,Vitória Dias,29388618777,F,1991-07-25,vitoria_dia974@bol.com.br,11968023079,São Paulo,SP,04092281,False
PES-05867,Gabriela Rocha Dias,18545214545,F,1973-09-12,gabriela.dias433@outlook.com,31989816646,Belo Horizonte,MG,31280549,False
PES-05868,Thiago Nascimento,83355855804,M,1987-02-06,thiagonascimento846@uol.com.br,11989131694,São Paulo,SP,05764303,True
PES-05869,Gabriela Freitas Costa,67334916646,F,1994-08-02,gabriela_cos641@outlook.com,48996073709,Florianópolis,SC,87802166,True
PES-05870,Henrique Oliveira Silva,00006607446,M,1979-01-15,henrique_sil615@hotmail.com,51998543252,Porto Alegre,RS,96399270,True
PES-05871,Aline Moreira,62081097443,F,1939-09-24,aline_mor163@uol.com.br,11974693279,São Paulo,SP,06839837,False
PES-05872,Márcio Barbosa,97448753487,M,1976-06-30,marcio_bar564@yahoo.com.br,11965567823,São Paulo,SP,07566129,True
PES-05873,Gabriela Mendes Silva,37004981282,F,1983-03-25,gabriela_sil163@outlook.com,19964561387,Campinas,SP,11451629,True
PES-05874,Daniel Guimarães Barbosa Nunes,94545030220,M,1992-07-16,daniel.nunes422@yahoo.com.br,21976738666,Niterói,RJ,25032598,True
PES-05875,Luís Andrade Andrade,21865521329,M,1952-12-09,luis_and646@outlook.com,31995334233,Belo Horizonte,MG,33678324,False
PES-05876,Simone Gomes,33556861070,F,1999-10-23,simonegomes756@bol.com.br,21998521721,Niterói,RJ,22699173,True
PES-05877,Hélio Brandão Ferreira,92911444957,M,1961-05-26,helio_fer611@gmail.com,11980432516,Guarulhos,SP,06004328,True
PES-05878,Simone Marques,57382559920,F,1989-07-05,simonemarques212@outlook.com,11968942422,São Paulo,SP,01863667,True
PES-05879,Márcio Rocha Andrade,10810481073,M,1993-01-31,marcio_and565@gmail.com,21975989971,Rio de Janeiro,RJ,26249355,True
PES-05880,Gabriela Dias Carvalho Melo,48017357389,F,1995-07-27,gabriela_mel597@gmail.com,31962715002,Belo Horizonte,MG,35139440,True
PES-05881,Fábio Carvalho Nunes,55555992777,M,1988-07-03,fabio.nunes888@bol.com.br,31975027394,Belo Horizonte,MG,38538813,True
PES-05882,Paulo Lima Alves,46664012375,M,1983-04-23,pauloalves785@yahoo.com.br,11971754041,São Paulo,SP,01618131,True
PES-05883,Simone Brandão Machado,01167127080,F,1967-12-25,simone_mac695@bol.com.br,11991903124,São Paulo,SP,04997330,False
PES-05884,Fernando Melo,48488639295,M,1993-09-23,fernandomelo92@outlook.com,11971119251,São Paulo,SP,07860800,False
PES-05885,Wagner Peixoto,44373868336,M,1985-02-11,wagner_pei4@hotmail.com,19986933959,Campinas,SP,17979372,False
PES-05886,Camila Martins Gomes,75568278873,F,1974-12-11,camila_gom402@uol.com.br,11997808732,São Paulo,SP,09108378,True
PES-05887,Antônio Costa,11696821037,M,1993-04-19,antonio_cos745@uol.com.br,21983452986,Niterói,RJ,27886338,False
PES-05888,Cecília Santos Magalhães,78834177622,F,1955-01-03,ceciliamagalhaes761@yahoo.com.br,11966354814,São Paulo,SP,03990516,True
PES-05889,Lúcia Carvalho,52159316660,F,2000-11-21,lucia.carvalho675@hotmail.com,21972723904,Niterói,RJ,26072885,False
PES-05890,Isabela Ferreira Souza Freitas,49644846966,F,1972-08-01,isabelafreitas499@uol.com.br,11961264440,São Paulo,SP,05420204,False
PES-05891,Wagner Gomes,36600286148,M,1992-12-08,wagnergomes134@uol.com.br,51995094181,Porto Alegre,RS,92952600,True
PES-05892,André Alves,08904414130,M,1995-10-12,andre.alves43@yahoo.com.br,61998964535,Brasília,DF,75880857,True
PES-05893,Ana Nascimento,43247050035,F,1989-07-30,ananascimento398@uol.com.br,71975623665,Salvador,BA,42816860,True
PES-05894,Hélio Costa,49119275501,M,1968-11-18,helio.costa681@uol.com.br,81963483467,Recife,PE,56788776,True
PES-05895,Rafael Peixoto Pereira,89186560921,M,1960-04-03,rafaelpereira542@hotmail.com,48961823930,Florianópolis,SC,83905002,False
PES-05896,Gustavo Lima Machado,10584408960,M,1956-10-10,gustavo_mac993@gmail.com,11982648843,São Paulo,SP,05181060,False
PES-05897,Beatriz Guimarães Oliveira,68355728173,F,1999-05-05,beatriz_oli27@gmail.com,11972288005,Guarulhos,SP,01318744,False
PES-05898,Patrícia Mendes Nascimento,21826376305,F,2001-06-20,patricia_nas233@bol.com.br,21990752169,Rio de Janeiro,RJ,25853426,False
PES-05899,Tânia Nunes,42629971465,F,1954-07-12,tania_nun930@outlook.com,11989751161,São Paulo,SP,09367658,False
PES-05900,Beatriz Rocha Ribeiro Machado,78894045811,F,1987-12-30,beatrizmachado187@outlook.com,11995392178,São Paulo,SP,08012763,False
PES-05901,Márcio Marques Conceição,03789628255,M,1995-01-22,marcio.conceicao819@bol.com.br,11964307263,Guarulhos,SP,07369217,True
PES-05902,Marcelo Costa Ribeiro,13331209155,M,1968-10-02,marcelo.ribeiro221@uol.com.br,11984893601,Guarulhos,SP,08726434,False
PES-05903,Otávio Cardoso,91079214208,M,1970-07-27,otaviocardoso425@yahoo.com.br,11961939096,São Paulo,SP,02518116,True
PES-05904,Vinícius Ferreira Ferreira,61501523910,M,1983-01-29,vinicius_fer737@gmail.com,11996247775,São Paulo,SP,04073875,True
PES-05905,Eduardo Machado,08863380007,M,1998-05-17,eduardo_mac129@outlook.com,19966358427,Campinas,SP,17535140,False
PES-05906,Simone Machado Freitas,93106459468,F,1987-08-30,simone.freitas515@uol.com.br,41962247511,Curitiba,PR,85193534,False
PES-05907,Gabriela Oliveira Pereira Carvalho,69821382240,F,1994-11-06,gabriela.carvalho166@hotmail.com,81976578545,Recife,PE,55416355,True
PES-05908,Henrique Nunes,26633895879,M,1981-11-20,henrique.nunes328@bol.com.br,11983136929,São Paulo,SP,06146728,True
PES-05909,Priscila Martins,01907402217,F,1986-05-25,priscilamartins694@yahoo.com.br,11965198364,São Paulo,SP,07240094,False
PES-05910,Joana Guimarães Moreira,50217348068,F,2000-09-22,joana_mor238@gmail.com,11994268577,Santo André,SP,08568119,False
PES-05911,Gabriela Moreira Gomes,58869135560,F,1970-06-01,gabriela_gom913@bol.com.br,21967892538,Rio de Janeiro,RJ,24316825,True
PES-05912,Sônia Lima,07304928778,F,1999-10-07,sonia_lim397@bol.com.br,48984891273,Florianópolis,SC,82012739,True
PES-05913,Leonardo Nascimento,90478307250,M,1991-07-20,leonardonascimento963@uol.com.br,11997539786,São Paulo,SP,06574081,False
PES-05914,Eduardo Andrade Freitas,91274151120,M,1997-10-08,eduardo_fre347@hotmail.com,62988939792,Goiânia,GO,73195496,True
PES-05915,Júlia Ferreira Barbosa,52720604402,F,1993-02-09,juliabarbosa787@outlook.com,71979162325,Salvador,BA,45047513,False
PES-05916,Hélio Santos Rodrigues Guimarães,82176771826,M,1970-10-12,helio_gui964@gmail.com,41974405804,Curitiba,PR,81095381,True
PES-05917,Lúcia Rocha Rodrigues,32409100392,F,1997-08-05,lucia.rodrigues330@bol.com.br,21983399390,Rio de Janeiro,RJ,22307412,False
PES-05918,César Andrade,24693712280,M,1990-07-22,cesar.andrade599@hotmail.com,11973591824,São Paulo,SP,04231277,True
PES-05919,Lúcia Moreira Barbosa,70230125913,F,1962-05-31,lucia.barbosa540@gmail.com,21973831110,Rio de Janeiro,RJ,25743293,True
PES-05920,Helena Carvalho Andrade,37539428635,F,1960-12-08,helena.andrade892@uol.com.br,11964839847,São Paulo,SP,07412053,False
PES-05921,Gabriela Magalhães,77309644492,F,1979-10-12,gabriela_mag460@bol.com.br,32989753296,Juiz de Fora,MG,35762507,False
PES-05922,Márcia Gomes Guimarães,89344707200,F,1977-01-16,marcia_gui274@yahoo.com.br,31979501165,Belo Horizonte,MG,33621966,True
PES-05923,Tânia Souza Dias,96456920400,F,1990-03-19,tania_dia104@yahoo.com.br,11987307262,Guarulhos,SP,09835015,True
PES-05924,Helena Conceição,51185512004,F,1998-08-24,helenaconceicao379@gmail.com,11976055404,São Paulo,SP,09881632,True
PES-05925,Letícia Santos Magalhães Melo,73968716701,F,1984-01-13,leticia_mel299@bol.com.br,11966141215,São Paulo,SP,03473414,True
PES-05926,Sérgio Cardoso Melo Carvalho,77748770530,M,1959-10-19,sergiocarvalho552@hotmail.com,11986363727,São Paulo,SP,05626317,True
PES-05927,Otávio Araújo,94060203009,M,1998-11-27,otavio.araujo371@hotmail.com,11988233318,São Paulo,SP,01766619,True
PES-05928,Isabela Martins,97956958512,F,1995-05-05,isabelamartins751@yahoo.com.br,31983861020,Belo Horizonte,MG,34891816,True
PES-05929,Leonardo Carvalho Ribeiro,60607746602,M,2002-12-18,leonardoribeiro979@outlook.com,48966235902,Florianópolis,SC,87999748,False
PES-05930,Rodrigo Rocha Assunção,39815141570,M,1987-11-03,rodrigo.assuncao566@gmail.com,41991021268,Curitiba,PR,86822118,False
PES-05931,Luíza Freitas Cardoso,61496092198,F,1963-07-16,luizacardoso916@outlook.com,19993674375,Campinas,SP,12889134,True
PES-05932,João Dias Rodrigues,52441295039,M,1981-07-21,joao.rodrigues284@outlook.com,11979836681,Guarulhos,SP,04696147,True
PES-05933,Joana Guimarães,68957188932,F,1996-06-20,joana.guimaraes902@uol.com.br,19962684700,Campinas,SP,12130201,True
PES-05934,Márcio Assunção,90567017206,M,1984-09-18,marcio.assuncao455@gmail.com,11989722063,São Paulo,SP,07187905,True
PES-05935,Marcelo Nunes,41946472387,M,1962-03-11,marcelo_nun716@yahoo.com.br,11974888093,São Paulo,SP,09685825,True
PES-05936,Júlia Carvalho Brandão,35578209394,F,1986-02-17,julia_bra865@yahoo.com.br,11985277037,Guarulhos,SP,04292436,True
PES-05937,Vitória Mendes Santos,76785632560,F,1971-04-18,vitoriasantos904@bol.com.br,11974602582,São Paulo,SP,03801231,False
PES-05938,Márcia Mendes,91069709409,F,1988-02-18,marcia_men396@outlook.com,11970134958,Guarulhos,SP,03225441,True
PES-05939,Priscila Alves Brandão,75144768814,F,1992-09-22,priscilabrandao911@bol.com.br,11980093305,São Paulo,SP,07776538,False
PES-05940,Luíza Alves,71392475449,F,1975-11-22,luizaalves513@outlook.com,11979603704,São Paulo,SP,08723505,True
PES-05941,César Santos Gomes,07673526611,M,1979-03-15,cesargomes23@uol.com.br,41969773086,Curitiba,PR,86918783,False
PES-05942,Cecília Silva Cardoso,30649086180,F,1981-11-18,cecilia_car36@hotmail.com,41990247299,Curitiba,PR,84677485,False
PES-05943,Letícia Marques,15206416720,F,1977-10-16,leticiamarques641@uol.com.br,11990635800,São Paulo,SP,09442083,False
PES-05944,Ana Dias Araújo,29573844001,F,1955-02-18,ana_ara408@yahoo.com.br,31989946422,Belo Horizonte,MG,38380548,False
PES-05945,Beatriz Pereira Nunes,52403686867,F,2000-06-08,beatriz.nunes543@gmail.com,11968687541,São Paulo,SP,08977563,False
PES-05946,João Moreira Moreira,21940427762,M,1977-11-08,joao_mor843@gmail.com,21973598229,Rio de Janeiro,RJ,22431268,True
PES-05947,Letícia Souza Conceição,10026143500,F,1970-05-22,leticia_con908@yahoo.com.br,19971157177,Campinas,SP,14297921,True
PES-05948,Lucas Oliveira Santos,27252255239,M,1977-11-12,lucas.santos453@outlook.com,21982872470,Niterói,RJ,27583401,True
PES-05949,Henrique Alves Souza,95144167594,M,1997-09-30,henrique.souza732@gmail.com,21996287988,Rio de Janeiro,RJ,25115360,True
PES-05950,Caio Peixoto Ferreira Ribeiro,73292456908,M,1970-09-19,caioribeiro471@bol.com.br,62992442454,Goiânia,GO,79727828,False
PES-05951,Joana Souza Alves,97737460977,F,1979-12-20,joanaalves609@gmail.com,11981811862,São Paulo,SP,07475625,False
PES-05952,Marcelo Pereira Alves Araújo,84106623102,M,2006-05-10,marceloaraujo586@yahoo.com.br,51978333002,Porto Alegre,RS,96219072,False
PES-05953,Renata Machado Rodrigues,78190473301,F,1987-11-08,renatarodrigues540@gmail.com,41993208835,Curitiba,PR,81539998,False
PES-05954,Renata Martins,74548336591,F,1948-05-10,renata.martins126@bol.com.br,51960279852,Porto Alegre,RS,98090023,True
PES-05955,Márcia Rodrigues Cardoso,77626519345,F,1987-09-26,marcia_car488@bol.com.br,19967856536,Campinas,SP,17289755,False
PES-05956,Luíza Freitas Rocha,59059680634,F,1988-04-09,luizarocha658@uol.com.br,62994141088,Goiânia,GO,78589473,False
PES-05957,Wagner Silva Melo,17243971504,M,2004-03-26,wagnermelo332@uol.com.br,41997967178,Curitiba,PR,83398000,True
PES-05958,Mariana Melo Melo,76566115765,F,1995-03-17,mariana.melo236@yahoo.com.br,32985189894,Juiz de Fora,MG,35909030,True
PES-05959,Sônia Costa Pereira,55067691484,F,1941-04-20,soniapereira702@outlook.com,11976477544,São Paulo,SP,04791713,True
PES-05960,Camila Brandão Marques,24197830262,F,1967-12-10,camilamarques188@uol.com.br,61999157683,Brasília,DF,77555070,False
PES-05961,Camila Ferreira,71836971931,F,1993-07-05,camila.ferreira500@uol.com.br,11972865142,São Paulo,SP,01832647,True
PES-05962,Raquel Pereira,76700226040,F,1981-09-21,raquelpereira514@uol.com.br,48996837926,Florianópolis,SC,84169412,True
PES-05963,Débora Guimarães Ribeiro,66651872176,F,1947-08-21,debora_rib680@yahoo.com.br,71997971971,Salvador,BA,42354242,False
PES-05964,Raquel Silva,90123596866,F,1975-08-04,raquel.silva435@yahoo.com.br,31972792246,Belo Horizonte,MG,37816163,True
PES-05965,Márcio Santos,99303474619,M,1970-06-05,marciosantos485@uol.com.br,11965116423,São Paulo,SP,01106983,True
PES-05966,Rodrigo Oliveira Pereira,86043257351,M,1987-03-26,rodrigo.pereira635@hotmail.com,11996744767,São Paulo,SP,02556847,False
PES-05967,Rodrigo Ferreira Gomes,76521977911,M,1945-12-13,rodrigo.gomes231@gmail.com,31989898194,Belo Horizonte,MG,36611461,True
PES-05968,Sérgio Rocha Marques,98190307304,M,1968-11-12,sergiomarques910@bol.com.br,11962808699,Santo André,SP,03326208,False
PES-05969,Eduardo Pereira,24688986483,M,1963-10-16,eduardo_per983@gmail.com,51987935612,Porto Alegre,RS,96212955,True
PES-05970,Letícia Ferreira Ribeiro,85625550530,F,1989-07-16,leticiaribeiro428@yahoo.com.br,11992289711,São Paulo,SP,06787203,True
PES-05971,Bruno Araújo Alves,15625037159,M,1987-07-20,brunoalves945@outlook.com,11993472016,São Paulo,SP,06103524,False
PES-05972,Vitória Silva,28107082583,F,1933-12-31,vitoria_sil581@yahoo.com.br,71969382158,Salvador,BA,45675517,False
PES-05973,Wagner Barbosa Peixoto Cardoso,68663626878,M,2000-11-11,wagner.cardoso113@outlook.com,71990858807,Salvador,BA,48608778,True
PES-05974,Gabriela Rocha Silva Souza,62951631065,F,1972-06-17,gabriela_sou236@outlook.com,48974651031,Florianópolis,SC,81438095,True
PES-05975,Natália Guimarães,26319865989,F,1989-10-25,natalia.guimaraes649@bol.com.br,62974318716,Goiânia,GO,73743401,False
PES-05976,Ana Mendes,46184703218,F,1944-01-21,ana_men108@outlook.com,31962869456,Belo Horizonte,MG,35181569,True
PES-05977,Letícia Nunes Martins,94810422518,F,1967-08-09,leticia.martins586@uol.com.br,11987228433,São Paulo,SP,04720137,True
PES-05978,Renata Mendes Brandão,07461890875,F,1984-05-28,renata_bra615@uol.com.br,48968516694,Florianópolis,SC,89585393,False
PES-05979,Sérgio Pereira,67849271920,M,1950-03-11,sergiopereira607@uol.com.br,11984278473,São Paulo,SP,08622858,True
PES-05980,André Conceição Andrade,01988007380,M,1997-04-06,andre_and209@hotmail.com,21962031095,Rio de Janeiro,RJ,25405395,True
PES-05981,Joana Nunes Andrade,74957988153,F,1989-02-02,joana.andrade476@yahoo.com.br,71968832597,Salvador,BA,48185203,False
PES-05982,Márcia Conceição Pereira,90740434969,F,1985-02-03,marcia.pereira735@uol.com.br,61995401789,Brasília,DF,76088038,False
PES-05983,Beatriz Mendes Magalhães Peixoto,36448037578,F,1975-12-04,beatriz.peixoto773@outlook.com,11987807553,São Paulo,SP,04679406,True
PES-05984,Rodrigo Santos,64295384518,M,2005-09-30,rodrigo.santos867@outlook.com,41988404582,Curitiba,PR,87531555,False
PES-05985,Natália Mendes Rocha Mendes,97198053157,F,1964-10-08,natalia_men436@outlook.com,62990725214,Goiânia,GO,78630019,True
PES-05986,Mariana Moreira,86918437640,F,1994-06-11,mariana_mor852@bol.com.br,21977304895,Rio de Janeiro,RJ,21880434,True
PES-05987,Luís Carvalho,27777562797,M,1988-09-26,luiscarvalho431@hotmail.com,21961456759,Rio de Janeiro,RJ,24106140,False
PES-05988,Cláudia Melo,64215568927,F,1993-03-17,claudiamelo297@outlook.com,41974496852,Curitiba,PR,87677544,True
PES-05989,Vinícius Marques,02683876807,M,1995-11-28,viniciusmarques393@uol.com.br,21972318088,Rio de Janeiro,RJ,23006408,True
PES-05990,Patrícia Lima Martins,18971222255,F,1983-03-25,patricia_mar459@yahoo.com.br,21976514214,Niterói,RJ,27510420,False
PES-05991,Caio Guimarães,88545932812,M,1935-02-19,caio.guimaraes935@uol.com.br,16985953501,Ribeirão Preto,SP,18741770,False
PES-05992,Joana Dias,66491904890,F,1986-09-08,joanadias431@uol.com.br,41989527683,Curitiba,PR,86271415,True
PES-05993,Gabriela Carvalho Carvalho,97096890610,F,1987-04-03,gabriela_car22@bol.com.br,21991241181,Rio de Janeiro,RJ,22924072,True
PES-05994,Gustavo Cardoso Marques,30720776490,M,1966-02-04,gustavo_mar734@bol.com.br,31976917557,Belo Horizonte,MG,38162642,False
PES-05995,Rodrigo Guimarães Freitas Souza,64087330699,M,1950-10-14,rodrigo.souza130@gmail.com,21975707141,Rio de Janeiro,RJ,21711084,False
PES-05996,Simone Nascimento Cardoso Oliveira,12505165106,F,1982-03-05,simone_oli445@hotmail.com,41995815045,Curitiba,PR,82340972,True
PES-05997,Sérgio Alves,81989477607,M,1972-06-09,sergio_alv940@outlook.com,31961823813,Belo Horizonte,MG,36260955,True
PES-05998,Renata Machado Magalhães,49315975219,F,1987-05-07,renatamagalhaes927@outlook.com,41987799159,Curitiba,PR,83798119,False
PES-05999,Natália Andrade Brandão,00632513020,F,1977-05-09,natalia_bra239@hotmail.com,11996292967,Santo André,SP,06039517,True
PES-06000,Sérgio Moreira Rocha,51752027663,M,1992-12-25,sergiorocha148@hotmail.com,21964049572,Rio de Janeiro,RJ,24248061,False
