COD_CLIENTE;NOME_CLIENTE;CPF;DT_NASC;SEXO;EMAIL;FONE;ENDERECO;BAIRRO;CIDADE;UF;CEP;ACEITA_MKT;DT_ATUALIZACAO
100001;SERGIO CARDOSO MAGALHAES ASSUNCAO;18337416254;29/11/1978;M;sergio_ass932@uol.com.br;(11) 98583-3779;Rua das Palmeiras, 2620;SANTO ANTÔNIO;São Paulo - SP;São Paulo;06596-219;N;21/02/2020
100002;CLÁUDIA  RODRIGUES MOREIRA ;732.918.416-03;29/06/1968;F;claudia.moreira643@yahoo.com.br;21 989046437;R Paulista, nº 2528;CENTRO;Rio de Janeiro;Rio de Janeiro;27575-362;S;02/01/2019
100003;RAQUEL  SANTOS ;03159068390;06/04/1971;F;raquel_san916@uol.com.br;19 980028759;Rua Dom Pedro II, N. 551;VILA MARIANA;Campinas - SP;São Paulo;15671430;S;30/06/2022
100004;OTAVIO ANDRADE;101.226.462-90;21/03/1979;M;otavioandrade643@yahoo.com.br;96463-9071;Pç. Rio Branco, N. 333;PARQUE INDUSTRIAL;Belo Horizonte;MG;36148375;S;05/02/2025
100005;DR. RENATA MARTINS;64838196334;03/03/1990;F;renatamartins883@outlook.com;62107231;Avenida Santos Dumont, nº 816;SANTA CECÍLIA;Salvador;BA;41718766;N;02/08/2024
100006;EDUARDO ARAÚJO;7,08218E+10;18/02/1982;M;eduardo.araujo283@yahoo.com.br;(16) 97038-5438;Rua das Palmeiras, nº 2483;CENTRO;Ribeirão Preto;SP;15774-979;S;20/02/2024
100007;MARIANA ARAÚJO PEREIRA;05683477301;13/03/1986;F;mariana.pereira986@uol.com.br;51 990779636;Rua das Flores, nº 1136;CENTRO;PORTO ALEGRE;rs;96753284;N;01/01/2025
100008;LUCIA  LIMA ;703.126.140-63;19/08/1994;F;lucia.lima941@bol.com.br;21973449162;RUA PRESIDENTE VARGAS, N. 2924;VILA MARIANA;Niterói;RJ;23239960;S;21/08/2020
100009;FERNANDA COSTA CONCEICAO;78803091874;12/01/2007;F;fernandaconceicao923@uol.com.br;19 994351159;R. XV DE NOVEMBRO, N. 2554 - APTO 31;SÃO JOSÉ;Campinas;;18863795;S;03/07/2024
100010;JOAO DIAS RODRIGUES;524.412.950-39;21/07/1981;M;joao.rodrigues2846@bol.com.br;11 979836681;TRAV. MARECHAL DEODORO, Nº S/N;BOA VISTA;Guarulhos;São Paulo;04696-147;S;11/04/2023
100011;TÂNIA GOMES ASSUNÇÃO;959.706.846-00;29/01/1982;F; TANIAASSUNCAO846@GMAIL.COM ;21966352286;Av dos Andradas, nº 199;BELA VISTA;rio de janeiro ;RJ;29431-210;N;17/07/2019
100012;CLAUDIA RIBEIRO ALVES OLIVEIRA;64191202928;27/10/1983;F;claudia.oliveira491@gmail.com;(11) 99180-8544;Av Rio Branco, nº 1021;VILA MARIANA;São Paulo;São Paulo;2663448;N;03/11/2023
100013;RAQUEL MOREIRA;51480386677;26/01/1991;F;raquel_mor433@gmail.com;(21) 98053-5868;Rua Presidente Vargas, N. 2685 - Fundos;SANTA CECÍLIA;niterói ;RJ;29106906;S;23/01/2025
100014;RAFAEL OLIVEIRA PEREIRA;654.018.954-02;18/04/1955;M;;31 969466878;RUA SETE DE SETEMBRO, 1486;SANTA CECÍLIA;Belo Horizonte - MG;;34040-852;N;03/02/2020
100015;SÔNIA B. OLIVEIRA;66254282305;30/08/1995;F;sonia_oli382@outlook.com;11986265045;R. Dom Pedro II, nº 1790 - Fundos;JARDIM DAS FLORES;Guarulhos;SP;03825-147;S;18/06/2021
100016;DEBORA NUNES PEREIRA;16207066103;16/04/1974;;debora_per850@bol.com.br;(11) 96141-5798;Avenida Presidente Vargas, nº 2611;CENTRO;São Paulo - SP;SP;09392-120;;10/11/2019
100017;FERNANDA PEIXOTO;48864708405;03/10/1984;F;fernanda.peixoto20@outlook.com;21 981973793;R. DAS PALMEIRAS, N. 457 - CASA 2;BELA VISTA;Niterói;RJ;25480681;N;06/07/2022
100018;LÚCIA BARBOSA MOREIRA;450.952.394-77;08/06/2000;F;lucia_mor449@outlook.com;(41) 96500-9176;RUA MARECHAL DEODORO, S/N;SANTO ANTÔNIO;Curitiba;pr;88016967;N;01/08/2020
100019;HELIO CARVALHO BARBOSA COSTA;40816949239;17/03/1987;M;heliocosta89917@uol.com.br;(11) 99869-1682;Avenida das Palmeiras, 1575;SÃO JOSÉ;Guarulhos;SP;9683857;S;15/07/2021
100020;FERNANDO OLIVEIRA;09489143782;15/04/1981;I;;(11) 99531-6820;RUA SÃO JOÃO, 478;CENTRO;São Paulo - SP;sp;03817230;S;04/06/2020
100021;ISABELA ASSUNCAO;37495940743;27/08/1963;F;isabela_ass649@gmail.com;19974647718;R RIO BRANCO, N. 2245 - CASA 2;JARDIM AMÉRICA;Campinas;SP;16481420;N;18/07/2023
100022;JOSE ALVES CONCEICAO;487.916.094-61;01/10/1996;M;joseconceicao205@yahoo.com.bt;19971018492;Rua Tiradentes, N. 1921 - Casa 2;JARDIM AMÉRICA;Campinas - SP;SP;14966-183;N;13/08/2019
100023;BRUNO FREITAS;583.457.900-03;26/06/1970;M;brunofreitas42965@hotmail.com;(11) 97763-1647;R. Dom Pedro II, N. 2584 - Casa 2;JARDIM AMÉRICA;São Paulo - SP;SP;5188447;S;25/12/2020
100024;DANIEL CARVALHO;85659034438;14/01/1951;M;danielcarvalho695@hotmail.com;(21) 99266-6847;Rua São João, nº 720;SANTO ANTÔNIO;Niterói;Rio de Janeiro;25317679;S;18/03/2020
100025;SIMONE FREITAS;28493516600;16/12/1986;F;simonefreitas19@outlook.com;97454-7185;RUA DOM PEDRO II, Nº 156;PARQUE INDUSTRIAL;Brasília;DF;73437-372;N;12/09/2024
100026;TANIA  S. RODRIGUES ;62274993823;16/05/1964;F;taniarodrigues254@yahoo.com.br;99655-3808;Avenida da Liberdade, N. 1575;SANTO ANTÔNIO;SP;São Paulo;03396912;S;12/04/2025
100027;DR. CAMILA FERREIRA SILVA;80705620484;23/02/1996;F;camila_sil435@bol.con.br;(11) 7558-4426;RUA PRESIDENTE VARGAS, 166;BOA VISTA;SAO PAULO;SP;3013468;S;13/10/2019
100028;NATALIA MARTINS;92581407379;10/05/1968;I;natalia_mar517@yahoo.com.br;4180214005;RUA PAULISTA, N. 1371;VILA MARIANA;Curitiba;PR;86516-172;S;29/11/2025
100029;FABIO SILVA;596.870.529-96;24/11/1970;M;fabio_sil86@yahoo.com.br;(11) 97557-8252;RUA SETE DE SETEMBRO, Nº 1242;PARQUE INDUSTRIAL;São Paulo;SP;08541493;N;13/09/2019
100030;LUCIA MENDES GUIMARAES;26183019518;22/04/1973;;luciaguimaraes246@uol.com.br;;Rua dos Andradas, nº 225 - Casa 2;BOA VISTA;Campinas;SP;19096-325;S;14/09/2022
100031;SÔNIA BRANDÃO CARVALHO;31768059596;10/12/1999;F;sonia.carvalho168@outlook.com;(11) 97056-9163;Av Presidente Vargas, N. 450;JARDIM DAS FLORES;São Paulo;São Paulo;7718912;N;09/08/2020
100032;BEATRIZ PEREIRA;632.103.881-48;29/05/2001;F;;11 965001832;AV Dom Pedro II, 2120;BOA VISTA;São Paulo;sp;05380-293;S;10/01/2020
100033;MARIANA COSTA CARDOSO;26608618204;06/08/1989;F;marianacardoso741@gmail.com;11972932594;Avenida das Flores, 2138;BOA VISTA;SANTO ANDRE;SP;05148-916;N;18/11/2024
100034;MARCIA GOMES OLIVEIRA;26526880657;22/06/1982;F;marciaoliveira332@uol.com.br;61 96301172;R DAS PALMEIRAS, Nº 565;BOA VISTA;Brasília;Distrito Federal;75187-639;N;06/06/2025
100035;GUSTAVO CARVALHO ROCHA MACHADO;91572443324;25/10/2002;M;gustavomachado260@outlook.com;5163643529;R SANTOS DUMONT, 1546 - CASA 2;JARDIM AMÉRICA;Porto Alegre;rs;93673380;S;03/04/2022
100036;JULIA NUNES;52006628186;10/03/2000;F;julianunes940@gmail.com;(19) 99778-9395;R Marechal Deodoro, nº 978;VILA NOVA;Campinas;São Paulo;18813-009;N;26/02/2019
100037;BEATRIZ SOUZA CARDOSO;494.473.125-60;22/07/1957;F;beatriz.cardoso991@outlook.com;1163885971;AVENIDA DAS PALMEIRAS, N. 2452;SÃO JOSÉ;São Paulo;sp;09797-324;N;05/05/2023
100038;FERNANDO GOMES ROCHA;23040486500;23/06/1978;M;fernando.rocha355@hotmial.com;41 66098714;AV. DAS PALMEIRAS, 2250 - FUNDOS;LIBERDADE;Curitiba - PR;PR;82400-521;S;02/11/2024
100039;MÁRCIA MENDES GOMES;47503443030;18/04/1944;F;marciagomes88026@bol.com.br;21 969649012;R SÃO JOÃO, 886;SANTA CECÍLIA;Niterói;RJ;22616681;;10/08/2020
100040;LUCAS GOMES MOREIRA;581.364.746-56;10/03/1981;M;lucasmoreira802@hotmail.com;31 966021090;RUA TIRADENTES, N. 412;VILA NOVA;Belo Horizonte;mg;35917509;N;14/08/2025
100041;FABIO ROCHA MOREIRA SOUZA;687.561.240-23;06/12/1962;M;fabio.souza398@uol.com.br;31 990024693;Avenida Dom Pedro II, 1782;SANTA CECÍLIA;Belo Horizonte - MG;Minas Gerais;34496-407;S;20/12/2024
100042;CAMILA  RIBEIRO CARDOSO ;394.876.129-98;10/05/1981;F;camilacardoso146@gmail.com;(41) 98094-3664;RUA TIRADENTES, 142 - APTO 31;JARDIM DAS FLORES;Curitiba;PR;85590-883;S;08/07/2021
100043;LUCIA COSTA PEIXOTO;35830206420;22/05/1991;F;luciapeixoto707@bol.com.br;97256-8534;TRAVESSA SANTOS DUMONT, N. 575;VILA NOVA;SAO PAULO;SP;04481540;;09/03/2025
100044;RAFAEL MARTINS DIAS;832.970.743-10;05/08/1992;M;rafael.dias854@bol.com.br;;Rua das Flores, 2049 - Apto 12;SANTA CECÍLIA;Rio de Janeiro;RJ;22302-254;S;16/08/2024
100045;LETICIA MARTINS;46226721200;09/04/1979;F;leticia_mar575@hotmail.com;(11) 9964-8083;RUA SETE DE SETEMBRO, 2153;SANTO ANTÔNIO;São Paulo;SP;07072-691;;26/05/2025
100046;CECILIA BARBOSA COSTA MAGALHAES;941.714.091-44;13/09/1995;F;cecilia.magalhaes51418@bol.com.br;11989137149;R. TIRADENTES, N. 1332;VILA NOVA;São Paulo;SP;03979-624;S;28/09/2022
100047;FERNANDA PEIXOTO;278.468.908-59;07/01/1974;F;fernandapeixoto696@gmai.com;98894-5159;RUA Sete de Setembro, 1563 - Apto 12;VILA NOVA;Recife;PE;52489-988;S;06/05/2025
100048;OTAVIO  PEREIRA ;662.963.712-76;23/01/1987;M;otaviopereira303@hotmail.com;(41) 98517-5502;Av Presidente Vargas, nº 316;SANTA CECÍLIA;Curitiba;;88894-635;N;20/11/2019
100049;DR. GUSTAVO NASCIMENTO RODRIGUES;82601968320;08/08/1990;M;gustavorodrigues479@yahoo.com.br;97049-1945;RUA DA LIBERDADE, Nº S/N;SANTA CECÍLIA;Belo Horizonte;MG;33816747;S;14/09/2021
100050;LEONARDO ALVES MARQUES;09030841478;13/02/1995;M;leonardo.marques741@outlook.com;1181625109;Alameda Sete de Setembro, 667;VILA NOVA;São Paulo - SP;sp;01610098;S;11/08/2021
100051;LUCAS NUNES MENDES;98613185347;11/11/1989;M;lucasmendes331@bol.com.br;21 980407690;R. XV DE NOVEMBRO, Nº 992 - CASA 2;VILA MARIANA;Rio de Janeiro;Rio de Janeiro;24309432;S;19/06/2024
100052;SRA. ANDRÉ MENDES;250.545.737-98;27/08/1973;M;andremendes270@gmai.com;11993036023;R. SÃO JOÃO, N. 2075;LIBERDADE;São Paulo;SP;05285-265;S;20/11/2025
100053;EDUARDO MELO SOUZA;207.794.424-23;28/05/1969;M;eduardosouza826@gmail.com;11 986253752;R. BRASIL, N. 1073;PARQUE INDUSTRIAL;Guarulhos;SP;02822-250;S;05/02/2021
100054;LETICIA RIBEIRO FREITAS;375.884.686-29;16/10/1996;F;;(21) 8234-4850;R. Presidente Vargas, nº 1095;SANTO ANTÔNIO;Rio de Janeiro;rj;27522-101;N;11/01/2021
100055;FÁBIO FERREIRA;20142289221;11/12/1966;M; FABIOFERREIRA771@BOL.COM.BR ;11972126717;RUA XV DE NOVEMBRO, 1263 - FUNDOS;CENTRO;SAO PAULO;SP;01575-147;S;13/09/2025
100056;RODRIGO  PERIERA RIBEIRO ;645.867.815-05;03/07/1984;M;rodrigoribeiro944@hotmail.com;1181361816;RUA PAULISTA, 316 - APTO 31;BELA VISTA;São Paulo;sp;08820286;S;24/10/2019
100057;LUCIA LIMA;570.495.882-61;20/05/1991;F;lucia_lim560@uol.com.br;(48) 97659-3879;RUA SÃO JOÃO, Nº 1033;VILA NOVA;florianópolis ;SC;85994-044;S;01/08/2019
100058;PRISCILA FERREIRA MACHADO;805.472.357-12;13/05/1992;F;priscilamachado893@uol.com.br;21 63687321;Rua das Palmeiras, N. 823;CENTRO;NITEROI;rj;28944642;N;05/01/2024
100059;LEONARDO MARTINS OLIVEIRA;653.677.847-20;22/04/1997;M; LEONARDO.OLIVEIRA515@OUTLOOK.COM ;21972993609;Avenida dos Andradas, N. 178 - Apto 31;VILA MARIANA;Rio de Janeiro;Rio de Janeiro;22730-581;S;15/10/2020
100060;MÁRCIA OSUZA;55807891147;20/01/1980;F;marcia_sou547@bol.com.br;48 974794101;AVENIDA SÃO JOÃO, Nº 400;JARDIM AMÉRICA;Florianópolis;Santa Catarina;87423220;S;16/06/2021
100061;BRUNO FREITAS CONCEIÇÃO;5951974429;23/08/1995;M;brunoconceicao455@outlook.com;(11) 97939-5743;AVENIDA DOM PEDRO II, 2086;VILA MARIANA;São Paulo;sp;02306-092;;22/07/2021
100062;SIMONE FREITAS;46991674702;13/11/1988;F;simone.freitas320@yahoo.com.br;(11) 9449-5520;Rua Paulista, N. 729;VILA NOVA;São Paulo;São Paulo;07275-662;S;20/11/2024
100063;PATRICIA MAGALHAES BRANDAO;077.788.965-08;03/02/1982;F;patricia.brandao930@yahoo.com.br;51967541375;RUA XV de Novembro, 2384;SANTO ANTÔNIO;Porto Alegre;rs;95421433;N;17/12/2025
100064;RODRIGO RIBEIRO DIAS;236.209.953-97;24/08/1992;M;rodrigo_dia829@bol.com.br;;R Presidente Vargas, nº 1702 - Casa 2;LIBERDADE;Porto Alegre;;93050107;S;01/11/2020
100065;LARISSA  BRANDAO PEREIRA ;568.255.029-30;04/10/1978;F;larissa_per90627@yahoo.com.br;21 969804818;Av. São João, N. 1298 - Fundos;BELA VISTA;rio de janeiro ;rj;29676-426;S;03/10/2021
100066;LEONARDO  A. SILVA ;81571355324;22/02/1988;M;leonardo_sil949@hotmail.com;31 70944591;AV Tiradentes, nº 1893;PARQUE INDUSTRIAL;Belo Horizonte;mg;37025980;;06/01/2021
100067;ALINE MAGALHAES SANTOS FREITAS;6,81630E+10;22/12/1980;F;aline_fre192@bol.com.br;21984377334;RUA PAULISTA, N. 2734 - CASA 2;BOA VISTA;Niterói - RJ;rj;27991-679;S;18/01/2025
100068;DEBORA FREITAS COSTA;73933796946;01/12/1981;F;debora_cos105@outlook.com;48 984095154;Avenida dos Ipês, N. 1471;VILA MARIANA;Florianópolis;sc;82089-677;;31/12/2022
100069;CLÁUDIA ALVES;603.736.268-86;15/10/1989;F;claudia_alv891@bol.com.br;71965732396;RUA PRESIDENTE VARGAS, N. 1960 - APTO 31;SANTO ANTÔNIO;Salvador;Bahia;42520-227;S;03/12/2025
100070;SONIA SOUZA;39187963965;02/07/1995;F;soniasouza268@yahoo.com.br;51985594509;Rua da Liberdade, nº 2579 - Apto 12;SANTA CECÍLIA;Porto Alegre;RS;96588200;;27/03/2025
100071;VITÓRIA ROCHA ANDRADE;561.527.943-58;10/09/1978;F;vitoriaandrade943@outlook.com;11981858884;TRAV. XV DE NOVEMBRO, 1713;BELA VISTA;São Paulo;SP;9904925;S;14/09/2020
100072;DRA. CECILIA NASCIMENTO MACHADO;11057734500;12/10/1992;F;marcelomoreira246@bol.com.br;19 69439139;AL GETÚLIO VARGAS, N. 136;LIBERDADE;Campinas - SP;sp;15325-475;S;27/10/2023
100073;LÚCIA ROCHA;10978812883;15/12/1952;F;lucia.rocha208@uol.com.br;(21) 97460-9986;PÇ. MARECHAL DEODORO, N. 1859;SANTA CECÍLIA;Rio de Janeiro;rj;25054-632;S;11/02/2022
100074;FERNANDO GUIMARAES SOUZA;44243526842;24/10/1986;M;fernando_sou802@outlook.com;81 985678580;Rua Presidente Vargas, 1919;SANTA CECÍLIA;Recife;PE;58002-132;S;10/06/2019
100075;EDUARDO GOMES OLIVEIRA FREITAS;12586547179;28/04/1970;;;11 971729878;Rua dos Ipês, N. 170;LIBERDADE;Guarulhos;sp;04160762;S;08/09/2023
100076;LETÍCIA FREITAS GUIMARÃES;34914803968;12/01/1979;F;leticiaguimaraes61430@uol.com.br;11 60801945;Rua Dom Pedro II, nº S/N - Bloco B Apto 104;CENTRO;são paulo ;sp;03305-110;S;03/01/2019
100077;MATEUS CARDOSO SANTOS;640.396.891-27;02/03/1998;M;mateus_san109@bol.con.br;98394-4120;R DOS ANDRADAS, Nº 1719;LIBERDADE;Belo Horizonte - MG;Minas Gerais;32353-417;S;28/04/2025
100078;SIMONE SILVA RODRIGUES;7317034487;15/11/1985;F;simone_rod887@outlook.com;(16) 96809-3292;RUA XV DE NOVEMBRO, Nº 2058 - APTO 31;BOA VISTA;Ribeirão Preto;SP;17430026;;15/09/2024
100079;GABRIELA MACHADO;493.748.690-04;14/04/1941;F;gabriela.machado319@outlook.com;11 976971640;RUA DAS FLORES, 2456;LIBERDADE;São Paulo;sp;08230-842;S;28/11/2020
100080;LETICIA ALVES MACHADO;50294048723;04/11/1978;F;leticia_mac379@hotmail.com;61 995208902;RUA BRASIL, Nº 2224;JARDIM DAS FLORES;Brasília;df;73167622;N;07/02/2024
100081;LARISSA GUIMARÃES;29947084183;15/01/1965;I;larissaguimaraes343@yahoo.com.br;(19) 99236-4731;RUA Dom Pedro II, N. 1874;VILA NOVA;Campinas;São Paulo;17781-953;S;26/07/2025
100082;CAMILA MAGALHAES MARQUES;978.684.432-78;07/08/2000;F;camila_mar390@bol.com.br;(61) 97691-6626;AVENIDA GETÚLIO VARGAS, N. 2281;SANTO ANTÔNIO;Brasília;DF;76357-973;S;05/05/2020
100083;GUSTAVO GOMES MARQUES;328.520.807-45;05/02/1989;M; GUSTAVO.MARQUES329@OUTLOOK.COM ;6266368907;RUA PRESIDENTE VARGAS, Nº 1277;VILA NOVA;goiânia ;go;71338-792;S;12/03/2025
100084;JOANA NASCIMENTO MOREIRA PEREIRA;53987219840;11/03/1970;F; JOANAPEREIRA638@BOL.COM.BR ;16974937430;RUA SETE DE SETEMBRO, 1584;SANTA CECÍLIA;ribeirão preto ;SP;11989769;S;15/07/2024
100085;GUSTAVO GOMES;531.600.269-57;26/01/1988;M;gustavogomes549@uol.com.br;11 66096313;Avenida das Palmeiras, S/N;SANTO ANTÔNIO;São Paulo;sp;09159-578;;09/01/2020
100086;RAFAEL SILVA SOUZA;603.534.445-37;02/12/1978;I;;19967612187;RUA SETE DE SETEMBRO, 313 - FUNDOS;VILA MARIANA;Campinas;;16829-368;S;27/07/2025
100087;FERNANDA  MACHADO ROCHA ;62605636631;05/12/2002;F;fernanda_roc965@gmail.com;31998273435;AVENIDA GETÚLIO VARGAS, N. 908;JARDIM AMÉRICA;Belo Horizonte;MG;38745823;N;20/04/2021
100088;RAQUEL  MOERIRA RODRIGUES ;942.400.287-44;06/10/2000;;;21 994362007;RUA DAS PALMEIRAS, 2056;BELA VISTA;Niterói;RJ;28173557;N;22/06/2023
100089;CAMILA FERREIRA;71836971931;05/07/1993;F;camila.ferreira500@uol.com.br;(11) 97286-5142;R. Getúlio Vargas, N. 118;SANTO ANTÔNIO;São Paulo;SP;1832647;S;24/10/2019
100090;CAMILA MOREIRA FERREIRA;91248784138;29/09/1996;F;camila.ferreira67@yahoo.com.br;;AVENIDA DA LIBERDADE, N. 1742 - APTO 31;VILA NOVA;Guarulhos;São Paulo;07161-661;S;08/06/2025
100091;BEATIRZ SILVA;537.260.573-15;30/06/1967;F; BEATRIZ.SILVA298@YAHOO.COM.BR ;11981241464;Rua Rio Branco, N. 2427;BELA VISTA;São Paulo;sp;04527987;S;23/06/2023
100092;LARISSA ALVES MARTINS;85975410916;03/07/1970;F;larissamartins915@uol.combr;21976164196;Travessa Dom Pedro II, 2136 - Apto 31;CENTRO;Rio de Janeiro;rj;24374122;S;26/12/2020
100093;TÂNIA MOREIRA GUIMARÃES;221.402.545-62;06/06/1992;F;tania.guimaraes951@bol.com.br;(48) 98379-7383;Rua dos Ipês, nº 2256 - Fundos;JARDIM DAS FLORES;Florianópolis;sc;81282247;S;09/09/2025
100094;EDUARDO  BARBOSA BARBOSA ;60751612790;19/01/1951;M;eduardo.barbosa475@gmail.com;1190369513;Rua Castro Alves, nº 337 - Bloco B Apto 104;CENTRO;São Paulo;sp;9476365;S;07/08/2024
100095;LUCAS  ARAUJO COSTA MENDES ;19681545826;18/05/1988;M;lucasmendes549@gmail.com;51974535544;AV MARECHAL DEODORO, N. 2730;JARDIM AMÉRICA;Porto Alegre;rs;98602779;N;28/02/2025
100096;SR. ANDRE MELO MARTINS;33709681189;11/02/1997;M;andremartins276@uol.com.br;(31) 97335-6934;RUA DOS ANDRADAS, 443 - APTO 31;CENTRO;Belo Horizonte;MG;31317-307;N;27/04/2025
100097;GABRIELA MENDES SILVA;37004981282;25/03/1983;F;gabriela_sil163@outlook.com;64561387;AL Tiradentes, nº 262;JARDIM DAS FLORES;Campinas;sp;11451-629;S;26/11/2025
100098;MARIANA  GOMES ARAÚJO ;958.586.826-18;30/06/1977;;mariana_ara53@bol.com.br;11964711317;RUA TIRADENTES, Nº S/N;BOA VISTA;Guarulhos;sp;5665743;;28/02/2019
100099;PAULO MAGALHAES COSTA;487.961.859-45;27/01/1972;M; PAULO.COSTA264@OUTLOOK.COM ;51 996757992;RUA das Flores, nº 2967;CENTRO;Porto Alegre;RS;95253256;S;01/08/2023
100100;DEBORA SOUZA MACHADO MELO;334.426.347-17;27/08/1992;F; DEBORA_MEL195@YAHOO.COM.BR ;19 980953276;Avenida dos Ipês, 2252 - Casa 2;VILA MARIANA;campinas ;SP;12695-704;S;11/06/2024
100101;JÚLIA ALVES ALVES BRANDÃO;80711335583;01/06/1957;F; JULIA.BRANDAO894@OUTLOOK.COM ;32 61189159;Avenida Tiradentes, nº 2009;VILA MARIANA;Juiz de Fora;MG;35988-303;S;05/03/2020
100102;LUIS O. RODRIGUES FREITAS;13913692622;21/05/1991;M; LUIS_FRE63593@OUTLOOK.COM ;(61) 98401-9537;AL. DOM PEDRO II, 617;PARQUE INDUSTRIAL;Brasília;df;72922-858;;23/01/2021
100103;CAMILA MARQUES CARVALHO;12969186292;08/02/1969;F;camila_car418@gmail.com;11 967032363;RUA São João, nº 2716;JARDIM DAS FLORES;São Paulo;SP;08112337;S;17/11/2019
100104;HENRIQUE COSTA;48036983095;15/01/1978;M;henrique.costa3@outlook.com;(21) 99816-1668;Alameda Sete de Setembro, S/N;SÃO JOSÉ;Rio de Janeiro;RJ;22918-661;N;25/05/2019
100105;GABRIELA GUIMARÃES FERREIRA;629.471.066-95;16/07/1978;F; GABRIELAFERREIRA189@BOL.COM.BR ;(31) 99931-4387;R. Dom Pedro II, 2187;SÃO JOSÉ;belo horizonte ;mg;37823777;S;07/01/2021
100106;LUCAS MOREIRA ROCHA;39165910109;27/05/1975;M;lucasrocha503@uol.com.br;(21) 96497-6343;Avenida dos Ipês, 1104;VILA MARIANA;Rio de Janeiro;Rio de Janeiro;25150-693;N;23/03/2024
100107;RAFAEL PEIXOTO RODRIGUES;25979379762;08/10/1978;M;rafaelrodrigues78137@gmail.com;51 991882110;AVENIDA SETE DE SETEMBRO, Nº 2842;SÃO JOSÉ;Porto Alegre;rs;96301232;S;28/06/2023
100108;MARIANA ROCHA;56021799178;22/04/1988;F;;(21) 96033-6346;R. XV DE NOVEMBRO, 2771;PARQUE INDUSTRIAL;RIO DE JANEIRO;rj;27501441;N;29/06/2021
100109;PAULO MENDES;15511303860;12/01/1985;M;paulo.mendes169@yahoo.com.br;(11) 99119-4392;Rua XV de Novembro, 443;VILA NOVA;Guarulhos;SP;06178-603;S;30/01/2022
100110;LUIZA FREITAS NUNES;78695604217;09/12/1977;F;luizanunes449@bol.com.br;21 976051468;RUA MARECHAL DEODORO, N. 2946 - APTO 31;JARDIM AMÉRICA;Niterói;rj;23923132;S;15/04/2025
100111;ISABELA RODRIGUES PEREIRA;227.515.989-43;11/11/1958;F;isabela_per323@outlook.com;11 973302276;AL Dom Pedro II, N. 687 - Apto 12;SANTO ANTÔNIO;São Paulo;SP;04472925;S;14/07/2024
100112;BRUNO RIBEIRO MAGALHÃES MENDES;515.914.937-65;03/07/1996;M;bruno.mendes45@outlook.com;(61) 9108-7108;ALAMEDA CASTRO ALVES, Nº 143;JARDIM DAS FLORES;Brasília;df;71124-796;S;18/06/2025
100113;RODRIGO COSTA;57632374830;20/10/2000;M;rodrigo.costa854@hotmail.com;11 971692059;ALAMEDA SANTOS DUMONT, 2280;BOA VISTA;Sampa;SP;08786038;N;08/08/2023
100114;BRUNO MAGALHAES CARDOSO;32520449477;24/10/1980;;bruno.cardoso110@uol.com.br;(41) 9479-7095;Rua da Liberdade, 1029;SANTA CECÍLIA;Curitiba - PR;;82444971;N;08/11/2023
100115;CECÍLIA RIBEIRO;806.360.620-58;03/05/1956;F;ceciliaribeiro227@uol.com.br;(41) 97128-7037;R PAULISTA, N. 1424;BOA VISTA;Curitiba;PR;83207-622;S;08/07/2023
100116;SERGIO SOUZA ALVES;554.013.782-54;14/01/1970;M;sergio.alves247@hotmail.com;81 67078393;Rua Castro Alves, 2379 - Casa 2;CENTRO;Recife;PE;58237-901;S;30/09/2022
100117;LUIZA MOREIRA;23222813361;03/03/1980;F;luiza_mor39@uol.com;71 79692305;R. XV de Novembro, nº 1706;JARDIM AMÉRICA;SALVADOR;ba;42202215;S;23/05/2019
100118;MÁRCIA FREITAS MACHADO;89874076089;03/08/1963;F;marcia_mac628@uol.com.br;16996781813;R. DAS PALMEIRAS, 1448 - FUNDOS;JARDIM DAS FLORES;Ribeirão Preto;SP;18080-750;S;02/12/2019
100119;ALINE CONCEICAO OLIVEIRA;059.619.882-52;25/09/1973;F;aline_oli32@gmail.com;(21) 9672-9141;RUA GETÚLIO VARGAS, N. 1735;JARDIM AMÉRICA;RIO DE JANEIRO;Rio de Janeiro;28466-378;S;20/09/2023
100120;DRA. SERGIO MACHADO SOUZA;49222642643;25/02/1970;M;sergiosouza528@gmail.com;68623240;TRAV. SANTOS DUMONT, N. 2289;BOA VISTA;Salvador;ba;43593-983;;21/11/2024
100121;DEBORA SOUZA;22583973592;19/03/1991;F;debora.souza52@uol.com.br;(62) 97479-9467;Rua das Flores, 2558;PARQUE INDUSTRIAL;Goiânia - GO;GO;74307165;N;26/05/2023
100122;LUCIA MOREIRA RODRIGUES;458.416.269-73;15/05/1986;;luciarodrigues972@outlook.com;(11) 97607-8058;R. DOS ANDRADAS, N. 1239 - APTO 31;SANTO ANTÔNIO;São Paulo;SP;03270-232;N;28/12/2023
100123;DR. CECILIA CARDOSO NASCIMENTO;67344955580;08/01/1973;F;cecilia_nas424@bol.com.br;(21) 99062-9617;Travessa Marechal Deodoro, nº 681;JARDIM DAS FLORES;Rio de Janeiro;Rio de Janeiro;24145-724;S;04/12/2019
100124;RODRIGO CARDOSO MARTINS;07160315901;28/06/1987;M;rodrigo_mar650@outlook.com;97679-3111;ALAMEDA DAS PALMEIRAS, N. 2573;LIBERDADE;São Paulo;São Paulo;07554-567;S;20/02/2022
100125;JOANA NASCIMENTO;39364932439;17/11/1958;F;joananascimento554@hotmail.com;81983758562;RUA BRASIL, Nº S/N;BOA VISTA;recife ;PE;55982272;S;05/06/2025
100126;JOSE ROCHA BRANDAO;79736630293;19/07/1975;M;josebrandao195@yahoo.com.br;51999757077;R. PAULISTA, N. 649;PARQUE INDUSTRIAL;Porto Alegre;Rio Grande do Sul;91536-576;N;14/06/2022
100127;MARCIA MOREIRA OLIVEIRA;67507603334;10/07/1996;F;marcia.oliveira926@gmail.com;(21) 97217-9884;Avenida dos Ipês, N. 2415;SANTA CECÍLIA;Rio;Rio de Janeiro;28843344;N;15/04/2019
100128;CLÁUDIA ROCHA NUNES MACHADO;3695722207;08/11/1985;F;claudiamachado151@outlook.com;7176696340;RUA SÃO JOÃO, N. 666;CENTRO;Salvador;ba;45208229;S;24/06/2025
100129;DRA. RAQUEL CARVALHO MAGALHÃES MACHADO;51354672038;27/05/1982;F;raquel.machado147@hotmail.com;31 973821828;Avenida XV de Novembro, 2079;SANTO ANTÔNIO;Belo Horizonte;Minas Gerais;39981-126;S;29/11/2025
100130;ANTONIO ROCHA CARDOSO;223.726.486-40;11/03/1988;M;antonio_car677@outlook.com;21 972455294;RUA Marechal Deodoro, 1430 - Fundos;BOA VISTA;Rio de Janeiro;RJ;23665-406;N;24/05/2019
100131;ANTONIO  SILVA BRANDAO ;323.636.696-65;04/10/1964;M;;3181924823;AVENIDA DAS FLORES, Nº 184;JARDIM DAS FLORES;Belo Horizonte;mg;32798-635;S;28/07/2023
100132;TANIA PEREIRA SANTOS;16238757140;16/09/1987;F;tania_san41@uol.com.br;41978794507;RUA DAS PALMEIRAS, Nº 222;VILA MARIANA;Curitiba;PR;86409-734;N;12/09/2021
100133;JOAO OLIVEIRA DIAS;31480720496;11/10/1974;M;joaodias600@bol.com.br;61 970285778;RUA dos Ipês, 223;VILA MARIANA;brasília ;Distrito Federal;76317-963;S;08/03/2025
100134;VITÓRIA NUNES ROCHA;072.183.750-65;02/06/1977;F; VITORIAROCHA902@HOTMAIL.COM ;81 70755216;RUA DAS FLORES, 1517;SANTA CECÍLIA;Recife - PE;PE;59118911;S;10/04/2023
100135;CECILIA MOREIRA;166.012.253-80;14/04/1984;F;ceciliamoreira278@outlook.con;41971478094;AL. DA LIBERDADE, Nº 1407;LIBERDADE;curitiba ;Paraná;83163545;S;02/11/2021
100136;NATÁLIA MAGALHÃES CONCEIÇÃO;823.927.012-37;28/04/1992;F;nataliaconceicao750@hotmail.com;71986149639;Rua Presidente Vargas, N. 2145;JARDIM AMÉRICA;Salvador;Bahia;44126952;S;12/09/2020
100137;TÂNIA BARBOSA;003.698.979-78;27/08/1968;F; TANIABARBOSA6@YAHOO.COM.BR ;98821-1610;R das Flores, N. 1876;VILA NOVA;São Paulo;;07669501;S;15/02/2019
100138;PRISCILA R. DIAS;66860825111;16/10/1971;F;prisciladias522@bol.com.br;51 987009845;Rua dos Andradas, S/N;SÃO JOSÉ;Porto Alegre;rs;94918-584;N;21/12/2025
100139;LARISSA  ROCHA MENDES ;150.863.692-31;31/12/1999;F;larissa.mendes886@yahoo.com.br;(48) 97701-5204;AVENIDA RIO BRANCO, 89;PARQUE INDUSTRIAL;Florianópolis - SC;sc;83550505;S;15/12/2021
100140;ISABELA MENDES LIMA;47842859388;31/12/1933;F;isabela.lima446@gmail.com;19 98844940;RUA MARECHAL DEODORO, N. 2806;SANTO ANTÔNIO;campinas ;SP;15279180;S;08/03/2023
100141;JOSÉ DIAS ALVES;733.044.704-84;03/10/1993;M;jose_alv67@uol.com.br;99363-8229;AVENIDA XV DE NOVEMBRO, Nº 1420 - CASA 2;SANTA CECÍLIA;Niterói;Rio de Janeiro;25172-655;;19/02/2020
100142;LEONARDO ROCHA PEREIRA;66300885143;08/01/1989;M;leonardopereira359@bol.com.br;11 976186103;Rua Paulista, N. 988;CENTRO;Santo André;SP;02198-671;S;19/11/2022
100143;ANDRE FREITAS;691.849.311-67;16/08/1961;M; ANDRE_FRE894@BOL.COM.BR ;(19) 97031-7566;R da Liberdade, 2637 - Apto 12;JARDIM AMÉRICA;Campinas;sp;14046-654;N;22/01/2023
100144;LEONARDO ASSUNCAO SILVA;198.011.248-73;08/08/1974;M;leonardo.silva933@outlook.com;(32) 7898-3017;Avenida Dom Pedro II, nº 1132;LIBERDADE;Juiz de Fora;MG;32622325;N;17/02/2020
100145;HENRIQUE  PEIXOTO MARQUES ;660.916.023-65;03/06/1983;M;;;AVENIDA TIRADENTES, Nº 375 - FUNDOS;SANTA CECÍLIA;São Paulo;São Paulo;01451-776;N;03/02/2024
100146;HELENA MOREIRA MAGALHAES;96518955945;24/10/1974;F;helena_mag118@gmail.com;31997833400;Rua Castro Alves, nº 1431 - Bloco B Apto 104;JARDIM DAS FLORES;Belo Horizonte;mg;38673-079;S;14/12/2022
100147;JULIA A. ASSUNCAO;15593143030;06/01/1966;F;juliaassuncao665@bol.com.br;99136-9840;AV SÃO JOÃO, 16;VILA MARIANA;São Paulo;;05988-851;N;12/11/2023
100148;LETÍCIA FERREIRA FERREIRA;028.428.853-50;29/01/1982;F;leticia.ferreira475@bol.com.br;11 70527839;RUA DOS ANDRADAS, 2174;PARQUE INDUSTRIAL;Santo André;São Paulo;08169-156;S;07/02/2020
100149;RAQUEL LIMA CARVALHO MAGALHÃES;19476163313;03/12/1963;F; RAQUELMAGALHAES468@HOTMAIL.COM ;19 982852055;Rua dos Andradas, 1015;VILA MARIANA;Campinas - SP;SP;17457-942;N;14/08/2023
100150;WAGNER ANDRADE SANTOS;52392595186;13/04/1983;M;wagnersantos390@bol.com.br;(11) 9591-5013;R DAS FLORES, N. 2774;VILA NOVA;São Paulo - SP;sp;07407-895;N;12/10/2023
100151;ANDRE BRANDAO MACHADO;26037071675;27/11/1998;M; ANDREMACHADO357@OUTLOOK.COM ;(48) 96904-6638;RUA MARECHAL DEODORO, Nº 1705 - APTO 31;SANTA CECÍLIA;Florianópolis - SC;SC;87970555;N;05/02/2023
100152;SIMONE MACHADO FREITAS;93106459468;30/08/1987;F;;41 62247511;RUA Sete de Setembro, nº 2523;SANTO ANTÔNIO;Curitiba;Paraná;85193534;;24/02/2020
100153;ANDRÉ DIAS ARAÚJO;419.718.221-08;18/01/1981;M;andre.araujo891@yahoo.com.br;(11) 96809-8590;Rua Dom Pedro II, 1967;VILA NOVA;São Paulo;SP;1665954;;15/05/2024
100154;THIAGO MARQUES SOUZA;48088647460;18/03/1969;M;thiagosouza625@hotmail.com;11977676736;RUA MARECHAL DEODORO, 84 - FUNDOS;SANTA CECÍLIA;São Paulo;SP;03772-306;N;18/12/2019
100155;VITORIA MACHADO;00387442529;23/04/1987;F;vitoria_mac31217@gmail.com;11 964317537;Pç. Presidente Vargas, S/N;VILA NOVA;Sampa;São Paulo;06937-301;S;04/03/2022
100156;SONIA LIMA;35991209278;11/01/1995;F;sonia.lima33811@outlook.com;21 992045483;Rua São João, 2702;PARQUE INDUSTRIAL;Rio de Janeiro;Rio de Janeiro;28145531;S;10/01/2022
100157;FERNANDA  RODRIGUES RIBEIRO MARTINS ;673.101.544-01;24/02/1982;F;fernandamartins126@gmail.com;31 969468635;AVENIDA RIO BRANCO, N. 1371 - FUNDOS;BELA VISTA;Belo Horizonte;MG;39462-884;S;20/12/2022
100158;MARCELO ASSUNÇÃO BRANDÃO ROCHA;796.344.968-73;17/03/1963;M;marcelo.rocha196@outlook.com;31 972644404;RUA SANTOS DUMONT, N. 2607;SANTA CECÍLIA;BH;MG;35164-806;N;30/11/2022
100159;TÂNIA ROCHA CARDOSO BRANDÃO;81279616717;20/10/1966;F;tania_bra547@uol.com.br;98565-2268;Alameda Sete de Setembro, nº 98 - Bloco B Apto 104;JARDIM DAS FLORES;São Paulo;São Paulo;05138-412;N;10/11/2020
100160;LEONARDO NUNES;679.819.649-70;22/06/1978;M;leonardo.nunes486@bol.com.br;41 972977584;R. MARECHAL DEODORO, N. 2945 - APTO 12;PARQUE INDUSTRIAL;Curitiba;pr;88003974;S;01/08/2025
100161;SERGIO PEREIRA;678.492.719-20;11/03/1950;M;sergiopereira607@uol.com.br;11 984278473;Alameda dos Andradas, 922 - Casa 2;SANTA CECÍLIA;São Paulo;São Paulo;08622858;S;23/09/2021
100162;ALINE PEREIRA;420.051.654-33;21/04/1943;F;aline.pereira691@outlook.com;11996449284;R Marechal Deodoro, nº 2760 - Bloco B Apto 104;PARQUE INDUSTRIAL;São Paulo;SP;8706863;N;23/02/2023
100163;BEATRIZ GOMES ALVES CONCEICAO;94096185760;01/11/1982;F;beatriz.conceicao128@bol.com.br;71 991585531;RUA SANTOS DUMONT, 863 - APTO 31;BELA VISTA;Salvador;BA;49707012;S;06/04/2022
100164;RAQUEL MACHADO COSTA;39840223950;14/11/1989;F;raquel_cos251@uol.com.br;98943-6595;RUA CASTRO ALVES, 914;SANTO ANTÔNIO;Campinas;São Paulo;15853-742;S;12/11/2025
100165;LUIZA CONCEICAO;256.321.684-25;24/07/1985;F;luiza.conceicao35969@bol.com.br;64921772;AL BRASIL, Nº 2788;BELA VISTA;Recife;Pernambuco;51066-603;S;08/03/2019
100166;LUIZA MENDES CONCEICAO;453.847.055-40;22/06/1985;F;luizaconceicao710@outlook.com;21 976557516;Avenida Tiradentes, N. 2214;JARDIM DAS FLORES;Rio de Janeiro;rj;24990951;N;18/04/2020
100167;LUCIA SILVA;62344140603;06/07/1977;F;lucia_sil967@hotmail.com;(11) 96572-1744;Pca da Liberdade, 1729;VILA MARIANA;Santo André;SP;05097288;S;27/01/2019
100168;LUCIA MAGALHAES;05442898201;15/06/1985;F;luciamagalhaes930@yahoo.com.br;(16) 98700-7782;R Castro Alves, N. S/N;VILA NOVA;Ribeirão Preto;SP;13106387;S;14/12/2023
100169;RAFALE CARDOSO;68925099594;02/02/1978;M;rafael.cardoso452@uol.com.br;51997627393;RUA DAS FLORES, N. 56 - APTO 12;VILA NOVA;POA;RS;92926279;S;05/08/2020
100170;RAFAEL  LIMA ANDRADE ;409.090.254-10;19/03/1971;M;rafael.andrade450@bol.com.br;;Rua Rio Branco, N. 405;JARDIM DAS FLORES;Salvador;Bahia;46342286;N;28/07/2023
100171;GUSTAVO ROCHA LIMA;80545375061;26/05/1978;M;gustavo_lim393@hotmail.com;11 996471383;RUA SANTOS DUMONT, N. 2299;SANTO ANTÔNIO;Guarulhos;SP;08977804;N;01/10/2019
100172;TANIA  CARVALHO MARQUES ;27283341021;28/04/1935;F;taniamarques810@yahoo.com.br;(11) 96794-6486;RUA DOM PEDRO II, N. 1085;CENTRO;Guarulhos;SP;1389781;;02/10/2021
100173;CÉSAR MLEO ROCHA;85770029269;08/07/1997;M;cesar_roc60@gmail.com;11 988891116;R MARECHAL DEODORO, Nº 1955;JARDIM AMÉRICA;São Paulo;São Paulo;09306-793;N;10/04/2021
100174;MARCIO  PEIXOTO MARQUES ;2,42721E+10;18/02/1976;M;marcio.marques743@bol.con.br;81 977436170;RUA DOM PEDRO II, Nº 468;SANTO ANTÔNIO;Recife;PE;54766058;S;16/05/2021
100175;LEONARDO CARDOSO;09916935076;28/04/1997;M;leonardocardoso558@gmail.com;19 963546110;AVENIDA PRESIDENTE VARGAS, Nº 1230;LIBERDADE;Campinas;São Paulo;11694812;S;29/07/2020
100176;LUCAS OLIVEIRA SANTOS;27252255239;12/11/1977;I;lucas.santos453@outlook.com;21 982872470;Avenida Marechal Deodoro, N. 945;CENTRO;Niterói - RJ;Rio de Janeiro;27583401;S;26/11/2020
100177;LUIS ANDRADE ANDRADE;21865521329;09/12/1952;M;luis_and646outlook.com;(31) 9533-4233;RUA PRESIDENTE VARGAS, 671 - CASA 2;CENTRO;Belo Horizonte;Minas Gerais;33678324;N;27/07/2025
100178;CAMILA NASCIMENTO;626.001.366-30;02/06/1992;F;camila.nascimento547@gmail.com;61 979073441;R. CASTRO ALVES, N. 1710 - APTO 12;BOA VISTA;Brasília;Distrito Federal;74807489;S;17/02/2021
100179;ANDRÉ  NASCIMENTO SANTOS ;13267404150;11/08/1989;M;andre_san503@bol.com.br;;AV DOS ANDRADAS, 73;LIBERDADE;Campinas;São Paulo;17223-119;N;11/03/2020
100180;PRISCILA ARAUJO MACHADO;37702061340;19/11/1966;F;priscila.machado422@gmail.com;;RUA SANTOS DUMONT, 1829;SANTO ANTÔNIO;Brasília;df;77148394;N;09/01/2019
100181;FERNANDA GUIMARÃES;8,10828E+10;06/04/2000;F;fernanda.guimaraes214@yahoo.com.br;11986961889;Rua Brasil, N. 2807 - Apto 31;LIBERDADE;SANTO ANDRE;São Paulo;06375358;N;27/01/2024
100182;LARISSA MARQUES;53416841760;11/10/1985;;larissamarques455@uol.com.br;11967123187;ALAMEDA PRESIDENTE VARGAS, 2971;JARDIM AMÉRICA;São Paulo;SP;03181-274;S;20/01/2021
100183;FERNANDO ASSUNÇÃO;38981838433;06/07/1979;M;fernando_ass16@uol.com.br;(11) 99822-1882;AVENIDA GETÚLIO VARGAS, Nº 629;LIBERDADE;SAO PAULO;SP;09826838;N;07/01/2025
100184;CAMILA OLIVEIRA ANDRADE;27131160741;22/08/1981;F; CAMILA.ANDRADE488@UOL.COM.BR ;21 988431742;Rua dos Ipês, 774;JARDIM AMÉRICA;Rio de Janeiro - RJ;RJ;29418-191;S;11/06/2025
100185;ANA COSTA;060.782.834-05;04/12/1973;F;ana_cos889@outlook.com;11981056959;Alameda Dom Pedro II, N. 327;BELA VISTA;SAO PAULO;SP;04789345;N;13/12/2020
100186;VITÓRIA  FREITAS ;10336817339;15/01/1989;F;vitoria.freitas609@gmail.com;(11) 98600-3873;RUA XV DE NOVEMBRO, N. 2764;LIBERDADE;São Paulo;SP;02991-479;S;01/10/2024
100187;FERNANDO ANDRADE CARAVLHO;104.229.885-88;17/01/1993;M;fernando.carvalho173@yahoo.com.br;11 978236932;R Brasil, nº 2884;SANTA CECÍLIA;São Paulo;SP;6717035;S;28/02/2019
100188;ISABELA ARAUJO;98845213366;20/08/1987;F;isabela_ara3@yahoo.com.br;21990861034;Avenida Sete de Setembro, 414 - Apto 12;LIBERDADE;Rio de Janeiro - RJ;rj;26971868;N;15/08/2021
100189;PRISCILA GOMES BARBOSA MENDES;69608155177;27/05/2002;;priscila.mendes454@gmail.com;11 966259654;AV. SETE DE SETEMBRO, N. 1468 - BLOCO B APTO 104;SANTO ANTÔNIO;São Paulo;sp;04740-419;N;24/01/2023
100190;NATALIA NASCIMENTO PEIXOTO;97303019804;13/07/1971;F;;41972963593;AV DA LIBERDADE, 613;BELA VISTA;Curitiba - PR;Paraná;81805-507;S;06/10/2021
100191;LETÍCIA ANDRADE GOMES PEIXOTO;562.980.721-87;18/08/1993;F;leticia_pei998@bol.com.br;19982109549;Avenida Presidente Vargas, N. 2099 - Fundos;SÃO JOSÉ;Campinas;SP;14205-178;S;04/01/2021
100192;WAGNER MELO SOUZA;91330081732;18/11/1988;M;wagnersouza724@outlook.com;16 971567686;R. São João, nº 2414;PARQUE INDUSTRIAL;Ribeirão Preto;São Paulo;15160228;N;22/11/2019
100193;JOANA GUIMARÃES MACHADO;86475222496;20/10/1996;F;joana.machado669@bol.com.br;51995903692;RUA XV DE NOVEMBRO, N. S/N;VILA MARIANA;Porto Alegre;Rio Grande do Sul;93645-469;S;04/07/2021
100194;LUCIA CONCEICAO;120.967.066-61;03/09/1976;F;lucia_con150@bol.com.br;(11) 99309-6305;RUA MARECHAL DEODORO, 2962;SÃO JOSÉ;São Paulo;São Paulo;09253-524;S;04/09/2022
100195;CLAUDIA  RODRIGUES FERREIRA ;96194625562;05/03/1966;;claudiaferreira791@hotmail.com;1169045929;RUA CASTRO ALVES, 504;LIBERDADE;São Paulo;SP;05418194;N;24/06/2024
100196;PRISCILA DIAS MENDES SILVA;42916747591;01/11/1985;F;;51983065462;PRACA Rio Branco, nº 142 - Apto 31;CENTRO;Porto Alegre;Rio Grande do Sul;97771-204;N;24/10/2023
100197;FABIO MACHADO ANDRADE;84913189760;29/06/1970;M;fabioandrade610@yahoo.com.br;11961522471;Alameda Tiradentes, N. 950;VILA NOVA;São Paulo;São Paulo;08133-960;;27/04/2023
100198;PAULO MELO PEREIRA;23892501815;08/09/1963;M;paulo_per967@gmail.com;11972781482;Rua dos Andradas, 2674 - Apto 31;PARQUE INDUSTRIAL;São Paulo;sp;04846-632;N;03/05/2023
100199;JOÃO MARTINS ARAÚJO;032.632.422-45;24/01/1992;M;joaoaraujo980@outlook.com;11 986452368;RUA DAS PALMEIRAS, 1475;JARDIM AMÉRICA;Santo André;SP;08257-301;;05/07/2024
100200;DEBORA  SILVA MOREIRA ;219.711.703-30;09/06/1985;F;debora_mor49@;11 988589895;R Rio Branco, 854;VILA NOVA;São Paulo;SP;04582000;;05/03/2021
100201;MATEUS SANTOS LIMA;566.945.022-14;01/04/1982;M;mateus.lima50@yahoo.com.br;41 974356068;R DA LIBERDADE, Nº 393 - FUNDOS;VILA MARIANA;Curitiba;Paraná;83863-230;S;18/08/2023
100202;HELIO GOMES FERREIRA;61121589812;10/04/1995;M;helio_fer653@hotmail.com;11 996113359;AV PRESIDENTE VARGAS, 232;SÃO JOSÉ;São Paulo;SP;05556-257;S;13/01/2021
100203;HELIO NASCIMENTO FREITAS;76635761870;28/03/1983;M;helio_fre469@yahoo.com.br;;AV CASTRO ALVES, 2160;BOA VISTA;Florianópolis;Santa Catarina;84590-798;N;07/10/2021
100204;ANA  ROCHA ;14133377915;21/05/1987;F;ana_roc68723@yahoo.com.br;(11) 97268-7692;R MARECHAL DEODORO, 2576;PARQUE INDUSTRIAL;São Paulo;sp;03161-609;N;20/11/2020
100205;SIMONE ASSUNÇÃO ARAÚJO;661.875.727-42;30/07/1984;F;simone.araujo757@uol.com.br;(11) 99057-9508;Alameda das Palmeiras, nº 1664;JARDIM AMÉRICA;São Paulo;sp;09465-205;N;04/07/2023
100206;LEONARDO CARDOSO MAGALHAES NASCIMENTO;288.837.693-84;08/10/1983;M;leonardonascimento571@outlook.com;11 960781916;R. BRASIL, 22 - BLOCO B APTO 104;VILA NOVA;São Paulo;SP;04447-680;N;04/12/2024
100207;BEATRIZ RODRIGUES;17799998369;01/12/1998;F;beatrizrodrigues66944@yahoo.com.br;(21) 8722-6471;RUA DAS PALMEIRAS, 1065 - BLOCO B APTO 104;VILA NOVA;RIO DE JANEIRO;rj;23553611;N;02/08/2024
100208;HELENA CARDOSO;22370937769;23/11/1995;F;;41 978527541;RUA BRASIL, N. 84 - FUNDOS;JARDIM DAS FLORES;Curitiba;PR;84320-738;N;24/08/2024
100209;RODRIGO NASCIMENTO MELO;88380440869;28/12/1987;M;rodrigo.melo612@bol.com.br;11 961822950;AVENIDA SETE DE SETEMBRO, 747;JARDIM AMÉRICA;São Paulo;SP;04020947;;19/08/2025
100210;GABRIELA FERREIRA MACHADO;43829776497;03/11/1992;F;gabriela_mac721@bol.com.br;11 980243013;RUA DOS IPÊS, Nº 1078 - APTO 31;SÃO JOSÉ;São Paulo;sp;09547801;S;21/10/2025
100211;ANTÔNIO ARAÚJO GUIMARÃES;481.197.677-05;05/05/1986;M;antonio.guimaraes845@bol.con.br;16968315994;R BRASIL, 2196 - CASA 2;BELA VISTA;Ribeirão Preto - SP;SP;12372-044;N;29/10/2021
100212;RAQUEL BARBOSA;12889819612;06/06/1976;F;raquelbarbosa365@yahoo.com.br;(11) 7886-1491;Av Rio Branco, N. 653 - Fundos;VILA MARIANA;São Paulo;SP;04949821;S;08/10/2022
100213;ANTÔNIO MOREIRA;519.508.216-25;10/02/1984;M;;(11) 9283-5269;Av dos Ipês, N. 2386;BELA VISTA;Guarulhos;;04866245;N;19/07/2025
100214;CAIO MARTINS FREITAS;816.724.305-26;08/07/1958;M;caio.freitas110@outlook.com;(11) 99466-3193;PRAÇA PRESIDENTE VARGAS, N. 1319;BOA VISTA;SAO PAULO;SP;07747247;S;01/03/2025
100215;LUCAS MELO;311.219.849-24;01/01/1900;M;lucas_mel860@bol.com.br;(11) 97162-6715;Avenida das Flores, nº 2502;CENTRO;Guarulhos;SP;7531251;;11/05/2019
100216;JOÃO CARDOSO SOUZA PEREIRA;60359586481;18/07/1992;M;;19965273532;R. PRESIDENTE VARGAS, N. 1539 - FUNDOS;VILA NOVA;campinas ;SP;11581-521;S;16/04/2022
100217;MÁRCIO FERREIRA FREITAS;575.147.252-70;18/07/1971;M;marcio_fre232@bol.com.br;21977145588;R. Paulista, N. 2726;VILA MARIANA;Niterói;RJ;23698836;N;22/08/2021
100218;LETICIA MARQUES;888.324.554-71;02/11/1992;F;;2169424434;Avenida Marechal Deodoro, nº 757 - Casa 2;BELA VISTA;Niterói;RJ;29050-065;N;03/08/2023
100219;PRISCILA BRANDÃO ROCHA;83452781593;22/09/1983;F;priscilarocha250@gmail.com;41964567123;R. RIO BRANCO, N. 914;VILA NOVA;Curitiba;Paraná;88769-530;S;08/02/2021
100220;CECÍLIA ASSUNÇÃO FERREIRA;67771062601;07/07/1971;F; CECILIA_FER398@UOL.COM.BR ;1975932490;Rua Presidente Vargas, 1324;CENTRO;Campinas;São Paulo;18588-241;N;29/06/2021
100221;THIAGO RIBEIRO RODRIGUES NASCIMENTO;82664416340;01/06/1947;M;thiagonascimento950@outlook.com;31967304648;RUA CASTRO ALVES, Nº 2090;CENTRO;Belo Horizonte;Minas Gerais;33550582;S;13/01/2019
100222;ANTÔNIO NASCIMENTO PEIXOTO MARTINS;964.258.540-57;28/03/1980;M;raqueloliveira834@hotmail.com;(11) 99717-5490;Trav. Getúlio Vargas, nº 1775 - Fundos;BOA VISTA;São Paulo;;02748013;S;22/08/2022
100223;ISABELA LIMA;33371766748;28/04/1971;F;isabela_lim869@hotmail.com;11962507028;RUA DAS PALMEIRAS, Nº 2037;VILA MARIANA;São Paulo;São Paulo;08333870;N;23/10/2021
100224;PAULO MARTINS MENDES;17704856359;03/11/1990;M;paulomendes928@uol.com.br;62991972738;RUA DA LIBERDADE, Nº 2890;BOA VISTA;GOIANIA;Goiás;76396344;S;01/04/2023
100225;CECILIA OLIVEIRA;28950075270;06/11/1991;F;ceciliaoliveira916@hotmail.com;(21) 98178-1793;RUA PRESIDENTE VARGAS, N. 1535;VILA MARIANA;Niterói;Rio de Janeiro;24336732;S;28/12/2022
100226;JOAO SANTOS;33951959614;10/06/1987;M;joaosantos236@gmail.com;(11) 98561-5692;R. PAULISTA, N. 490;SANTO ANTÔNIO;Santo André - SP;São Paulo;05668062;N;10/04/2023
100227;BEATRIZ CONCEIÇÃO ROCHA NASCIMENTO;84216808387;16/01/1977;F;beatriz_nas932@yahoo.com.br;11 974268528;Avenida Brasil, nº 2556;BELA VISTA;São Paulo;SP;07921-621;S;01/08/2024
100228;LARISSA BARBOSA;62254322052;22/04/1990;F;larissabarbosa537@gmail.com;11 969172234;Rua Getúlio Vargas, 2699;SANTO ANTÔNIO;SAO PAULO;SP;06757120;S;13/02/2021
100229;BRUNO ANDRADE OLIVEIRA;043.960.157-63;24/01/1978;M;bruno.oliveira825@bol.com.br;11961024125;RUA DOS IPÊS, Nº 2705;SANTA CECÍLIA;São Paulo;SP;02503160;S;09/06/2022
100230;MÁRCIA ROCHA;461.277.507-41;28/01/1995;F;marciarocha102@gmail.com;;RUA TIRADENTES, N. 135;VILA NOVA;Curitiba - PR;PR;88409588;N;10/11/2020
100231;MATEUS SILVA;804.991.997-82;31/03/1991;M;mateus.silva98288@outlook.com;11 976555417;AV Rio Branco, 746 - Casa 2;PARQUE INDUSTRIAL;São Paulo;SP;04328-471;N;10/10/2022
100232;DEBORA CARVALHO PEREIRA;17396782902;01/05/1990;F;debora.pereira813@outlook.com;11 71126866;RUA MARECHAL DEODORO, Nº 2584 - APTO 31;BELA VISTA;S. Paulo;sp;06491324;S;02/09/2021
100233;SR.  LARISSA ROCHA MAGALHAES ;875.339.358-96;31/12/1933;F;;16999411915;RUA GETÚLIO VARGAS, Nº 1985;CENTRO;Ribeirão Preto;São Paulo;19358-871;N;24/08/2019
100234;RENATA GUIMARÃES PEREIRA;04933023441;12/03/1995;F;renata.pereira428@outlok.com;3171848301;RUA GETÚLIO VARGAS, Nº 2536;JARDIM AMÉRICA;belo horizonte ;MG;39768503;S;16/02/2020
100235;ANDRE ASSUNCAO BRANDAO COSTA;51951450086;23/12/1944;M;andrecosta299@hotmal.com;98304-6898;R RIO BRANCO, Nº 2608;JARDIM AMÉRICA;SAO PAULO;São Paulo;06409-235;S;25/06/2022
100236;SIMONE  ALVES MARTINS LIMA ;64070956204;15/10/1966;F;simone.lima511@gmail.com;(19) 96342-1311;AV DAS FLORES, Nº 1577 - APTO 12;PARQUE INDUSTRIAL;Campinas;sp;11920-172;N;14/08/2019
100237;LUCAS ASSUNCAO;198.994.001-30;21/02/2001;M; LUCAS.ASSUNCAO465@BOL.COM.BR ;1196051756;RUA TIRADENTES, N. 2007;BOA VISTA;São Paulo;SP;04749873;S;29/10/2020
100238;GUSTAVO M. NUNES;572.106.619-99;10/09/1979;M;gustavo_nun298@uol.com.br;3178428263;AVENIDA DAS PALMEIRAS, N. 1455;VILA NOVA;Belo Horizonte;MG;32505622;S;22/09/2024
100239;CLAUDIA  SANTOS ANDRADE ;531.960.489-00;12/05/1999;F;claudiaandrade864@outlook.com;(11) 97124-9668;RUA GETÚLIO VARGAS, N. 1786;CENTRO;SAO PAULO;São Paulo;06392655;N;06/05/2025
100240;SÉRGIO ASSUNÇÃO;27423934208;24/09/2005;M;sergioassuncao517@gmai.com;21 75449440;Travessa Dom Pedro II, 2307;VILA MARIANA;NITEROI;RJ;26548216;S;01/04/2019
100241;RODRIGO ALVES ALVES;758.880.059-32;05/07/1997;M;rodrigo.alves830@uol.com.br;98467-8947;Rua Santos Dumont, 1026 - Apto 12;JARDIM DAS FLORES;Porto Alegre;RS;95293833;S;12/08/2020
100242;LARISSA GUIMARAES ROCHA COSTA;269.032.928-02;29/11/1997;F;larissa_cos722@outlook.com;(11) 6379-4132;RUA Sete de Setembro, N. 2266;SANTO ANTÔNIO;São Paulo;;02061-362;S;24/07/2025
100243;ISABELA F. MARTINS;07562203601;27/08/1987;F;isabela.martins205@bol.com.br;(21) 97466-9774;R SÃO JOÃO, 1721 - BLOCO B APTO 104;JARDIM AMÉRICA;NITEROI;rj;23731-247;N;06/07/2021
100244;ALINE COSTA SILVA;82306560293;02/09/1983;F;alinesilva692@@hotmail.com;(71) 97580-1886;AVENIDA DA LIBERDADE, 526;BELA VISTA;Salvador;BA;48731270;;07/10/2025
100245;OTAVIO OLIVEIRA CONCEICAO;69705874522;02/03/1968;M;otavioconceicao996@outlook.com;(21) 96805-9594;AV. MARECHAL DEODORO, N. 2914 - CASA 2;VILA NOVA;Rio de Janeiro;RJ;27532628;S;02/09/2025
100246;ISABELA ANDRADE RODRIGUES;031.801.552-80;20/05/1960;F;isabela_rod197@hotmail.com;51 976964673;R. DOM PEDRO II, 621 - BLOCO B APTO 104;SANTO ANTÔNIO;Porto Alegre;RS;93019581;S;26/05/2024
100247;LUIZA ROCHA;58370796370;09/05/1974;F;;(11) 98387-4892;RUA RIO BRANCO, 1460;JARDIM AMÉRICA;Santo André;SP;05337388;N;06/07/2025
100248;EDUARDO BARBOSA;29974115132;26/02/1971;M;eduardo.barbosa514@gmai.com;41962047402;Rua das Flores, 340 - Apto 12;CENTRO;Curitiba;Paraná;86510922;S;11/11/2024
100249;PATRICIA PEIXOTO;94231808848;10/10/1985;F; PATRICIAPEIXOTO75@HOTMAIL.COM ;61975426815;RUA DAS FLORES, N. 1192;BOA VISTA;Brasília;DF;76389833;S;05/01/2022
100250;JOANA  MARQUES ;44649903980;26/06/1942;F;joana.marques179@gmail.com;11 960231528;R Brasil, nº 2933 - Bloco B Apto 104;JARDIM DAS FLORES;Santo André;SP;04372-328;N;29/11/2025
100251;SERGIO ALVES;819.894.776-07;09/06/1972;;sergio_alv940@outlook.com;3161823813;R Brasil, N. 925;VILA MARIANA;Belo Horizonte;mg;36260955;S;08/05/2020
100252;HÉLIO ROCHA FREITAS;23737400954;18/01/1994;M;heliofreitas434@yahoo.com.bt;3273161561;R. das Palmeiras, nº 1616;SANTA CECÍLIA;Juiz de Fora;Minas Gerais;37253257;S;26/04/2022
100253;DANIEL MELO MOREIRA;52525243510;04/06/1998;M;daniel_mor311@yahoo.com.br;99130-2678;RUA Castro Alves, N. 2091 - Casa 2;JARDIM DAS FLORES;Florianópolis;SC;86927-593;S;27/07/2023
100254;CLÁUDIA PEIXOTO FERREIRA PEIXOTO;40288188691;28/10/1991;F;claudiapeixoto75116@bol.com.br;;R CASTRO ALVES, Nº 2433;VILA MARIANA;Juiz de Fora;Minas Gerais;37295-849;;14/09/2023
100255;CAMILA FERREIRA BARBOSA;99248530672;26/07/2002;F;camila_bar810@gmail.com;(51) 98857-7526;Rua Dom Pedro II, N. 2594;SANTA CECÍLIA;Porto Alegre;rs;94419-705;N;04/05/2024
100256;MARCIA GOMES GUIMARAES;89344707200;16/01/1977;F;marcia_gui274@yahoo.com.br;31979501165;AVENIDA MARECHAL DEODORO, Nº 1082;CENTRO;Belo Horizonte;Minas Gerais;33621-966;S;12/05/2019
100257;SR. JULIA MARQUES;19685240108;25/12/1993;F;julia.marques866@gmail.com;21 977366771;RUA RIO BRANCO, N. 955;SANTA CECÍLIA;Rio de Janeiro - RJ;Rio de Janeiro;21509055;N;27/09/2022
100258;LÚCIA SOUZA CARVALHO;187.899.580-47;25/07/2004;F;lucia.carvalho262@bol.com.br;(61) 96143-4496;PCA PRESIDENTE VARGAS, Nº 530;VILA MARIANA;Brasília;df;74008-100;S;13/01/2019
100259;DEOBRA NUNES;353.605.039-55;16/07/1944;F;debora.nunes326@outlook.com;21986713873;AV XV de Novembro, 2789;VILA MARIANA;Rio de Janeiro;RJ;22301-265;N;20/10/2022
100260;SERGIO FREITAS SILVA;5332967306;17/11/1948;M;sergiosilva552@uol.com.br;11 996927297;RUA DOS ANDRADAS, Nº 1598;SÃO JOSÉ;SAO PAULO;São Paulo;05081435;S;26/05/2024
100261;DEBORA  RIBEIRO BARBOSA ;02755980559;15/05/1979;F;deborabarbosa635@gmail.com;21 985498790;Rua Tiradentes, N. 1879;VILA NOVA;Rio de Janeiro;RJ;25119860;S;06/11/2022
100262;VITORIA GOMES MELO;43889892078;23/05/1991;F;vitoria.melo267@uol.com.br;(11) 96429-3801;RUA RIO BRANCO, 1843 - CASA 2;BELA VISTA;São Paulo;SP;05671-126;N;22/08/2023
100263;ALINE FREITAS;57401112930;23/07/1971;F;aline_fre578@yaho.com.br;(19) 98226-5986;AV das Flores, nº 1430;BOA VISTA;Campinas;São Paulo;12035416;N;30/05/2020
100264;ANDRÉ MOREIRA;375.712.710-29;14/09/1996;M;otavioguimaraes673@uol.com.br;21968012700;R CASTRO ALVES, Nº 139;PARQUE INDUSTRIAL;Niterói;RJ;28115053;S;18/11/2020
100265;CAIO ANDRADE NASCIMENTO;34479400184;01/02/1988;I;caio_nas91@outlook.com;11 976671431;Avenida Marechal Deodoro, nº 2146;CENTRO;Guarulhos;SP;04180-904;N;13/12/2024
100266;ANTONIO  RODRIGUES GUIMARAES ;63529044492;07/12/1994;M;antonio_gui808@gmail.con;19 962057500;Pca Castro Alves, nº 2729;SÃO JOSÉ;Campinas;SP;11193-268;N;08/02/2022
100267;ALINE MOREIRA;620.810.974-43;24/09/1939;F;aline_mor16389@gmail.com;(11) 97469-3279;R. DOS ANDRADAS, 677 - FUNDOS;SANTA CECÍLIA;São Paulo;SP;06839837;N;13/01/2023
100268;EDUARDO ARAÚJO;11314125168;24/12/1978;M; EDUARDO_ARA855@OUTLOOK.COM ;11 963431512;Rua São João, nº 228;VILA NOVA;Santo André - SP;São Paulo;09176912;N;04/06/2020
100269;SONIA SOUZA RIBEIRO;00595595197;08/05/1987;F;sonia_rib157@bol.com.br;11 975108072;RUA SANTOS DUMONT, Nº 2737;PARQUE INDUSTRIAL;SAO PAULO;SP;03242-158;N;06/01/2019
100270;LETICIA  NASCIMENTO ;21763285901;18/05/1983;F;leticianascimento107@bol.com.br;11 62745612;Rua Rio Branco, 1707;LIBERDADE;São Paulo;SP;7066841;N;09/12/2020
100271;JOAO ASSUNCAO COSTA;173.573.228-15;16/12/1958;;joao.costa411@outlook.com;71 968487526;Rua Dom Pedro II, nº 1334 - Apto 12;LIBERDADE;Salvador;BA;45962369;N;30/05/2023
100272;BRUNO ASSUNCAO LIMA;64942293448;19/03/1979;M;brunolima949@bol.com.br;21979971543;ALAMEDA PRESIDENTE VARGAS, N. 1785 - CASA 2;JARDIM DAS FLORES;Rio de Janeiro;Rio de Janeiro;27494-042;S;24/03/2025
100273;LUÍZA SILVA MENDES;916.207.279-00;19/10/1975;F;luizamendes924@outlook.com;(48) 96300-5468;Rua das Flores, N. 1218;SANTO ANTÔNIO;Florianópolis;Santa Catarina;81657059;S;09/01/2023
100274;SIMONE PEREIRA PEIXOTO;68373673237;12/04/2000;;simonepeixoto998@bol.com.br;(71) 97105-2497;RUA CASTRO ALVES, Nº S/N;VILA MARIANA;SALVADOR;BA;44454-808;S;23/05/2022
100275;ANA RIBEIRO;543.490.241-66;06/08/1964;F;;(11) 97714-4892;Rua dos Andradas, 807;SANTA CECÍLIA;são paulo ;sp;04899-618;;31/10/2024
100276;FABIO NUNES;61768309230;09/10/2000;M;fabio.nunes657@hotmail.com;21 978517332;R Sete de Setembro, nº 728;BELA VISTA;Rio de Janeiro;rj;22290-411;N;07/01/2023
100277;BRUNO  NASCIMENTO SOUZA MELO ;27883000004;15/12/1999;M;bruno_mel520@uol.com.br;11992625910;RUA DOM PEDRO II, N. 2156 - BLOCO B APTO 104;SANTO ANTÔNIO;Guarulhos;São Paulo;05175-614;N;26/10/2025
100278;LUCAS OLIVEIRA SANTOS;27252255239;12/11/1977;M;lucas.santos453@outlook.com;21 982872470;Avenida Marechal Deodoro, 945;CENTRO;Niterói;Rio de Janeiro;27583401;S;22/01/2024
100279;HELENA FERREIRA FREITAS;274.272.873-20;16/06/1956;F;helena_fre364@gmail.com;48981584695;TRAV. PAULISTA, 312;VILA MARIANA;Florianópolis - SC;Santa Catarina;84094-075;S;10/10/2024
100280;PAULO SOUZA NASCIMENTO;487.209.609-64;22/11/1943;M;paulonascimento371@outlook.com;51 983785291;R. das Flores, N. 2767;LIBERDADE;Porto Alegre;RS;97414418;N;15/09/2022
100281;MARCIO ROCHA GUIMARAES;725.466.604-03;21/08/1968;M;marcio_gui396@hotmail.com;;Rua Brasil, N. 984 - Bloco B Apto 104;SÃO JOSÉ;Goiânia;GO;75121819;S;05/10/2023
100282;BEATRIZ CARDOSO;73727960400;05/06/1980;F; BEATRIZ.CARDOSO162@GMAIL.COM ;16999211402;Avenida Tiradentes, nº 330;SÃO JOSÉ;Ribeirão Preto - SP;sp;12972-817;S;12/12/2019
100283;PRISCILA LIMA PEREIRA;147.666.324-60;28/04/1980;F;priscila_per192@bol.com.br;21995995098;R Presidente Vargas, 2897 - Casa 2;BOA VISTA;Rio de Janeiro;Rio de Janeiro;22238-183;;20/11/2024
100284;RENATA ASSUNÇÃO BARBOSA;35621033795;24/02/1998;I;renata.barbosa91163@gmail.com;11 971598444;Avenida Presidente Vargas, 41;VILA MARIANA;São Paulo;sp;07644-666;N;27/01/2024
100285;LETÍCIA NASCIMENTO MELO;17728925764;11/06/1986;F;leticiamelo584@yahoo.com.br;(11) 96747-7143;Rua Paulista, 2979 - Fundos;JARDIM AMÉRICA;São Paulo;SP;02241-743;N;21/05/2023
100286;MARCOI SOUZA SILVA;11189252201;23/10/1987;M;marciosilva754@outlook.com;41 969574732;R. PAULISTA, N. 865;LIBERDADE;Curitiba;pr;83294-994;N;09/09/2024
100287;CLÁUDIA RODRIGUES FERREIRA;96194625562;05/03/1966;; CLAUDIAFERREIRA79195@UOL.COM.BR ;11 990353048;RUA das Palmeiras, nº 917;SÃO JOSÉ;SAO PAULO;sp;06794-006;N;28/06/2022
100288;MARCIA MAGALHAES PEIXOTO;58973694960;16/01/1984;F;marcia_pei220@yahoo.com.br;(51) 8195-1249;TV. DAS PALMEIRAS, N. 1685;JARDIM DAS FLORES;Porto Alegre;Rio Grande do Sul;92103736;S;22/04/2023
100289;RAQUEL SANTOS;65107017401;30/11/1989;F;raquel.santos879@bol.com.br;(51) 99659-4029;Av Brasil, S/N - Apto 31;BOA VISTA;Porto Alegre;RS;98203-424;S;30/03/2025
100290;VITORIA GUIMARAES SOUZA;377.012.400-63;20/12/1979;F;vitoriasouza71@uol.com.br;(41) 7734-1841;AVENIDA DAS PALMEIRAS, N. 643;LIBERDADE;Curitiba;PR;87027362;N;16/06/2024
100291;DEBORA BRANDAO GOMES NASCIMENTO;58238933293;15/05/2000;F;debora_nas613@bol.com.br;11 989948739;Rua São João, N. 1749 - Bloco B Apto 104;BELA VISTA;São Paulo;São Paulo;05738922;S;10/05/2025
100292;HENRIQUE GUIMARÃES MARTINS;873.774.230-21;20/05/1985;M;;32 69368632;AVENIDA SANTOS DUMONT, Nº 1227 - APTO 12;SANTO ANTÔNIO;JUIZ DE FORA;MG;35078558;S;15/03/2019
100293;ANDRE OLIVEIRA ARAUJO;98525530204;26/12/1984;I;andre_ara510@yahoo.com.br;11978368444;Rua Tiradentes, N. 2160;VILA NOVA;São Paulo;SP;01337-707;S;30/09/2022
100294;RAFAEL FREITAS RIBEIRO;711.461.246-00;20/07/1971;M;rafael_rib840@uol.com.br;21982127717;RUA Santos Dumont, 2683 - Fundos;JARDIM AMÉRICA;Rio de Janeiro;RJ;21447-707;S;16/10/2024
100295;ANA GOMES ASSUNCAO SILVA;183.415.088-42;05/07/1995;F;ana.silva745@uol.com.br;31 960805182;R Castro Alves, 1346;CENTRO;Belo Horizonte;Minas Gerais;31074-250;S;06/02/2021
100296;PRISCILA ARAÚJO;219.841.030-32;31/12/1933;F;priscila_ara704@gmail.com;21974106281;R. das Flores, N. 1128;VILA NOVA;RIO DE JANEIRO;RJ;21171001;S;19/06/2021
100297;GABRIELA MACHADO;35212145597;14/05/1988;F;gabriela.machado127@bol.con.br;61 986556541;AVENIDA PRESIDENTE VARGAS, Nº 332 - APTO 31;BELA VISTA;Brasília;DF;79915-163;S;17/12/2022
100298;LUCAS FREITAS;00937055735;13/02/2003;M;lucas_fre72@bol.con.br;11 62619009;AVENIDA PRESIDENTE VARGAS, 2724 - FUNDOS;BOA VISTA;São Paulo;São Paulo;07890-479;;08/05/2022
100299;ALINE LIMA BRANDÃO CARDOSO;746.853.949-92;07/02/1977;F;aline_car865@bol.com.br;21977467402;R. RIO BRANCO, N. 1607 - FUNDOS;BELA VISTA;Niterói;RJ;22101263;;13/03/2021
100300;MARCELO ARAUJO MELO CARVALHO;881.156.846-35;07/12/1975;M;marcelocarvalho769@uol.com.br;11 989189275;R. CASTRO ALVES, 835 - BLOCO B APTO 104;VILA NOVA;São Paulo;SP;09619-090;S;01/12/2024
100301;GABRIELA MOREIRA GOMES;12995027767;08/01/1989;F;gabriela.gomes675@yahoo.com.br;19997667543;R Tiradentes, nº 1742 - Apto 31;PARQUE INDUSTRIAL;Campinas;SP;15488260;S;15/07/2020
100302;FERNANDO B. MOREIRA;872.283.700-07;16/01/1989;M;fernando.moreira99761@uol.com.br;31 994646464;Avenida Marechal Deodoro, N. 1611;VILA MARIANA;Belo Horizonte;MG;37553412;S;09/09/2019
100303;LEONARDO COSTA;40788226142;08/01/2001;M;leonardo.costa857@outlook.com;(11) 97678-4751;Av São João, 1296;CENTRO;Santo André;SP;02308-056;S;18/04/2025
100304;MARCIO ANDRADE GOMES;498.134.375-29;13/05/1989;M;marcio.gomes629@outlook.com;11966387756;RUA TIRADENTES, N. 1148 - APTO 12;VILA MARIANA;SAO PAULO;São Paulo;08549-599;N;12/05/2025
100305;BRUNO MOREIRA ALVES;126.890.782-01;13/12/1987;M;bruno.alves822@bol.com.br;(11) 99162-9745;Rua dos Ipês, 2288;SANTA CECÍLIA;Sampa;SP;03806-859;N;18/11/2023
100306;LUÍS FERREIRA CARVALHO;51541054784;01/01/1900;M;luiscarvalho714@@gmail.com;;Rua Sete de Setembro, 2642;SANTA CECÍLIA;Ribeirão Preto;São Paulo;11592-780;N;05/04/2020
100307;NATALIA RODRIGUES DIAS;93191631380;11/04/1977;F;nataliadias648@outlook.com;31 971321954;R SANTOS DUMONT, Nº 2094 - BLOCO B APTO 104;BELA VISTA;Belo Horizonte - MG;Minas Gerais;38748880;N;16/07/2020
100308;MARCIO MELO ARAUJO MENDES;07834276034;02/03/1971;M;marcio_men768@bol.com.br;11994144255;Travessa Getúlio Vargas, 674 - Casa 2;SANTO ANTÔNIO;São Paulo;São Paulo;07313-042;N;09/08/2025
100309;GABRIELA M. PEIXOTO;170.718.979-05;16/07/1984;;gabriela_pei320@uol.com.br;19974632132;TRAVESSA DA LIBERDADE, 202;SANTO ANTÔNIO;Campinas;SP;14586484;S;03/12/2022
100310;FERNANDO CONCEIÇÃO MAGALHÃES;320.756.924-24;01/08/1989;M;fernando.magalhaes15163@gmail.com;;AV TIRADENTES, N. 2802;VILA NOVA;São Paulo;SP;05381352;N;23/07/2024
100311;SIMONE BARBOSA;84478361185;29/08/1963;F;simonebarbosa34349@hotmail.com;11 76373176;R dos Ipês, 1469;VILA NOVA;São Paulo;SP;05751576;;22/06/2025
100312;RENATA DIAS SOUZA MARQUES;737.542.001-78;07/11/1979;F; RENATAMARQUES852@BOL.COM.BR ;31 969333103;R. das Palmeiras, 1702;LIBERDADE;Belo Horizonte;MG;36125415;;18/04/2024
100313;GUSTAVO RODRIGUES MARQUES;46930490695;09/05/2004;M;gustavomarques854@hotmail.com;61965131883;RUA TIRADENTES, Nº 1063;SANTO ANTÔNIO;Brasília;Distrito Federal;71576-124;S;18/10/2021
100314;ISABELA CARVALHO CONCEICAO;70302777598;09/04/1996;F;isabela_con862@bol.com.br;(81) 97458-7667;RUA SÃO JOÃO, Nº 2304;SANTO ANTÔNIO;Recife;pe;58929-417;S;13/05/2022
100315;SÉRGIO P. SANTOS;3,85101E+10;31/12/1933;M;sergiosantos965@yahoo.com.br;5180721946;AVENIDA GETÚLIO VARGAS, N. 1676 - FUNDOS;LIBERDADE;PORTO ALEGRE;Rio Grande do Sul;98589352;S;03/11/2023
100316;JOANA PEREIRA ALVES SOUZA;82812269944;16/02/1990;F; JOANASOUZA231@UOL.COM.BR ;;RUA GETÚLIO VARGAS, Nº 2402 - APTO 12;SANTO ANTÔNIO;Porto Alegre;RS;97828671;S;06/08/2025
100317;CAMILA NUNES BARBOSA COSTA;344.379.164-68;23/09/2000;F;camila.costa595@outlook.com;;Avenida dos Ipês, N. 1234;BOA VISTA;Curitiba;Paraná;84967-766;N;13/09/2022
100318;ANA DIAS SOUZA;938.474.427-16;22/11/1962;F;anasouza872@outlook.com;99755-8218;Rua Rio Branco, 2958;CENTRO;Curitiba;;87363-538;S;12/10/2023
100319;GABRIELA SILVA ANDRADE SILVA;651.784.777-40;28/01/2002;F; GABRIELA_SIL179@OUTLOOK.COM ;84371775;Rua dos Andradas, nº 2445;BELA VISTA;Guarulhos;São Paulo;06107-425;S;27/06/2019
100320;ANDRÉ MACHADO;96106678480;16/09/1963;M;andremachado242@gmail.com;11991153929;Avenida Presidente Vargas, 1960 - Bloco B Apto 104;LIBERDADE;São Paulo;São Paulo;09100964;;08/06/2022
100321;RAQUEL GOMES ARAUJO MOREIRA;94677524769;26/10/1989;F;raquel_mor56@uol.com.br;99493-3827;RUA Castro Alves, 1492;BELA VISTA;Rio de Janeiro;RJ;27266024;N;21/07/2025
100322;MARIANA GOMES CONCEICAO;71965403360;15/09/1988;;marianaconceicao53@outlook.com;1188651215;Av. Paulista, nº 1446 - Bloco B Apto 104;BOA VISTA;São Paulo;SP;03334983;S;04/07/2024
100323;SONIA BARBOSA MARTINS;328.545.839-90;01/04/1975;F;sonia_mar630@bol.com.br;11960787628;RUA SANTOS DUMONT, N. 2568 - APTO 12;LIBERDADE;GUARULHOS;sp;03269-395;S;19/03/2020
100324;OTÁVIO MACHADO PEIXOTO;6,81008E+10;04/05/1991;M;otavio.peixoto10@yahoo.com.br;31 75472274;R. TIRADENTES, N. 613;LIBERDADE;Belo Horizonte;Minas Gerais;36627-727;S;08/12/2019
100325;JOAO LIMA PEREIRA;79203138218;18/11/1961;;;99957-2884;R. Castro Alves, N. 36;BELA VISTA;Salvador;BA;46802-668;S;16/01/2025
100326;MARIANA ALVES BARBOSA PEIXOTO;28057347180;21/10/1989;F;;31 993413802;Avenida dos Andradas, N. 2811 - Apto 12;VILA MARIANA;Belo Horizonte;MG;32996625;N;24/03/2021
100327;JULIA CARVALHO RIBEIRO OLIVEIRA;083.932.702-19;22/06/1994;F;juliaoliveira760@bol.com.br;(51) 99412-6277;RUA PAULISTA, Nº 854;SANTO ANTÔNIO;Porto Alegre;Rio Grande do Sul;93720070;N;16/11/2023
100328;EDUARDO CARVALHO;57229742854;20/08/1999;;eduardocarvalho382@hotmail.com;;RUA PRESIDENTE VARGAS, Nº 659 - BLOCO B APTO 104;CENTRO;Brasília;DF;78168-556;S;06/01/2025
100329;HELENA BRANDAO;290.952.672-02;31/12/1933;F;helenabrandao345@outlook.com;(21) 99253-6977;AVENIDA DAS PALMEIRAS, Nº 2966 - APTO 12;BOA VISTA;Rio;rj;27492992;;10/12/2025
100330;CAMILA PEREIRA CARDOSO;429.622.472-70;12/06/1995;F;camilacardoso406@bol.com.br;62 966217690;Alameda Paulista, nº 713;JARDIM AMÉRICA;GOIANIA;GO;75394011;N;14/06/2019
100331;HELIO GUIMARAES;269.179.286-23;26/06/1982;; HELIO.GUIMARAES642@HOTMAIL.COM ;1196973946;Avenida Getúlio Vargas, nº 2108 - Apto 31;SANTA CECÍLIA;são paulo ;SP;02026-948;S;23/08/2024
100332;FERNANDA ROCHA BRANDÃO;062.165.403-51;21/05/1966;F;;71 988277001;RUA DA LIBERDADE, 2548 - BLOCO B APTO 104;VILA MARIANA;Salvador;BA;43267-904;;19/11/2023
100333;ISABELA  FERREIRA ;290.974.686-04;12/08/2000;F;isabela.ferreira946@outlook.com;96786-6216;Rua das Palmeiras, nº 1703 - Fundos;SANTA CECÍLIA;Porto Alegre;rs;92295503;S;23/04/2025
100334;CLÁUDIA MOREIRA ARAÚJO;184.799.124-64;15/01/2000;F;claudiaaraujo83663@bol.com.br;81977768821;RUA XV de Novembro, nº 498;SANTA CECÍLIA;Recife;PE;57841159;S;21/12/2023
100335;OTAVIO FERREIRA;54050625709;06/04/2006;M;sonia_mac374@outlook.com;(62) 8544-7101;RUA RIO BRANCO, 2006 - APTO 12;BELA VISTA;Goiânia;GO;77548906;N;19/02/2023
100336;FERNANDA MARTINS SILVA;77646052558;31/12/1933;F;fernanda.silva7070@outlook.com;31 971288114;R. PAULISTA, S/N;SANTA CECÍLIA;Belo Horizonte;Minas Gerais;36390173;N;13/09/2022
100337;MATEUS  AMCHADO ;999.137.670-40;08/08/1978;M;;(11) 98788-7976;Rua dos Ipês, nº 1107;PARQUE INDUSTRIAL;São Paulo;sp;06100-131;N;10/04/2021
100338;FERNANDA ALVES FREITAS NASCIMENTO;62614995517;03/11/1972;F;fernanda_nas287@outlook.com;;RUA TIRADENTES, 1100;SANTA CECÍLIA;São Paulo;São Paulo;9394570;N;14/01/2024
100339;VITORIA GOMES;035.795.932-93;23/09/1997;F;;99368-4700;Travessa Getúlio Vargas, N. 2192;LIBERDADE;Ribeirão Preto;São Paulo;13620715;N;13/08/2019
100340;SONIA MELO FREITAS MAGALHAES;56569370383;19/05/1964;F; SONIAMAGALHAES467@GMAIL.COM ;(21) 7163-6418;R. MARECHAL DEODORO, N. 358 - APTO 31;SANTA CECÍLIA;Rio de Janeiro;RJ;29858612;S;30/08/2025
100341;FERNANDA PEIXOTO ARAUJO;864360312;18/03/1996;F;fernanda.araujo150@uol.com.br;(41) 96486-5439;AL TIRADENTES, 2170;SANTO ANTÔNIO;CURITIBA;PR;82776-297;N;26/09/2023
100342;HENRIQUE PEIXOTO MENDES;80845896520;30/03/1996;M;henrique.mendes628@hotmail.com;21999747979;R. Marechal Deodoro, N. 2691;SÃO JOSÉ;Rio de Janeiro;Rio de Janeiro;22531-649;N;02/08/2025
100343;EDUARDO MARQUES;79403040890;23/03/1962;M;eduardo.marques559@outlook.com;11983539289;RUA XV DE NOVEMBRO, 1166 - FUNDOS;SÃO JOSÉ;São Paulo;sp;05388668;N;23/08/2021
100344;RAFAEL DIAS;015.182.520-36;26/12/1970;M;rafaeldias239@yahoo.com.br;11 977534429;AV XV DE NOVEMBRO, 1892;VILA MARIANA;S. Paulo;;06793-647;N;11/11/2023
100345;HENRIQUE LIMA FREITAS;49121546010;31/12/1933;M;;11 999592596;R. PRESIDENTE VARGAS, N. 2947 - APTO 12;PARQUE INDUSTRIAL;São Paulo;SP;6459121;N;16/06/2020
100346;JULIA NASCIMENTO SILVA;613.108.148-48;30/12/1989;F;julia.silva6861@gmail.com;51 984361135;Avenida dos Ipês, N. 1570 - Fundos;LIBERDADE;Porto Alegre;RS;99549882;S;15/11/2021
100347;JOÃO BARBOSA MELO;10196868807;15/10/1975;M; JOAO_MEL6@UOL.COM.BR ;32997005458;PCA DAS PALMEIRAS, 2423 - BLOCO B APTO 104;SANTA CECÍLIA;Juiz de Fora - MG;Minas Gerais;31281-075;N;29/03/2020
100348;JOANA SOUZA ASSUNCAO PEIXOTO;70520708806;12/02/1983;F;joana.peixoto106@gmail.com;11988458239;Rua Paulista, N. 1463 - Fundos;VILA NOVA;São Paulo;sp;1610109;N;26/06/2021
100349;ISABELA GOMES;12331070970;25/01/1977;F;isabela_gom94@bol.com.br;(61) 97433-5153;RUA DA LIBERDADE, 2668;VILA MARIANA;Brasília;df;79659-933;S;30/06/2022
100350;LUCIA RIBEIRO MELO;020.527.330-00;01/10/1989;F;lucia.melo904@;5167956381;RUA MARECHAL DEODORO, N. 2416 - BLOCO B APTO 104;CENTRO;Porto Alegre;rs;91048-782;N;23/07/2022
100351;DEBORA ROCHA;104.665.091-20;22/03/1980;F;deborarocha86@yahoo.com.br;(11) 97376-1611;AVENIDA SANTOS DUMONT, 1590;JARDIM AMÉRICA;Santo André;SP;9079447;S;30/06/2019
100352;JOANA MARQUES FERREIRA;47925939648;27/07/1975;F;joana_fer235@gmail.com;31 971498860;AVENIDA GETÚLIO VARGAS, Nº 914;SANTO ANTÔNIO;Belo Horizonte;MG;34798326;;27/08/2022
100353;JOSÉ DIAS;509.633.099-00;29/12/1970;M;julia_and527@bol.com.br;(21) 99480-3354;AL GETÚLIO VARGAS, N. 2341 - APTO 31;CENTRO;Rio de Janeiro;Rio de Janeiro;21536480;N;05/08/2024
100354;VITORIA GOMES FERREIRA ALVES;12872562109;09/02/1976;F;vitoria_alv925@yahoo.com.br;(11) 99695-3604;AV MARECHAL DEODORO, 115;VILA MARIANA;São Paulo;SP;02685527;S;08/06/2024
100355;CECILIA LIMA ARAUJO;839.408.507-56;14/07/1992;F;cecilia.araujo602@hotmail.com;97552-4892;Rua Rio Branco, 2972;SANTO ANTÔNIO;Belo Horizonte;MG;39838-597;S;19/09/2023
100356;BEATRIZ SANTOS SILVA DIAS;443.308.700-96;27/05/1993;F;beatriz_dia876@gmail.com;98052-9236;R. Dom Pedro II, N. 1606;VILA NOVA;brasília ;df;79422642;S;29/06/2023
100357;LUIZA SANTOS;61718856652;18/12/1969;F;luiza.santos112@gmail.com;1185755539;RUA TIRADENTES, Nº 175;PARQUE INDUSTRIAL;São Paulo;SP;1001926;S;28/03/2024
100358;AAN ASSUNÇÃO LIMA;738.637.722-37;31/05/1985;F;analima201@uol.com.br;31 62449362;AV MARECHAL DEODORO, N. 708;BOA VISTA;Belo Horizonte;MG;36305781;N;01/01/2022
100359;FERNANDO MARTINS;42289303879;26/10/1976;M;fernandomartins625@hotmail.com;(62) 96110-5183;R das Flores, N. 2724;LIBERDADE;Goiânia - GO;GO;79400200;S;21/12/2021
100360;JOÃO NUNES;46574847451;16/04/1973;M;joao_nun269@yahoo.com.br;(51) 97158-8208;PCA XV DE NOVEMBRO, Nº 2194;LIBERDADE;Porto Alegre;rs;99943771;S;24/04/2020
100361;DANIEL ROCHA COSTA;94097330659;20/01/2000;M;danielcosta987@uol.com.br;(31) 98173-3775;RUA SANTOS DUMONT, N. 240;VILA NOVA;Belo Horizonte;Minas Gerais;33809305;S;24/03/2022
100362;FERNANDO MELO;496.677.505-15;22/09/1984;M;fernando_mel939@gmail.com;48993535746;RUA SÃO JOÃO, 940;VILA MARIANA;Florianópolis;SC;84007982;;02/07/2025
100363;RODRIGO GUIMARAES;99310692448;30/11/1978;M;rodrigo.guimaraes648@hotmail.com;98199-8789;RUA MARECHAL DEODORO, N. 1433;JARDIM AMÉRICA;Rio de Janeiro;Rio de Janeiro;24692278;N;15/12/2020
100364;RENATA PEIXOTO;363.273.277-96;01/01/1978;F;renatapeixoto242@gmail.com;31962027934;Av. da Liberdade, 2599 - Bloco B Apto 104;CENTRO;Belo Horizonte - MG;mg;33664-709;N;19/07/2022
100365;LUÍZA LIMA MOREIRA;72850701068;11/05/1991;F;luizamoreira427@hotmail.com;31 964364472;RUA dos Andradas, 983;PARQUE INDUSTRIAL;BELO HORIZONTE;MG;35690575;N;11/09/2024
100366;DR. ALINE CARVALHO;77390932112;16/10/1977;F;aline_car3@outlook.com;;RUA PRESIDENTE VARGAS, 674;PARQUE INDUSTRIAL;Brasília;DF;73930-358;N;12/05/2023
100367;RAFAEL OLIVEIRA MARTINS MARTINS;095.224.985-56;29/11/1999;M;rafael_mar183@hotmail.com;19 973846285;RUA XV DE NOVEMBRO, N. 154;CENTRO;Campinas;São Paulo;16816541;N;11/06/2022
100368;BEATRIZ  GUIMARAES COSTA ;024.831.243-05;15/06/1996;F;beatriz.costa197@gmail.com;11 961827696;RUA das Palmeiras, N. 2855 - Apto 12;BOA VISTA;São Paulo - SP;SP;09518691;N;24/05/2021
100369;BRUNO SOUZA PEREIRA GOMES;163.491.536-42;07/03/1985;M;bruno_gom763@uol.com.br;21960821111;Praça São João, N. 2533;CENTRO;Niterói;RJ;21843353;N;17/01/2024
100370;CECILIA NUNES ASSUNCAO;179.876.439-39;28/06/1976;F;cecilia.assuncao755uol.com.br;2163274376;AVENIDA PRESIDENTE VARGAS, Nº 977 - APTO 12;LIBERDADE;Niterói;rj;21800509;N;07/08/2020
100371;SIMONE BRANDAO ARAUJO;91201608104;23/07/1987;F;simonearaujo872@gmail.com;(21) 96791-4240;Rua dos Ipês, N. 1263 - Apto 31;PARQUE INDUSTRIAL;Rio de Janeiro;RJ;24735-033;N;15/01/2023
100372;NATALIA GUIMARAES;27792289364;11/12/1991;F;natalia_gui752@outlook.com;2171499351;RUA MARECHAL DEODORO, 834;LIBERDADE;Rio de Janeiro;Rio de Janeiro;29137835;S;26/06/2024
100373;LUÍZA ALVES NUNES;932.707.529-38;07/02/1996;F;luizanunes726@bol.com.br;96348-8929;R. PRESIDENTE VARGAS, 2883;SANTO ANTÔNIO;Salvador - BA;ba;47959147;S;17/04/2022
100374;FERNANDO CARDOSO COSTA;25631381320;31/12/1933;M;fernandocosta462@bol.com.br;(31) 97305-2361;R XV DE NOVEMBRO, N. 278 - FUNDOS;JARDIM DAS FLORES;Belo Horizonte;MG;38765-368;S;12/08/2019
100375;GABRIELA ANDRADE ARAÚJO;90736731865;10/10/2000;F;gabrielaaraujo915@hotmail.com;16985959258;AV Marechal Deodoro, N. 222;LIBERDADE;Ribeirão Preto;São Paulo;12119-665;S;09/10/2020
100376;THIAGO FERREIRA CARDOSO CARDOSO;267.874.758-10;01/01/1900;M; THIAGO_CAR656@GMAIL.COM ;(11) 9990-2674;Av. Presidente Vargas, 429;PARQUE INDUSTRIAL;SAO PAULO;São Paulo;6202399;S;19/07/2019
100377;RAFAEL PEIXOTO GUIMARÃES;854.227.718-00;30/08/1998;M;rafael_gui627@yahoo.com.br;21 75845029;Av dos Andradas, nº 770;JARDIM DAS FLORES;Rio de Janeiro;RJ;28616-080;N;20/06/2020
100378;ANDRE ROCHA NASCIMENTO SOUZA;55421516474;22/05/1999;M;andre.souza487@yahoo.com.br;5163078939;AL GETÚLIO VARGAS, Nº 1396;SANTA CECÍLIA;Porto Alegre;Rio Grande do Sul;99600-709;S;27/02/2022
100379;VITORIA SILVA;281.070.825-83;31/12/1933;F;vitoria_sil581@yahoo.com.br;71969382158;Rua Marechal Deodoro, 2194 - Casa 2;JARDIM AMÉRICA;salvador ;;45675-517;N;06/11/2022
100380;JOÃO ARAÚJO PEREIRA;17855230238;26/06/1967;M;joaopereira28@uol.com.br;(21) 96304-4879;R SANTOS DUMONT, N. 1734;SANTA CECÍLIA;Rio de Janeiro;RJ;24735-603;N;25/07/2021
100381;EDUARDO SANTOS;579.431.066-95;16/12/1988;;eduardo.santos38@gmail.com;11 974485093;R. DA LIBERDADE, Nº 2744 - APTO 12;VILA NOVA;guarulhos ;São Paulo;03927-476;S;31/08/2019
100382;JULIA CARDOSO;06558827158;25/02/1974;F;julia.cardoso29@;(31) 99681-4107;R. dos Ipês, N. 2539;CENTRO;Belo Horizonte;MG;38104792;N;23/04/2021
100383;LUCIA MARTINS GUIMARAES;579.831.859-10;28/11/1962;F;lucia_gui584@bol.com.br;(19) 99144-9850;AV GETÚLIO VARGAS, Nº 370 - BLOCO B APTO 104;VILA NOVA;Campinas;SP;14233-181;N;08/03/2023
100384;CLAUDIA RIBEIRO;41939644852;25/08/1975;F;claudiaribeiro519@yahoo.com.br;(32) 99287-4075;Av Getúlio Vargas, nº 1326 - Apto 12;JARDIM AMÉRICA;Juiz de Fora;mg;37595-798;;27/01/2021
100385;MARCIA MOREIRA;934.591.810-87;14/08/1989;I;marcia_mor381@gmail.com;(48) 96838-3981;Avenida Tiradentes, nº 1817;LIBERDADE;Florianópolis;;81842260;;12/04/2025
100386;VITORIA ALVES ANDRADE;23015054210;13/01/1993;F;vitoriaandrade370@gmail.com;(11) 96600-3511;R DOS IPÊS, Nº S/N;CENTRO;São Paulo;sp;03492792;N;26/09/2019
100387;GUSTAVO  GUIMARAES LIMA ;712.625.507-18;07/05/1992;M;gustavo_lim628@gmail.com;99866-2095;PÇ. DOS ANDRADAS, N. 2270;PARQUE INDUSTRIAL;Belo Horizonte;Minas Gerais;39446142;S;22/01/2024
100388;DRA. CAIO SANTOS GUIMARAES NUNES;771.404.353-91;20/03/1962;M;caio.nunes94@gmail.com;11978825695;R Marechal Deodoro, 14;SÃO JOSÉ;São Paulo;SP;06002083;;05/08/2023
100389;MARCIO ANDRADE BRANDAO;846.873.468-39;30/07/1980;M;marcio.brandao749@bol.com.br;;R dos Ipês, 174;JARDIM DAS FLORES;belo horizonte ;MG;36439-524;;14/10/2025
100390;ISABELA CONCEICAO RODRIGUES;471.483.629-38;12/11/1993;F;isabelarodrigues661@yahoo.com.br;(41) 97372-2479;RUA TIRADENTES, N. 2772;JARDIM AMÉRICA;CURITIBA;Paraná;86442230;S;04/02/2021
100391;DR.  SIMONE COSTA MAGALHÃES ;82308079657;13/02/1992;F;simone_mag439@yahoo.com.br;41 984502432;RUA PAULISTA, Nº 2863;LIBERDADE;Curitiba;pr;88473-657;S;13/07/2023
100392;LEONARDO MARQUES ASSUNÇÃO;430.994.794-89;17/10/1962;M;leonardo.assuncao703@outlook.con;(11) 9842-5573;ALAMEDA DA LIBERDADE, N. 659;BELA VISTA;São Paulo;SP;03226-764;S;13/06/2025
100393;RENATA NASCIMENTO;66477977699;29/03/1983;F;renatanascimento156@hotmail.com;(31) 98112-9965;Rua Getúlio Vargas, N. 1189;LIBERDADE;belo horizonte ;Minas Gerais;34455979;;18/05/2024
100394;CECILIA ROCHA ANDRADE;66468898137;01/04/1953;F;ceciliaandrade979@bol.com.br;1181281399;R. São João, 146;JARDIM DAS FLORES;São Paulo - SP;sp;02683028;S;27/11/2020
100395;JOÃO MAGALHÃES SOUZA;75069591789;03/10/1957;M; JOAOSOUZA437@BOL.COM.BR ;(61) 99763-8052;AV Castro Alves, 508;CENTRO;BRASILIA;Distrito Federal;72340649;N;03/06/2019
100396;LEONARDO OLIVEIRA BARBOSA;70528644360;27/11/1998;M;sergio_per311@outlook.com;11 996359764;Av. XV de Novembro, N. 2741;VILA MARIANA;São Paulo;sp;05303244;S;06/11/2023
100397;SERGIO MARQUES;481.970.019-79;04/04/1986;M;sergio_mar209@hotmail.com;98160-8982;AVENIDA SANTOS DUMONT, Nº 572;BOA VISTA;São Paulo;SP;05254221;S;12/10/2023
100398;MARCELO COSTA RIBEIRO;13331209155;02/10/1968;M;marcelo.ribeiro221@uol.com.br;(11) 98489-3601;Tv. Dom Pedro II, nº 1520;VILA MARIANA;Guarulhos;São Paulo;08726-434;N;27/10/2022
100399;DEBORA MOREIRA;76387967058;16/08/1975;F;debora.moreira83@gmail.com;98940-2938;PRAÇA PRESIDENTE VARGAS, N. 1931;JARDIM DAS FLORES;Brasília;DF;73881236;S;02/08/2024
100400;HÉLIO ALVES FERREIRA;944.607.236-03;13/04/1961;M;helio.ferreira28513@yahoo.com.br;19 993869083;Avenida Presidente Vargas, N. 85;SANTO ANTÔNIO;Campinas;sp;14640303;N;30/03/2024
100401;HENRIQUE FERREIRA FERREIRA;679.306.034-15;17/09/1999;M;henrique_fer432@gmail.com;(11) 98717-5704;R SETE DE SETEMBRO, 607;VILA NOVA;São Paulo;sp;09371974;S;23/09/2022
100402;MARCIO GOMES ASSUNCAO SOUZA;60367941180;10/10/1968;M;marciosouza8405@uol.com.br;11 972894830;R PAULISTA, Nº 2945 - FUNDOS;VILA NOVA;Guarulhos;São Paulo;05443-144;S;10/11/2022
100403;GUSTAVO  RIBEIRO DIAS ;64568324890;02/09/1992;M;gustavodias277@bol.com.br;81 65564942;RUA DOS ANDRADAS, N. 432;LIBERDADE;Recife;pe;54350-683;N;09/09/2021
100404;VITORIA M. SILVA;455.955.837-03;29/02/2004;F;vitoria_sil746@yahoo.com.br;11 985695523;Rua Brasil, nº 1151 - Fundos;VILA NOVA;São Paulo;SP;09865-930;S;27/03/2023
100405;ANDRE GOMES;81021065498;02/02/1990;;andre_gom993@uol.com.br;11 970795457;RUA PRESIDENTE VARGAS, N. 1061 - BLOCO B APTO 104;VILA MARIANA;São Paulo;SP;07071548;N;14/12/2024
100406;CESAR ROCHA FREITAS;46180770859;05/11/1970;M;cesarfreitas4212@gmail.com;11973892209;AV Rio Branco, nº 2340;JARDIM DAS FLORES;Guarulhos;sp;06354077;N;23/04/2019
100407;FERNANDO GOMES GUIMARÃES;306.056.225-31;31/01/1998;M;fernandoguimaraes189@bol.com.br;41 999979357;RUA SETE DE SETEMBRO, 697;CENTRO;Curitiba;PR;81679-445;S;14/10/2024
100408;LUÍZA  PEIXOTO RODRIGUES ;595.273.448-08;06/07/1991;F;luiza_rod15876@uol.combr;61 996198163;Al. Marechal Deodoro, nº 1223 - Fundos;SANTO ANTÔNIO;Brasília;DF;72997879;N;01/04/2021
100409;PRISCILA MAGALHAES COSTA;635.683.733-00;19/09/1983;F; PRISCILA_COS10425@GMAIL.COM ;11996423977;RUA PRESIDENTE VARGAS, N. 237;BOA VISTA;São Paulo;SP;01847-781;N;24/04/2020
100410;DEBORA SANTOS;65786878821;07/01/1996;F;debora_san42@uol.com.br;62964439052;Rua das Palmeiras, nº 1588;JARDIM DAS FLORES;Goiânia;Goiás;74802266;S;12/10/2022
100411;CAIO NASCIMENTO SOUZA BRANDÃO;37529848569;24/07/1992;M;caio.brandao445@bol.com;41983217295;Rua Brasil, nº 308;LIBERDADE;curitiba ;pr;86936-619;S;05/10/2020
100412;WAGNER MACHADO ANDRADE;51932622213;14/08/1973;M;wagner.andrade191@outlook.com;41 981278123;AVENIDA SANTOS DUMONT, Nº 2225;PARQUE INDUSTRIAL;Curitiba;PR;82634-667;N;11/01/2023
100413;DEBROA SOUZA;225.839.735-92;19/03/1991;F;debora.souza5274@;62974799467;Rua das Flores, N. 2558;PARQUE INDUSTRIAL;Goiânia;GO;74307165;N;22/09/2022
100414;JOANA CARDOSO FERREIRA;62922086216;19/08/1986;F;joana.ferreira525@yahoo.com.br;98087-7414;RUA PAULISTA, Nº 2507 - FUNDOS;JARDIM AMÉRICA;Guarulhos;SP;04210-974;;29/05/2022
100415;RAQUEL COSTA;649.737.811-18;09/11/1979;F;raquel.costa378@outlok.com;11 90689307;Avenida Rio Branco, N. 1863;CENTRO;São Paulo;SP;4094542;S;26/11/2025
100416;BEATRIZ MOREIRA;19000953863;19/02/1995;F; BEATRIZMOREIRA124@OUTLOOK.COM ;31967849815;RUA XV DE NOVEMBRO, Nº 1981;SANTA CECÍLIA;BELO HORIZONTE;MG;31168293;S;04/12/2024
100417;LARISSA RODRIGUES;68532009425;16/10/1970;F;larissa.rodrigues457@hotmail.com;(21) 9301-8348;AVENIDA DOS IPÊS, Nº 1694;SANTA CECÍLIA;niterói ;Rio de Janeiro;25322399;S;27/12/2019
100418;CAIO COSTA NASCIMENTO;77903217909;08/03/1962;M;caionascimento140@yaho.com.br;41 973516191;RUA DA LIBERDADE, 2117;LIBERDADE;Curitiba;PR;87184-385;S;27/07/2023
100419;BEATRIZ BRANDAO MEDNES;31441566201;05/01/1971;F;beatrizmendes522@bol.com.br;11980715293;RUA SANTOS DUMONT, Nº 2460 - FUNDOS;JARDIM AMÉRICA;São Paulo;sp;02022441;S;13/12/2019
100420;JOAO PEIXOTO FERREIRA GUIMARAES;095.352.848-00;31/03/1994;;joao.guimaraes292@yahoo.com.br;48970567552;R. das Flores, nº 2032;SÃO JOSÉ;Florianópolis;sc;87973299;S;20/05/2023
100421;ISABELA OLIVEIRA RODRIGUES;06552055943;21/11/1971;F;isabela.rodrigues468@yahoo.com.br;19975984377;Avenida Brasil, N. 1713;VILA NOVA;Campinas;SP;17076581;;22/03/2022
100422;RENATA  SILVA NUNES BRANDÃO ;71066278288;09/03/1986;F;renata.brandao896@hotmail.com;(11) 96893-4726;Avenida Sete de Setembro, nº 884;SANTA CECÍLIA;São Paulo;SP;5951617;S;25/08/2024
100423;LETICIA RODRIGUES ALVES;958.498.374-18;08/11/1974;F;leticia.alves360@gmail.com;;Rua Brasil, nº 1851;BELA VISTA;SAO PAULO;SP;04099-909;N;11/10/2023
100424;EDUARDO SANTOS RODRIGUES;045.945.097-20;15/09/1985;M;eduardo.rodrigues667@gmail.com;21 996237781;Alameda Tiradentes, N. 740 - Casa 2;PARQUE INDUSTRIAL;Rio de Janeiro;Rio de Janeiro;24351209;N;10/01/2021
100425;HENRIQUE OLIVEIRA DIAS;83734413443;27/02/1983;M;henriquedias410@bol.com.br;(21) 99810-2733;PRAÇA MARECHAL DEODORO, 2301 - APTO 12;JARDIM DAS FLORES;Niterói;RJ;21004-932;N;15/07/2023
100426;HELENA SILVA RIBEIRO;938.100.132-42;17/04/1975;F;helena_rib33@hotmail.com;48 980645580;RUA CASTRO ALVES, N. 709 - APTO 31;SÃO JOSÉ;Florianópolis;Santa Catarina;81173-374;N;28/01/2021
100427;PATRICIA SILVA;822.061.830-21;04/12/1989;F;patricia.silva435@bol.con.br;11996578842;Rua Sete de Setembro, nº 378;SANTO ANTÔNIO;São Paulo;SP;4665975;;17/09/2022
100428;JULIA PEREIRA OLIVEIRA;62847426655;06/08/1982;F;juliaoliveira393@gmail.com;11999516602;RUA DOM PEDRO II, N. 1629;CENTRO;SAO PAULO;São Paulo;05819079;N;16/07/2024
100429;MÁRCIA MARQUES DIAS;65028654379;24/06/1976;F;marciadias258@outlook.com;;AV SETE DE SETEMBRO, N. 1313;PARQUE INDUSTRIAL;Recife;PE;56801538;;09/09/2021
100430;LUCAS LIMA COSTA SOUZA;282.383.502-47;24/04/1998;M;lucas.souza81@@uol.com.br;(11) 97755-8300;Avenida São João, nº 2529;BELA VISTA;São Paulo;SP;04961188;N;23/04/2023
100431;FERNANDO  S. CARVALHO GOMES ;889.836.361-30;06/11/1965;M;fernando.gomes939@hotmail.com;51 71627164;RUA Santos Dumont, 2002;CENTRO;Porto Alegre;RS;96621643;S;28/08/2019
100432;EDUARDO CONCEIÇÃO CARVALHO;58862945892;20/05/1958;M;eduardocarvalho513@bol.com.br;11991801348;Avenida Tiradentes, N. 1993 - Fundos;BOA VISTA;SAO PAULO;sp;3550356;S;28/02/2020
100433;DEBORA RIBEIRO;8,27520E+10;08/10/1987;F;debora.ribeiro469@bol.com.br;(16) 99103-9556;AV CASTRO ALVES, 845;VILA NOVA;ribeirão preto ;SP;16731-068;S;19/03/2020
100434;LARISSA SANTOS;168.588.196-30;31/01/1991;F;larissasantos743@yahoo.com.br;(11) 96177-3010;R das Flores, nº 2567 - Fundos;VILA NOVA;Guarulhos;São Paulo;9779937;N;18/04/2022
100435;MARIANA GUIMARAES;55027553048;30/12/1981;F;mariana.guimaraes681@outlook.com;21981726286;R. Marechal Deodoro, N. 30;VILA NOVA;Niterói;Rio de Janeiro;28025-032;N;21/04/2021
100436;NATALIA DIAS ALVES;188.518.587-13;05/11/1986;F;natalia_alv372@uol.com.br;21977377468;R. Dom Pedro II, N. 2489;SANTO ANTÔNIO;Niterói;Rio de Janeiro;26458571;S;09/11/2021
100437;DANIEL GUIMARAES BARBOSA NUNES;94545030220;16/07/1992;M;daniel.nunes422@yahoo.com.br;21 976738666;Travessa da Liberdade, nº 1567;SÃO JOSÉ;Niterói;Rio de Janeiro;25032-598;S;02/09/2024
100438;JOANA CARDOSO;37348752853;18/10/1995;F;joana_car465@yahoo.com.br;11 966809868;Rua XV de Novembro, 1649;BELA VISTA;Guarulhos;sp;02542294;S;16/02/2024
100439;RAFAEL PEREIRA MOREIRA COSTA;671.118.192-17;15/10/2000;M;;21 92345176;AL. TIRADENTES, N. 1440;PARQUE INDUSTRIAL;Rio de Janeiro;RJ;26162513;N;21/01/2019
100440;VINICIUS BARBOSA;26274627452;15/03/1980;M;vinicius.barbosa573@yahoo.com.br;11965894959;Pç. Marechal Deodoro, 2101 - Apto 31;VILA MARIANA;Guarulhos;São Paulo;03468964;N;20/10/2025
100441;LUCIA FREITAS MELO;61372292705;03/03/1973;F;lucia_mel62@yahoo.com.br;41983904663;AL SANTOS DUMONT, N. 1584;JARDIM AMÉRICA;Curitiba;PR;83710-356;S;03/05/2024
100442;PATRICIA MARQUES BARBOSA;98753896335;01/08/1987;F;patricia_bar704@bol.com.br;97631-5519;Avenida da Liberdade, N. 1483;SANTA CECÍLIA;Guarulhos;sp;03608593;N;13/04/2022
100443;PATRÍCIA MENDES CONCEIÇÃO;753.681.199-33;18/09/1982;F;patricia.conceicao917@hotmail.com;(19) 98817-8503;AVENIDA DAS FLORES, 1084;LIBERDADE;Campinas;sp;12511825;S;11/02/2020
100444;OTAVIO RIBEIRO GUIMARAES;870.330.473-63;12/05/1988;M;otavio.guimaraes914@outlook.com;61 981223309;RUA DOM PEDRO II, N. 1973;JARDIM DAS FLORES;Brasília;Distrito Federal;75035-976;S;25/01/2025
100445;CLAUDIA MARQUES FERREIRA;61702712052;30/05/1999;F;;(11) 98310-8306;RUA DOM PEDRO II, 856;JARDIM DAS FLORES;Guarulhos;sp;06268-778;;19/02/2022
100446;ALINE RODRIGUES;324.856.523-33;17/11/1995;F;aline_rod558@uol.com.br;31977931384;R DAS FLORES, Nº 1362 - CASA 2;LIBERDADE;Belo Horizonte;MG;34481-749;;15/06/2022
100447;DANIEL M. PEIXOTO;439.417.034-63;31/12/1993;M;danielpeixoto531@uol.com.br;11 86816577;Rua Tiradentes, N. 568;BOA VISTA;Santo André;SP;08911-040;S;21/07/2021
100448;DEBORA  RODRIGUES SOUZA ;90971807400;27/02/1986;F;debora.souza187@outlook.com;;R DA LIBERDADE, N. 811;JARDIM AMÉRICA;Juiz de Fora;MG;31867-594;S;14/03/2023
100449;HELENA CONCEICAO;68597285664;01/01/1900;F;helenaconceicao605@gmail.com;41 996433784;R SANTOS DUMONT, 922;JARDIM DAS FLORES;CURITIBA;PR;81323037;S;23/02/2024
100450;GABRIELA ALVES FERREIRA;77961952578;08/11/1996;F;gabrielaferreira498@yahoo.com.br;19977511689;R. RIO BRANCO, Nº 1650 - APTO 31;SANTO ANTÔNIO;Campinas;sp;14617-103;N;24/02/2021
100451;CECÍLIA MENDES MACHADO;656.590.898-28;31/12/1933;F;ceciliamachado490@gmail.con;71 998258211;AVENIDA MARECHAL DEODORO, N. 356;CENTRO;Salvador;BA;43164752;N;13/02/2021
100452;JOÃO MOREIRA MOREIRA;219.404.277-62;08/11/1977;M;joao_mor843@gmail.com;2173598229;RUA BRASIL, 627 - CASA 2;SÃO JOSÉ;Rio de Janeiro;Rio de Janeiro;22431268;S;31/12/2023
100453;VITORIA BRANDAO COSTA NASCIMENTO;829.302.611-10;09/01/1990;F;vitorianascimento283@bol.com.br;31994281587;R MARECHAL DEODORO, 518;LIBERDADE;belo horizonte ;MG;34215349;S;18/10/2025
100454;ANTÔNIO RIBEIRO;620.245.133-52;25/03/1956;M;antonio_rib136@outlook.com;11965435349;ALAMEDA TIRADENTES, N. 2341;JARDIM AMÉRICA;SAO PAULO;SP;3860920;N;30/05/2022
100455;PAULO CARDOSO ALVES FREITAS;505.130.392-79;20/03/1990;M;paulofreitas702@yahoo.com.br;41 978471828;Av. dos Ipês, nº 804;VILA NOVA;Curitiba;;87974160;N;17/02/2021
100456;NATALIA M. ROCHA;362.590.483-78;16/10/1998;F; NATALIA_ROC882@HOTMAIL.COM ;21 971057912;RUA DOS ANDRADAS, Nº 1084;BELA VISTA;Niterói;Rio de Janeiro;25634-708;;09/01/2022
100457;CESAR FREITAS LIMA;606.353.352-47;02/05/1989;M;cesar.lima448@hotmail.com;61975464165;R. Marechal Deodoro, nº 1382;VILA MARIANA;Brasília;DF;77036272;N;26/06/2020
100458;ANDRE RODRIGUES OLIVEIRA;253.259.355-50;16/12/1994;M;andreoliveira374@hotmail.com;(81) 98089-3187;RUA DAS FLORES, 842;VILA NOVA;Recife;PE;56259-121;S;14/04/2021
100459;SERGIO FERREIRA MARQUES;06525368839;23/08/1986;M;sergio.marques369@uol.com.br;;RUA SANTOS DUMONT, Nº 1569;JARDIM AMÉRICA;Campinas;SP;19361065;S;27/07/2020
100460;MÁRCIO MARTINS MOREIRA ARAÚJO;917.117.269-66;01/01/1900;M; MARCIO_ARA814@GMAIL.COM ;(11) 97867-4098;R. SÃO JOÃO, N. 2710;BOA VISTA;São Paulo;SP;05453-931;N;07/01/2019
100461;VINICIUS MELO;25604829757;07/05/1983;M;vinicius.melo799@bol.com.br;(11) 99845-3689;RUA DAS FLORES, 2378;JARDIM DAS FLORES;Guarulhos;SP;03002690;N;14/01/2019
100462;RAQUEL MAGALHAES RIBEIRO;751.715.451-62;11/08/1966;F;raquel_rib472@bol.com.br;98316-2507;RUA RIO BRANCO, N. 454;SANTO ANTÔNIO;FLORIANOPOLIS;SC;88971744;N;18/02/2020
100463;FERNANDA ALVES SANTOS;66068800415;04/04/1989;F;fernanda_san83@hotmail.com;97898-2692;R. CASTRO ALVES, 1348;LIBERDADE;Niterói;rj;24217-979;S;26/06/2025
100464;FERNANDO MELO SOUZA;585.912.349-36;02/06/2003;M;fernando.souza556@hotmail.com;1192952349;AV. MARECHAL DEODORO, N. 2762;SÃO JOSÉ;São Paulo;sp;02421-954;S;22/09/2022
100465;MARCIA FREITAS MARQUES;80022521283;30/01/1986;F;marciamarques827@hotmail.com;(11) 97327-1383;Rua Santos Dumont, nº 2829;PARQUE INDUSTRIAL;Guarulhos;SP;3685857;N;21/06/2020
100466;DRA. BRUNO PEREIRA GOMES;92966587563;11/09/1959;M;bruno.gomes8@hotmail.com;71976059336;R GETÚLIO VARGAS, N. 258 - APTO 12;SÃO JOSÉ;Salvador;ba;44909892;N;03/03/2022
100467;ALINE BRANDAO BRANDAO;775.630.644-94;25/09/1982;F;aline.brandao821@outlook.com;62 980527049;RUA DAS PALMEIRAS, N. 921 - BLOCO B APTO 104;JARDIM AMÉRICA;Goiânia;Goiás;76217-423;S;19/11/2025
100468;JOÃO MACHADO LIMA;8308818404;18/04/1974;; JOAO_LIM82@UOL.COM.BR ;2164405618;Rua Santos Dumont, nº 829;BELA VISTA;Rio de Janeiro;Rio de Janeiro;24680-183;;16/01/2025
100469;LEONARDO ROCHA;84595329920;29/11/1980;I;leonardo.rocha259@hotmail.com;11990454403;Rua Marechal Deodoro, 528;LIBERDADE;São Paulo;São Paulo;02559-873;S;25/10/2019
100470;FERNANDA RIBEIRO;209.577.674-71;09/11/1992;F;fernanda.ribeiro918@bol.com.br;(71) 99435-2460;RUA PRESIDENTE VARGAS, Nº 2373 - CASA 2;PARQUE INDUSTRIAL;Salvador;ba;44644011;N;18/11/2021
100471;JÚLIA MELO;27087530534;11/12/1978;F;julia_mel19@hotmail.com;61 963889793;Avenida dos Ipês, N. 1217;BOA VISTA;brasília ;DF;76876-721;N;27/01/2024
100472;GABRIELA SANTOS SANTOS;232.753.878-55;29/03/1985;F;;(11) 9169-9832;RUA PAULISTA, N. 111;SANTA CECÍLIA;São Paulo;SP;02971-980;N;24/10/2021
100473;CAMILA MACHADO MOREIRA;92696012938;16/08/1990;F;camila.moreira136@gmail.com;11971836132;AVENIDA XV DE NOVEMBRO, N. 2114;VILA NOVA;guarulhos ;sp;01092385;;03/03/2024
100474;HELENA MAGALHAES CONCEICAO GOMES;094.361.927-03;07/11/2001;F;helenagomes401@gmail.com;11996927763;Alameda São João, 965;JARDIM AMÉRICA;São Paulo;São Paulo;01625-281;S;24/07/2020
100475;DRA. LEONARDO MELO BRANDÃO;088.254.586-81;17/07/1996;M;leonardobrandao420@gmail.com;19967334090;RUA DOS ANDRADAS, Nº 1705;PARQUE INDUSTRIAL;campinas ;SP;13895535;S;14/06/2023
100476;DR.  CESAR PEREIRA SOUZA RIBEIRO ;67447652725;12/08/1946;M;cesar_rib242@outlook.com;41983441959;AV das Palmeiras, N. 838;SANTO ANTÔNIO;Curitiba;Paraná;87748870;S;12/03/2019
100477;SR.  EDUARDO MAGALHAES SANTOS ;318.267.606-79;02/07/1991;M;eduardosantos990@bol.com;(11) 7482-8432;RUA Dom Pedro II, nº 3;PARQUE INDUSTRIAL;São Paulo;sp;02469582;N;30/09/2021
100478;FÁBIO MOREIRA MAGALHÃES;48266617970;22/06/1974;M;fabio.magalhaes255@uol.com.br;2184833353;R. DOS IPÊS, N. 1936 - BLOCO B APTO 104;PARQUE INDUSTRIAL;Rio;rj;21595563;S;27/08/2020
100479;CECILIA ARAUJO;958.191.623-74;24/12/1995;F; CECILIA.ARAUJO699@HOTMAIL.COM ;21 970009418;R. SÃO JOÃO, 1452;PARQUE INDUSTRIAL;Rio de Janeiro;RJ;25475-921;S;04/08/2020
100480;JOAO MELO NUNES BARBOSA;682.112.875-87;01/04/1974;M;joao.barbosa907@uol.com.br;(11) 98689-3241;Rua Paulista, N. 41;SANTO ANTÔNIO;São Paulo;São Paulo;09146-095;S;27/07/2019
100481;SONIA COSTA BRANDAO;13434439625;23/05/1982;F;sonia_bra268@bol.com.br;61 964862147;Rua dos Andradas, N. 547;LIBERDADE;Brasília;DF;79180199;S;25/06/2019
100482;PATRICIA PEIXOTO;48095097292;02/12/1988;F;patriciapeixoto771@hotmail.com;11 981296153;RUA DAS PALMEIRAS, Nº S/N;VILA MARIANA;São Paulo;SP;02109731;S;21/05/2023
100483;HELENA NASCIMENTO NASCIMENTO;46328458509;12/01/1991;F;helena.nascimento298@yahoo.com.br;61977366655;Rua Castro Alves, 1623;PARQUE INDUSTRIAL;Brasília - DF;df;77836-368;S;01/06/2019
100484;LEONARDO NASCIMENTO SOUZA;108.853.602-65;22/09/1977;I;leonardo.souza441@uol.combr;51965041842;AV PRESIDENTE VARGAS, N. 530;PARQUE INDUSTRIAL;P. Alegre;rs;93096-328;N;25/02/2023
100485;JOANA MOREIRA NASCIMENTO;60149682379;31/12/1933;F;joana.nascimento712@bol.com.br;11971023001;R Paulista, nº 651;JARDIM AMÉRICA;São Paulo;SP;8966520;;29/09/2021
100486;JULIA OMREIRA MAGALHAES;80713884401;12/03/1987;F;julia.magalhaes652@uol.com.br;31 994422471;Av Presidente Vargas, N. 2030;CENTRO;Belo Horizonte;MG;37621766;;10/06/2019
100487;CESAR ARAUJO MARQUES;922.734.999-57;06/12/1958;M;cesarmarques597@yahoo.com.br;1970821601;Av. das Flores, 1639;SANTA CECÍLIA;Campinas - SP;sp;12417985;S;09/09/2020
100488;SR. FERNANDA BARBOSA;39803689912;01/09/1986;F;fernandabarbosa178@hotmail.com;(11) 9647-5962;RUA DAS FLORES, Nº 2145;CENTRO;São Paulo;sp;03451-859;N;18/12/2019
100489;JÚLIA CONCEIÇÃO CARDOSO NASCIMENTO;90000540366;04/12/2001;F;;97839-5329;Avenida da Liberdade, N. 2083 - Casa 2;BELA VISTA;BELO HORIZONTE;Minas Gerais;33059415;S;02/07/2019
100490;VINICIUS BAROBSA MELO ALVES;50097538477;19/03/1993;;viniciusalves321@bol.com.br;(32) 96838-9072;PRAÇA GETÚLIO VARGAS, Nº 1484 - FUNDOS;JARDIM AMÉRICA;Juiz de Fora;MG;31882-478;;13/05/2024
100491;DRA. SÔNIA FREITAS;2738832164;30/09/1981;F;sonia.freitas627@uol.com.br;(11) 99101-6220;Rua Rio Branco, nº 2257;BOA VISTA;São Paulo;SP;6487678;;02/06/2025
100492;DANIEL MARQUES;030.986.543-33;18/10/1993;M;daniel_mar896@uol.com.br;7183162552;RUA BRASIL, 2997 - FUNDOS;CENTRO;Salvador;BA;45456-987;S;31/05/2025
100493;ANDRE ANDRADE MARTINS;795.462.642-37;04/10/1974;M;andre.martins572@bol.com.br;(81) 97843-8094;Rua Sete de Setembro, 167;SANTO ANTÔNIO;Recife - PE;PE;57953-327;S;30/03/2021
100494;HELENA GOMES BRANDAO FERREIRA;86769133903;24/07/1982;F;helena_fer478@yahoo.com.br;31 991725528;Rua Getúlio Vargas, N. 2862;VILA NOVA;Belo Horizonte;mg;39848378;S;21/03/2022
100495;LARISSA C. RIBEIRO;64642061843;15/01/1996;F;larissaribeiro531@gmail.com;31 71078253;AV. DOM PEDRO II, 1195;JARDIM DAS FLORES;Belo Horizonte;mg;38341289;N;26/05/2020
100496;JOÃO NUNES BRANDÃO;58829206717;09/05/1985;M;joao.brandao658@uol.com.br;11998495856;R. Brasil, 2864;SANTA CECÍLIA;São Paulo;SP;08103-021;;13/05/2024
100497;FENRANDA MARTINS;75392895972;21/09/1968;F; FERNANDA_MAR620@HOTMAIL.COM ;(11) 99272-1126;Rua das Palmeiras, N. 2659;BOA VISTA;Guarulhos;SP;03864-224;N;12/11/2022
100498;BRUNO A. NUNES;40048926272;27/04/1994;M;brunonunes857@outlook.com;32 995718984;TRAVESSA PAULISTA, 1735 - BLOCO B APTO 104;JARDIM AMÉRICA;Juiz de Fora;;33605263;S;07/05/2022
100499;HELENA MELO SOUZA;484.010.429-84;22/02/1953;F;helena_sou295@gmail.com;61 977099013;RUA MARECHAL DEODORO, Nº 19 - BLOCO B APTO 104;BOA VISTA;brasília ;Distrito Federal;75713537;S;20/02/2019
100500;OTAVIO GOMES NASCIMENTO;66606705053;13/09/1992;M;otavio_nas836@yahoo.com.br;81 983503043;Rua São João, N. 1632 - Casa 2;SANTO ANTÔNIO;Recife;Pernambuco;51496-751;S;30/07/2024
100501;MARCELO BARBOSA SILVA;48005184409;05/11/1957;M;marcelosilva673@outlook.com;19 972562219;RUA Brasil, 25;JARDIM AMÉRICA;Campinas;sp;15689590;N;27/01/2024
100502;DRA.  LUCAS SANTOS ARAUJO ;62911679644;11/06/1992;M;;(41) 98682-7327;RUA DAS FLORES, N. 622;LIBERDADE;CURITIBA;Paraná;85513475;N;01/03/2022
100503;OTÁVIO SANTOS MARTINS;58689173080;19/07/2004;M;otavio.martins445@yahoo.com.br;(11) 99837-6190;RUA Santos Dumont, nº 1266;VILA NOVA;SAO PAULO;SP;08166327;N;29/01/2020
100504;SIMONE  GOMES MARTINS ;06113394042;25/10/1989;F;simone_mar225@outlook.com;(11) 99737-8957;RUA DA LIBERDADE, Nº 2632 - FUNDOS;LIBERDADE;São Paulo;São Paulo;05461020;N;23/01/2020
100505;MARCELO SOUZA;96739055254;07/04/1974;M;marcelo_sou716@bol.com.br;98359-2595;RUA TIRADENTES, 959 - FUNDOS;JARDIM AMÉRICA;São Paulo;São Paulo;07601-903;S;07/01/2019
100506;CÉSAR GOMES;204.288.922-99;11/11/1995;M;cesargomes830@uol.com.br;31972918434;R BRASIL, 1648;BOA VISTA;Belo Horizonte;mg;39421-579;S;12/10/2025
100507;GUSTAVO MARQUES;46282026130;16/07/1952;M;gustavo_mar296@gmail.com;11966238703;AV DOS IPÊS, Nº 975;VILA MARIANA;São Paulo;SP;03130-629;;27/02/2025
100508;GUSTAVO PEREIRA MARTINS;30350687633;28/05/1963;M;;21 965422287;RUA DOS ANDRADAS, 1266 - APTO 31;VILA NOVA;Rio de Janeiro;RJ;28721-691;S;19/06/2025
100509;DANIEL MARQUES OLIVEIRA;87135054407;14/06/1998;M;daniel_oli704@bol.com.br;21 91017007;RUA DAS FLORES, Nº 806;JARDIM AMÉRICA;Rio de Janeiro;rj;24240746;S;08/11/2025
100510;HÉLIO SILVA FERREIRA;61813583820;29/07/1985;M;helio_fer786@gmail.com;11 979113856;R. XV DE NOVEMBRO, Nº 1985;SANTA CECÍLIA;SAO PAULO;SP;03847-981;N;12/07/2020
100511;VINICIUS RODRIGUES ALVES;684.156.953-90;12/05/1967;M;vinicius.alves388@yahoo.com.br;21 962067165;RUA DOS IPÊS, 219;JARDIM AMÉRICA;Rio de Janeiro;RJ;28953-556;N;08/03/2020
100512;CAMILA NACSIMENTO MARTINS;885.182.429-08;09/08/1973;F;camilamartins14@yahoo.com.br;11979256304;R XV de Novembro, 2466;SÃO JOSÉ;Santo André;sp;02196160;S;22/09/2023
100513;RAFAEL NUNES MELO;75707915257;27/04/1998;M;rafael.melo347@gmail.com;(31) 98006-2439;RUA DA LIBERDADE, Nº 1329;JARDIM AMÉRICA;Belo Horizonte;MG;32288281;N;17/06/2022
100514;JULIA DIAS FREITAS CARDOSO;16419805597;04/06/1988;F;julia_car82@gmail.com;19989979825;Avenida dos Ipês, N. 2037;JARDIM DAS FLORES;Campinas;SP;15577972;S;23/01/2022
100515;RENATA MACHADO RODRIGUES;781.904.733-01;08/11/1987;F; RENATARODRIGUES540@GMAIL.COM ;41 993208835;RUA GETÚLIO VARGAS, Nº 2927;CENTRO;Curitiba;Paraná;81539-998;N;08/02/2021
100516;CESAR ANDRADE;359.867.418-03;29/08/1988;;cesarandrade558@uol.com.br;21999205602;AV CASTRO ALVES, 1007;VILA MARIANA;RIO DE JANEIRO;rj;24290640;N;18/05/2022
100517;SÉRGIO CONCEIÇÃO MARQUES CARDOSO;08275093082;07/02/1986;M;sergio.cardoso32868@hotmail.com;11987817084;RUA PRESIDENTE VARGAS, 226;BELA VISTA;Santo André;sp;04340-207;N;31/08/2023
100518;DANIEL  MACHADO SILVA ;67847320223;08/05/1985;M;danielsilva746@yahoo.com.br;11 992826157;R. SANTOS DUMONT, 2492;SÃO JOSÉ;São Paulo;São Paulo;09386-400;N;18/04/2021
100519;GABRIELA SILVA ROCHA;21026669804;06/03/1972;F;gabriela.rocha234@hotmail.com;51 960273351;Pca São João, nº 25;VILA NOVA;POA;Rio Grande do Sul;94400-190;N;13/07/2024
100520;LUIZA COSTA;580.368.504-60;11/12/1994;F;luizacosta63@uol.com.br;62988786459;RUA RIO BRANCO, N. 1641 - APTO 12;LIBERDADE;Goiânia;go;79664-172;S;08/09/2022
100521;VITORIA ARAUJO MAHCADO;142.551.039-68;30/05/1989;F; VITORIA.MACHADO996@HOTMAIL.COM ;21 969243736;AVENIDA SETE DE SETEMBRO, 442;LIBERDADE;Rio de Janeiro;Rio de Janeiro;25557-821;S;29/10/2020
100522;ANDRE NUNES MENDES;09007719173;18/05/1961;M;andre_men504@yahoo.com.br;1160955527;R. BRASIL, Nº 2377 - CASA 2;BOA VISTA;Santo André;SP;01545-438;;30/08/2025
100523;THIAGO ANDRADE ANDRADE;94182532830;07/09/2003;M;thiago_and915@uol.com.br;11988071001;AVENIDA DOM PEDRO II, Nº 1475;SANTA CECÍLIA;São Paulo;SP;09667-276;N;21/06/2020
100524;MARCELO DIAS MARTINS CARDOSO;100.677.781-43;09/10/1983;M;marcelo.cardoso707@yahoo.com.br;48977344916;RUA CASTRO ALVES, N. 1372;PARQUE INDUSTRIAL;Florianópolis;SC;88943063;N;09/01/2023
100525;CESAR CARVALHO;64994887470;18/09/1955;M;cesar_car28@outlook.com;(32) 98090-6759;PRACA da Liberdade, N. 321 - Fundos;VILA NOVA;Juiz de Fora;Minas Gerais;32984228;S;16/03/2019
100526;LUCAS MARQUES RIBEIRO;65121888295;01/04/1982;M;lucas.ribeiro285@hotmail.com;19967766467;RUA SETE DE SETEMBRO, 2395;LIBERDADE;Campinas - SP;;15248-269;;26/09/2025
100527;MARCIA ALVES FERREIRA ANDRADE;11728616417;07/07/1982;F; MARCIA.ANDRADE370@UOL.COM.BR ;(21) 97191-5545;RUA DA LIBERDADE, Nº 2723;VILA NOVA;Rio de Janeiro;RJ;21085067;S;24/09/2023
100528;LEONARDO  SOUZA NASCIMENTO ;437.093.821-06;10/09/1965;M;;(62) 99339-8836;AV PRESIDENTE VARGAS, Nº S/N;VILA NOVA;GOIANIA;GO;78568-887;S;25/08/2020
100529;RENATA MARTINS;74548336591;10/05/1948;F;renata.martins126@bol.com.br;51 960279852;Rua São João, N. 727 - Bloco B Apto 104;BOA VISTA;Porto Alegre;RS;98090-023;S;28/08/2023
100530;CAMILA GUIMARAES LIMA;922.068.204-47;14/12/1986;F; CAMILA.LIMA688@YAHOO.COM.BR ;21977633896;RUA Tiradentes, N. 1017;SANTO ANTÔNIO;Niterói;RJ;22349761;;27/07/2025
100531;MATEUS LIMA;72076686940;01/06/1971;M;mateus_lim846@yahoo.com.br;11 986641476;R GETÚLIO VARGAS, 2663;SANTA CECÍLIA;Santo André;São Paulo;05029305;S;28/04/2021
100532;RAQUEL SILVA CONCEICAO;292.435.052-20;17/07/1988;F;raquel_con544@hotmail.com;11961044083;Avenida Paulista, nº 172;VILA MARIANA;São Paulo;São Paulo;1073094;S;09/11/2024
100533;MARIANA MARQUES CONCEIÇÃO FERREIRA;945.617.444-10;27/09/1950;F;marianaferreira952@uol.combr;21971059289;RUA DOS ANDRADAS, Nº 1279;JARDIM AMÉRICA;rio de janeiro ;Rio de Janeiro;26919-597;;25/10/2019
100534;MÁRCIO ASSUNÇÃO ANDRADE;248.368.782-25;18/12/1991;M;marcioandrade505@@gmail.com;(41) 7581-3109;Rua São João, 2343;CENTRO;Curitiba;PR;81596112;S;10/12/2025
100535;LARISSA MELO BRANDAO;57324019110;15/08/1958;F;larissa_bra578@outlook.com;32 992657181;PRACA DOS ANDRADAS, 2766;VILA MARIANA;Juiz de Fora;;36353329;N;24/10/2019
100536;OTAVIO COSTA SILVA;06211137273;01/06/1989;M;otaviosilva649@outlook.com;41994825789;R Santos Dumont, nº 908 - Apto 31;JARDIM DAS FLORES;Curitiba;PR;82024143;S;15/09/2024
100537;MÁRCIO RODRIGUES GUIMARÃES;52589626363;04/02/1998;M;marcio.guimaraes346@bol.com.br;(19) 97002-4181;Travessa Brasil, N. 538;JARDIM DAS FLORES;Campinas;SP;15804-959;S;06/09/2024
100538;JOAO MARQUES MENDES;411.584.216-48;22/10/1989;M;joao.mendes778@uol.com;(41) 99143-2297;RUA XV DE NOVEMBRO, 2621;SANTO ANTÔNIO;Curitiba;pr;81093231;N;29/05/2019
100539;ALINE NUNES;87470790969;01/11/1999;F;aline_nun475@outlook.com;11 988936757;AV MARECHAL DEODORO, N. 109;JARDIM AMÉRICA;santo andré ;SP;04331332;S;15/09/2019
100540;NATALIA ALVES GUIMARAES;65569255516;14/12/1979;F;nataliaguimaraes502@yahoo.com.br;(11) 98626-9741;Alameda dos Andradas, nº 529;BOA VISTA;São Paulo;SP;01917266;N;03/06/2021
100541;LETÍCIA P. MAGALHÃES;581.113.094-57;29/05/1998;F;leticiamagalhaes843@outlook.com;5175568805;RUA GETÚLIO VARGAS, Nº 485;PARQUE INDUSTRIAL;Porto Alegre;Rio Grande do Sul;97395627;N;14/04/2020
100542;ANTONIO BARBOSA GOMES;900.303.097-94;05/10/1993;M;antonio_gom511@gmail.com;21961592137;AVENIDA DAS FLORES, N. 2858;VILA MARIANA;Rio de Janeiro - RJ;rj;25831490;S;25/07/2022
100543;LUCAS GOMES LIMA MELO;65591790100;01/06/1967;M;lucas.melo451@yahoo.com.bt;11 95825865;RUA SETE DE SETEMBRO, Nº 460 - CASA 2;BELA VISTA;Guarulhos;sp;09520-843;N;27/04/2020
100544;LUIS BRANDAO LIMA;59161079944;29/01/1988;M;luis_lim468@outlook.com;32979349587;Pç. Tiradentes, N. S/N;SANTO ANTÔNIO;Juiz de Fora;MG;38442799;N;12/11/2022
100545;ANDRÉ MACHADO CARDOSO CONCEIÇÃO;107.186.267-70;29/07/1999;M;andre_con287@outlook.com;61 97016386;R Dom Pedro II, nº 2395;JARDIM AMÉRICA;Brasília;;79356782;N;11/09/2019
100546;LETÍCIA CARVALHO ASSUNÇÃO GUIMARÃES;24894076519;09/06/1963;F;leticia_gui3@gmail.com;;Av dos Ipês, 462;JARDIM DAS FLORES;SAO PAULO;sp;09964210;N;15/03/2019
100547;MARCELO CARDOSO MOREIRA;592.223.606-72;05/02/1974;I; MARCELO_MOR730@HOTMAIL.COM ;(62) 7625-9511;R XV de Novembro, nº 44;JARDIM DAS FLORES;Goiânia;Goiás;73458425;S;25/01/2023
100548;VINÍCIUS CARDOSO;56778927500;24/05/1973;M;;(31) 97776-6536;Travessa das Flores, 2086 - Apto 12;JARDIM AMÉRICA;Belo Horizonte;MG;38868548;N;22/05/2023
100549;FERNANDO FERREIRA;730.802.774-06;27/10/1998;M;fernando_fer385@outlook.com;99235-4266;Rua XV de Novembro, 1269;BOA VISTA;São Paulo;sp;01018196;S;16/09/2024
100550;NATALIA SILVA;13113673062;20/05/1989;F;natalia.silva737@uol.com.br;11 966409007;R Getúlio Vargas, 72;CENTRO;São Paulo - SP;SP;07144783;S;14/02/2021
100551;PAULO LIMA PEREIRA;17500722117;06/07/1997;M;paulo_per20@gmail.com;(11) 99840-2406;RUA XV DE NOVEMBRO, 1951;SANTO ANTÔNIO;São Paulo;SP;07115373;N;09/06/2021
100552;SERGIO RODRIGUES;970.573.643-00;09/12/1998;M;sergiorodrigues244@bol.com.br;21 971447995;Rua Brasil, nº 1098;SANTA CECÍLIA;RJ;RJ;28602-832;S;24/11/2019
100553;GABRIELA FREITAS GOMES;18294823198;19/09/1993;F;gabrielagomes864@yahoo.com.br;11989725742;PCA DOS IPÊS, Nº 1537;CENTRO;SAO PAULO;sp;02149-887;S;19/05/2023
100554;CAMILA CARVALHO CONCEIÇÃO;404.354.465-09;25/11/1991;F;camilaconceicao340@bol.com.br;;TRAV. DAS FLORES, Nº 458;BELA VISTA;Campinas;sp;19622059;S;05/12/2022
100555;FERNANDO DIAS MENDES;11987374924;03/04/1968;M; FERNANDO.MENDES817@GMAIL.COM ;6167754792;Rua Sete de Setembro, nº 2614;CENTRO;Brasília;df;77278-048;N;10/10/2025
100556;CLÁUDIA MAGALHÃES DIAS;224.450.053-53;07/08/1974;F;claudiadias520@uol.com.br;(11) 99150-6739;Tv. Rio Branco, nº 788;VILA MARIANA;São Paulo;São Paulo;05479139;S;21/01/2019
100557;LEONARDO OLIVEIRA BARBOSA;705.286.443-60;27/11/1998;;sergio_per311outlook.com;11996359764;AVENIDA XV DE NOVEMBRO, N. 2741;VILA MARIANA;São Paulo;sp;05303-244;S;23/07/2022
100558;PRISCILA MENDES SANTOS;255.607.656-94;14/09/1997;F;priscilasantos79269@yahoo.com.br;(31) 96124-1868;R. Dom Pedro II, N. 2331;CENTRO;Belo Horizonte;MG;34602397;;10/07/2019
100559;ISABELA MARTINS MELO;07969523706;09/06/1987;;isabela_mel632@bol.com.br;11 978205711;Rua Getúlio Vargas, 334 - Fundos;PARQUE INDUSTRIAL;São Paulo;São Paulo;03749-194;S;24/05/2022
100560;EDUARDO GUIMARAES SILVA;32919728997;13/12/1984;M;eduardo_sil103@bol.com.br;48 994712577;RUA PRESIDENTE VARGAS, N. 498;LIBERDADE;Florianópolis;SC;82623-542;;12/08/2023
100561;ANTONIO ROCHA;34717406869;01/04/1978;M;antonio.rocha125@gmail.com;;Av Sete de Setembro, 368;BELA VISTA;CAMPINAS;São Paulo;18088106;S;01/01/2022
100562;LETICIA NASCIMENTO CONCEICAO;10707447437;01/08/1990;F;leticia_con196@outlook.com;11990667824;RUA CASTRO ALVES, N. 1283 - FUNDOS;BOA VISTA;São Paulo;SP;07130-266;S;16/03/2020
100563;RAQUEL PEREIRA;05256909720;16/08/1967;F;raquel_per454@uol.com.br;(19) 99195-4730;AV Sete de Setembro, 2368 - Fundos;BOA VISTA;CAMPINAS;SP;15639980;S;13/07/2025
100564;JÚLIA CONCEIÇÃO;24595011881;20/10/1976;F;julia_con977@bol.com.br;(11) 99448-7539;AV DOS ANDRADAS, N. 67 - BLOCO B APTO 104;SANTA CECÍLIA;São Paulo;SP;09264873;N;22/08/2023
100565;BRUNO NUNES OLIVEIRA;31361034670;09/02/1993;M;bruno_oli237@hotmail.com;65164928;R DAS PALMEIRAS, N. 146;BELA VISTA;Brasília;DF;72871-434;S;02/12/2019
100566;ISABELA MOREIRA PEREIRA;424.677.150-35;11/06/1974;F;isabela.pereira799@yahoo.com.br;11992681788;Av Castro Alves, nº 1623;VILA NOVA;São Paulo;São Paulo;8460444;N;07/06/2023
100567;RAFAEL  BRANDAO PEIXOTO ;14937791095;22/11/1962;M;rafael_pei671@yahoo.com.br;11 967354188;Rua Rio Branco, 420;BOA VISTA;SAO PAULO;sp;05034904;;13/11/2019
100568;CAIO RIBEIRO MARTINS ANDRADE;287.882.787-27;12/12/1971;M;caio.andrade399@uol.com.br;11 997916907;RUA MARECHAL DEODORO, Nº 2736;JARDIM DAS FLORES;São Paulo;sp;04013-178;S;25/07/2025
100569;OTAVIO  ASSUNCAO ROCHA ;346.695.122-42;31/05/1990;I;otavio.rocha241@gmail.com;99783-8070;AVENIDA BRASIL, N. 413;JARDIM AMÉRICA;Rio de Janeiro;Rio de Janeiro;25829302;S;31/07/2019
100570;SÔNIA PEREIRA ALVES;35334288694;30/05/1973;F;soniaalves992@gmai.com;51 976549894;RUA XV DE NOVEMBRO, 1967 - BLOCO B APTO 104;VILA MARIANA;PORTO ALEGRE;RS;94528-596;S;25/09/2021
100571;MARCIO  ANDRADE ;66371835637;02/02/1988;M;marcio_and337@outlook.com;(11) 98908-5788;RUA Brasil, 1460;SANTO ANTÔNIO;São Paulo;São Paulo;08653773;S;28/03/2021
100572;LUIS MENDES;616.757.949-01;27/05/1991;M;luis.mendes722@outlook.com;(11) 97927-9366;AVENIDA PRESIDENTE VARGAS, N. 122;JARDIM DAS FLORES;São Paulo;sp;7306043;;04/04/2019
100573;BEATRZI CONCEICAO MENDES;46892136150;19/10/1966;F;beatrizmendes184@yahoo.com.br;(81) 99371-8827;RUA MARECHAL DEODORO, Nº S/N;JARDIM DAS FLORES;Recife;pe;59784-334;N;15/02/2025
100574;PAULO ROCHA;92769842676;24/07/1993;M;paulo.rocha95@yahoo.com.br;(21) 97113-1846;Avenida Marechal Deodoro, N. 2467 - Apto 12;JARDIM DAS FLORES;Rio de Janeiro;rj;28093505;S;24/08/2022
100575;MARIANA COSTA;06975344990;21/12/1983;F;mariana.costa283@outlook.com;;Rua São João, N. 2032;LIBERDADE;Belo Horizonte;MG;38781490;;14/01/2025
100576;FERNANDO ROCHA CARDOSO;58213847539;13/02/1986;M;fernando.cardoso46667@uol.com.br;97463-6072;Avenida Santos Dumont, nº 1847;LIBERDADE;São Paulo;São Paulo;08471771;S;15/03/2019
100577;ANA ROCHA LIMA;82152240324;14/09/1968;F;ana.lima528@gmail.com;19998067492;RUA DOM PEDRO II, N. 112;CENTRO;Campinas;São Paulo;19318403;S;18/08/2024
100578;HENRIQUE OLIVEIRA;42435106602;05/03/1999;M;henrique_oli507@hotmail.com;19 969558742;RUA Getúlio Vargas, N. 234;SÃO JOSÉ;Campinas;SP;17803-129;N;10/11/2024
100579;HELIO MOREIRA OLIVEIRA ARAUJO;119.247.822-35;25/07/1984;M;helioaraujo560@uol.combr;(19) 7497-5281;RUA DA LIBERDADE, Nº 2690;VILA MARIANA;Campinas - SP;SP;17248-291;S;21/03/2025
100580;CLAUDIA ANDRADE SILVA;75454086240;23/06/1999;F;claudia.silva580@hotmail.com;11 985743799;Rua Rio Branco, N. 2772;CENTRO;SANTO ANDRE;São Paulo;06683594;S;05/07/2022
100581;PATRÍCIA MOREIRA DIAS;467.258.151-97;06/03/1986;F; PATRICIA.DIAS856@GMAIL.COM ;(11) 98164-8279;RUA DA LIBERDADE, Nº 330 - APTO 12;JARDIM AMÉRICA;São Paulo;SP;05611-423;S;31/01/2023
100582;FERNANDO COSTA MARQUES;85291114940;06/03/1987;M;fernandomarques185@bol.com.br;(11) 97996-8764;AVENIDA TIRADENTES, N. 1937;VILA NOVA;São Paulo;SP;04921-088;S;05/04/2020
100583;MAIRANA COSTA SOUZA;83733853806;22/11/1985;F; MARIANA_SOU851@YAHOO.COM.BR ;11 968654321;RUA RIO BRANCO, 1866 - CASA 2;CENTRO;santo andré ;São Paulo;08666513;S;24/06/2025
100584;MATEUS COSTA;430.992.533-24;20/05/1961;M;mateus.costa771@hotmail.com;48966919207;Rua Sete de Setembro, nº 663;VILA MARIANA;Florianópolis;sc;85704001;;20/12/2025
100585;VITORIA ARAUJO FREITAS;649.237.399-59;09/04/1987;F;vitoriafreitas665@uol.com.br;21 968591473;AV SETE DE SETEMBRO, N. 2274;BOA VISTA;Niterói;;25662576;N;16/12/2025
100586;CAMILA SOUZA RIBEIRO;3,51896E+10;29/04/1978;F;camila_rib791@gmail.com;97871-1915;RUA DOS IPÊS, N. 654 - APTO 31;CENTRO;São Paulo - SP;sp;2562725;S;11/04/2024
100587;SIMONE FREITAS MOREIRA;18402214703;18/01/1957;F;simone_mor896@hotmail.com;11 88283743;RUA GETÚLIO VARGAS, Nº 2429;SANTA CECÍLIA;São Paulo;sp;01113016;S;06/03/2024
100588;ANDRE CONCEICAO;49086479502;24/07/2002;M;andre.conceicao199@bol.com.br;(51) 97452-1955;R São João, nº 2599;BELA VISTA;porto alegre ;RS;92238-102;N;28/10/2019
100589;TANIA SILVA;49734406809;10/02/1980;F;taniasilva750@bol.com.br;11975797339;RUA DOM PEDRO II, Nº 1038 - APTO 12;LIBERDADE;São Paulo;sp;07888-190;S;21/10/2022
100590;PRISCILA BRANDAO FERREIRA;61729063640;01/10/1973;F; PRISCILA_FER47@BOL.COM.BR ;19 967721508;PÇ. XV DE NOVEMBRO, N. 821;SÃO JOSÉ;CAMPINAS;SP;18666499;S;05/12/2019
100591;RENATA DIAS SOUZA MARQUES;73754200178;07/11/1979;F;renatamarques85235@hotmail.com;3167965299;RUA das Palmeiras, 1702;LIBERDADE;BELO HORIZONTE;MG;36125415;S;16/10/2023
100592;CECILIA CARVALHO ARAUJO;871.351.167-04;21/12/1991;F;cecilia_ara752@yahoo.com.br;11 98434759;RUA SETE DE SETEMBRO, N. 1222;SANTO ANTÔNIO;São Paulo;sp;06757-106;S;02/10/2021
100593;SRA. MARCIO MARQUES CONCEICAO;3789628255;22/01/1995;M;marcio.conceicao819@bol.com.br;;Rua Rio Branco, 2032 - Fundos;LIBERDADE;Guarulhos;São Paulo;7369217;S;29/06/2023
100594;BEATRIZ ASSUNCAO NASCIMENTO GUIMARAES;27114368453;26/12/1960;F;beatriz.guimaraes658@hotmail.com;(48) 97075-7133;TRAV. DOS IPÊS, Nº 1093;VILA NOVA;Florianópolis;;86803608;N;15/02/2025
100595;NATALIA PEIXOTO ANDRADE MELO;368.323.897-60;21/03/1975;F;natalia.melo630@outlook.com;(21) 98069-6325;R Paulista, N. 2454;JARDIM AMÉRICA;Rio de Janeiro;RJ;21484307;N;15/03/2022
100596;ANTONIO DIAS LIMA DIAS;34758361223;25/11/2000;M;;(11) 98062-4298;AVENIDA RIO BRANCO, 1334;JARDIM DAS FLORES;São Paulo;sp;02810-709;;06/11/2025
100597;OTAVIO SILVA;99326111903;04/04/1996;M;otavio.silva37@uol.com.br;97272-4613;R. Dom Pedro II, N. 2828 - Casa 2;JARDIM DAS FLORES;São Paulo - SP;sp;02792-724;N;10/09/2023
100598;JOSÉ CARDOSO RODRIGUES;13534905059;22/11/1997;M;joserodrigues117@gmail.com;81987304822;RUA RIO BRANCO, N. 2764;SANTA CECÍLIA;Recife;PE;57994-684;N;13/07/2024
100599;HELENA FREITAS MARTINS ANDRADE;370.635.898-06;15/10/1990;F;helena_and271@yahoo.com.br;21963961727;Av. Presidente Vargas, 2168 - Apto 31;BOA VISTA;Rio de Janeiro;rj;28171701;S;11/07/2023
100600;HELENA FERREIRA GOMES;226.793.233-43;26/12/1979;F;helenagomes493@hotmail.com;11 996501810;Rua Brasil, N. 2135 - Bloco B Apto 104;SANTO ANTÔNIO;São Paulo;sp;08297-012;S;07/02/2022
100601;TANIA CARDOSO;64574368209;07/11/1985;F;tania_car255@bol.com.br;99439-9975;Av Tiradentes, 1417 - Fundos;JARDIM DAS FLORES;Belo Horizonte;mg;36578755;S;29/12/2021
100602;GABRIELA SANTOS ASSUNCAO ANDRADE;514.396.697-32;02/01/1975;F; GABRIELAANDRADE964@YAHOO.COM.BR ;41 967033633;Rua das Palmeiras, nº 1691;BOA VISTA;Curitiba;pr;88848658;N;26/01/2023
100603;GABRIELA GUIMARÃES ARAÚJO;327.127.140-24;26/05/1998;F;gabriela_ara575@gmail.com;21983384750;R BRASIL, Nº 1788 - FUNDOS;BOA VISTA;Rio de Janeiro;RJ;24638427;S;18/08/2024
100604;PRISCILA C. NUNES;79131845584;05/09/1957;F;priscila_nun737@hotmail.com;21994104592;RUA PAULISTA, 2337 - APTO 12;CENTRO;Niterói;Rio de Janeiro;28425858;S;23/10/2025
100605;SIMONE  GOMES ;556.761.173-03;28/08/2003;F;simone.gomes148@hotmail.com;11993494224;RUA DOS IPÊS, N. 8 - FUNDOS;SÃO JOSÉ;São Paulo;SP;06271472;S;10/06/2025
100606;MARCIO PEREIRA MELO;39223712807;07/08/1988;M; MARCIO_MEL325@GMAIL.COM ;48966988674;Avenida Paulista, nº 2376;LIBERDADE;Florianópolis - SC;SC;84205996;N;24/10/2020
100607;ANDRÉ MENDES ALVES;62624494421;23/07/1998;M;andre_alv372@uol.com.br;19998657088;TRAVESSA SÃO JOÃO, Nº 765;SÃO JOSÉ;Campinas;SP;13619180;N;06/10/2022
100608;HELENA SANTOS CARVALHO;027.929.983-42;20/09/1984;F;helena.carvalho760@hotmail.com;61 984853945;Rua da Liberdade, N. 1272;LIBERDADE;Brasília;Distrito Federal;72529407;S;01/04/2020
100609;VINICIUS NUNES SANTOS;610.980.477-02;18/09/1953;;viniciussantos608@hotmail.com;31967497725;RUA CASTRO ALVES, N. 1092;SANTA CECÍLIA;Belo Horizonte;mg;33413375;;28/02/2022
100610;LUÍS  LIMA ;8746438211;26/09/1981;M;luis.lima793@hotmail.com;11 69871555;Avenida XV de Novembro, 248;SANTO ANTÔNIO;Santo André;SP;02789170;S;25/11/2024
100611;LEONARDO RIBEIRO SANTOS;40066948738;26/10/2001;M;leonardosantos64274@outlook.com;32 68872150;R Getúlio Vargas, 589;CENTRO;Juiz de Fora;;33696-506;;28/10/2020
100612;THIAGO OLIVEIRA;60750098929;28/03/1958;; THIAGOOLIVEIRA312@OUTLOOK.COM ;(21) 99913-9367;AVENIDA PAULISTA, Nº 692;VILA NOVA;Rio de Janeiro;rj;22788-877;;01/05/2019
100613;MATEUS ANDRADE GUIMARAES;567.180.660-79;20/06/1986;M;mateus.guimaraes989@uol.com.br;21 997005767;AL. DAS PALMEIRAS, 989 - APTO 31;PARQUE INDUSTRIAL;Rio de Janeiro;RJ;24369137;N;02/03/2022
100614;LUÍS OLIVEIRA LIMA MOREIRA;16722401820;17/04/1997;M;luismoreira456@bol.com.br;(51) 99040-4896;RUA PAULISTA, N. 2307;LIBERDADE;Porto Alegre;rs;95878688;N;18/06/2025
100615;THIAGO ARAUJO;674.381.869-03;26/01/1984;M;thiago_ara768@uol.com.br;11994765224;Rua Marechal Deodoro, 1212;BOA VISTA;São Paulo;SP;01117-822;N;14/02/2024
100616;LÚCIA ASSUNÇÃO SOUZA;752.924.047-13;07/08/1977;F;lucia_sou435@gmail.com;3198885980;R MARECHAL DEODORO, 1957;VILA MARIANA;Belo Horizonte;Minas Gerais;34507568;N;04/09/2020
100617;RODRIGO  CARVALHO CONCEIÇÃO ;58188907324;04/11/1989;M;rodrigo_con685@bol.com.br;11 996424785;Rua dos Andradas, nº 2275;PARQUE INDUSTRIAL;São Paulo;SP;02424412;S;18/04/2020
100618;BRUNO SOUZA SILVA;70448791528;11/05/1979;M;bruno.silva83@bol.com.br;41995673589;Rua São João, 1207;SANTA CECÍLIA;CURITIBA;pr;82064322;N;14/05/2020
100619;GUSTAVO PEIXOTO BRANDAO;84744221599;31/12/1933;M;gustavo_bra780@bol.com.br;(11) 9265-6098;PRAÇA DAS PALMEIRAS, 31;SÃO JOSÉ;Santo André;SP;09611562;S;12/12/2022
100620;LÚCIA BARBOSA PEIXOTO;921.134.157-47;23/02/1988;F;;(21) 99506-3759;ALAMEDA PRESIDENTE VARGAS, 908 - FUNDOS;CENTRO;Niterói;Rio de Janeiro;22136428;N;10/08/2020
100621;VITORIA BRANDAO ROCHA;13711029370;06/08/1969;F;vitoriarocha454@yahoo.com.br;71 983012864;RUA GETÚLIO VARGAS, N. 268;PARQUE INDUSTRIAL;SALVADOR;BA;44783118;S;19/09/2022
100622;JOÃO GOMES;28162846549;07/12/1978;M;;11 989815083;RUA XV DE NOVEMBRO, 2458;SANTA CECÍLIA;SANTO ANDRE;sp;01411277;S;10/12/2022
100623;FERNANDO MARTINS;422.893.038-79;26/10/1976;M;fernandomartins625@hotmail.com;62 961105183;RUA PRESIDENTE VARGAS, N. 58;SÃO JOSÉ;Goiânia;GO;77776-034;S;23/12/2021
100624;LARISSA MAGALHAES LIMA;05467107860;25/03/1959;I;larissa.lima203@uol.com.br;96852-5942;RUA MARECHAL DEODORO, N. 847 - APTO 12;JARDIM DAS FLORES;GUARULHOS;sp;07075295;N;21/02/2025
100625;MARCIO PEREIRA MARTINS;71968321241;15/05/1998;M;marcio_mar246@uol.com.br;11 961093797;Rua Presidente Vargas, nº 1255;CENTRO;São Paulo;SP;06101893;;17/04/2023
100626;CESAR ANDRADE DIAS;686.628.408-25;10/11/1995;;cesar.dias13@uol.com.br;21971411100;R XV de Novembro, nº S/N;SÃO JOSÉ;Rio de Janeiro;RJ;21777654;S;10/12/2019
100627;DANIEL SANTOS;71948217023;26/03/1982;M;daniel.santos330@uol.com.br;85509446;Rua dos Andradas, N. 796 - Fundos;SÃO JOSÉ;Rio de Janeiro;RJ;25426861;S;18/12/2020
100628;DANIEL SILVA MENDES;44158016339;23/08/1990;M;daniel_men159@hotmail.com;(21) 98182-5134;Trav. das Flores, N. 2951;BELA VISTA;Niterói;RJ;27121-246;N;24/01/2020
100629;GABRIELA MELO MOREIRA;793.052.837-56;01/02/1968;F;gabrielamoreira365@bol.com.br;(11) 97954-1174;RUA BRASIL, N. 1203;PARQUE INDUSTRIAL;Guarulhos;SP;04134-253;S;14/08/2020
100630;MÁRCIA CARDOSO MELO;202.243.614-81;29/05/1977;F;marcia_mel624@hotmail.com;21 992342887;Rua XV de Novembro, N. 70;JARDIM AMÉRICA;Rio de Janeiro;RJ;21608799;S;08/11/2023
100631;WAGNER PEIXOTO;847.986.242-41;01/08/1983;M;wagnerpeixoto458@hotmail.com;11998957220;RUA SETE DE SETEMBRO, 755;BELA VISTA;São Paulo;SP;04789877;N;14/03/2022
100632;HÉLIO  FREITAS FERREIRA ;16447132178;12/03/1996;M;helioferreira907@yahoo.com.br;31972359329;AV RIO BRANCO, N. 2635;PARQUE INDUSTRIAL;Belo Horizonte;mg;33466-803;S;23/01/2025
100633;SERGIO CONCEICAO BARBOSA;13945015504;25/11/1964;M;sergio_bar757@bol.com.br;51993343972;Travessa Brasil, N. 1334 - Fundos;PARQUE INDUSTRIAL;porto alegre ;RS;91770225;S;21/06/2025
100634;VITÓRIA RODRIGUES MACHADO;301.945.597-93;23/10/1995;;vitoria.machado67283@bol.com.br;41975721009;Rua das Palmeiras, 2858;BELA VISTA;Curitiba;pr;88057011;N;08/04/2022
100635;CÉSAR LIMA GOMES;32385092336;10/08/1987;M;cesargomes980@uol.com;(41) 96450-4255;RUA SÃO JOÃO, N. 2135;BELA VISTA;Curitiba;Paraná;83581415;S;20/07/2024
100636;CECILIA ANDRADE LIMA;9,26281E+10;01/08/1993;F;cecilia_lim329@outlook.com;98603-3726;Rua Tiradentes, 990 - Apto 12;SANTA CECÍLIA;São Paulo;sp;08938498;S;22/03/2024
100637;GABRIELA FERREIRA;845.482.819-24;04/02/1980;F;gabrielaferreira344@yahoo.com.br;(16) 98576-3276;Rua XV de Novembro, 878;BOA VISTA;Ribeirão Preto;São Paulo;15140167;S;22/02/2022
100638;PRISCILA PEIXOTO SILVA;89966279172;06/09/1978;F; PRISCILASILVA354@GMAIL.COM ;19982706982;RUA DOS ANDRADAS, Nº 2833;SANTO ANTÔNIO;Campinas;São Paulo;17357-341;S;12/03/2022
100639;PRISCILA PEREIRA;69725238850;22/08/1991;F;priscila.pereira150@hotmail.com;(41) 99656-5887;R. PRESIDENTE VARGAS, 1030;LIBERDADE;Curitiba;Paraná;89433476;N;01/04/2024
100640;MARCIA CARVALHO OLIVEIRA;70766290549;15/08/1985;F;marciaoliveira206@yahoo.com.br;;R DAS FLORES, 1317;SANTA CECÍLIA;Florianópolis;SC;87899-047;S;24/01/2023
100641;FERNANDA RODRIGUES NASCIMENTO;5,60781E+10;14/04/1980;F;fernanda.nascimento343@uol.com.br;62 982103310;PRACA SÃO JOÃO, N. 472;JARDIM AMÉRICA;Goiânia - GO;GO;71627262;S;07/06/2023
100642;BRUNO CARVALHO;349.496.465-32;09/04/1996;;bruno_car531@uol.com.br;96830-4561;R. Marechal Deodoro, N. 2727;LIBERDADE;RECIFE;pe;52514331;S;28/02/2021
100643;CECÍLIA RIBEIRO CARDOSO PEREIRA;088.894.633-33;15/04/1973;F;cecilia.pereira682@bol.com.br;(81) 96999-2084;Travessa Dom Pedro II, nº 2430;CENTRO;Recife;PE;55139406;;22/07/2023
100644;SR. ANA CARVALHO;357.002.208-06;30/06/1994;F;anacarvalho558@yahoo.com.br;11 968901915;AVENIDA PRESIDENTE VARGAS, N. 2552 - APTO 12;JARDIM DAS FLORES;GUARULHOS;sp;04413641;S;18/09/2024
100645;JOAO OLIVEIRA;31043805540;14/10/1982;M;joaooliveira120@uol.com.br;51977766589;AV. BRASIL, 2412 - APTO 12;SÃO JOSÉ;Porto Alegre;;99477499;S;07/12/2022
100646;THIAGO MELO CONCEIÇÃO;312.090.327-24;09/10/1978;;thiago.conceicao204@gmail.com;61 991787636;RUA GETÚLIO VARGAS, 707;CENTRO;BRASILIA;DF;79104-228;S;09/09/2021
100647;DEBORA SILVA;957.590.470-27;07/07/1984;F;debora_sil94@outlook.com;61 981953913;R. dos Andradas, N. 810 - Apto 31;CENTRO;Brasília;DF;77873291;S;10/10/2021
100648;PAULO SOUZA;002.319.579-71;05/08/1950;M;paulosouza669@gmail.com;97162-6112;AVENIDA BRASIL, 368 - FUNDOS;VILA NOVA;rio de janeiro ;RJ;29471220;N;31/03/2023
100649;HÉLIO CARDOSO CARDOSO;395.674.310-51;14/04/1986;M;heliocardoso904@bol.com.br;(31) 97809-7352;Pç. Santos Dumont, nº 430;VILA NOVA;Belo Horizonte;MG;39677-097;S;10/05/2025
100650;RODRIGO BARBOSA GOMES MARQUES;778.267.901-07;27/03/1988;M;rodrigomarques296@outlook.com;41 98826809;Rua dos Ipês, 2376 - Apto 12;BOA VISTA;Curitiba;pr;88401984;S;22/02/2024
100651;FERNANDA  ARAÚJO RIBEIRO ;114.960.657-60;14/10/1995;F;fernandaribeiro968@uol.com;51 972483779;R. CASTRO ALVES, Nº 2203;SÃO JOSÉ;Porto Alegre;RS;98933498;N;06/01/2022
100652;LUCAI FERREIRA MAGALHAES;166.836.150-71;04/12/1995;F;lucia.magalhaes821@uol.com.br;2187196924;RUA CASTRO ALVES, 495 - APTO 12;VILA MARIANA;Rio;rj;21500641;N;02/06/2024
100653;RENATA MARTINS MARQUES;58340417606;22/03/1981;F;renata.marques420@hotmail.com;21989469115;AVENIDA MARECHAL DEODORO, Nº 1840 - APTO 12;LIBERDADE;Rio de Janeiro;Rio de Janeiro;22253-108;S;26/01/2021
100654;MARIANA RODRIGUES;617.415.776-83;19/02/1968;F;mariana_rod405@yahoo.com.br;(11) 98720-2652;RUA DOS ANDRADAS, Nº 243;JARDIM AMÉRICA;São Paulo;;01618-131;N;01/11/2025
100655;DEBORA SANTOS GUIMARAES;244.455.237-71;11/02/1989;F;debora.guimaraes378@hotmail.com;;Avenida Tiradentes, N. 2267 - Fundos;PARQUE INDUSTRIAL;SAO PAULO;SP;03270-985;N;31/01/2024
100656;CAIO  MARQUES PEREIRA ;461.700.508-02;03/11/1994;M;caiopereira96@bol.com.br;11998591682;RUA SÃO JOÃO, Nº S/N;VILA MARIANA;São Paulo;SP;03651-732;S;24/01/2025
100657;CLAUDIA SANTOS ANDRADE;531.960.489-00;12/05/1999;F;claudiaandrade864@outlook.con;1171249668;Rua Getúlio Vargas, nº 1786;CENTRO;SAO PAULO;SP;06392-655;N;20/03/2022
100658;OTAVIO ARAUJO;93179751122;11/06/1986;M;otavioaraujo979@bol.com.br;(62) 8469-9429;RUA PAULISTA, N. 1911;BELA VISTA;Goiânia;GO;71975-704;S;25/03/2019
100659;RODRIGO FERREIRA GOMES;76521977911;13/12/1945;M;rodrigo.gomes231@gmail.com;31 89898194;RUA PAULISTA, Nº 53;SÃO JOSÉ;Belo Horizonte;MG;36611461;S;09/01/2020
100660;SONIA MAGALHAES MOREIRA;1884403131;03/01/1978;F;sonia_mor548@gmai.com;11 986697915;R. Rio Branco, nº 745 - Fundos;JARDIM AMÉRICA;São Paulo;SP;02875-532;N;15/05/2019
100661;LUCAS S. RODRIGUES;51988367611;06/01/1955;;lucas.rodrigues221@hotmail.com;11 973366394;AVENIDA SETE DE SETEMBRO, Nº 1062;LIBERDADE;São Paulo;SP;06453701;;20/07/2025
100662;HELENA CARDOSO MOREIRA;725.241.479-59;13/04/1970;F;helena.moreira471@gmail.com;(21) 96599-3526;R DOM PEDRO II, Nº 963 - FUNDOS;LIBERDADE;rio de janeiro ;rj;22372-125;S;12/05/2021
100663;ANA MARQUES FERREIRA;036.344.640-03;08/03/1971;F;ana.ferreira7568@@outlook.com;11994165339;RUA DOM PEDRO II, 2736;BELA VISTA;Santo André;SP;06403-576;N;27/04/2019
100664;LETICIA ARAUJO SIVLA;85927843441;17/12/1992;F;leticia_sil714@yahoo.com.br;11 991806943;Av Getúlio Vargas, nº 1383;CENTRO;São Paulo;sp;03570-902;N;13/07/2023
100665;LUCIA  MAGALHAES CONCEICAO ;25396484365;22/05/1992;F;lucia_con51@bol.com.br;(11) 97585-9792;Alameda dos Andradas, N. 331;PARQUE INDUSTRIAL;são paulo ;SP;09554818;N;20/03/2019
100666;RENATA GOMES MACHADO;30047658100;08/11/1991;F;renata_mac827@gmail.com;62978406507;AV. GETÚLIO VARGAS, N. 825;BOA VISTA;Goiânia;GO;72357-674;S;13/08/2019
100667;LETICIA CONCEICAO DIAS;98010438650;04/05/1979;F;leticia.dias20@outlook.com;11979331982;RUA Presidente Vargas, 1085;PARQUE INDUSTRIAL;São Paulo;sp;6312473;N;12/04/2022
100668;DEBORA RIBEIRO SANTOS;18501277860;08/08/1990;F;deborasantos367@outlook.com;21 988218760;RUA DOM PEDRO II, Nº 2273;VILA NOVA;Rio;RJ;24404354;N;22/04/2022
100669;ANDRE  CONCEICAO ANDRADE ;1988007380;06/04/1997;M;andre_and209@hotmail.com;21 962031095;Avenida das Palmeiras, 1781;PARQUE INDUSTRIAL;Rio de Janeiro - RJ;rj;25405395;;08/11/2022
100670;LUCAS RIBEIRO;18896002702;23/09/2005;M;lucas.ribeiro827@gmail.com;(21) 96747-8308;AVENIDA GETÚLIO VARGAS, 1464;LIBERDADE;Rio de Janeiro;Rio de Janeiro;22633288;S;29/12/2019
100671;CAIO MARQUES;881.076.363-76;27/11/1963;M;caio_mar492@hotmail.com;51974788607;AVENIDA DOM PEDRO II, 957;JARDIM DAS FLORES;Porto Alegre;RS;95092167;S;23/02/2021
100672;CAMILA ANDRADE;897.064.654-05;25/05/1984;F;camilaandrade708@gmail.com;(61) 96014-6460;Avenida Presidente Vargas, 502;PARQUE INDUSTRIAL;Brasília;DF;73279-756;S;29/12/2020
100673;PAULO  CONCEICAO ;473.703.499-18;10/06/1983;M;paulo_con296@yahoo.com.br;(21) 99466-6771;Rua da Liberdade, N. 1884;BOA VISTA;Rio de Janeiro;rj;24839-518;N;17/02/2019
100674;DEBORA GUIMARAES;52823702040;04/07/1966;F;debora.guimaraes4016@outlook.com;11 980834382;Alameda Tiradentes, 686;VILA MARIANA;Santo André;SP;02952-993;N;03/10/2019
100675;CLÁUDIA GUIMARÃES;197.532.513-35;31/10/1999;F;claudia_gui140@uol.com.br;;RUA DOS ANDRADAS, 2440;LIBERDADE;São Paulo;SP;04316989;S;18/06/2024
100676;LARISSA OLIVEIRA MENDES ALVES;12500482308;17/07/1963;F;larissaalves540@bol.com.br;11 962544342;R. SÃO JOÃO, Nº 405;PARQUE INDUSTRIAL;São Paulo;São Paulo;08313063;N;10/07/2020
100677;CAMILA SOUZA SILVA;91291120955;27/03/1998;F;camila_sil626@bol.com.br;81981924785;Pca Tiradentes, 2493 - Apto 12;BELA VISTA;Recife;PE;51064-733;S;19/05/2021
100678;RENATA MARTINS RIBEIRO;5,42328E+10;19/10/1965;F;renataribeiro836@gmail.com;51964521659;R. das Flores, 2212;VILA MARIANA;Porto Alegre;Rio Grande do Sul;94364320;S;01/01/2023
100679;EDUARDO MAGALHÃES MACHADO;881.373.378-06;11/04/1980;M;eduardo_mac969@uol.com;11 973848782;RUA SANTOS DUMONT, Nº 1441;JARDIM AMÉRICA;São Paulo;SP;03122-988;S;13/01/2021
100680;AILNE CARVALHO;087.939.551-62;13/02/1992;F;aline_car143@hotmail.com;21960903657;RUA DAS PALMEIRAS, 1828 - FUNDOS;BELA VISTA;Rio de Janeiro;rj;21195498;S;23/08/2024
100681;HELENA NUNES ROCHA;50125910622;20/12/1999;F;helena_roc29@hotmail.com;16 988514330;RUA PAULISTA, 2729 - FUNDOS;CENTRO;Ribeirão Preto;SP;15030215;S;26/08/2022
100682;SIMONE MELO MELO SOUZA;59540287456;14/09/1975;F;simone_sou206@yahoo.com.br;(21) 7008-7865;Rua Getúlio Vargas, nº 2099;BOA VISTA;rio de janeiro ;RJ;27264-400;;03/12/2020
100683;BRUNO FREITAS OLIVEIRA;67525372241;05/11/1987;M;bruno_oli927@uol.com.br;21963195936;PÇ. CASTRO ALVES, N. S/N;BOA VISTA;Rio de Janeiro;Rio de Janeiro;27136-510;N;15/05/2023
100684;JOÃO ALVES;177.219.237-60;01/04/1978;I;joao.alves400@outlook.com;11 990055678;RUA MARECHAL DEODORO, N. 257;JARDIM DAS FLORES;São Paulo;sp;3458268;S;29/06/2021
100685;ANTONIO CARVALHO;79145479488;15/03/1993;M;antonio_car815@gmail.com;(11) 9788-6633;AVENIDA PRESIDENTE VARGAS, 2070;CENTRO;São Paulo;São Paulo;05279-824;S;14/11/2025
100686;MATEUS P. LIMA;853.391.047-96;12/07/1994;M;mateus_lim488@bol.com.br;(21) 96747-7441;R das Palmeiras, nº 2402 - Bloco B Apto 104;LIBERDADE;Rio de Janeiro;RJ;27917475;S;21/03/2019
100687;LEONARDO  PEREIRA ANDRADE ;94086800900;06/10/1980;;leonardo_and40@outlook.com;11 984989486;Tv. Marechal Deodoro, nº 1066 - Apto 12;SANTO ANTÔNIO;São Paulo;sp;09871-818;N;04/04/2023
100688;MARCELO CARVALHO;35194687192;23/04/1985;M;marcelocarvalho489@outlook.com;11 986692129;Avenida São João, N. 606;SANTO ANTÔNIO;GUARULHOS;São Paulo;08487575;;27/07/2025
100689;VINICIUS  MAGALHAES ;37063671146;26/12/1992;M;viniciusmagalhaes644@yahoo.com.br;1962497285;R. Castro Alves, nº 1548 - Casa 2;CENTRO;Campinas;SP;11538915;S;01/03/2025
100690;ANTONIO MARQUES MARTINS;42175094723;04/08/1977;M;antoniomartins179@outlook.com;11 996135122;Avenida Brasil, N. 2884 - Bloco B Apto 104;JARDIM AMÉRICA;São Paulo;SP;04883465;N;14/01/2019
100691;CAMILA A. CARVALHO;574.076.185-93;30/12/1960;F;camila_car624@outlook.com;(41) 99673-7752;Rua XV de Novembro, nº 2990 - Apto 31;VILA MARIANA;Curitiba;PR;81832084;;28/08/2022
100692;JOANA FREITAS NASCIMENTO MAGALHAES;139.465.180-52;28/03/1972;F;joanamagalhaes107@uol.com.br;(61) 96213-8758;R Marechal Deodoro, nº 1969 - Fundos;SANTO ANTÔNIO;Brasília;df;75089870;;03/02/2021
100693;MARCELO MARTINS;65282434334;11/08/1944;M;marcelo_mar34695@hotmail.com;11960655627;R. SETE DE SETEMBRO, S/N;VILA NOVA;São Paulo;SP;02044-433;N;28/08/2023
100694;BRUNO SOUZA;29400169507;16/12/1989;M;brunosouza623@bol.com.br;4186601105;PRAÇA SANTOS DUMONT, Nº 1787 - CASA 2;JARDIM DAS FLORES;Curitiba;PR;88737-302;S;05/06/2023
100695;SONIA GOMES;57849578763;13/12/1958;F;sonia.gomes433@bol.com.br;21970295701;Rua Presidente Vargas, 941;BELA VISTA;Niterói;rj;23417869;S;24/07/2024
100696;BRUNO SANTOS COSTA;54477256744;18/12/1968;M;bruno.costa106@outlook.com;11 971866924;R MARECHAL DEODORO, 1747;LIBERDADE;São Paulo - SP;sp;09547236;S;23/02/2020
100697;MARCIA MACHADO OLIVEIRA;76397023052;21/04/1976;F;marcia_oli299@hotmail.com;16974688984;Rua dos Ipês, N. 2634;VILA NOVA;Ribeirão Preto;SP;13384475;;22/04/2022
100698;LETICIA CARVALHO CARVALHO;5397634700;24/07/1996;F;leticiacarvalho187@hotmail.com;(32) 96436-9853;Avenida Sete de Setembro, N. 588;BELA VISTA;Juiz de Fora;Minas Gerais;36676-853;S;31/01/2019
100699;MATEUS LIMA MACHADO;45805433192;23/02/1992;M;mateus_mac663bol.com.br;(19) 98973-1896;AV. RIO BRANCO, 1013 - CASA 2;JARDIM DAS FLORES;Campinas;SP;16762997;S;05/09/2024
100700;BEATRIZ NUNES DIAS;765.280.695-06;01/01/1900;F;beatriz.dias171@hotmail.com;11 988137284;R Paulista, nº 705 - Apto 31;SÃO JOSÉ;Santo André;SP;3786323;N;10/09/2021
100701;RAQUEL MELO NUNES;69464936215;24/01/1996;F;raquel_nun205@yahoo.com.br;11 996729295;Rua Rio Branco, S/N;VILA MARIANA;Santo André - SP;SP;09679-242;N;10/10/2022
100702;VINICIUS ASSUNCAO;74160055311;14/08/1984;;vinicius_ass634@outlook.com;11985694115;R. Presidente Vargas, nº 16;JARDIM AMÉRICA;São Paulo;SP;09452-832;N;06/06/2024
100703;LUIZA  FREITAS ;32750042208;03/09/1983;F;luizafreitas33480@hotmail.com;62 980049521;RUA DOM PEDRO II, Nº 1111;PARQUE INDUSTRIAL;Goiânia;GO;78083677;S;07/10/2019
100704;DÉBORA GOMES;735.955.723-27;22/06/1992;F; DEBORA_GOM958@BOL.COM.BR ;31978317577;Rua Getúlio Vargas, N. 1952 - Casa 2;BELA VISTA;Belo Horizonte;Minas Gerais;39663846;S;26/03/2025
100705;HELENA GUIMARAES;026.955.416-51;20/04/1994;F;helena.guimaraes372@outlook.com;11992376798;Avenida Marechal Deodoro, N. 2885;LIBERDADE;São Paulo;SP;5578711;S;03/11/2022
100706;CAIO MACHADO;592.326.513-35;08/06/1975;M;caio_mac717@bol.com.br;(11) 98548-5667;Rua Getúlio Vargas, 2663 - Casa 2;LIBERDADE;São Paulo;SP;07868-595;N;03/08/2019
100707;PAULO CONCEICAO;8969525173;10/04/1979;M;paulo_con480@uol.com.br;(32) 96981-1575;Rua XV de Novembro, nº 997 - Casa 2;VILA MARIANA;JUIZ DE FORA;mg;36590-482;;03/11/2019
100708;CAMILA PEREIRA;501.679.699-86;05/03/1990;F;camilapereira549@bol.com.br;41981863892;ALAMEDA DOS IPÊS, Nº 37 - CASA 2;SANTA CECÍLIA;Curitiba - PR;PR;83151-407;N;27/08/2025
100709;FERNANDO MACHADO ROCHA;99128290690;19/12/1972;M;fernando.rocha124@bol.com.br;(11) 8243-9293;Rua Brasil, N. 701;BELA VISTA;Guarulhos;sp;01329085;S;12/01/2020
100710;JOSÉ BRANDÃO RODRIGUES;12155911440;30/07/1985;M;joserodrigues742@yahoo.com.br;21991693235;TRAVESSA DAS FLORES, N. 2568 - FUNDOS;JARDIM AMÉRICA;Rio de Janeiro;rj;24103514;S;10/12/2023
100711;MARCELO NUNES;419.464.723-87;11/03/1962;M;marcelo_nun716@yahoo.com.br;11974888093;Avenida Presidente Vargas, nº 694;SANTA CECÍLIA;São Paulo;SP;09685825;;06/06/2020
100712;VITÓRIA MOREIRA;84463370027;19/10/1999;F;vitoriamoreira193@yahoo.com.br;(11) 99665-1745;Rua Castro Alves, 203;BELA VISTA;Guarulhos;SP;2012621;N;12/09/2020
100713;HELIO ASSUNCAO;81754584101;30/04/1995;M;helio.assuncao345@bol.com.br;(11) 97644-3795;R SÃO JOÃO, Nº 2643;LIBERDADE;Santo André;São Paulo;03002469;S;14/05/2023
100714;ANA NUNES;540.411.438-02;25/06/1979;F;ana.nunes284@gmail.com;11975537751;AV. DOS IPÊS, 1985;LIBERDADE;Santo André;sp;01908-972;S;14/11/2019
100715;LARISSA DIAS FREITAS;894.392.355-43;11/12/1992;I;larissa_fre727@uol.com.br;11 975951932;Avenida XV de Novembro, 737;SANTA CECÍLIA;São Paulo;SP;06436656;N;03/08/2020
100716;SR. MARCIO GUIMARAES;088.702.797-07;17/11/1989;M;marcio_gui861@hotmail.com;11 999965753;Rua Santos Dumont, N. 381;SANTO ANTÔNIO;São Paulo;;03667-877;N;01/07/2021
100717;ALINE FREITAS RIBEIRO;63814777760;28/08/1990;F; ALINE.RIBEIRO944@GMAIL.COM ;41 971019831;Rua Castro Alves, N. 2239;JARDIM AMÉRICA;Curitiba;PR;82581-240;;11/12/2021
100718;GABRIELA  LIMA ;26635260536;21/06/1995;F;gabriela.lima861@outlook.com;(62) 96591-8351;Rua Paulista, 2166;CENTRO;GOIANIA;GO;73739129;S;03/05/2023
100719;SIMONE DIAS MACHADO;32023268729;06/04/1995;I;simone_mac68185@bol.com.br;(11) 98681-4445;AVENIDA RIO BRANCO, N. 193 - FUNDOS;VILA NOVA;São Paulo;São Paulo;6787689;;10/05/2019
100720;RAFAEL MENDES DIAS;50352824735;03/03/1979;M;rafael.dias932@gmail.com;11 961972251;RUA Sete de Setembro, N. 2693;JARDIM DAS FLORES;São Paulo;SP;09509835;;22/11/2023
100721;OTAVIO GOMES ANDRADE;23036741909;01/02/1995;M;otavio.andrade833@gmail.com;(11) 97484-4388;R Castro Alves, N. 2679;BOA VISTA;São Paulo;SP;05031677;S;03/07/2023
100722;BRUNO MOREIRA ALVES RIBEIRO;54087915050;26/05/1970;M;brunoribeiro9124@gmail.com;61982107158;AVENIDA PRESIDENTE VARGAS, N. 253 - CASA 2;SÃO JOSÉ;Brasília;df;71972347;S;25/02/2022
100723;MÁRCIO GUIMARÃES MARQUES;95956366857;11/06/1941;M;marcio_mar688@hotmail.com;11 973664188;RUA DAS FLORES, N. 1583;SANTO ANTÔNIO;são paulo ;SP;07761-925;N;25/08/2025
100724;OTAVIO FERREIRA GOMES CONCEICAO;64104507881;26/03/1992;;otavio_con316@hotmail.com;11962528568;Av Rio Branco, nº 2187;SANTO ANTÔNIO;Santo André;São Paulo;01426204;N;11/11/2025
100725;LARISSA BARBOSA PEIXOTO;74659764486;15/03/1975;F;larissa_pei909outlook.com;11960379070;AV. DA LIBERDADE, N. 1068;PARQUE INDUSTRIAL;São Paulo;SP;08036-730;S;03/04/2024
100726;HENRIQUE CONCEICAO;96314528674;21/11/1941;M;henrique.conceicao490@gmail.com;(11) 98742-2185;PRAÇA DOS ANDRADAS, N. 803;LIBERDADE;São Paulo;São Paulo;01671-490;S;28/01/2022
100727;DRA. LARISSA MELO LIMA;530.981.248-22;30/07/1938;F;larissalima66@hotmail.com;11 68681821;RUA RIO BRANCO, N. 1026;SÃO JOSÉ;São Paulo;SP;09074009;S;12/01/2023
100728;OTÁVIO PEIXOTO RIBEIRO OLIVEIRA;12579054308;04/04/1979;M;otavio_oli592@yahoo.com.br;11993725316;RUA PAULISTA, Nº 2398;VILA NOVA;São Paulo;São Paulo;9689551;N;30/01/2019
100729;LARISSA  LIMA MOREIRA ;14983905103;05/10/1942;F;larissa.moreira314@gmail.com;98618-9553;Trav. Dom Pedro II, N. 2698;LIBERDADE;Rio de Janeiro;RJ;21796-919;N;10/05/2024
100730;GABRIELA MARQUES MARTINS;685.340.426-24;20/06/1987;F;gabriela.martins638@yahoo.com.br;;RUA MARECHAL DEODORO, 185 - APTO 12;VILA NOVA;Porto Alegre;RS;92384160;N;03/06/2023
100731;CLAUDIA ALVES MELO;384.682.981-15;12/07/1978;F;claudiamelo803@hotmial.com;(31) 99851-7879;RUA XV DE NOVEMBRO, Nº 1482;JARDIM DAS FLORES;Belo Horizonte;Minas Gerais;37812-013;S;24/09/2020
100732;LARISSA ASSUNCAO CONCEICAO;96247308574;31/12/1933;F;larissaconceicao856@yahoo.com.br;(21) 6369-7168;ALAMEDA DAS FLORES, Nº 926;SANTO ANTÔNIO;Rio de Janeiro;RJ;29361916;S;29/12/2020
100733;SERGIO FERREIRA;876.761.646-13;31/12/1933;;sergio_fer71@outlook.com;19 977022078;Av da Liberdade, N. 95;JARDIM DAS FLORES;Campinas - SP;SP;11121756;S;31/07/2021
100734;MARCIO COSTA CARDSOO;54564690493;05/03/1964;M;marcio.cardoso614@hotmail.com;96100-2843;AVENIDA XV DE NOVEMBRO, N. 2237;SANTA CECÍLIA;SAO PAULO;São Paulo;04877-875;S;23/06/2020
100735;RENATA ALVES MARTINS;290.029.892-02;19/02/1984;F;renata_mar404@yahoo.com.br;(21) 99518-1009;AVENIDA DA LIBERDADE, Nº 561 - FUNDOS;LIBERDADE;Rio de Janeiro;Rio de Janeiro;23396898;S;11/06/2022
100736;MATEUS SOUZA ALVES;54015461142;26/12/1946;M;mateusalves56@outlook.com;(16) 8414-4783;R. dos Ipês, N. 863;JARDIM DAS FLORES;Ribeirão Preto;SP;18435609;N;30/08/2019
100737;JOAO CARDOSO;82911309812;02/10/1983;M;joao.cardoso576@bol.com.br;2187679996;Rua Sete de Setembro, nº 821;SÃO JOSÉ;Rio de Janeiro;rj;23087-990;N;01/04/2024
100738;RAFAEL MENDES BRANDÃO;792.217.884-07;16/08/1978;M; RAFAEL.BRANDAO342@UOL.COM.BR ;81 968196985;PRAÇA TIRADENTES, Nº 1948 - BLOCO B APTO 104;VILA NOVA;Recife;PE;56396-504;N;18/12/2024
100739;OTAVIO BRANDAO CARVALHO;23628254779;08/06/1966;M;otaviocarvalho966@hotmail.com;11 972982343;Al. Dom Pedro II, nº 118 - Apto 12;LIBERDADE;São Paulo;São Paulo;07870-725;S;06/07/2024
100740;JOAO RODRIGUES;137.756.379-07;19/06/1973;M;joao.rodrigues206@uol.com.br;(32) 97665-8531;R SANTOS DUMONT, 424;VILA MARIANA;Juiz de Fora;Minas Gerais;39201683;N;18/11/2023
100741;FERNANDA RODRIGUES PEREIRA MARQUES;41341360750;13/03/1988;F;fernandamarques840@bol.com.br;51960104838;Avenida Paulista, 533;VILA NOVA;Porto Alegre;Rio Grande do Sul;99421384;N;10/11/2020
100742;LETICIA ANDRADE PEREIRA;73367246370;16/09/1998;F;leticiapereira344@outlook.com;(61) 6127-7253;Rua Marechal Deodoro, 815;VILA MARIANA;Brasília;DF;78357-829;S;16/11/2024
100743;BRUNO MARTINS MOREIRA;60291266010;03/03/1993;M;bruno_mor182@uol.com.br;11 962761697;RUA SÃO JOÃO, Nº 762 - CASA 2;JARDIM AMÉRICA;SAO PAULO;SP;05502-933;N;10/07/2022
100744;TANIA LIMA;25460107512;05/02/1987;F;tanialima220@outlook.com;(81) 98040-8680;R Dom Pedro II, 1563;VILA MARIANA;Recife;Pernambuco;53728-775;S;09/11/2023
100745;RODRIGO SANTOS;642.953.845-18;30/09/2005;M;rodrigo.santos867@outlok.com;41988404582;RUA BRASIL, Nº 1788;CENTRO;Curitiba;Paraná;87531555;N;15/12/2019
100746;SÉRGIO N. MENDES;888.937.341-50;13/08/1979;M;sergio.mendes404@bol.com.br;(11) 99323-7805;RUA CASTRO ALVES, Nº 2284;CENTRO;São Paulo;São Paulo;06804-278;;18/12/2020
100747;SR. OTAVIO MARQUES;34188346396;06/12/1958;M; OTAVIOMARQUES58910@YAHOO.COM.BR ;(21) 97124-5472;R. das Flores, 2887;SÃO JOSÉ;Rio de Janeiro;Rio de Janeiro;26327445;N;31/03/2019
100748;MARCIO SANTOS ALVES MARTINS;26702827415;26/01/1978;M;marcio_mar259@uol.com.br;51 965376727;AV RIO BRANCO, 163;BELA VISTA;POA;RS;94405-459;S;01/10/2021
100749;RAFAEL ANDRADE FREITAS;29277297000;28/08/1996;M;rafael_fre261@outlook.com;3164274807;RUA SANTOS DUMONT, 2741;CENTRO;Belo Horizonte;MG;32012-571;N;27/12/2023
100750;MATEUS SANTOS MOREIRA;708.512.639-68;14/12/1992;M;mateus_mor453@uol.com.br;31984863199;AVENIDA TIRADENTES, 964;SANTO ANTÔNIO;Belo Horizonte;Minas Gerais;32238-113;S;27/02/2023
100751;VINÍCIUS CONCEIÇÃO PEREIRA;986.528.085-03;18/02/1989;M;viniciuspereira550@gmail.com;(11) 6022-3289;RUA DOS IPÊS, 492;CENTRO;São Paulo;São Paulo;01475-169;;23/08/2022
100752;BRUNO RODRIGUES;74751653296;04/01/1970;M;bruno_rod162@gmail.com;(31) 99346-3799;RUA GETÚLIO VARGAS, 2544 - FUNDOS;JARDIM AMÉRICA;Belo Horizonte;MG;35130052;S;16/02/2020
100753;CESAR LIMA MELO;8684181611;21/09/1958;M;cesar_mel837@yahoo.com.br;(21) 99539-3445;AV. DA LIBERDADE, Nº 1171;SANTA CECÍLIA;RIO DE JANEIRO;Rio de Janeiro;29897-550;N;12/12/2022
100754;HELIO ARAUJO ASSUNCAO;33501150040;05/01/1978;M;helioassuncao878@uol.com.br;48991401557;TV. PRESIDENTE VARGAS, N. 1877 - BLOCO B APTO 104;VILA MARIANA;Florianópolis;SC;87712362;N;09/01/2024
100755;JOSÉ SANTOS GOMES;451.038.605-20;21/04/1990;M;jose_gom95@gmail.com;(51) 98277-2144;AV da Liberdade, 2300;JARDIM DAS FLORES;Porto Alegre;RS;96048191;N;03/08/2019
100756;WAGNER MACHADO MAGALHAES;454.065.670-80;23/11/1970;M;wagnermagalhaes807@hotmail.com;(16) 99769-9525;PRACA SETE DE SETEMBRO, 1155 - APTO 12;LIBERDADE;RIBEIRAO PRETO;sp;14214-614;N;12/12/2024
100757;ALINE  RODRIGUES BRANDÃO ;529.175.563-66;07/09/1978;F;aline_bra817@outlook.com;(31) 99646-1564;Rua Santos Dumont, 2378;SANTA CECÍLIA;Belo Horizonte;Minas Gerais;37991924;N;31/05/2020
100758;LARISSA MENDES ALVES;157.672.316-05;03/01/1968;F;;(11) 96212-6945;R CASTRO ALVES, N. 2601 - BLOCO B APTO 104;BELA VISTA;São Paulo;;06086-850;N;29/09/2023
100759;RENATA CARDOSO;69582208465;12/09/1975;F;renatacardoso242@;(21) 97586-5434;Rua das Palmeiras, N. 1462;BOA VISTA;Rio de Janeiro;RJ;29603-702;N;05/08/2022
100760;VINÍCIUS MARQUES;74044250774;17/04/1956;M;vinicius.marques776@bol.com.br;19984138527;R Dom Pedro II, N. 2871;VILA MARIANA;Campinas;SP;18433-784;N;26/12/2025
100761;RODRIGO GUIMARÃES FREITAS SOUZA;640.873.306-99;14/10/1950;M;;21 975707141;R. Brasil, nº 1659 - Casa 2;CENTRO;Rio de Janeiro;rj;21711-084;N;30/10/2020
100762;FERNANDO  CARVALHO ARAUJO ;915.129.478-81;12/10/1979;M;;81 83947764;AV TIRADENTES, 1266;BOA VISTA;recife ;pe;59708-115;S;30/09/2023
100763;GUSTAVO MORERIA NASCIMENTO;757.821.466-72;04/04/1967;M;gustavonascimento981@uol.com.br;62964485269;RUA Dom Pedro II, nº 2865;CENTRO;Goiânia;GO;73248824;;01/11/2023
100764;VITORIA PEIXOTO BRANDAO;70646100190;05/03/1968;F;vitoria.brandao533@hotmial.com;3187702228;AVENIDA CASTRO ALVES, 275;SANTA CECÍLIA;Belo Horizonte;Minas Gerais;38364-124;N;22/05/2020
100765;NATÁLIA ROCHA CARDOSO FERREIRA;043.205.700-57;13/08/1989;F;natalia.ferreira582@yahoo.com.br;11970306387;RUA DOS ANDRADAS, N. 1604 - APTO 12;JARDIM DAS FLORES;Guarulhos - SP;São Paulo;01660134;;04/03/2021
100766;JOSE  NASCIMENTO FREITAS ;04704728714;22/11/1972;M;jose_fre841@outlook.com;(16) 98716-6271;AVENIDA CASTRO ALVES, Nº 683;VILA MARIANA;Ribeirão Preto;sp;17283988;N;19/12/2021
100767;THIAGO ALVES MELO MARTINS;348.065.610-29;24/03/1976;;thiagomartins442@uol.com.br;(31) 8078-7537;R Brasil, N. 229;CENTRO;Belo Horizonte;mg;31646779;N;05/02/2020
100768;ISABELA ANDRADE OLIVEIRA;976.529.465-49;25/09/1985;F;isabela.oliveira176@gmail.com;(62) 98017-4134;RUA RIO BRANCO, 199;PARQUE INDUSTRIAL;Goiânia - GO;go;72381-723;S;02/08/2021
100769;LUIZA MAGALHAES;95007484792;15/10/1971;F;luizamagalhaes828@bol.com.br;11 972222964;AV Rio Branco, N. 1286;SANTO ANTÔNIO;São Paulo;São Paulo;08683313;S;08/07/2020
100770;ANA ASSUNCAO ROCHA;730.829.337-85;08/01/1982;F;ana.rocha129@gmail.com;32 973547413;AV. SANTOS DUMONT, 2761 - BLOCO B APTO 104;PARQUE INDUSTRIAL;Juiz de Fora;MG;31965-101;;29/11/2023
100771;ISABELA MARTINS MACHADO;83531811509;19/04/1991;F;isabela.machado976@outlook.com;(31) 99761-9289;Av. Santos Dumont, nº S/N;VILA NOVA;Belo Horizonte;MG;39142215;N;23/06/2022
100772;SONIA GUIMARAES LIMA GOMES;45085338251;27/07/1979;F; SONIA_GOM340@HOTMAIL.COM ;(11) 9739-2634;Rua XV de Novembro, S/N;CENTRO;São Paulo - SP;São Paulo;02568-765;S;25/03/2025
100773;ISABELA CARVALHO ROCHA;60952909880;20/06/1989;F;isabela_roc465@gmail.com;1182421001;RUA SÃO JOÃO, Nº 53;SANTO ANTÔNIO;São Paulo;SP;08532598;N;31/05/2024
100774;LUIZA DIAS;089.677.802-90;18/07/1989;F;luiza.dias87@bol.com.br;(11) 98068-5744;RUA Castro Alves, N. 893;PARQUE INDUSTRIAL;Guarulhos;SP;5992458;N;05/01/2025
100775;SRA. EDUARDO MAGALHAES;02464939927;05/01/1991;M;eduardo.magalhaes355@gmail.com;(11) 96906-3749;Rua Rio Branco, nº 1122 - Casa 2;JARDIM DAS FLORES;Guarulhos;SP;08574-630;N;07/01/2020
100776;JOANA PEREIRA FREITAS;542.481.343-73;21/05/1972;;joanafreitas277@bol.com.br;21 980667995;RUA MARECHAL DEODORO, Nº 1025;LIBERDADE;Rio de Janeiro - RJ;Rio de Janeiro;27573670;N;23/12/2025
100777;CLAUDIA BRANDAO NASCIMENTO MENDES;53318708216;03/03/1972;F;claudia_men944@yahoo.com.br;48987588484;Rua dos Andradas, N. 944;SANTO ANTÔNIO;Florianópolis;SC;83121367;N;10/04/2021
100778;MARCELO PEIXOTO MARQUES;99845900976;10/09/1984;M;marcelo_mar754@yahoo.com.br;(11) 9054-9976;RUA DAS FLORES, Nº 1348;SANTO ANTÔNIO;SAO PAULO;SP;6024371;N;07/07/2020
100779;ANTONIO PEREIRA CONCEICAO;485.610.727-50;24/01/1999;M;antonio_con244@uol.com.br;71 982192993;R DA LIBERDADE, Nº S/N;BOA VISTA;salvador ;BA;48790-780;S;05/12/2024
100780;BEATRIZ SANTOS BARBOSA;372.373.153-82;30/04/1997;F;beatriz.barbosa702@hotmail.com;11968185726;Avenida Brasil, 461;BOA VISTA;São Paulo;SP;5045156;S;21/09/2019
100781;MARIANA MARQUES LIMA;49286475802;31/08/1989;F;mariana.lima255@hotmail.com;(41) 6090-5464;Trav. Marechal Deodoro, nº 2158;LIBERDADE;Curitiba;Paraná;83107-560;N;07/02/2019
100782;GABRIELA BRANDAO;455.183.372-05;03/11/1985;F;gabriela.brandao222@gmail.com;68165967;RUA Dom Pedro II, N. S/N - Casa 2;SÃO JOSÉ;Porto Alegre;rs;95029220;S;23/04/2023
100783;SR. HELENA SILVA NASCIMENTO;80742107078;22/02/1989;F;helenanascimento319@yahoo.com.br;(21) 99009-9153;R PRESIDENTE VARGAS, 2525;SANTA CECÍLIA;Niterói;RJ;24697217;S;14/11/2019
100784;ANA NASCIMENTO RIBEIRO BRANDAO;518.622.789-70;24/03/1979;F;ana.brandao695@outlook.com;(21) 99530-5652;R. dos Andradas, N. 2883 - Fundos;BOA VISTA;Rio de Janeiro;rj;26470983;N;20/08/2020
100785;RAFAEL ASSUNCAO OLIVEIRA;509.232.004-44;26/09/1998;M; RAFAEL.OLIVEIRA44@BOL.COM.BR ;11996368382;RUA Paulista, N. 338;VILA MARIANA;Guarulhos;SP;4998166;S;27/12/2025
100786;JOANA DIAS SILVA NUNES;19054551356;26/10/1952;F;joananunes803@outlook.com;11 82475191;Rua Brasil, 965;LIBERDADE;São Paulo;São Paulo;05223-446;S;18/05/2025
100787;VINICIUS CARDOSO MAGALHAES;14844300504;17/07/1990;M;vinicius.magalhaes146@hotmial.com;41995549146;AVENIDA MARECHAL DEODORO, 1683;BELA VISTA;Curitiba;PR;85550-012;N;22/09/2022
100788;LUIZA MARQUES CONCEICAO;655.549.046-29;28/08/1976;F;luiza.conceicao525@hotmail.com;(11) 97317-9747;AVENIDA SANTOS DUMONT, Nº 1717;BOA VISTA;São Paulo;SP;07285506;N;19/09/2024
100789;LUÍS  PEIXOTO ACRVALHO ;04784472487;21/12/1999;M;luiscarvalho813@hotmail.com;(19) 96395-9509;RUA TIRADENTES, 2753;JARDIM DAS FLORES;campinas ;SP;17916058;S;17/12/2021
100790;EDUARDO N. ALVES;32343361134;10/11/1962;M;eduardoalves487@hotmail.com;75828499;Rua Dom Pedro II, nº 2994;SANTO ANTÔNIO;Guarulhos;SP;03364-208;S;24/09/2025
100791;BEATRIZ SOUZA;77981859921;07/04/1940;F;beatriz.souza150@bol.com.br;48 86065684;Rua Castro Alves, nº 596;PARQUE INDUSTRIAL;Florianópolis - SC;SC;86493972;S;02/06/2025
100792;PATRICIA FREITAS;79975471269;02/02/1996;F;patriciafreitas692@bol.com.br;4198357077;AVENIDA MARECHAL DEODORO, 2342;VILA MARIANA;Curitiba;pr;89212-721;S;14/10/2021
100793;OTAVIO  FREITAS ;146.258.547-76;31/12/1933;M;;(41) 97151-3604;RUA Presidente Vargas, nº 2233;PARQUE INDUSTRIAL;Curitiba;pr;89533851;S;08/08/2022
100794;MARCIA LIMA MARUQES;42115026209;31/10/1986;F;marcia_mar26669@bol.com.br;(11) 6084-1510;RUA DAS FLORES, 953;BELA VISTA;São Paulo;São Paulo;08220726;N;22/06/2019
100795;HENRIUQE LIMA;343.922.400-70;26/02/1983;M;henrique.lima457@bol.com.br;21978977518;Rua Getúlio Vargas, nº 2463;CENTRO;Rio de Janeiro;rj;26253025;S;18/10/2022
100796;GABRIELA COSTA;549.734.112-80;02/02/1985;I;gabrielacosta244@hotmail.com;11 965231677;RUA MARECHAL DEODORO, N. 1927;VILA MARIANA;São Paulo;SP;05180954;N;08/03/2020
100797;CLÁUDIA ROCHA MELO;288.456.862-05;30/09/1999;F;claudia.melo802@@outlook.com;98315-9591;Alameda Rio Branco, N. 2763;SANTO ANTÔNIO;São Paulo - SP;São Paulo;5268615;;14/01/2019
100798;BEATRIZ ANDRADE;244.700.169-00;10/09/1982;F;beatrizandrade826@gmail.com;21 995822801;AVENIDA TIRADENTES, 1927 - FUNDOS;SANTO ANTÔNIO;Niterói;Rio de Janeiro;27652274;N;02/09/2019
100799;BEATRIZ ROCHA CARDOSO MOREIRA;530.065.345-49;10/05/1980;F;beatriz.moreira702@outlook.com;61 984423750;AVENIDA SETE DE SETEMBRO, Nº 1155;JARDIM AMÉRICA;Brasília - DF;DF;71611-251;S;01/12/2024
100800;ANA FERREIRA;89281256851;24/04/1983;F;ana.ferreira35@yahoo.com.br;81960382013;RUA Castro Alves, 1145;BELA VISTA;Recife;PE;57715-428;;02/11/2024
100801;FERNANDO  ANDRADE ;550.042.962-00;28/08/1976;M;fernando_and721@outlook.com;11982588773;RUA PRESIDENTE VARGAS, N. 2182 - FUNDOS;CENTRO;São Paulo;sp;08760-864;S;13/12/2019
100802;GUSTAVO SANTOS ROCHA MARTINS;70842075895;04/12/1945;M;gustavo_mar221@yahoo.com.br;11975617523;RUA BRASIL, Nº 924;SANTO ANTÔNIO;Santo André;sp;1086387;;04/11/2025
100803;GABRIELA NUNES DIAS;39231095803;17/01/1963;F;gabriela_dia490@gmail.com;11971223801;Praça Santos Dumont, N. 802;BELA VISTA;São Paulo;SP;05567215;N;13/01/2022
100804;NATALIA MAGALHAES ARAUJO OLIVEIRA;09385247123;30/03/1959;F;natalia.oliveira413@yahoo.com.br;(11) 99955-2476;RUA Paulista, N. 956;JARDIM DAS FLORES;Guarulhos;SP;01041813;S;23/04/2021
100805;LEONARDO FREITAS ALVES;29364777190;05/11/1968;M;leonardo_alv190@uol.com.br;62 997543750;Av. Dom Pedro II, nº 1951;VILA NOVA;Goiânia;GO;77038203;S;03/09/2020
100806;PRISCILA ANDRADE FREITAS BRANDAO;424.268.152-64;27/09/2001;F;priscilabrandao127@bol.com.br;11 996411487;Alameda da Liberdade, 1267;BOA VISTA;São Paulo;sp;09063557;S;11/07/2023
100807;NATALIA BRANDAO;01847582893;01/04/1961;F;natalia.brandao682@gmail.com;61 999744747;AVENIDA DAS PALMEIRAS, Nº 747;BELA VISTA;BRASILIA;DF;76415366;S;02/01/2019
100808;MARCELO PEREIRA ALVES ARAUJO;841.066.231-02;10/05/2006;M;marceloaraujo586@yaho.com.br;51 978333002;Pca Presidente Vargas, N. 2257 - Apto 12;SANTO ANTÔNIO;Porto Alegre;rs;96219072;N;12/11/2019
100809;FERNANDA S. FREITAS;30343340879;16/10/1985;F;fernanda_fre895@outlook.com;;RUA CASTRO ALVES, 821;LIBERDADE;São Paulo;SP;01237-890;N;12/06/2019
100810;HÉLIO ANDRADE MAGALHÃES DIAS;76227200387;11/09/1980;M;helio.dias908@uol.com.br;;RUA DAS PALMEIRAS, N. 1784 - CASA 2;BOA VISTA;Rio;RJ;29373-755;N;13/12/2023
100811;RAQUEL RIBEIRO BARBOSA;91225612004;09/11/1985;F;raquel_bar850@bol.com;32 90442001;R. dos Andradas, nº 2083;SANTA CECÍLIA;Juiz de Fora;mg;34137-056;S;10/09/2019
100812;MÁRCIO  CARVALHO FREITAS ;99290563516;07/12/1993;M;marcio.freitas832@bol.com.br;(19) 99090-3364;RUA DA LIBERDADE, 928 - CASA 2;JARDIM AMÉRICA;Campinas;SP;16380937;S;08/07/2021
100813;SÉRGIO MAGALHÃES MENDES;6,30049E+10;07/05/1956;M;sergiomendes991@yahoo.com.br;(32) 8582-7395;RUA DOS IPÊS, 144 - APTO 31;PARQUE INDUSTRIAL;Juiz de Fora;mg;33089862;S;13/07/2023
100814;HÉLIO ANDRADE SOUZA BARBOSA;364.928.666-14;18/12/1963;M;heliobarbosa381@uol.com.br;11 981907253;AV Sete de Setembro, nº 1693 - Fundos;LIBERDADE;Guarulhos;;4201757;S;22/12/2025
100815;MÁRCIO MOREIRA ARAÚJO LIMA;158.090.814-44;03/04/1973;M; MARCIO_LIM571@YAHOO.COM.BR ;11966049579;Alameda XV de Novembro, 214;SÃO JOSÉ;São Paulo;SP;03229-423;S;08/11/2022
100816;LUIS MELO ALVES;90218270771;19/12/1962;M;luisalves136@uol.com.br;1168456881;RUA SETE DE SETEMBRO, Nº 875 - APTO 12;CENTRO;Guarulhos;São Paulo;02969-305;N;21/03/2019
100817;DEBORA MAGALHAES;93632140103;03/05/1990;F;deboramagalhaes325@bol.com.br;11 989532849;R PAULISTA, N. 2479 - FUNDOS;JARDIM DAS FLORES;São Paulo;SP;06010-946;N;24/08/2022
100818;ALINE CARDOSO;64347018100;26/02/1978;F;aline.cardoso467@hotmail.com;41 990501954;R. das Flores, nº 2842;SÃO JOSÉ;Curitiba;PR;81282138;S;06/09/2025
100819;HELIO BRANDAO MARQUES MELO;626.272.150-94;25/10/1974;M;helio_mel448@outlook.com;(11) 8184-1161;Alameda da Liberdade, nº 1654;LIBERDADE;São Paulo;;07419-491;N;27/09/2022
100820;PRISCILA PEIXOTO CARVALHO FREITAS;47749638105;14/01/1997;F;priscila.freitas146@hotmail.com;11978911157;Rua Getúlio Vargas, N. 719;PARQUE INDUSTRIAL;SAO PAULO;SP;07369128;N;03/08/2019
100821;DANIEL MAGALHAES MACHADO;49728710240;30/09/1978;M;danielmachado390@hotmail.com;97788-7477;RUA da Liberdade, 171;BOA VISTA;São Paulo;sp;09246-914;S;30/08/2020
100822;CAMILA SOUZA;76140527228;28/08/1995;F;camila.souza169@gmail.com.br;(11) 97317-5471;ALAMEDA TIRADENTES, Nº 2348 - APTO 31;SANTO ANTÔNIO;SAO PAULO;sp;02193580;N;16/02/2023
100823;CECILIA FREITAS;587.548.972-38;20/09/1997;F;ceciliafreitas545@outlook.com;97349-7467;R Sete de Setembro, 2614;BOA VISTA;São Paulo;SP;04892-827;N;20/06/2025
100824;FABIO MAGALHAES MACHADO;295.671.574-72;30/01/2001;M;marciamagalhaes725@bol.com.br;92193610;Avenida das Flores, 2915;LIBERDADE;Porto Alegre;RS;95206781;S;16/03/2020
100825;FERNANDA ALVES FREITAS NASCIMENTO;62614995517;03/11/1972;F;fernanda_nas2872@yahoo.com.br;11975237477;R. TIRADENTES, Nº 1100;SANTA CECÍLIA;São Paulo;SP;09394-570;N;24/05/2022
100826;CECÍLIA RIBEIRO ALVES;279.056.385-37;30/01/1987;F;ceciliaalves828@bol.com;11 89934692;Avenida XV de Novembro, 1024;CENTRO;São Paulo - SP;sp;05468-349;N;16/03/2020
100827;HENRIQUE MOREIRA SILVA;54799219243;02/01/1993;M;henriquesilva6397@outlook.com;(31) 97486-7655;R. SÃO JOÃO, 1828;LIBERDADE;belo horizonte ;Minas Gerais;38492829;;23/04/2021
100828;ALINE MARTINS;639.860.185-81;11/12/1952;F;alinemartins982@yahoo.com.br;61991031208;AV DAS PALMEIRAS, Nº 519;LIBERDADE;Brasília;DF;73293154;N;30/05/2021
100829;CLAUDIA  SILVA ;581.665.297-42;23/07/2002;F;claudia.silva960@uol.com.br;11 990262477;R GETÚLIO VARGAS, 2735;VILA NOVA;Santo André;SP;09615-664;S;31/10/2020
100830;THIAGO FREITAS NUNES MOREIRA;032.841.382-85;06/08/1956;M;thiagomoreira582@hotmail.com;;RUA PAULISTA, N. 304;SANTO ANTÔNIO;SAO PAULO;SP;03870503;S;20/09/2020
100831;DEBORA MELO SANTOS;07274790161;13/09/1968;F;debora.santos660@uol.com.br;1192291879;Rua dos Ipês, 151;VILA MARIANA;Santo André;SP;6390958;S;18/03/2020
100832;OTAVIO CARDOSO LIMA;078.174.273-05;31/12/1933;M;otavio_lim248@gmail.com;21 80887450;RUA GETÚLIO VARGAS, N. 2677;JARDIM AMÉRICA;Rio de Janeiro;rj;23479488;;17/07/2023
100833;EDUARDO  PEREIRA ARAUJO ;019.881.222-10;01/02/1985;M;eduardoaraujo802@yahoo.com.br;41961154403;PRAÇA TIRADENTES, N. 2033;SANTO ANTÔNIO;Curitiba;PR;87687770;S;30/07/2025
100834;ALINE FREITAS GUIMARAES;56432245699;26/01/1990;F;;;Avenida dos Andradas, nº 278;VILA NOVA;Porto Alegre;RS;91992237;S;18/08/2022
100835;THIAGO MOREIRA SILVA;44084990213;02/09/1965;M;thiagosilva987@outlook.com;(19) 9508-1548;TRAV. PAULISTA, N. 150 - BLOCO B APTO 104;JARDIM DAS FLORES;Campinas;sp;18527324;N;07/06/2023
100836;LUCAS FREITAS;732.667.771-90;23/04/1977;M;lucas.freitas845@hotmail.com;16 983257269;AVENIDA PRESIDENTE VARGAS, 790;CENTRO;Ribeirão Preto;São Paulo;19847-981;N;06/06/2019
100837;MARCELO MENDES NASCIMENTO;682.367.106-88;01/06/1978;M;marcelo.nascimento35@gmail.com;(11) 96723-8587;R das Palmeiras, 2855 - Bloco B Apto 104;BELA VISTA;São Paulo - SP;SP;07224555;S;29/08/2019
100838;FÁBIO NASCIMENTO MARQUES;34460967600;26/03/1990;M;fabio_mar305@bol.com.br;97246-5615;R. dos Andradas, 70;BELA VISTA;SAO PAULO;sp;07613-558;S;17/12/2022
100839;SRA. JOANA NUNES ANDRADE;749.579.881-53;02/02/1989;F;joana.andrade476@yahoo.com.br;71 968832597;AVENIDA BRASIL, 1343;BELA VISTA;salvador ;BA;48185-203;N;07/03/2021
100840;HENRIQUE DIAS;534.634.386-58;06/04/1988;M; HENRIQUE.DIAS700@HOTMAIL.COM ;62 995307286;AVENIDA PAULISTA, N. 877 - CASA 2;CENTRO;GOIANIA;GO;79831-013;N;30/07/2024
100841;DR. DANIEL MAGALHAES MOREIRA;916.020.314-52;29/09/1956;M;daniel_mor919@outlook.com;19971536134;AVENIDA SANTOS DUMONT, 673 - CASA 2;BOA VISTA;Campinas - SP;São Paulo;19649763;S;12/02/2020
100842;MARCIO MELO;53459599006;03/02/1964;M;marcio_mel108@yahoo.com.br;41990233879;Rua Santos Dumont, nº 1199;CENTRO;Curitiba;PR;86760-073;S;07/06/2024
100843;LÚCIA SILVA;95876373214;16/04/1984;I;lucia_sil516@uol.com.br;(11) 96528-5790;AVENIDA SANTOS DUMONT, Nº 2654 - BLOCO B APTO 104;VILA NOVA;São Paulo;São Paulo;02427368;S;16/09/2025
100844;MARCELO PEREIRA;55208020840;12/12/1985;M;marcelopereira873@bol.com.br;11 960429248;R. DOS ANDRADAS, N. 1625;CENTRO;São Paulo;São Paulo;03161-878;S;17/10/2020
100845;SÔNIA ANDRADE NUNES PEIXOTO;72112257501;11/05/2000;F;sonia_pei400@yahoo.com.br;;AVENIDA TIRADENTES, N. 1208;BELA VISTA;São Paulo;sp;01825784;S;14/02/2019
100846;MARCELO FREITAS;901.820.025-51;21/10/1995;M;marcelofreitas506@hotmail.com;11 983638112;AV RIO BRANCO, 2423;LIBERDADE;São Paulo;SP;03180929;S;01/11/2021
100847;LETICIA ARAUJO PEIXOTO;91549273744;30/11/1982;F;leticia.peixoto150@outlook.com;11 983914318;AV. CASTRO ALVES, N. 2559;LIBERDADE;São Paulo;sp;06428323;N;01/05/2021
100848;PAULO ARAÚJO PEIXOTO;80359688900;29/07/1989;M;;31 99625576;AV. RIO BRANCO, Nº 1423;SÃO JOSÉ;Belo Horizonte;MG;36888535;N;14/06/2023
100849;DR. CAMILA PEIXOTO ANDRADE;79371542683;21/07/1965;F;camilaandrade437@yahoo.com.br;(62) 96738-9130;R. RIO BRANCO, Nº 2569;LIBERDADE;Goiânia;Goiás;76233100;S;01/10/2022
100850;RENATA NASCIMENTO ASSUNCAO;56582809237;03/05/1946;F;renataassuncao952@gmail.com;97904-1565;Avenida Sete de Setembro, 2012;SANTA CECÍLIA;Rio de Janeiro;Rio de Janeiro;23875-084;S;01/05/2022
100851;LÚCIA ARAÚJO ASSUNÇÃO ANDRADE;613.384.003-04;04/07/1994;F;lucia_and186@gmial.com;41973738433;AL SANTOS DUMONT, Nº 988;VILA MARIANA;Curitiba;pr;81963784;S;22/10/2023
100852;LARISSA MACHADO ARAUJO;18163938277;24/11/1982;F;larissa.araujo418@gmail.com;19975035881;Praça dos Andradas, 717 - Apto 31;SANTA CECÍLIA;Campinas;SP;17771-190;S;29/08/2019
100853;FERANNDA GUIMARAES;340.149.394-99;04/08/1990;F;fernanda.guimaraes158@hotmail.com;(31) 99466-5773;Rua Dom Pedro II, N. 1670;BELA VISTA;Belo Horizonte;mg;34676988;S;22/08/2021
100854;FERNANDA SANTOS PEIXOTO;68105730545;22/11/1980;F;fernanda_pei107@bol.com.br;(61) 97764-8727;AV XV DE NOVEMBRO, Nº 2533;PARQUE INDUSTRIAL;Brasília;df;76100055;N;20/08/2021
100855;HENRIQUE A. SOUZA;39511399438;25/03/1994;M;henrique_sou648@hotmail.com;21984944669;Rua dos Andradas, nº 120;JARDIM DAS FLORES;Rio de Janeiro;rj;25149576;N;31/10/2024
100856;JOAO RODRIGUES;8,85198E+10;03/10/1979;;joao_rod415@uol.com.br;(11) 96543-5396;AVENIDA XV DE NOVEMBRO, 237;VILA NOVA;São Paulo;;7837034;S;04/09/2022
100857;MATEUS RIBEIRO PEIXOTO;300.255.361-17;28/01/1986;M;mateuspeixoto953@uol.com.br;62965454296;R Rio Branco, N. 2975 - Casa 2;SANTO ANTÔNIO;Goiânia;GO;78897-392;N;20/11/2020
100858;SIMONE PEIXOTO;82273750145;07/09/1992;F;simone_pei701@yahoo.com.br;(21) 9455-1663;RUA DOS ANDRADAS, N. 2263;CENTRO;Rio de Janeiro - RJ;RJ;23030-873;S;28/12/2025
100859;MARCIO MELO RIBEIRO SILVA;44711642447;18/06/1981;M;marciosilva360@uol.com.br;81990075077;AVENIDA BRASIL, N. 1965;SANTO ANTÔNIO;Recife - PE;;52581823;S;13/11/2024
100860;MARCELO COSTA;33493699280;26/12/1976;M;marcelo.costa911@yahoo.com.br;41 971391915;AV. DOS IPÊS, 1553 - BLOCO B APTO 104;CENTRO;Curitiba;PR;84575501;N;02/12/2019
100861;HENRIQUE SANTOS;18191134349;17/04/1971;M;henriquesantos857@gmail.com;(31) 7743-1679;R Castro Alves, N. 405;JARDIM AMÉRICA;Belo Horizonte - MG;mg;35564071;N;16/11/2024
100862;SÔNIA ROCHA ANDRADE;30369094000;07/02/1987;F;;(48) 98952-6076;RUA RIO BRANCO, N. 2360 - BLOCO B APTO 104;JARDIM AMÉRICA;Florianópolis;sc;82642517;S;18/01/2025
100863;ANTONIO BRANDAO;4,66470E+10;04/12/1990;M;antoniobrandao660@uol.com.br;;R. SANTOS DUMONT, Nº 1525;VILA NOVA;Campinas;SP;16221-553;N;28/11/2021
100864;CAMILA BRANDAO ASSUNCAO;984.675.581-30;30/04/1977;F;camilaassuncao197@bol.com.br;21981707628;Rua das Flores, nº 311;VILA MARIANA;Rio de Janeiro;Rio de Janeiro;28602727;S;18/07/2022
100865;MARCIA  MACHADO PEREIRA ;95103211416;21/06/1996;F;marciapereira804@hotmail.com;(11) 96372-8047;RUA São João, N. 64;PARQUE INDUSTRIAL;São Paulo;SP;09871442;;18/12/2023
100866;DANIEL CONCEIÇÃO MOREIRA;66490214407;27/12/1994;;daniel.moreira351@uol.com.br;96845-4264;RUA DA LIBERDADE, 1043 - APTO 12;SÃO JOSÉ;Rio de Janeiro;RJ;27201-527;N;29/09/2020
100867;VINICIUS FERREIRA FERREIRA;615.015.239-10;29/01/1983;M;vinicius_fer737@gmial.com;11 996247775;R DAS PALMEIRAS, Nº 887 - APTO 31;JARDIM AMÉRICA;São Paulo;sp;04073-875;S;08/05/2021
100868;FERNANDA PEIXOTO FREITAS;33379283312;23/10/1978;F;fernanda.freitas825@bol.com.br;11 972519790;R. dos Ipês, N. 757;CENTRO;São Paulo;São Paulo;07271-034;S;08/10/2023
100869;FERNANDO PEREIRA;31106484150;21/07/1996;M;fernando_per333@outlook.com;(19) 96688-3901;AVENIDA CASTRO ALVES, Nº 2360 - APTO 12;CENTRO;Campinas - SP;São Paulo;16280024;N;17/05/2019
100870;BRUNO MOREIRA PEIXOTO;338.004.847-06;06/04/1992;M;bruno.peixoto422@yahoo.com.br;11989402685;R Rio Branco, 1078;CENTRO;São Paulo;SP;07719721;S;28/08/2021
100871;HELENA MARQUES MAGALHAES;95367966004;10/09/1966;F;helena.magalhaes661@uol.com.br;11969876519;AL. PRESIDENTE VARGAS, Nº 576;PARQUE INDUSTRIAL;São Paulo;SP;04951776;S;13/07/2024
100872;LETICIA GUIMARAES COSTA;93578052060;31/12/1933;F;leticiacosta637@yahoo.com.br;21999919121;Avenida Rio Branco, N. 2299 - Apto 12;BELA VISTA;Niterói;RJ;21164-803;;28/10/2019
100873;ALINE DIAS;703.239.969-06;26/10/1994;F;aline_dia626@bol.com.br;41 962761236;Rua da Liberdade, N. 1364;BELA VISTA;Curitiba;PR;89790048;S;08/08/2025
100874;SRA. LETICIA ANDRADE MENDES;076.009.385-70;31/01/1976;F;leticia_men597@uol.com.br;(11) 98963-6089;Rua Dom Pedro II, 814 - Casa 2;SANTO ANTÔNIO;São Paulo - SP;São Paulo;06206003;N;07/03/2023
100875;OTAVIO ALVES CARDOSO;960.348.623-02;20/03/1987;M;otavio.cardoso404@outlook.com;(21) 99449-3089;R. XV DE NOVEMBRO, 2549 - CASA 2;SANTO ANTÔNIO;Rio de Janeiro;RJ;24371-489;S;04/02/2025
100876;LUCIA MOREIRA;878.384.297-73;08/01/1981;F;lucia_mor365@hotmail.com;11 973137495;RUA SÃO JOÃO, N. 2952;BOA VISTA;SAO PAULO;São Paulo;3088301;N;09/04/2022
100877;LARISSA GUIMARÃES;97983612885;22/04/1985;F;larissa_gui607@bol.com.br;99196-8555;RUA Sete de Setembro, 2497;JARDIM AMÉRICA;rio de janeiro ;RJ;29999330;;06/06/2025
100878;SR. BRUNO CARDOSO MENDES SANTOS;862.494.463-54;16/03/1998;M;brunosantos976@hotmail.com;61978526979;RUA SÃO JOÃO, Nº 78 - FUNDOS;VILA NOVA;Brasília;Distrito Federal;71902275;N;18/09/2020
100879;EDUARDO MOREIRA;23251613073;31/12/1933;M;eduardo_mor156@bol.com.br;;RUA DAS PALMEIRAS, Nº 1092 - APTO 31;JARDIM DAS FLORES;Rio de Janeiro;RJ;26912260;N;02/04/2019
100880;JOANA PEIOXTO MELO MAGALHAES;88284895960;10/12/1965;F; JOANA_MAG858@OUTLOOK.COM ;(48) 6161-9233;Avenida das Palmeiras, 738;VILA MARIANA;Florianópolis;Santa Catarina;89976992;N;27/01/2024
100881;JOÃO COSTA COSTA NASCIMENTO;824.929.861-60;22/05/1948;M;joao_nas11@;81 964818424;RUA PAULISTA, Nº S/N - BLOCO B APTO 104;PARQUE INDUSTRIAL;Recife - PE;;56386883;S;04/12/2024
100882;CESAR ROCHA BRANDAO CONCEICAO;56789316280;12/02/1978;M;cesar_con654@gmail.com;62998827486;Praça Paulista, 575;JARDIM DAS FLORES;Goiânia;GO;74654-864;;06/01/2019
100883;TÂNIA SOUZA ANDRADE PEREIRA;723.615.163-73;02/05/1972;F;tania_per750@uol.com.br;(11) 99363-5078;RUA da Liberdade, nº 649;BELA VISTA;São Paulo;SP;05650-306;;15/08/2019
100884;GUSTAVO ASSUNCAO;974.574.642-80;03/03/1984;M;gustavoassuncao782@yahoo.com.br;11 78309838;RUA DAS FLORES, 2706 - FUNDOS;BOA VISTA;Sampa;São Paulo;03348346;N;29/04/2024
100885;FERNANDA SANTOS;49759094800;22/05/1983;F;fernanda.santos295@bol.com.br;11 994765031;RUA MARECHAL DEODORO, 1438;JARDIM DAS FLORES;São Paulo;sp;2521277;;29/05/2022
100886;SERGIO PEREIRA;018.029.481-47;26/08/1979;M;sergiopereira430@yahoo.com.br;21 968448926;Alameda São João, 1225 - Bloco B Apto 104;VILA MARIANA;Niterói;RJ;24875-382;S;30/01/2019
100887;JULIA MELO LIMA;78592179297;18/07/1990;F;;(21) 99040-3633;R. DOM PEDRO II, N. 1655 - FUNDOS;VILA NOVA;Rio de Janeiro;RJ;25183601;;19/02/2024
100888;ANTÔNIO ARAÚJO FERREIRA PEREIRA;6,76500E+10;19/02/1991;M;antonio.pereira667@uol.com;19990564792;RUA CASTRO ALVES, 2119;PARQUE INDUSTRIAL;Campinas;SP;18846-858;;11/12/2019
100889;CLAUDIA MARQUES;929.410.467-20;23/10/1958;F;;32997699514;Av. São João, 2537;SANTO ANTÔNIO;Juiz de Fora;Minas Gerais;34113-732;S;11/06/2025
100890;JOAO PEIXOTO;277.623.068-03;14/09/1968;M;joaopeixoto321@yahoo.com.br;11973856141;RUA RIO BRANCO, N. 1024;JARDIM AMÉRICA;São Paulo;;08366971;;18/06/2020
100891;LUCIA NUNES;17384025761;16/10/1994;F;lucia.nunes240@gmail.com;11984903734;ALAMEDA PAULISTA, 2433;PARQUE INDUSTRIAL;Guarulhos;São Paulo;05901856;S;04/05/2022
100892;NATÁLIA PEIXOTO DIAS;06436107584;01/01/1900;F;natalia_dia803@yahoo.com.br;86216875;AV. CASTRO ALVES, N. 363 - APTO 12;JARDIM AMÉRICA;São Paulo;sp;02453-473;S;15/06/2023
100893;NATALIA ANDRADE;557.737.340-95;23/04/1966;I;nataliaandrade704@uol.com.br;21970022730;RUA XV DE NOVEMBRO, Nº 425;SANTA CECÍLIA;RIO DE JANEIRO;rj;27547-159;S;21/01/2020
100894;VITORIA BRANDAO ARAUJO;10684919656;29/06/1974;F;vitoria.araujo192@gmail.com;31 992048431;Rua dos Ipês, N. 302;PARQUE INDUSTRIAL;Belo Horizonte - MG;mg;36122797;S;10/07/2023
100895;EDUARDO MELO BRANDÃO;14316071181;02/09/1956;M;eduardobrandao49226@outlook.com;99133-2301;Rua dos Andradas, S/N - Apto 31;PARQUE INDUSTRIAL;Recife;pe;54637-580;S;27/08/2020
100896;PRISCILA SILVA RODRIGUES GUIMARÃES;00654767785;21/05/1987;F;priscila.guimaraes257@uol.com.br;21983142513;Travessa dos Ipês, nº 2233;VILA MARIANA;Rio;RJ;29538-729;N;12/02/2024
100897;FERNANDA  SANTOS MOREIRA MOREIRA ;94622075180;27/07/1990;F;fernanda_mor132@hotmail.com;61972683142;Al. Paulista, 2035;SANTA CECÍLIA;Brasília - DF;df;77714485;S;22/12/2021
100898;DANIEL PEIXOTO;61693694425;01/01/1900;M;daniel_pei472@hotmail.com;;ALAMEDA DA LIBERDADE, N. 655;SANTA CECÍLIA;Niterói;RJ;23780-377;S;23/09/2024
100899;LEONARDO ARAÚJO OLIVEIRA;16905070637;12/06/1961;M;leonardooliveira970@hotmail.com;(41) 99101-1219;Travessa Santos Dumont, 1383;BOA VISTA;Curitiba;PR;85303221;S;07/10/2021
100900;CECILIA  MARTINS MENDES ;81541960424;23/06/1993;F;cecilia_men882@gmail.com;(71) 98679-3017;RUA DOM PEDRO II, 66;BOA VISTA;SALVADOR;ba;49417-637;N;09/01/2023
100901;ANA MARTINS;74385693498;27/09/1970;F;ana_mar110@yahoo.com.br;11988309043;R SETE DE SETEMBRO, N. 177;SANTO ANTÔNIO;Guarulhos;São Paulo;07478390;N;09/10/2021
100902;RODRIGO ASSUNÇÃO ANDRADE;86048342810;14/03/1992;M;rodrigo.andrade533@bol.com.br;(41) 96786-9218;R. SETE DE SETEMBRO, N. 897;PARQUE INDUSTRIAL;Curitiba;PR;82127037;S;22/06/2022
100903;TANIA SANTOS;475.542.119-51;26/02/1955;;taniasantos893@yahoo.com.br;41 976339150;Rua Tiradentes, N. 2409;JARDIM AMÉRICA;Curitiba;PR;87330526;N;19/11/2023
100904;ANDRÉ ANDRADE MELO;633.050.488-16;11/11/1998;M;andre_mel908@bol.com.br;11 965116387;AV Castro Alves, N. 1359;PARQUE INDUSTRIAL;São Paulo;sp;01921581;S;08/11/2023
100905;LARISSA PEIXOTO CONCEICAO;26544888028;07/09/1998;F;larissa_con554@bol.com.br;21972587163;AVENIDA TIRADENTES, Nº 2303;SÃO JOSÉ;Niterói - RJ;rj;24283501;N;27/12/2021
100906;ISABELA COSTA CARVALHO;057.807.275-03;20/10/1981;F;isabela.carvalho964@outlook.com;(71) 99309-1708;RUA Sete de Setembro, 2522 - Apto 31;VILA NOVA;Salvador;ba;45915196;N;20/06/2025
100907;RODRIGO CARDOSO BARBOSA;371.499.534-09;23/06/1993;M;rodrigobarbosa539@yahoo.com.br;11 984785933;R. Dom Pedro II, nº 623;LIBERDADE;São Paulo;SP;06223-888;S;16/09/2023
100908;PAULO LIMA GIUMARAES;44520879906;11/05/1955;M;paulo.guimaraes25034@yahoo.com.br;11 984964882;Alameda Santos Dumont, nº 2019;JARDIM AMÉRICA;São Paulo;SP;8727810;N;25/08/2020
100909;ALINE ALVES CARDOSO;73080182537;19/09/1995;F; ALINECARDOSO49955@UOL.COM.BR ;5184765744;R. SÃO JOÃO, 547;JARDIM DAS FLORES;P. Alegre;rs;96539774;S;01/02/2021
100910;SR. LEONARDO COSTA MAGALHAES;92708664247;15/12/1989;M;leonardo.magalhaes103@gmail.com;11979726397;Av Dom Pedro II, N. 1119;SANTA CECÍLIA;Guarulhos;São Paulo;07301-987;S;29/07/2021
100911;LUÍS BARBOSA;53974876944;20/08/1971;M;luis.barbosa763@@uol.com.br;11994385814;Avenida Dom Pedro II, N. 1282;JARDIM DAS FLORES;São Paulo;sp;7367784;S;28/01/2023
100912;MÁRCIO PEREIRA MENDES;036.959.196-80;25/05/1962;M;marcio.mendes359@outlook.com;11999648333;Travessa das Flores, N. 1733;SÃO JOSÉ;São Paulo;SP;05602-598;S;16/03/2024
100913;PATRICIA MARQUES;957.838.669-97;09/07/1961;F;patriciamarques588@bol.com.br;11996499767;R. SANTOS DUMONT, N. 601;BELA VISTA;SANTO ANDRE;SP;02263-948;N;19/10/2024
100914;LUÍS LIMA;20297286404;08/08/1976;M;luis.lima756@uol.com.br;11968882808;RUA MARECHAL DEODORO, N. 416;JARDIM AMÉRICA;SAO PAULO;sp;9672019;S;06/03/2024
100915;HELENA SANTOS;566.652.206-05;13/02/1998;F;helena_san739@gmail.com;(11) 98060-9055;RUA DOM PEDRO II, N. 1970;SÃO JOSÉ;Guarulhos;São Paulo;2263133;;19/12/2023
100916;HELENA RIBEIRO BARBOSA BARBOSA;519.739.694-67;05/05/1949;F;helenabarbosa806@outlook.com;48 964304124;R. São João, 869;BOA VISTA;Florianópolis;sc;87439-241;S;15/01/2025
100917;RENATA RIBEIRO CARDOSO;521.966.903-68;13/06/1991;F;renata.cardoso833@yahoo.com.br;(81) 99086-2812;Rua das Palmeiras, nº 2332;PARQUE INDUSTRIAL;Recife;Pernambuco;55632342;N;23/10/2021
100918;VINICIUS MARQUES;026.838.768-07;28/11/1995;M;viniciusmarques393@uol.com;(21) 97231-8088;AVENIDA DOS ANDRADAS, 122;BOA VISTA;Rio de Janeiro;RJ;23006-408;S;21/07/2020
100919;ANA  SILVA MARTINS SANTOS ;712.002.874-01;15/07/1979;F;ana_san789@bol.com.br;(81) 97756-7758;PRAÇA CASTRO ALVES, N. 2962;BELA VISTA;Recife;;56667-165;S;26/07/2024
100920;ALINE GOMES MARQUES;323.489.556-28;03/07/1972;F;alinemarques498@outlook.com;(21) 97619-9556;R. GETÚLIO VARGAS, 2144;JARDIM DAS FLORES;NITEROI;RJ;26617326;S;14/05/2024
100921;FERNANDO O. MENDES;62885730781;21/11/1991;M;fernando.mendes21159@outlook.com;21994565664;AL. SETE DE SETEMBRO, 370 - APTO 31;JARDIM DAS FLORES;Niterói;RJ;22502799;N;19/09/2022
100922;BEATRIZ MENDES;40824802691;10/02/1999;F;beatriz_men824@hotmail.com;11985044066;TRAVESSA CASTRO ALVES, 2581;PARQUE INDUSTRIAL;São Paulo;SP;04054405;;04/12/2022
100923;JOANA RIBEIRO ARAUJO ROCHA;64463768713;29/07/1998;F; JOANA_ROC561@OUTLOOK.COM ;(11) 99113-6992;RUA CASTRO ALVES, N. 2916;BOA VISTA;Santo André;SP;08225-087;N;12/12/2020
100924;OTÁVIO GOMES COSTA;303.511.089-12;06/02/1978;M;otaviocosta574@yahoo.com.br;11 996643596;R. dos Andradas, N. 2287;BOA VISTA;São Paulo;sp;02501853;S;23/12/2023
100925;THIAGO RODRIGUES COSTA BRANDÃO;568.491.626-08;03/12/1985;M;thiago.brandao933@bol.com.br;11984993755;R Paulista, N. 1116;JARDIM DAS FLORES;São Paulo;SP;08072-212;;14/09/2021
100926;LUCAS MOREIRA;07386321593;26/07/1979;M;lucas.moreira781@outlook.com;21983235953;R. PRESIDENTE VARGAS, 395;VILA NOVA;Rio de Janeiro;RJ;23702-951;S;30/04/2021
100927;MARIANA MARQUES BARBOSA;63288089840;05/08/1957;F; MARIANA_BAR987@HOTMAIL.COM ;21986083532;RUA TIRADENTES, Nº 1663;LIBERDADE;Rio de Janeiro;rj;21020-660;S;21/08/2025
100928;LUCIA CARDOSO;31252720688;05/08/1982;;lucia.cardoso619@yahoo.com.br;;RUA DOM PEDRO II, 482;BELA VISTA;Sampa;SP;07908952;S;03/12/2020
100929;RAQUEL G. MARTINS;97681810366;18/12/1973;F;raquel_mar37342@hotmail.com;21975451377;R. MARECHAL DEODORO, 2098;PARQUE INDUSTRIAL;Rio de Janeiro;rj;29913269;S;19/03/2023
100930;ANTONIO CARVALHO COSTA;093.173.299-93;31/12/1933;M;antoniocosta155@outlook.com;;ALAMEDA DOS ANDRADAS, N. 1851;SÃO JOSÉ;S. Paulo;sp;04363927;S;05/06/2020
100931;HÉLIO GOMES;61028592000;22/12/1988;M;helio_gom612@outlook.com;11997583165;R. das Flores, nº 699;CENTRO;São Paulo;;06714-062;S;28/11/2021
100932;HENRIQUE BRANDAO;56192728186;30/07/1998;M;henrique_bra783@bol.com.br;(41) 9427-9113;Rua São João, 2962;JARDIM DAS FLORES;Curitiba;pr;82871-388;;10/09/2025
100933;CESAR ASSUNCAO;79940399448;01/01/1996;M; CESARASSUNCAO219@OUTLOOK.COM ;97532-6520;PRACA dos Ipês, N. 2618 - Casa 2;SÃO JOSÉ;São Paulo;São Paulo;01933-886;N;14/02/2025
100934;LUCAS FREITAS;732.667.771-90;23/04/1977;M;lucas.freitas845@hotmail.com;(16) 98325-7269;Rua Presidente Vargas, nº 1791;VILA MARIANA;ribeirão preto ;SP;11741-307;N;18/01/2019
100935;RAFAEL RODRIGUES ROCHA;8,01816E+10;21/10/1980;M;rafael.rocha40356@bol.com.br;11 965107442;R TIRADENTES, 1613;LIBERDADE;São Paulo;sp;2229491;N;16/07/2020
100936;RODRIGO  MOREIRA MARTINS CARVALHO ;567.921.454-75;13/09/1949;M;rodrigocarvalho625@uol.com.br;48 971139572;RUA PAULISTA, Nº 798;SANTO ANTÔNIO;Florianópolis;sc;81309439;S;28/05/2024
100937;SONIA ALVES;488.646.142-57;27/07/1988;F;soniaalves280@uol.com.br;(62) 97502-7520;AVENIDA DOS ANDRADAS, Nº 1432 - FUNDOS;JARDIM AMÉRICA;Goiânia;GO;76350-367;;18/08/2019
100938;CECILIA L. DIAS;927.210.755-51;11/07/1980;;ceciliadias389@hotmail.com;62992399573;AVENIDA SETE DE SETEMBRO, 2829;JARDIM AMÉRICA;Goiânia;go;75891-460;N;13/12/2023
100939;ANTONIO BRANDAO;12975950683;04/12/2000;M;antonio_bra976@bol.com.br;11 969534244;Av. XV de Novembro, 1648;VILA NOVA;São Paulo;São Paulo;07775768;S;09/06/2024
100940;JOÃO ANDRADE CONCEIÇÃO;55242243791;31/03/1990;M; JOAO.CONCEICAO59@BOL.COM.BR ;11 995196679;RUA DAS FLORES, Nº 1555;SÃO JOSÉ;S. Paulo;SP;4638874;S;06/11/2021
100941;CECÍLIA CONCEIÇÃO LIMA;59983830795;08/03/1972;F;cecilia.lima120@hotmail.com;;Rua Sete de Setembro, 967 - Casa 2;JARDIM AMÉRICA;Rio de Janeiro;RJ;22380723;;27/05/2025
100942;EDUARDO  ANDRADE PEIXOTO ;35020719692;17/10/1972;M;eduardo_pei88@yahoo.com.br;(31) 98615-4009;AV MARECHAL DEODORO, Nº 2007;JARDIM AMÉRICA;Belo Horizonte;;37932-054;N;22/03/2023
100943;VITÓRIA  CARDOSO OLIVEIRA BARBOSA ;38178107252;02/02/1984;F;vitoriabarbosa391@hotmail.com;11 971297319;Avenida XV de Novembro, 2157;SANTO ANTÔNIO;São Paulo;SP;07742523;N;24/04/2021
100944;GUSTAVO RODRIGUES SANTOS;87398964129;30/08/1976;M;gustavosantos814@outlook.com;21989631156;Avenida Dom Pedro II, nº 2261;VILA NOVA;Rio de Janeiro;;22357-522;S;16/11/2019
100945;ISABELA ARAUJO ALVES;285.978.061-09;16/11/1979;F;isabela_alv569@yahoo.com.br;61977067161;RUA DAS PALMEIRAS, N. 48;JARDIM DAS FLORES;Brasília;Distrito Federal;73234-878;N;08/11/2024
100946;CECILIA OLIVEIRA RIBEIRO;868.396.777-88;03/11/1976;I;cecilia_rib759@yahoo.com.br;21 997864251;R RIO BRANCO, N. 830 - CASA 2;SANTA CECÍLIA;Rio de Janeiro;RJ;27785799;S;25/10/2025
100947;JULIA DIAS NASCIMENTO;15427237364;27/06/1990;F;julianascimento768@hotmail.com;48 973443043;RUA PAULISTA, 2669;SANTA CECÍLIA;Florianópolis;Santa Catarina;81139-132;S;05/09/2025
100948;CECILIA SILVA CARDOSO;30649086180;18/11/1981;F;cecilia_car36@hotmail.com;41 990247299;RUA XV DE NOVEMBRO, Nº 1395;SANTA CECÍLIA;Curitiba;;84677485;N;08/11/2021
100949;MARCELO ANDRADE;8,92373E+10;30/01/1977;M;marcelo.andrade11@yahoo.com.br;62 996057640;AV XV DE NOVEMBRO, N. S/N;JARDIM DAS FLORES;Goiânia;GO;74315-297;S;14/02/2021
100950;OTAVIO MENDES;849.539.972-55;12/08/1997;M;otavio.mendes365@bol.com.br;11 960231886;R. SANTOS DUMONT, Nº 1382 - APTO 12;SANTO ANTÔNIO;São Paulo;SP;06041970;N;27/04/2019
100951;JOAO PEREIRA NASCIMENTO;493.747.144-93;19/02/1985;M;joao.nascimento494@yaho.com.br;21 978294984;R. SETE DE SETEMBRO, Nº 508;VILA NOVA;Niterói;RJ;26213-205;N;18/06/2024
100952;HENRIQUE COSTA LIMA;05144662510;16/11/1987;;henrique.lima284@bol.com.br;71 962098717;R SÃO JOÃO, 678;SANTA CECÍLIA;Salvador;BA;47601530;S;15/11/2025
100953;VINÍCIUS GOMES GOMES ALVES;33609517352;10/07/2002;M;vinicius_alv893@yahoo.com.br;11975632834;R. Castro Alves, N. 100 - Bloco B Apto 104;JARDIM AMÉRICA;São Paulo;SP;06392-812;S;14/06/2021
100954;LARISSA SOUZA;50138305919;20/11/1989;F;larissa.souza48464@gmail.com;69415807;AVENIDA TIRADENTES, Nº 891;BELA VISTA;Florianópolis;sc;87791-125;N;22/11/2022
100955;PRISCILA ALVES DIAS;14546814038;22/04/1937;F;;11 984924614;Rua São João, 2577;BOA VISTA;São Paulo;sp;09726-504;S;11/11/2023
100956;JOANA OLIVEIRA;909.647.907-69;22/04/1979;F;joanaoliveira199@gmail.com;31 966035490;Avenida Sete de Setembro, nº 2297;PARQUE INDUSTRIAL;BH;Minas Gerais;31736-743;N;25/09/2025
100957;BEATRIZ ROCHA RIBEIRO MACHADO;78894045811;30/12/1987;F;beatrizmachado187@outlook.com;11995392178;Rua Marechal Deodoro, 1470 - Fundos;SANTA CECÍLIA;São Paulo;SP;08012-763;N;16/02/2025
100958;HELENA CONCEIÇÃO DIAS;34514652300;13/11/1974;F;helenadias861@uol.com.br;31990153108;R DOS ANDRADAS, N. S/N;PARQUE INDUSTRIAL;Belo Horizonte;Minas Gerais;32843-037;N;24/04/2023
100959;RENATA COSTA MELO;98308374409;19/12/2001;F;renata_mel77@uol.com.br;(19) 7768-7048;Rua Tiradentes, nº 699 - Fundos;SÃO JOSÉ;Campinas;SP;15008363;S;22/12/2022
100960;VITORIA M. SANTOS;76785632560;18/04/1971;F;vitoriasantos904@bol.com.br;11 74602582;AV das Palmeiras, 1284;VILA MARIANA;São Paulo;sp;03801-231;N;10/01/2021
100961;HENRIQUE PEIXOTO ALVES;30603074820;13/03/1976;M; HENRIQUE_ALV153@OUTLOOK.COM ;41 85469286;RUA SÃO JOÃO, 479;CENTRO;CURITIBA;pr;86630492;N;19/11/2024
100962;RENATA OLIVEIRA ARAUJO;085.813.228-16;16/04/1995;F;renataaraujo889@outlook.com;21 968826410;Avenida Marechal Deodoro, nº 420;VILA MARIANA;Rio de Janeiro;Rio de Janeiro;22015369;N;04/05/2019
100963;VINICIUS ALVES LIMA NASCIMENTO;18333615473;03/02/1976;M;vinicius.nascimento784@uol.com.br;(32) 98767-2237;Av dos Andradas, N. 2436;PARQUE INDUSTRIAL;juiz de fora ;MG;34231-817;N;16/05/2021
100964;RAQUEL ANDRADE MENDES;767.888.991-77;06/11/1988;F;raquel_men727@outlook.com;1179207250;AVENIDA DA LIBERDADE, N. 2203;SANTA CECÍLIA;São Paulo;sp;8692621;N;29/01/2024
100965;LARISSA FERREIRA MACHADO DIAS;60632662590;28/10/1960;F; LARISSADIAS324@OUTLOOK.COM ;11 996815248;PRAÇA DOS IPÊS, 2649 - APTO 31;JARDIM DAS FLORES;São Paulo;São Paulo;5073008;S;30/05/2020
100966;MATEUS MELO BARBOSA;969.209.813-35;19/04/1970;M;mateus_bar436@bol.com.br;(48) 96090-1993;ALAMEDA DA LIBERDADE, N. 1147;SANTA CECÍLIA;Florianópolis;SC;81563-223;N;19/12/2020
100967;PAULO SANTOS;69614140100;12/11/1992;M;;99948-1583;TRAV. DAS PALMEIRAS, N. 2827 - BLOCO B APTO 104;JARDIM DAS FLORES;Curitiba;PR;82394515;N;05/06/2023
100968;OTÁVIO  RODRIGUES FREITAS GUIMARÃES ;17530865234;04/03/1999;M;otavioguimaraes215@yahoo.com.br;11 973366836;R. Marechal Deodoro, nº 1551;SANTA CECÍLIA;São Paulo;SP;04447431;S;13/06/2022
100969;CAMILA COSTA;119.807.271-71;21/02/1990;F;camila.costa3@gmail.com;;RUA MARECHAL DEODORO, 2923;CENTRO;Brasília;Distrito Federal;72399820;S;14/10/2021
100970;LARISSA GOMES PEIXOTO PEREIRA;743.649.966-10;14/11/1984;F;larissa_per919@hotmail.com;11993548840;RUA PAULISTA, 409;VILA MARIANA;Santo André;SP;05370405;S;29/03/2019
100971;ANTONIO  RIBEIRO SANTOS ;579.571.971-40;19/11/1949;M;antonio_san600@uol.com.br;(32) 98533-4786;Rua das Flores, nº 1659;JARDIM AMÉRICA;Juiz de Fora;MG;38416-813;S;19/03/2023
100972;MARCIO  CONCEICAO CONCEICAO MOREIRA ;67314316139;20/10/1972;M;;11 966965819;R Castro Alves, N. 446;SANTO ANTÔNIO;Guarulhos;SP;02548-511;;03/07/2019
100973;PRISCILA ASSUNCAO;017.710.400-76;18/05/1975;F;priscila_ass792@outlook.com;11 982344259;AV São João, N. 725;BELA VISTA;GUARULHOS;sp;07015123;S;22/02/2024
100974;SIMONE RODRIGUES MENDES;73752952202;11/03/1997;F;simonemendes425@hotmail.com;99293-6575;RUA CASTRO ALVES, 2028;VILA MARIANA;São Paulo;SP;05540593;S;04/12/2021
100975;ANA MARTINS MARTINS;72400581150;23/06/1984;F;ana_mar978@outlook.com;31 89057754;PRAÇA BRASIL, N. 1562;CENTRO;Belo Horizonte;mg;37328-148;N;31/07/2022
100976;DANIEL NUNES;356.391.958-51;03/08/1959;M;daniel.nunes47@hotmail.com;82896458;RUA Brasil, 703;PARQUE INDUSTRIAL;Porto Alegre;rs;92117801;N;11/06/2024
100977;DANIEL MAGALHAES;752.564.603-15;09/03/1976;M;daniel.magalhaes902@uol.com.br;71966001460;Avenida Brasil, N. 961 - Bloco B Apto 104;JARDIM AMÉRICA;SALVADOR;ba;41169-516;N;28/11/2019
100978;SIMONE MOREIRA;74771558787;16/08/1984;F;simonemoreira914@uol.com.br;(41) 96090-2866;RUA DA LIBERDADE, 1227;BELA VISTA;Curitiba;PR;86177070;N;22/11/2020
100979;THIAGO MAGALHAES;36159778820;03/12/1994;M;thiago_mag624@yahoo.com.br;11 67141492;RUA Getúlio Vargas, nº 1860;VILA NOVA;São Paulo;;01604-470;S;23/08/2025
100980;RAFAEL NASCIMENTO SANTOS DIAS;9310129379;22/12/1985;M;rafael.dias625@bol.com.br;51995851112;RUA TIRADENTES, 1385;CENTRO;porto alegre ;RS;98868-465;S;22/02/2024
100981;CESAR ASSUNCAO;47062470040;01/09/1992;M;cesarassuncao93@;(16) 99139-6749;Rua Getúlio Vargas, nº 2189;SANTA CECÍLIA;RIBEIRAO PRETO;SP;12211227;N;29/01/2022
100982;LUIZA MAGALHAES FERREIRA;78094953993;27/07/1973;F;luiza_fer295@bol.com.br;31 979516819;R Santos Dumont, nº 229;CENTRO;Belo Horizonte;mg;32059673;S;04/01/2021
100983;ISABELA RIBEIRO MELO;221.797.666-45;25/12/1961;F;isabelamelo36235@yahoo.com.br;21979136993;R SÃO JOÃO, 1235 - FUNDOS;VILA MARIANA;Niterói;rj;25059740;N;05/05/2019
100984;ANA SOUZA SANTOS;4,63034E+10;01/10/1966;F;anasantos802@yahoo.com.br;;Avenida da Liberdade, N. S/N - Fundos;BELA VISTA;Guarulhos;SP;05819-549;N;13/05/2020
100985;LUÍS FREITAS SOUZA;683.270.115-29;01/04/2004;M;luissouza501@hotmail.com;21985336489;R São João, 2485;LIBERDADE;Rio de Janeiro;RJ;22511-992;S;01/11/2023
100986;BEATRIZ MENDES MAGALHÃES PEIXOTO;36448037578;04/12/1975;F; BEATRIZ.PEIXOTO773@OUTLOOK.COM ;(11) 98780-7553;Alameda dos Ipês, nº 2934;JARDIM DAS FLORES;São Paulo;;04679406;S;10/04/2023
100987;ANTÔNIO DIAS;613.022.557-11;21/02/1975;M;antoniodias620@bol.com;4162249985;AV DAS PALMEIRAS, Nº 907;LIBERDADE;Curitiba;PR;88984-540;N;08/04/2022
100988;LARISSA NUNES;847.648.617-04;31/12/1963;F;larissa.nunes928@gmail.com;(11) 96240-7907;RUA GETÚLIO VARGAS, Nº 2399;CENTRO;São Paulo;;08837-326;S;04/12/2019
100989;MARCIA ALVES;078.782.620-04;22/05/1987;;marcia_alv475@gmail.com;(31) 96505-4798;Avenida Brasil, N. 2536;LIBERDADE;Belo Horizonte;MG;39682199;S;18/09/2024
100990;LUCIA  ALVES DIAS ;28558008973;09/08/1975;F;lucia.dias269@gmail.com;19963092317;TRAVESSA DOM PEDRO II, 2959;SANTA CECÍLIA;Campinas;São Paulo;13029805;N;16/04/2025
100991;SRA. SÉRGIO PEIXOTO DIAS;447.736.891-70;25/11/1985;M;sergio.dias656@hotmal.com;41999495985;RUA Tiradentes, nº 2309 - Fundos;PARQUE INDUSTRIAL;Curitiba;pr;87057841;S;10/07/2024
100992;JOANA ARAÚJO OLIVEIRA;20810779730;01/07/1997;F;joana_oli329@uol.com.br;(48) 96480-3215;Praça Paulista, nº 1337;SANTO ANTÔNIO;florianópolis ;Santa Catarina;85486690;S;02/05/2022
100993;DEBORA OLIVEIRA CARVALHO;83701701610;28/08/1992;F;debora.carvalho576@yahoo.com.br;21 969183269;Avenida Brasil, 150;SÃO JOSÉ;Niterói;RJ;29138-905;S;23/03/2022
100994;MARIANA NASCIMENTO;50331124904;20/04/1956;F;mariananascimento309@gmail.com;41960051296;R. Paulista, 343 - Casa 2;SÃO JOSÉ;Curitiba;PR;83710791;S;14/06/2023
100995;FERNANDO ARAUJO BRANDAO;436.730.823-53;13/12/1963;M;fernando_bra211@uol.com.br;(31) 99638-4892;Pca Brasil, N. 586 - Fundos;CENTRO;BELO HORIZONTE;mg;32682-244;;23/07/2023
100996;TANIA M. MOREIRA;74389168630;07/12/1973;F;taniamoreira821@gmail.com;31 70236587;AVENIDA TIRADENTES, Nº 345;SANTA CECÍLIA;Belo Horizonte - MG;MG;35764-984;S;17/09/2022
100997;ISABELA GUIMARAES MARQUES RODRIGUES;91441756981;29/01/1977;F;isabelarodrigues379@yahoo.com.br;11 971842166;AVENIDA SÃO JOÃO, Nº 1624;SANTO ANTÔNIO;São Paulo;sp;02412-348;S;09/05/2025
100998;THIAGO NUNES;460.368.077-59;27/07/1961;M;thiago.nunes109@yahoo.com.br;(11) 96812-8799;Rua Dom Pedro II, nº 1741;BELA VISTA;São Paulo;SP;02532895;N;31/08/2020
100999;ISABELA MACHADO BARBOSA;93956474341;15/06/1973;F;isabelabarbosa505@gmail.com;11993674246;Avenida da Liberdade, nº 1447;BOA VISTA;São Paulo;SP;05401-794;N;29/09/2020
101000;MÁRCIA RIBEIOR GUIMARÃES;622.249.729-20;16/10/1981;F;marcia_gui946@gmail.com;(61) 99793-3455;RUA DA LIBERDADE, N. 73 - BLOCO B APTO 104;BELA VISTA;Brasília;DF;71293967;S;13/10/2025
101001;DEBORA FERREIRA;792.274.680-64;11/04/1989;F;;(11) 9278-2090;TV. PRESIDENTE VARGAS, Nº 1225;VILA NOVA;Santo André;sp;04612-433;S;21/03/2023
101002;JOANA OLIVEIRA;56430465209;17/10/1992;F;joana_oli959@uol.com.br;11 993544998;Av Presidente Vargas, nº 598 - Casa 2;JARDIM DAS FLORES;São Paulo;SP;09685-392;N;08/08/2020
101003;CAIO MARQEUS;487.169.354-62;30/10/1984;M;caio_mar87582@yahoo.com.br;11 972045007;R dos Ipês, 86;SANTO ANTÔNIO;SAO PAULO;SP;08248-968;N;14/03/2019
101004;LETICIA GUIMARAES NUNES;26181836659;14/02/2000;F;leticia.nunes856@outlook.com;;AV Getúlio Vargas, nº 2389 - Apto 12;SÃO JOSÉ;Rio de Janeiro;RJ;25243-592;S;04/12/2020
101005;JOSÉ ASSUNÇÃO BRANDÃO FERREIRA;73469257345;08/10/1970;M;;11972138990;Rua Tiradentes, 2824;PARQUE INDUSTRIAL;SANTO ANDRE;São Paulo;03631-864;N;10/08/2023
101006;VITÓRIA NASCIMENTO RODRIUGES;37793551016;28/10/1988;F;vitoriarodrigues883@yahoo.com.br;11 995112569;Avenida XV de Novembro, N. 2259;JARDIM DAS FLORES;São Paulo;São Paulo;9172301;N;19/04/2020
101007;NATÁLIA BARBOSA CONCEIÇÃO;58314119660;06/09/1985;F;natalia.conceicao390@yahoo.com.br;21 997645858;Praça Brasil, N. 2485 - Apto 12;VILA MARIANA;Niterói;RJ;27672-579;N;28/01/2019
101008;LUÍS MARTINS;69196786086;02/12/1980;M;luis_mar871@uol.com.br;1187773218;RUA DOS ANDRADAS, Nº 1030;BOA VISTA;São Paulo;sp;06030213;N;18/05/2025
101009;EDUARDO G. CARDOSO;69544718605;01/01/1900;;eduardo.cardoso424@outlook.com;(21) 98286-9894;AV PRESIDENTE VARGAS, 770;JARDIM DAS FLORES;Rio de Janeiro;Rio de Janeiro;28031-351;S;25/08/2023
101010;FERNANDA MENDES AARÚJO;93712846509;07/03/1985;F;;(11) 97413-8768;R BRASIL, 64;BOA VISTA;São Paulo;sp;5202539;S;14/08/2021
101011;PAULO MARQUES PEIXOTO;35896792638;16/02/1983;M;paulo_pei45@bol.com.br;(11) 97160-9623;RUA RIO BRANCO, N. 627;SANTA CECÍLIA;São Paulo;SP;09484545;S;17/12/2024
101012;JOANA S. NASCIMENTO;064.895.333-59;26/01/1995;I;joananascimento969@uol.com.br;21 993725706;Rua Santos Dumont, 1916 - Bloco B Apto 104;JARDIM AMÉRICA;Niterói;RJ;24663-887;S;15/01/2025
101013;BEATRIZ MAGALHAES CARVALHO;56968384051;05/08/2001;F;beatriz_car293@uol.com.br;21 998452509;ALAMEDA DOM PEDRO II, N. 2381 - APTO 12;BELA VISTA;Rio de Janeiro;RJ;22832-500;S;19/03/2024
101014;EDUARDO SANOTS;002.075.629-11;21/02/1971;M;eduardo.santos588@hotmail.com;(62) 96842-5851;RUA SANTOS DUMONT, Nº 2539 - APTO 31;BELA VISTA;Goiânia;go;74025278;N;19/06/2020
101015;MARIANA LIMA CONCEIÇÃO;218.535.411-68;06/02/1989;F;mariana_con462@gmail.com;4169001476;Rua Rio Branco, 2320;LIBERDADE;CURITIBA;Paraná;86312089;S;16/02/2020
101016;DANIEL MAGALHÃES GUIMARÃES;096.327.884-35;20/04/1990;I;daniel_gui561@outlook.com;1188314229;AVENIDA DOS ANDRADAS, 141;JARDIM AMÉRICA;S. Paulo;sp;06177716;N;17/01/2023
101017;CAMILA  COSTA GOMES SANTOS ;65049243505;30/05/1981;F; CAMILA_SAN926@BOL.COM.BR ;97006-2611;RUA GETÚLIO VARGAS, Nº 1125;BELA VISTA;Porto Alegre - RS;Rio Grande do Sul;97075-458;S;20/01/2019
101018;GUSTAVO L. MELO;85150303909;10/09/1972;M;gustavo_mel68@yahoo.com.br;32998609200;RUA TIRADENTES, Nº 2130;BOA VISTA;Juiz de Fora;MG;31239-479;N;03/08/2019
101019;LUCIA OLIVEIRA LIMA;36300737357;15/08/1975;F;lucia.lima26215@gmail.com;11974487008;R DA LIBERDADE, Nº 1082;JARDIM AMÉRICA;São Paulo;São Paulo;08267853;S;09/07/2020
101020;CLAUDIA MOREIRA SOUZA;286.209.641-51;03/10/1989;F;claudiasouza137@outlook.con;(31) 96690-4846;R dos Andradas, N. 1436 - Fundos;VILA NOVA;Belo Horizonte;MG;36779694;S;24/06/2022
101021;TANIA SOUZA;19618709167;27/05/1991;F;tania_sou78145@bol.com.br;51972402478;R BRASIL, N. 1265;BELA VISTA;Porto Alegre;rs;91007-773;N;29/03/2022
101022;MARCELO GOMES MACHADO FREITAS;17814579481;09/06/1981;M;marcelo_fre648@gmail.com;21 981972719;Av Sete de Setembro, nº 598;CENTRO;Rio de Janeiro;Rio de Janeiro;25148-057;S;02/09/2020
101023;JULIA RIBEIRO BARBOSA;25005151842;11/08/1984;F;julia_bar709@outlook.com;11961768472;RUA SETE DE SETEMBRO, N. 343;BOA VISTA;São Paulo;sp;04620-557;N;19/11/2022
101024;CECILIA DIAS;90688919448;25/09/1999;F;ceciliadias643@yahoo.com.br;41 985396672;Rua dos Ipês, 778 - Casa 2;JARDIM AMÉRICA;Curitiba;PR;86101-664;;22/08/2022
101025;CECILIA RODRIGUES BARBOSA;59798033353;26/06/1969;F;cecilia.barbosa874@gmail.com;21988272700;AV. PRESIDENTE VARGAS, 2472;VILA MARIANA;Rio de Janeiro;RJ;25290293;S;30/12/2022
101026;PRISCILA DIAS MENDES;989.961.601-05;20/04/1986;F; PRISCILA.MENDES468@HOTMAIL.COM ;21988724667;Tv. XV de Novembro, N. 1607 - Bloco B Apto 104;JARDIM DAS FLORES;Rio de Janeiro;RJ;27313515;N;02/05/2019
101027;PATRICIA DIAS SANTOS;14812392527;01/06/1942;F;patriciasantos973@hotmail.com;11 91195452;RUA DOM PEDRO II, N. 2812;PARQUE INDUSTRIAL;Santo André;São Paulo;04540181;;14/09/2024
101028;LARISSA DIAS MENDES;989.029.896-15;30/01/1954;F;larissa_men128@uol.com.br;48 962171696;R. Tiradentes, N. 680 - Fundos;VILA NOVA;FLORIANOPOLIS;SC;82009-165;N;19/12/2023
101029;VITORIA FERREIRA;34078824595;16/06/1988;F;vitoria.ferreira221@bol.com.br;41 977859249;Avenida Paulista, nº 1587;VILA MARIANA;Curitiba;PR;83771-254;N;17/04/2025
101030;PRISCILA LIMA;31932533320;06/05/1982;F;priscila.lima57259@uol.com.br;11 973233676;RUA TIRADENTES, Nº 908 - APTO 31;SÃO JOSÉ;São Paulo;São Paulo;02760230;S;29/09/2022
101031;GABRIELA ASSUNÇÃO ANDRADE;339.598.348-02;19/01/1953;F;gabriela.andrade33@uol.com.br;(32) 96272-2468;R Tiradentes, N. 2420;VILA NOVA;JUIZ DE FORA;MG;39650139;S;22/03/2024
101032;DANIEL COSTA;88892472585;20/08/1940;M;daniel_cos72289@uol.com.br;;Avenida das Flores, 945;BELA VISTA;Campinas;sp;18750-680;S;29/03/2020
101033;PAULO MACHADO;932.417.855-56;08/03/1964;M;paulomachado200@uol.com.br;(61) 98791-1131;AV São João, nº 2143;CENTRO;Brasília;DF;76142-773;;18/08/2021
101034;GABRIELA MAGALHAES;773.096.444-92;12/10/1979;F;gabriela_mag460@bol.com.br;(32) 98975-3296;RUA BRASIL, Nº 2532;SÃO JOSÉ;Juiz de Fora;MG;35762507;;21/12/2019
101035;MATEUS PEREIRA;49840786938;18/04/1990;M;mateus_per422@gmail.com;(21) 96793-9186;R. XV de Novembro, N. 1752;SANTO ANTÔNIO;Niterói - RJ;RJ;24825002;S;31/10/2022
101036;CAMILA MARTINS CARVALHO;298.117.971-37;30/01/1943;F;camila_car638@uol.com.br;11979483507;AV Marechal Deodoro, nº 319;SÃO JOSÉ;Santo André;SP;7228827;S;07/04/2024
101037;ISABELA CONCEICAO SANTOS;14627389582;03/01/1987;F;isabela.santos741@gmial.com;41 983688922;Avenida Castro Alves, nº 780;VILA NOVA;Curitiba;PR;83348630;S;16/10/2022
101038;HELENA SILVA LIMA;99415850590;22/06/1985;F;helenalima122@hotmail.com;11999632510;RUA BRASIL, N. 2669;BELA VISTA;São Paulo;SP;01300-061;N;24/12/2024
101039;RENATA OLIVEIRA SOUZA;76492652185;26/10/1988;F;renata.souza250@gmail.com;(19) 99282-1563;AVENIDA XV DE NOVEMBRO, 1862;JARDIM DAS FLORES;Campinas;SP;18376241;N;30/11/2025
101040;JULIA PEREIRA OLIVEIRA;628.474.266-55;06/08/1982;F;juliaoliveira3932@outlook.com;(11) 99951-6602;R. DOM PEDRO II, Nº 1629;CENTRO;São Paulo;SP;05819079;N;02/03/2021
101041;CAIO COSTA;162.059.626-16;11/10/1946;M;caiocosta289@hotmail.com;(21) 99323-6290;Avenida Rio Branco, N. 2739;CENTRO;Niterói;Rio de Janeiro;23076-742;;22/11/2024
101042;FERNANDA CARVALOH MENDES;36605770650;06/11/1999;F;fernanda.mendes895@bol.com.br;16 998262598;Rua dos Andradas, N. 59;JARDIM DAS FLORES;Ribeirão Preto;São Paulo;13354-523;N;20/10/2019
101043;SÉRGIO SOUZA SANTOS;393.793.603-39;28/11/2003;;;(31) 97892-6104;Rua XV de Novembro, N. 1368;SANTA CECÍLIA;Belo Horizonte;MG;38068-001;S;03/07/2025
101044;LUCIA NUNES RIBEIRO;84141376442;01/05/1983;F;luciaribeiro983@bol.com.br;51 93005768;PRAÇA DOM PEDRO II, N. 1480 - BLOCO B APTO 104;BOA VISTA;Porto Alegre;RS;92299-827;N;08/06/2023
101045;RENATA DIAS CARVALHO CARDOSO;96842184789;13/03/1980;F;renata.cardoso50939@bol.com.br;97089-7702;Rua das Palmeiras, 1524 - Bloco B Apto 104;SANTA CECÍLIA;PORTO ALEGRE;RS;94925407;N;14/02/2023
101046;HENRIQUE CONCEICAO ASSUNCAO;283.000.884-74;08/01/1982;M;henrique_ass756@outlook.com;21 982483672;R. XV DE NOVEMBRO, N. 462 - BLOCO B APTO 104;SANTO ANTÔNIO;RIO DE JANEIRO;rj;22474614;S;21/11/2020
101047;ANTÔNIO LIMA;22135726400;08/02/1954;M;antonio.lima445@yahoo.com.br;41970931693;Avenida Marechal Deodoro, 503;SÃO JOSÉ;Curitiba;pr;88593399;N;02/10/2024
101048;LUIS  ALVES ;57226881853;11/09/1963;M;luis_alv169@outlook.com;1182861962;Rua São João, 1456;SANTO ANTÔNIO;São Paulo;São Paulo;05286660;N;06/06/2022
101049;LUCIA OLIVEIRA MENDES;468.480.802-50;01/03/1981;F;luciamendes97@bol.com.br;51 987932712;R DAS FLORES, Nº 539;LIBERDADE;Porto Alegre;Rio Grande do Sul;99629-056;N;13/05/2021
101050;ISABELA  F. SOUZA FREITAS ;49644846966;01/08/1972;F;isabelafreitas499@uol.com.br;11 961264440;R da Liberdade, nº 562;BOA VISTA;São Paulo;sp;5420204;N;15/03/2022
101051;NATÁLIA ANDRADE;93623352802;22/07/1980;F;natalia_and935@bol.com.br;3180918385;RUA Dom Pedro II, N. 1484;SÃO JOSÉ;BH;MG;31181427;N;13/01/2020
101052;RODRIGO CARDOSO MARQUES;18645076322;20/01/1982;M; RODRIGO.MARQUES414@YAHOO.COM.BR ;11 983345253;RUA DOS ANDRADAS, 558;VILA MARIANA;São Paulo;sp;05456428;S;05/02/2019
101053;LARISSA LIMA COSTA;21021600091;16/12/1965;F;larissacosta373@bol.com.br;31 992342492;R. SETE DE SETEMBRO, Nº 2445;PARQUE INDUSTRIAL;Belo Horizonte;MG;35137694;S;22/03/2022
101054;HELIO RODRIGUES LIMA MAGALHAES;27055164095;28/06/1980;M;helio_mag248@gmail.com;48964355551;RUA RIO BRANCO, N. 1139;VILA MARIANA;Florianópolis - SC;SC;81871991;S;26/09/2024
101055;DRA. FERNANDO CARDOSO;23262576000;05/04/2001;M;fernando.cardoso177@yahoo.com.br;11983054887;AL DOM PEDRO II, 1583;BELA VISTA;São Paulo;São Paulo;02923-071;N;13/01/2023
101056;RAFAEL BARBOSA MENDES;63496796367;31/12/1933;M;rafael_men85@outlook.com;(11) 9829-5183;Rua dos Ipês, N. 419 - Bloco B Apto 104;CENTRO;São Paulo;;03274-967;N;15/06/2024
101057;VITORIA GUIMARAES MELO;51806428172;22/03/1994;F;vitoria.melo203@yahoo.com.br;21 973441942;RUA Paulista, 1048 - Casa 2;JARDIM DAS FLORES;Niterói;RJ;22851317;N;23/07/2019
101058;CLAUDIA SOUZA OLIVEIRA;82972372069;02/05/1973;F;claudiaoliveira342@uol.com.br;41 974075075;Avenida Dom Pedro II, N. 1420;SANTO ANTÔNIO;Curitiba;PR;89242844;S;18/01/2024
101059;ISABELA MAGALHAES;048.018.672-35;02/02/1986;F;;31 989321168;R. das Flores, nº 600 - Apto 31;CENTRO;Belo Horizonte;mg;38722567;N;24/12/2019
101060;JOANA MACHADO COSTA;3,53698E+10;13/11/1996;F;joana.costa74@uol.com.br;;RUA TIRADENTES, 2191;BELA VISTA;Belo Horizonte;MG;35474144;S;22/01/2020
101061;ANDRE ANDRADE SANTOS FERREIRA;07771173390;26/11/1998;M;andre.ferreira235@outlook.com;31 79372319;RUA DOS ANDRADAS, Nº 816;VILA NOVA;Belo Horizonte;MG;38634271;S;15/05/2022
101062;CAMILA CARVALHO BARBOSA GUIMARAES;067.372.290-26;17/07/1980;F;camilaguimaraes780@bol.com.br;11995608091;Avenida Tiradentes, 2334;SANTA CECÍLIA;SAO PAULO;SP;06345-328;N;19/01/2020
101063;VITORIA FREITAS MENDES;47754613700;03/10/1979;F;vitoria.mendes736@uol.com.br;81978493921;Rua Santos Dumont, nº 1562 - Fundos;VILA MARIANA;RECIFE;pe;59947-121;S;16/04/2023
101064;CAIO GUIMARAES FERREIRA;89268069016;30/10/1995;M;;31 998156631;Avenida dos Andradas, 1524;JARDIM AMÉRICA;Belo Horizonte;Minas Gerais;37231464;N;13/08/2023
101065;DRA. DÉBORA MAGALHÃES ANDRADE;37994382622;02/04/1964;F; DEBORA_AND348@HOTMAIL.COM ;(51) 98050-7288;RUA TIRADENTES, Nº 2836;SANTA CECÍLIA;Porto Alegre;rs;94401014;S;16/07/2021
101066;JOANA ROCHA;94708274815;15/03/1998;F;joana.rocha244@yahoo.com.br;11986926483;AV DOS ANDRADAS, Nº 2298;SANTA CECÍLIA;São Paulo;SP;01687-290;S;20/01/2020
101067;WAGNER ROCHA ARAUJO;34560976112;26/02/1969;M;;11 96701870;Trav. Presidente Vargas, nº 38;VILA NOVA;São Paulo - SP;sp;07101-497;S;21/12/2024
101068;RENATA MENDES SOUZA;355.644.333-35;27/04/1984;F;renata.souza769@hotmail.com;41 998183753;AVENIDA GETÚLIO VARGAS, Nº 1458;LIBERDADE;Curitiba;PR;84463-089;N;24/11/2024
101069;DEBORA FREITAS CARDOSO;10594808010;07/02/1985;F;deboracardoso389@bol.com.br;11 78935249;R. Brasil, nº 1519 - Apto 31;JARDIM AMÉRICA;São Paulo;SP;01435-446;S;30/10/2025
101070;DANIEL SOUZA;77156830430;05/07/1973;M; DANIEL.SOUZA931@BOL.COM.BR ;(21) 98016-5657;RUA GETÚLIO VARGAS, N. 2607;JARDIM DAS FLORES;Rio de Janeiro;RJ;29401-091;N;15/11/2023
101071;THIAGO ARAUJO BARBOSA;304.543.266-29;08/08/1985;M;thiago_bar741@hotmail.com;32 987359903;RUA SÃO JOÃO, Nº 2652;SANTO ANTÔNIO;Juiz de Fora;MG;38144119;N;21/03/2019
101072;CECILIA SILVA COSTA;18387239780;15/12/2000;F;cecilia.costa453@gmail.com.br;1172158383;ALAMEDA DOS ANDRADAS, S/N - FUNDOS;JARDIM AMÉRICA;São Paulo;sp;03182-559;S;04/05/2025
101073;CLÁUDIA RODRIGUES;44307586405;09/11/1964;F;claudia.rodrigues765@bol.con.br;;Avenida Castro Alves, N. 1109 - Fundos;BOA VISTA;Curitiba - PR;PR;85760867;;02/03/2019
101074;JOSÉ CARDOSO NUNES;77302545901;09/12/1986;M;jose_nun546@bol.com.br;;AV. PAULISTA, N. 2059;VILA MARIANA;São Paulo;SP;06326-194;N;28/04/2020
101075;FABIO NUNES;917.083.099-18;29/10/1973;M;fabio.nunes868@gmail.com;81 979666116;Rua Presidente Vargas, nº 1692;JARDIM DAS FLORES;Recife;Pernambuco;59975046;S;19/02/2019
101076;ISABELA GOMES MAGALHÃES;59881626064;22/03/1993;F;;11969976986;R GETÚLIO VARGAS, N. 2647 - CASA 2;JARDIM AMÉRICA;Guarulhos;SP;5821630;S;25/02/2022
101077;BEATRIZ OLIVEIRA MAGALHAES;504.850.247-72;31/08/1992;F;beatrizmagalhaes564@hotmail.com;(11) 96449-3267;Rua Santos Dumont, nº 2432;CENTRO;São Paulo;São Paulo;06333-939;S;10/12/2023
101078;FERNANDO SILVA ANDRADE;88921876863;07/07/1999;M;fernandoandrade843@gmail.com;(48) 98569-7812;PRACA XV de Novembro, nº 943;VILA MARIANA;Florianópolis;sc;86572-513;N;03/10/2019
101079;HELIO MOREIRA COSTA;30399519041;04/06/1981;M;helio_cos994@bol.com.br;11998024308;RUA BRASIL, Nº 2537 - APTO 12;BOA VISTA;São Paulo;São Paulo;05409-658;S;05/01/2019
101080;SRA. SIMONE FERREIRA MAGALHAES;59586325822;10/01/2005;F;simonemagalhaes371@;(21) 99637-1501;AV MARECHAL DEODORO, N. 831;SANTA CECÍLIA;Rio de Janeiro;RJ;24706-834;N;08/09/2022
101081;ALINE MARTINS PEREIRA;13005563316;29/11/1996;F;aline.pereira281@yahoo.com.br;(31) 99309-9984;R GETÚLIO VARGAS, Nº 169;CENTRO;Belo Horizonte;Minas Gerais;32294-511;S;24/06/2019
101082;HENRIQUE SILVA;198.960.942-25;19/07/1938;M;henrique.silva358@outlook.com;(31) 97074-7849;RUA MARECHAL DEODORO, 1373;LIBERDADE;belo horizonte ;MG;37094060;N;28/12/2020
101083;RAFAEL MARQUES GUIMARAES BARBOSA;33267173264;01/01/1900;M;rafaelbarbosa658@yahoo.com.br;41 985828984;Av. Dom Pedro II, 2576;VILA NOVA;Curitiba;PR;88999660;N;27/03/2024
101084;ISABELA CARVALHO FREITAS PEIXOTO;86442650243;03/09/1946;F;isabelapeixoto96526@yahoo.com.br;11 974651754;Avenida Santos Dumont, 2994;SANTA CECÍLIA;São Paulo;SP;06678505;S;04/01/2021
101085;DEBORA GOMES MENDES;97986039400;13/09/1979;F;debora_men299@yahoo.com.br;11 91662026;AVENIDA DOS ANDRADAS, N. 812 - BLOCO B APTO 104;VILA MARIANA;São Paulo;sp;05863-259;S;26/06/2023
101086;SÉRGIO SOUZA OLIVEIRA SILVA;9,63198E+08;03/10/1966;M;sergio.silva363@yahoo.com.br;(51) 98036-8625;AVENIDA RIO BRANCO, Nº 283;JARDIM DAS FLORES;Porto Alegre;RS;98611421;S;28/09/2023
101087;JULIA ARAUJO CARVALHO BRANDAO;71243352647;28/07/1961;F;julia.brandao978@yahoo.com.br;99300-4946;TRAVESSA SÃO JOÃO, Nº 2097;BOA VISTA;Rio de Janeiro;RJ;28234-294;N;13/06/2022
101088;SRA. PRISCILA PEREIRA;697.252.388-50;22/08/1991;F;priscila.pereira150@hotmail.com;(41) 99656-5887;Rua Presidente Vargas, nº 1030;LIBERDADE;Curitiba;PR;89433476;N;19/07/2021
101089;OTAVIO MARTINS RODRIGUES;55697235445;19/11/1971;M;otavio.rodrigues870@outlook.com;11 63449519;Rua Castro Alves, nº 2029 - Fundos;VILA NOVA;SAO PAULO;SP;03350758;N;23/01/2021
101090;TÂNIA MACHADO;6603570114;16/09/1964;F;tania_mac846@hotmail.com;(16) 96702-4725;AV. DOS IPÊS, Nº 2503;BELA VISTA;Ribeirão Preto;;19589-990;S;14/12/2022
101091;JOANA  MACHADO CARDOSO ;371.064.576-04;26/11/1987;F;joanacardoso911@bol.com.br;96636-8531;Rua São João, N. 923 - Fundos;JARDIM DAS FLORES;Salvador;BA;41193-788;N;13/12/2024
101092;CLAUDIA GUIMARAES FERREIRA;653.520.466-99;23/11/1958;F;claudia.ferreira347@gmail.com;(11) 97344-5124;Pca da Liberdade, N. 2973 - Casa 2;BELA VISTA;São Paulo;sp;09771648;S;16/03/2022
101093;TANIA FREITAS;85427400176;17/11/1978;F;tania_fre720@outlook.com;(21) 9040-3897;RUA da Liberdade, 2190;PARQUE INDUSTRIAL;RIO DE JANEIRO;rj;29630440;N;18/05/2025
101094;OTAVIO ARAUJO BARBOSA;702.245.562-74;30/09/1987;M;otavio_bar395@yahoo.com.br;21983431222;Rua Paulista, N. 327;CENTRO;Rio de Janeiro;RJ;27259259;N;21/11/2023
101095;DEBORA FERREIRA DIAS;67673234629;02/09/1989;F;debora_dia632@hotmail.com;21984982668;R GETÚLIO VARGAS, N. 140;SANTO ANTÔNIO;Rio de Janeiro;RJ;26852-497;S;05/12/2025
101096;WAGNER LOIVEIRA;62007027382;16/01/1969;;wagneroliveira96655@yahoo.com.br;21984386654;PCA GETÚLIO VARGAS, Nº 485;SÃO JOSÉ;Rio de Janeiro;rj;23492-148;S;18/11/2023
101097;DEBORA CARVALHO;998.277.062-41;26/06/1992;;debora.carvalho181@uol.com.br;11993871813;AVENIDA SÃO JOÃO, N. 1988 - FUNDOS;VILA MARIANA;são paulo ;SP;07755-711;S;21/12/2020
101098;JOSÉ MARTINS;60491182996;17/07/1962;;jose.martins802@yahoo.com.br;(11) 99830-2019;Avenida Rio Branco, 2876;JARDIM AMÉRICA;Guarulhos;SP;06317642;N;05/10/2023
101099;MARCIA LIMA MENDES GOMES;29821372678;10/11/1981;F;marcia_gom567@bol.com.br;(41) 99737-2371;AVENIDA TIRADENTES, N. 646;CENTRO;Curitiba;PR;86764-417;N;06/07/2023
101100;BEATRIZ SANTOS LIMA;648.895.275-75;17/12/1997;F;beatriz.lima184@bol.com.br;62985319182;Avenida Marechal Deodoro, 1796;BOA VISTA;Goiânia - GO;GO;76939260;N;20/01/2025
101101;BRUNO NUNES;29704476140;13/01/1994;M;brunonunes5@outlook.com;21 980966279;Rua XV de Novembro, 385;BOA VISTA;Rio de Janeiro;Rio de Janeiro;29703607;N;05/02/2019
101102;ANDRE BARBOSA MAGALHAES;140.958.088-10;19/10/1987;M;andre_mag620@bol.com.br;(51) 96701-3667;AV. PRESIDENTE VARGAS, N. 1045 - CASA 2;SANTO ANTÔNIO;Porto Alegre;RS;98810958;N;22/12/2025
101103;JOSE ANDRADE;983.145.848-60;12/03/1995;M;jose_and397@gmail.com;19977594180;Av XV de Novembro, nº 1036;LIBERDADE;Campinas;São Paulo;18057921;S;30/12/2023
101104;RAQUEL MAGALHÃES PEIXOTO MARTINS;67720734289;18/08/1993;F;raquel_mar170@bol.com.br;41 71527146;Av. da Liberdade, nº 337;BELA VISTA;Curitiba;pr;88570782;S;27/08/2022
101105;FABIO MELO;014.029.901-70;30/05/1975;M;fabio_mel291@yahoo.com.br;16 997291064;Av. Dom Pedro II, nº 2031 - Fundos;SÃO JOSÉ;Ribeirão Preto;sp;13279819;S;21/02/2022
101106;SÉRGIO MOREIRA;622.268.769-52;04/02/1988;M;sergio.moreira599@gmail.com;1171563125;RUA DOS IPÊS, Nº 1205;LIBERDADE;São Paulo;São Paulo;06259-839;N;18/04/2025
101107;FÁBIO GUIMARÃES;39201262035;30/01/1965;M; FABIO_GUI712@BOL.COM.BR ;11983993045;Rua Marechal Deodoro, nº 786;BOA VISTA;Santo André;sp;02685-914;N;17/10/2021
101108;JULIA M. ANDRADE;947.218.818-43;10/12/1944;F;julia_and527@bol.com.br;(41) 7032-9324;R CASTRO ALVES, Nº 2731 - APTO 31;PARQUE INDUSTRIAL;Curitiba;Paraná;87806034;N;22/04/2020
101109;VITÓRIA COSTA MACHADO;9222681770;04/08/1971;F;vitoria.machado431@gmail.com;11 967626016;RUA DAS PALMEIRAS, N. 1302 - CASA 2;BELA VISTA;São Paulo;São Paulo;02766-242;S;24/12/2023
101110;LUIZA FRIETAS;32750042208;03/09/1983;F;luizafreitas334@outlook.com;97557-3228;RUA Dom Pedro II, nº 1111;PARQUE INDUSTRIAL;Goiânia;go;78083-677;S;29/06/2025
101111;VINICIUS ALVES;53844436340;25/01/1980;M;vinicius.alves447@uol.com.br;19983259858;R. PAULISTA, 2551;JARDIM AMÉRICA;Campinas;SP;19644270;;15/01/2021
101112;PATRICIA C. PEIXOTO;52802328824;22/10/1990;F;patricia.peixoto397@hotmail.com;61964848281;R Getúlio Vargas, nº 1077;JARDIM AMÉRICA;Brasília;DF;74558-709;S;20/03/2024
101113;CÉSAR GOMES MELO;18452489617;20/04/1976;M;cesarmelo759@hotmail.com;11 999312430;Rua Presidente Vargas, 268 - Apto 31;JARDIM AMÉRICA;Santo André;SP;05728-333;N;12/02/2022
101114;LETÍCIA MOREIRA MARQUES;292.898.331-73;08/01/1991;F;leticiamarques931@hotmail.com;11 970334312;R. SANTOS DUMONT, S/N;SÃO JOSÉ;São Paulo;São Paulo;03881435;N;04/04/2024
101115;CECILIA MARTINS MARQUES MELO;98137346716;15/04/1995;F;ceciliamelo496@bol.com.br;11988601665;R. DAS PALMEIRAS, Nº 1177 - CASA 2;BOA VISTA;São Paulo;SP;03160483;S;15/06/2019
101116;LEONARDO COSTA;58307017566;27/03/1989;M;leonardo_cos348@yahoo.com.br;48 983054598;R. DAS FLORES, Nº 2207 - FUNDOS;SANTA CECÍLIA;Florianópolis;SC;81702202;S;06/05/2024
101117;HÉLIO MELO CARDOSO;214.637.972-30;15/09/1961;M;helio.cardoso884@outlook.com;11992371892;PRAÇA DOS ANDRADAS, 1949 - BLOCO B APTO 104;JARDIM DAS FLORES;Guarulhos;SP;05808224;S;26/06/2025
101118;DANIEL NUNES PEREIRA;315.114.544-23;11/11/1988;M;danielpereira336@yahoo.com.br;11 993797272;R São João, N. 2954;VILA MARIANA;São Paulo;SP;04183647;S;11/07/2020
101119;VITÓRIA DIAS ASSUNÇÃO;48205947619;17/11/1953;F;vitoria_ass857@hotmail.com;16 997637203;R. SANTOS DUMONT, Nº 661;LIBERDADE;ribeirão preto ;SP;15325-154;S;06/08/2022
101120;FÁBIO MENDES RIBEIRO PEREIRA;768.457.092-70;29/04/1978;M;fabio.pereira345@outlook.com;21 960713391;Al. das Palmeiras, 2640;VILA NOVA;Rio de Janeiro;RJ;22046-065;N;14/05/2019
101121;BEATRIZ MAGALHÃES CONCEIÇÃO;77498222248;06/10/1972;F; BEATRIZCONCEICAO373@BOL.COM.BR ;31983026600;Rua da Liberdade, nº 1801 - Apto 12;VILA MARIANA;Belo Horizonte;Minas Gerais;34054223;S;04/04/2025
101122;ANA DIAS RODRIGUES MENDES;175.141.504-04;26/02/1980;F;ana.mendes651@uol.com.br;11960446870;TRAV. CASTRO ALVES, 1740;BOA VISTA;Guarulhos - SP;SP;07295247;S;04/09/2022
101123;MARCIA MELO ANDRADE BARBOSA;52806100038;20/02/1982;;marciabarbosa648@yahoo.com.br;21989541074;AV. DOM PEDRO II, Nº 2810;JARDIM AMÉRICA;Rio de Janeiro - RJ;Rio de Janeiro;22912-685;S;13/05/2020
101124;OTAVIO FERREIRA SOUZA MELO;424.352.651-66;27/05/1966;M; OTAVIO.MELO868@GMAIL.COM ;31 974935690;AVENIDA DAS FLORES, 599;VILA NOVA;Belo Horizonte;Minas Gerais;34157780;S;28/08/2023
101125;JOAO MACHADO;581.857.927-12;26/04/1992;;joaomachado486@yahoo.com.br;51 972763383;ALAMEDA PAULISTA, N. 1999 - BLOCO B APTO 104;VILA MARIANA;Porto Alegre;RS;91028797;S;04/01/2019
101126;FABIO SOUZA;69233446034;13/06/1965;M;fabio.souza452@bol.com.br;19 986936805;AVENIDA DAS FLORES, N. 282 - BLOCO B APTO 104;BOA VISTA;Campinas;SP;13542-496;S;23/10/2021
101127;FABIO MOREIRA;39175715368;03/03/1997;;fabiomoreira188@gmail.com;21969479055;RUA BRASIL, N. 1790;LIBERDADE;Rio de Janeiro;rj;25405-773;N;25/10/2020
101128;JÚLIA SOUZA CARVALHO;477.594.789-33;24/04/1978;F;julia_car232@yahoo.com.br;19972363637;Travessa dos Ipês, 2860;JARDIM AMÉRICA;Campinas;São Paulo;12559-328;N;11/04/2020
101129;GABRIELA OLIVEIRA PEREIRA CARVALHO;69821382240;06/11/1994;F;gabriela.carvalho166@hotmail.com;81 976578545;R DOS ANDRADAS, 909 - APTO 31;VILA NOVA;RECIFE;PE;55416-355;S;07/09/2024
101130;ALINE ARAUJO;97781893158;07/08/1955;I;aline.araujo471@bol.com.br;(11) 97389-4044;Av Presidente Vargas, N. 2810 - Apto 12;VILA NOVA;Santo André;sp;04926-301;N;28/04/2021
101131;ALINE ASSUNCAO CARDOSO;110.418.567-92;26/12/1971;F;aline.cardoso275@uol.com.br;;RUA SANTOS DUMONT, 2260;JARDIM AMÉRICA;Porto Alegre;Rio Grande do Sul;99966936;N;17/03/2020
101132;GABRIELA MENDES MAGALHAES NUNES;340.111.852-80;26/03/1983;F;gabrielanunes778@outlook.com;(62) 96088-1779;Avenida Castro Alves, 1321;VILA NOVA;Goiânia;go;79084101;N;19/02/2022
101133;VITORIA MAGALHAES DIAS;95137611263;10/12/1991;F;vitoria.dias520@uol.com.br;11 970788905;R. Presidente Vargas, 2815 - Bloco B Apto 104;PARQUE INDUSTRIAL;São Paulo;SP;9068046;S;01/09/2025
101134;LEONARDO BRANDAO SILVA;720.815.778-28;15/12/1974;M;leonardosilva883@outlook.com;11964178143;Avenida das Palmeiras, S/N - Casa 2;LIBERDADE;São Paulo;;09667-168;N;30/08/2025
101135;THIAGO MACHADO EFRREIRA;414.345.542-01;20/07/1975;M;thiago.ferreira354@hotmail.com;21 79118472;Avenida São João, N. 547 - Apto 12;JARDIM DAS FLORES;Rio de Janeiro;RJ;29343-840;S;26/06/2025
101136;DANIEL DIAS;96658502617;16/11/1994;M;danieldias35@gmail.com;11972438711;RUA PAULISTA, N. 2242;JARDIM AMÉRICA;São Paulo;SP;07365-188;N;27/01/2023
101137;FABIO GOMES LIMA;60619690232;21/01/1991;M;fabiolima817@uol.com.br;41 993067645;Avenida Santos Dumont, 1957;SÃO JOSÉ;Curitiba;Paraná;86144738;N;20/01/2020
101138;LETICIA N. CONCEICAO;69293264617;08/01/1990;F;leticia.conceicao179@hotmail.com;41985759194;Avenida Rio Branco, 450;VILA MARIANA;Curitiba;PR;89217019;N;29/03/2025
101139;WAGNER MARTINS GUIMARAES SILVA;070.889.039-38;07/10/1980;M;wagnersilva1@gmial.com;(11) 96925-7694;AL. MARECHAL DEODORO, 1540 - APTO 12;VILA NOVA;São Paulo;São Paulo;1130561;S;09/08/2025
101140;MARIANA LIMA MENDES ANDRADE;56585185552;30/07/1996;F;mariana_and476@outlook.com;(41) 97982-6837;R. SANTOS DUMONT, Nº 1805;SANTA CECÍLIA;Curitiba;PR;86043208;;19/11/2019
101141;MATEUS  PEREIRA FREITAS ;28999416402;09/07/1993;M;mateusfreitas137@yahoo.com.br;51997028773;Rua Rio Branco, nº 656;VILA MARIANA;Porto Alegre;rs;96839-565;;29/01/2019
101142;ALINE LIMA MOREIRA MARQUES;140.045.300-32;03/03/1987;F;aline_mar89@outlook.com;61974766053;R. da Liberdade, N. 2660;SANTA CECÍLIA;Brasília;DF;73157-968;N;05/08/2024
101143;ANDRÉ GUIMARÃES BARBOSA;884539520;30/04/1977;M; ANDRE_BAR149@YAHOO.COM.BR ;71 975011591;RUA PAULISTA, Nº 2223;BELA VISTA;Salvador;Bahia;48275270;S;01/11/2024
101144;TANIA MAGALHAES CONCEICAO;97633213428;19/07/1964;F;tania_con513@bol.com.br;71977048960;Rua dos Andradas, 160;LIBERDADE;Salvador;BA;44063-417;;09/10/2023
101145;MARCELO PEIXOTO;53164895356;12/02/2001;;marcelo_pei913@outlook.com;81967255684;RUA Marechal Deodoro, 562 - Bloco B Apto 104;LIBERDADE;Recife;pe;55106347;S;23/03/2020
101146;MARCIA LIMA GOMES;798.786.598-28;03/05/1983;F;marciagomes368@outlook.com;97156-9425;RUA Sete de Setembro, nº 513 - Apto 12;JARDIM DAS FLORES;São Paulo;SP;05943568;S;08/12/2024
101147;VITORIA C. PEIXOTO ARAUJO;8284363046;14/11/1945;F;vitoriaaraujo281@yahoo.com.br;21 984825898;Avenida Sete de Setembro, 2364 - Fundos;JARDIM DAS FLORES;RJ;RJ;25033-133;S;24/07/2025
101148;VINICIUS NUNES ROCHA;454.901.528-42;13/08/1964;M;viniciusrocha232uol.com.br;(61) 96937-1280;AV DAS PALMEIRAS, N. 2746;VILA MARIANA;Brasília;df;74844-700;S;22/02/2021
101149;THIAGO ALVES;639.002.548-34;31/12/1998;M; THIAGOALVES467@HOTMAIL.COM ;21970329430;Rua Getúlio Vargas, 2417 - Casa 2;JARDIM AMÉRICA;Rio de Janeiro;rj;28546-906;S;19/08/2023
101150;MATEUS LIMA MACHADO;458.054.331-92;23/02/1992;M;mateus_mac66322@hotmail.com;1989731896;Av Rio Branco, nº 1013 - Casa 2;JARDIM DAS FLORES;Campinas;SP;16762997;S;23/06/2024
101151;DANIEL MELO NASCIMENTO;762.170.793-30;02/08/1977;M;daniel_nas600@yahoo.com.br;(41) 9113-9597;RUA Sete de Setembro, N. 2803;VILA MARIANA;curitiba ;Paraná;88489768;S;08/08/2024
101152;MARIANA NUNES;16872770791;05/08/1982;F;mariana.nunes359@uol.com.br;97100-3266;Praça dos Andradas, N. 1229 - Fundos;VILA MARIANA;São Paulo;sp;7556826;S;19/03/2024
101153;JOANA GUIMARAES MAGALHAES;1035805901;01/01/1900;;joana.magalhaes623@hotmail.com;(31) 98766-8494;AV. DOM PEDRO II, Nº 1746 - CASA 2;LIBERDADE;Belo Horizonte;MG;36215-697;S;28/09/2025
101154;CAMILA MAGALHAES MARQUES;947.193.277-70;12/08/1977;F;;(11) 99290-5454;Rua Dom Pedro II, N. 434;SANTA CECÍLIA;Guarulhos;SP;01698-764;N;19/08/2019
101155;JOANA FERREIRA SOUZA BARBOSA;87755361373;16/05/1998;F;joana.barbosa960@outlook.com;19 984383652;PRAÇA DOS ANDRADAS, Nº 1330 - FUNDOS;SÃO JOSÉ;Campinas;SP;13820911;S;08/05/2020
101156;SERGIO  PEIXOTO ;84644553131;02/08/1996;M; SERGIO_PEI574@HOTMAIL.COM ;;RUA Sete de Setembro, 2402;CENTRO;Porto Alegre;RS;92221-779;S;29/12/2023
101157;TÂNIA GOMES DIAS;834.136.158-23;23/02/1983;F;tania_dia118@yahoo.com.br;1666431657;R das Flores, 1302;VILA NOVA;Ribeirão Preto;São Paulo;14734-764;S;18/05/2023
101158;SR. MÁRCIA MENDES COSTA;77571582490;01/09/1966;F;marciacosta828@outlok.com;1162311342;R. dos Andradas, N. 596;SANTO ANTÔNIO;GUARULHOS;São Paulo;4785235;S;18/07/2022
101159;FERNANDO ROCHA MELO;829.891.979-31;03/04/1983;M;fernando_mel378@yahoo.com.br;11993232266;RUA SETE DE SETEMBRO, Nº 331;PARQUE INDUSTRIAL;São Paulo;SP;06027-463;N;09/08/2025
101160;HELENA MAGALHÃES CONCEIÇÃO GOMES;094.361.927-03;07/11/2001;F;helenagomes401@gmail.com;11969966251;ALAMEDA SÃO JOÃO, Nº 965;JARDIM AMÉRICA;São Paulo;SP;01625281;;22/02/2020
101161;LEONARDO SOUZA;070.253.789-68;12/04/1983;M;;(11) 98266-8910;R Dom Pedro II, 2786;SANTO ANTÔNIO;São Paulo;São Paulo;07183-996;S;01/07/2022
101162;SR. LETICIA ANDRADE CONCEICAO;75528325927;02/09/1997;F;leticia.conceicao903@hotmail.com;41 983449218;R Presidente Vargas, nº 864;BOA VISTA;Curitiba;pr;88115-903;S;05/09/2025
101163;RAFAEL ANDRADE ANDRADE SOUZA;39924514459;17/06/2002;; RAFAELSOUZA643@HOTMAIL.COM ;;R RIO BRANCO, 996;LIBERDADE;PORTO ALEGRE;RS;97963-216;S;31/10/2020
101164;FERNANDO ASSUNCAO MACHADO;70558048765;09/01/1986;M;fernando_mac372@yahoo.com.br;97204-4333;Av Paulista, 765;BELA VISTA;SAO PAULO;sp;06816634;;12/12/2024
101165;JOAO SANTOS;043.845.897-43;12/07/1954;M;joao.santos224@;51 985407621;TRAV. DA LIBERDADE, 1790 - APTO 31;SÃO JOSÉ;PORTO ALEGRE;rs;98341-736;;07/10/2023
101166;HENRIQUE GOMES CARDOSO;536.530.203-60;21/07/1983;M;henrique_car173@hotmail.com;5170606258;AL Tiradentes, nº 2033;SÃO JOSÉ;Porto Alegre;rs;91694-865;N;01/02/2024
101167;WAGNER GUIMARÃES;462.073.979-08;12/11/1948;M;wagner.guimaraes604@outlook.com;(11) 98432-2646;RUA SETE DE SETEMBRO, N. 1553;JARDIM AMÉRICA;SAO PAULO;SP;06272057;S;01/03/2019
101168;HÉLIO  ARAÚJO ;36098790841;05/04/1985;M;helioaraujo880@outlook.com;11983273566;Rua Tiradentes, nº 2348 - Apto 12;VILA NOVA;São Paulo;sp;04939-383;N;27/11/2020
101169;HÉLIO  COSTA MARQUES ;907.496.906-23;25/08/1987;I;helio_mar543@outlook.com;51 993775221;AL MARECHAL DEODORO, 1235;CENTRO;Porto Alegre;Rio Grande do Sul;94039-822;S;06/10/2020
101170;LETÍCIA RODRIGUES;421.347.709-61;06/12/1971;F;leticia.rodrigues630@gmail.com;16976011580;Rua Castro Alves, 726;SANTA CECÍLIA;Ribeirão Preto;SP;13512383;S;04/02/2025
101171;LUCAS  NASCIMENTO ;167.625.653-95;03/08/1987;M;lucas_nas161@bol.com.br;31 978042330;Rua Getúlio Vargas, 436 - Apto 31;JARDIM DAS FLORES;Belo Horizonte;MG;39526-885;N;24/06/2019
101172;RAQUEL FREITAS CONCEICAO;71643240692;01/01/1900;F;raquel_con540@bol.com.br;21995089865;AVENIDA DAS PALMEIRAS, 761;BELA VISTA;Niterói;Rio de Janeiro;26251472;N;06/03/2024
101173;LARISSA GOMES ASSUNCAO BARBOSA;51306668561;29/01/1958;;larissa_bar492@outlook.com;;RUA Presidente Vargas, N. 1834;LIBERDADE;Recife;PE;56736769;S;07/03/2023
101174;GABRIELA LIMA GOMES;43706576104;07/05/1983;F;gabriela_gom44@hotmail.com;(62) 96772-4619;R SÃO JOÃO, Nº 932;SANTA CECÍLIA;Goiânia;go;75654282;N;07/12/2025
101175;FERNANDO DIAS;95034604507;15/09/1963;M;fernando_dia315@uol.com.br;51 985433879;Rua dos Ipês, N. 1434;JARDIM DAS FLORES;Porto Alegre;rs;94105-250;N;27/02/2025
101176;JULIA CARVALHO BRANDAO;355.782.093-94;17/02/1986;F;julia_bra865@yahoo.com.br;(11) 96778-8050;Av. Brasil, nº 1317;JARDIM DAS FLORES;Guarulhos;sp;4292436;S;24/02/2021
101177;RENATA MELO;94780296064;29/07/1946;F;renatamelo615@outlook.com;11998389903;Avenida da Liberdade, N. 1455 - Casa 2;JARDIM DAS FLORES;São Paulo;sp;07659-140;S;18/06/2021
101178;MÁRCIA ANDRADE DIAS;57720824008;30/01/1967;F; MARCIA_DIA453@UOL.COM.BR ;4182439502;RUA Presidente Vargas, N. 2717 - Fundos;SÃO JOSÉ;Curitiba;PR;85896658;S;03/01/2019
101179;ISABELA A. ROCHA;65640602465;26/04/1989;F;isabela.rocha68274@gmail.com;(11) 97033-5958;Rua Dom Pedro II, 794 - Casa 2;SANTA CECÍLIA;são paulo ;São Paulo;07824346;N;27/12/2019
101180;TÂNIA GUIMARÃES;15888064483;18/07/1990;F;tania.guimaraes237@bol.com.br;(61) 9208-8721;R. BRASIL, N. 1405;JARDIM AMÉRICA;Brasília;;78677-536;;19/01/2025
101181;RODRIGO MARQUES ROCHA CARVALHO;29647874703;04/07/1986;M;rodrigo_car77@hotmail.com;19975151848;R SETE DE SETEMBRO, Nº 1565;LIBERDADE;Campinas;SP;15219-651;N;09/11/2024
101182;MÁRCIA RODRIGUES;69326705420;22/07/1985;F;marciarodrigues196@yahoo.com.br;51 973918846;RUA DOS ANDRADAS, 1642;SANTO ANTÔNIO;Porto Alegre;Rio Grande do Sul;97277153;N;11/11/2022
101183;CESAR CONCEICAO MOREIRA;913.846.040-81;31/12/1933;M;cesar.moreira55@bol.com.br;21979292803;RUA SETE DE SETEMBRO, Nº 1923 - APTO 31;JARDIM DAS FLORES;niterói ;RJ;26174499;S;20/11/2020
101184;ANDRE FREITAS;69184231167;16/08/1961;M;andre_fre894@bol.com.br;19 968293940;Rua da Liberdade, nº 2637 - Apto 12;JARDIM AMÉRICA;Campinas;SP;14046654;N;15/09/2023
101185;FERNANDO CARVALHO;878.113.899-75;06/11/1986;M;fernando_car526@hotmail.com;61984077417;AVENIDA SÃO JOÃO, N. 814 - CASA 2;VILA NOVA;Brasília;Distrito Federal;76483650;N;25/05/2020
101186;MARCELO MAGALHÃES ROCHA;243.450.402-72;02/05/1999;M;marcelo.rocha58170@uol.com.br;11 971731073;R. DAS PALMEIRAS, Nº 420 - APTO 31;SÃO JOSÉ;São Paulo;sp;01486-435;S;25/03/2021
101187;MATEUS FREITAS ASSUNCAO;85677808296;15/11/1982;M;mateusassuncao809@yahoo.com.br;(31) 99073-8217;RUA TIRADENTES, Nº 2497 - CASA 2;JARDIM AMÉRICA;Belo Horizonte;Minas Gerais;39330261;S;11/07/2025
101188;MARCIO ALVES;59992269880;23/09/1985;M;marcio.alves545@bol.com.br;;R Santos Dumont, nº 1800 - Fundos;LIBERDADE;São Paulo;São Paulo;08696138;N;27/04/2019
101189;RAFAEL CARDOSO MARTINS OLIVEIRA;936.536.482-54;19/04/1991;M;rafael_oli675@gmail.con;(31) 99450-1097;RUA RIO BRANCO, 854;JARDIM AMÉRICA;Belo Horizonte;Minas Gerais;34493610;N;02/11/2019
101190;ALINE RIBEIRO ANDRADE;517.793.284-27;19/02/1991;F;alineandrade292@yahoo.com.br;(11) 96057-2710;RUA Brasil, nº 2631 - Fundos;BOA VISTA;guarulhos ;SP;08797-767;N;28/09/2023
101191;CESAR CARVALHO FREITAS BARBOSA;073.179.177-02;21/04/1996;M;cesar.barbosa262@uol.com.br;11988274172;Rua Castro Alves, 1699;BOA VISTA;São Paulo;sp;03032030;N;28/01/2024
101192;JOSE  GUIMARAES ;72026765910;20/05/1993;M;jose_gui509@uol.com.br;(11) 7235-8064;RUA GETÚLIO VARGAS, Nº 2640 - CASA 2;SANTO ANTÔNIO;SANTO ANDRE;São Paulo;06651771;S;24/08/2021
101193;ISABELA  N. BRANDÃO ALVES ;675.584.793-39;25/07/1945;F;isabelaalves316@uol.com.br;(11) 99360-1285;RUA DA LIBERDADE, Nº 1216;JARDIM DAS FLORES;SANTO ANDRE;SP;6016946;S;12/03/2021
101194;ISABELA ASSUNCAO MARQUES;708.596.878-80;05/10/1977;;isabela_mar314@uol.com.br;11967748041;Al. Sete de Setembro, N. 687 - Apto 12;CENTRO;São Paulo;sp;08059-665;S;28/08/2019
101195;MARCIO NASCIMENTO MELO;691.543.204-37;10/04/1968;M;marcio_mel215@gmail.com;3186861128;TRAVESSA DOS ANDRADAS, Nº 1599;JARDIM AMÉRICA;Belo Horizonte;Minas Gerais;35344283;N;06/11/2019
101196;BEATRIZ ASSUNCAO;557.120.531-87;01/02/1992;F;beatriz.assuncao203@gmail.com;(21) 96554-6326;Avenida Getúlio Vargas, 2345;BOA VISTA;Rio de Janeiro;Rio de Janeiro;28415452;N;01/09/2022
101197;RENATA MELO MOREIRA PEREIRA;321.843.318-56;14/04/1977;F;renata.pereira650@gmail.com;(11) 97118-3491;Al. Santos Dumont, 732;JARDIM AMÉRICA;Guarulhos;sp;07140613;;14/06/2024
101198;PRISCILA BARBOSA;588.923.657-11;18/04/1978;F;priscila.barbosa97@bol.com.br;(11) 98497-6555;Avenida Rio Branco, 15 - Apto 31;CENTRO;São Paulo;sp;09978536;S;09/11/2022
101199;MÁRCIA ROCHA CARVALHO;459.920.744-65;22/09/1976;F;marciacarvalho633@uol.com.br;31 994777223;AVENIDA PRESIDENTE VARGAS, Nº 2806;CENTRO;Belo Horizonte;mg;36830673;;12/10/2020
101200;SERGIO NUNES MELO SOUZA;534.323.571-92;13/11/1983;M;sergio.souza90@yahoo.com.br;4190029224;AV. GETÚLIO VARGAS, N. 1135;BELA VISTA;Curitiba;PR;87782055;S;07/04/2023
101201;GUSTAVO BARBOSA ASSUNCAO;72672234434;30/01/2000;M;gustavo.assuncao907@bol.com.br;(21) 7358-3532;R. da Liberdade, nº 2979 - Fundos;SANTO ANTÔNIO;Rio de Janeiro;RJ;26058-638;;14/06/2025
101202;SIMONE FERREIRA ASSUNCAO;50943019508;03/07/1941;F;simone_ass292@uol.com.br;19 974657371;Avenida Dom Pedro II, 2524;BELA VISTA;Campinas;sp;17994117;;21/03/2025
101203;OTAVIO RODRIGUES FREITAS GUIMARAES;17530865234;04/03/1999;M; OTAVIOGUIMARAES215@YAHOO.COM.BR ;97336-6836;RUA MARECHAL DEODORO, 1551;SANTA CECÍLIA;São Paulo;sp;04447-431;S;30/08/2019
101204;DR. FERNANDA ARAÚJO GOMES;578.712.219-49;02/07/1978;F;fernandagomes516@uol.com.br;19994327862;Pca São João, nº 2532;SANTA CECÍLIA;Campinas;SP;14549357;S;05/07/2025
101205;LARISSA MARQUES MELO;42317460015;10/06/1996;F;larissa_mel164@hotmail.com;51964829693;RUA CASTRO ALVES, Nº 410;BELA VISTA;Porto Alegre;rs;99534-998;N;23/09/2023
101206;PRISCILA NASCIMENTO;38271079468;02/01/1961;F;priscila.nascimento945@gmail.com;(62) 97885-6126;AVENIDA DOS ANDRADAS, Nº 1073;BELA VISTA;Goiânia;GO;73545582;N;23/05/2022
101207;SIMONE GOMES;10939659590;09/01/2002;F;simonegomes635@outlook.com;11973345783;R Tiradentes, 35;CENTRO;São Paulo;SP;8507933;S;11/12/2024
101208;LEONARDO  RIBEIRO BARBOSA ;617.063.614-91;06/04/1966;M;leonardo_bar762@bol.com.br;11 987721646;R Rio Branco, nº 2085;SANTA CECÍLIA;Guarulhos;SP;06304-467;S;02/12/2025
101209;CAIO ARAÚJO MAGALHÃES;70200739212;12/07/1980;M;caiomagalhaes585@gmail.com;11995899752;RUA DAS FLORES, 348 - FUNDOS;CENTRO;São Paulo;SP;07542523;S;21/01/2024
101210;SONIA NASCIMENTO FERREIRA;831.825.225-07;17/03/1974;F;soniaferreira368@bol.com.br;(11) 8973-8163;RUA Getúlio Vargas, 2527;BOA VISTA;São Paulo;SP;03788-433;N;16/10/2019
101211;RAFAEL ROCHA SOUZA;000.356.868-71;06/01/2002;M;rafaelsouza877@yahoo.com.br;1977116584;RUA DOM PEDRO II, Nº 1795 - CASA 2;JARDIM DAS FLORES;Campinas;São Paulo;13397-858;S;03/10/2022
101212;MARCELO  FREITAS MACHADO ;38138149043;02/06/1973;M;marcelomachado917@outlook.com;11997534814;R. Presidente Vargas, 550;VILA MARIANA;São Paulo;sp;01491-081;S;10/06/2023
101213;VITORIA SILVA;35782810858;02/08/1986;F;vitoriasilva199@yahoo.com.br;98417-5686;R. Tiradentes, N. 1599;JARDIM AMÉRICA;Florianópolis;;82050-287;S;03/10/2024
101214;PRISCILA ALVES LIMA;197.358.448-42;03/11/1992;F;priscila_lim128@gmail.com;11978966980;RUA XV DE NOVEMBRO, 991;BOA VISTA;São Paulo;sp;3491550;N;19/05/2021
101215;LEONARDO FREITAS FREITAS;29281071002;01/11/1973;M;leonardo_fre599@bol.com.br;2179991803;R Paulista, N. 1163 - Apto 31;JARDIM AMÉRICA;NITEROI;RJ;21978713;S;07/02/2021
101216;JÚLIA PEREIRA GUIMARÃES BARBOSA;60416830609;10/09/1994;F;julia_bar168@bol.com.br;11963602963;Rua Paulista, N. 280;JARDIM DAS FLORES;São Paulo;sp;03964406;;27/07/2022
101217;SRA. MATEUS ARAÚJO;347.633.424-44;28/12/1993;M;mateus.araujo698@outlook.com;11961802709;R Presidente Vargas, N. 781;BOA VISTA;São Paulo;SP;09721463;S;04/03/2023
101218;LUCIA NUNES;29880677838;31/12/1933;F;lucia_nun199@bol.com.br;51 979987833;RUA Presidente Vargas, nº 2741;PARQUE INDUSTRIAL;porto alegre ;RS;94270242;N;09/12/2020
101219;BEATRIZ ROCHA ROCHA;568.152.216-44;17/02/1976;F;beatriz_roc871@outlook.com;(21) 98398-1669;AVENIDA TIRADENTES, 1520;SANTA CECÍLIA;Rio de Janeiro;RJ;23751798;S;19/11/2021
101220;CAIO  ANDRADE ;556.048.244-70;12/06/1971;M;caio.andrade147@bol.com;(48) 8195-2877;AV DAS PALMEIRAS, 1257 - APTO 31;JARDIM DAS FLORES;Florianópolis;SC;86210-696;S;07/02/2024
101221;LARISSA PEREIRA;89027585326;18/07/2002;F;larissa.pereira303@hotmail.com;19997162272;R CASTRO ALVES, Nº 1326;SÃO JOSÉ;Campinas;SP;13786-388;S;10/01/2024
101222;MARIANA MENDES MENDES;554.627.907-91;15/07/1996;F; MARIANA_MEN749@OUTLOOK.COM ;21 74962286;Rua Brasil, nº 1563 - Fundos;BOA VISTA;Niterói;RJ;27773-837;S;20/03/2025
101223;HELIO FERREIRA BRANDAO OLIVEIRA;19246621166;30/08/1980;;helio.oliveira715@uol.com.br;16 971174644;Rua Tiradentes, N. 2042;BOA VISTA;Ribeirão Preto;SP;15546205;S;29/08/2022
101224;CESAR PEIXOTO SOUZA;7,66351E+10;08/11/2000;M;cesar.souza986@outlook.com;(61) 7984-3166;RUA SETE DE SETEMBRO, Nº 2788 - APTO 31;BELA VISTA;Brasília;df;76559-723;N;28/12/2022
101225;EDUARDO NASCIMENTO SANTOS;94534402562;24/07/1978;M;eduardosantos700@yahoo.com.br;(51) 99058-6837;AVENIDA DOM PEDRO II, N. 2172;BOA VISTA;P. Alegre;RS;93938-166;S;01/02/2025
101226;DANIEL SOUZA CARVALHO MACHADO;631.972.086-76;02/01/1997;M; DANIELMACHADO635@GMAIL.COM ;19 978443343;AVENIDA XV DE NOVEMBRO, 1543;SANTO ANTÔNIO;Campinas - SP;SP;12436-816;N;04/12/2022
101227;PATRÍCIA RIBEIRO;648.562.631-02;22/01/1962;F;;;Trav. Castro Alves, nº 802;VILA MARIANA;Curitiba;PR;81781105;N;15/07/2023
101228;WAGNER CONCEICAO;52650698012;29/07/1978;M; WAGNER_CON841@OUTLOOK.COM ;(11) 97470-4484;Av. Paulista, nº 351;BELA VISTA;Guarulhos;SP;04269-345;;26/08/2020
101229;JOANA BRANDAO RIBEIRO;971.388.724-70;07/02/1989;F;joana.ribeiro470@bol.com;11984314778;Tv. Presidente Vargas, N. 2331 - Apto 31;JARDIM DAS FLORES;São Paulo;SP;05607-811;N;28/07/2025
101230;LUCAS  CARVALHO ALVES ;40847169014;12/06/1993;M;lucas_alv722@yahoo.com.bt;19 983785912;Praça Santos Dumont, nº 2903 - Bloco B Apto 104;SANTA CECÍLIA;Campinas;São Paulo;12245-939;N;04/08/2025
101231;CESAR CARDOSO;162.518.223-68;02/11/2001;M;cesar_car752@gmail.com;(62) 6712-9389;Rua Dom Pedro II, N. 1393 - Fundos;PARQUE INDUSTRIAL;Goiânia;go;79506-836;N;02/01/2025
101232;JOANA FERREIRA COSTA;80541459856;04/01/1983;F;joana.costa349@outlook.com;51960107327;Rua Brasil, N. 1995;PARQUE INDUSTRIAL;POA;RS;98131-093;S;18/11/2020
101233;HENRIQUE MELO CONCEICAO LIMA;54179703874;02/01/1987;M;henrique_lim789@yahoo.com.br;71 998292802;Avenida Brasil, S/N;JARDIM DAS FLORES;Salvador;BA;41553-388;N;09/05/2023
101234;MRACELO BRANDÃO;19186111817;26/10/1980;M; MARCELOBRANDAO303@UOL.COM.BR ;(31) 97965-5993;R DOM PEDRO II, 2560;JARDIM DAS FLORES;Belo Horizonte;MG;39685860;S;18/08/2021
101235;CÉSAR GOMES;27589859184;17/07/1978;M;jose_nas3616@gmail.com;11962611718;RUA DOM PEDRO II, 1452;SANTA CECÍLIA;São Paulo;São Paulo;09052-931;N;20/04/2021
101236;JULIA CONCEICAO FREITAS;09570932848;31/12/2003;F;;(51) 8594-7476;AV Marechal Deodoro, nº 51 - Casa 2;BOA VISTA;Porto Alegre - RS;Rio Grande do Sul;92889883;;24/05/2023
101237;RAQUEL SANTOS CARDOSO;157.042.233-89;26/02/1983;F;raquelcardoso769@hotmail.com;(81) 96693-6704;R. Dom Pedro II, N. 1724;VILA NOVA;Recife;pe;59321-088;S;17/01/2025
101238;LUIS MOREIRA;71693680564;28/06/1989;M;luismoreira102@bol.com.br;98037-1921;R. dos Andradas, nº 795;VILA NOVA;Juiz de Fora;MG;32624008;S;16/10/2020
101239;JOANA DIAS GOMES CONCEICAO;00436040131;08/08/1974;F;joanaconceicao593@gmail.com;48972877802;R. dos Andradas, nº 343;SÃO JOSÉ;Florianópolis;SC;88148024;N;03/03/2019
101240;MARIANA BARBOSA COSTA;19150521183;13/07/1995;F;marianacosta533@yahoo.com.br;11 971412914;AL. DAS FLORES, 2721;SANTA CECÍLIA;São Paulo;sp;05260080;N;05/02/2020
101241;ANDRE MOREIRA;66796354702;18/04/1961;M;andremoreira101@bol.com.br;(31) 96297-6098;RUA DOS IPÊS, N. 562;LIBERDADE;Belo Horizonte;Minas Gerais;31335595;S;04/02/2023
101242;VINICIUS PEIXOTO SOUZA;38340961136;28/10/1977;M;viniciussouza884@bol.com.br;(31) 96134-2820;RUA DOS ANDRADAS, 154;PARQUE INDUSTRIAL;Belo Horizonte;MG;37392-141;N;21/09/2019
101243;RENATA CARVALHO;69796146738;07/07/1999;F;renatacarvalho923@hotmail.con;32999606613;TRAVESSA SETE DE SETEMBRO, Nº 2322 - CASA 2;VILA NOVA;Juiz de Fora;mg;36483-121;N;15/05/2020
101244;RAQUEL SANTOS;235.284.418-52;04/01/1993;F;raquelsantos384@hotmail.com;(51) 96405-2965;AVENIDA CASTRO ALVES, 295 - APTO 12;CENTRO;Porto Alegre;rs;98854-931;S;29/06/2022
101245;TANIA GUIMARAES PEREIRA;374.656.734-37;09/04/1988;F;taniapereira83@@uol.com.br;7193538423;AV Getúlio Vargas, 1198 - Apto 12;LIBERDADE;Salvador;BA;45166-078;N;01/10/2020
101246;GUSTAVO GUIMARAES BARBOSA;69371372141;13/12/1937;M;;11 988061178;Av Rio Branco, 1607 - Apto 31;SANTA CECÍLIA;São Paulo;sp;06683363;N;19/04/2019
101247;MARCIA BARBOSA;38441598860;17/02/1979;F;marciabarbosa645@outlook.com;11 973691504;ALAMEDA DOS ANDRADAS, Nº 2920;SÃO JOSÉ;São Paulo;sp;05819940;N;02/11/2024
101248;VITORIA S. CARDOSO;148.525.087-04;01/11/1990;F;vitoria.cardoso83@hotmail.com;11 962183359;RUA DAS FLORES, 2664;SANTO ANTÔNIO;Santo André;SP;05487-859;N;18/06/2022
101249;PRISCILA SOUZA;375.933.098-35;18/04/1953;F;;31 983468746;Avenida das Flores, 2107;JARDIM AMÉRICA;Belo Horizonte;MG;35560911;S;07/07/2019
101250;JOANA SANTOS MACHADO;63727881607;31/05/1966;F;;16967822311;TV. SÃO JOÃO, N. 2;SANTO ANTÔNIO;Ribeirão Preto - SP;SP;14408-432;N;04/01/2021
101251;ANDRE NASCIMENTO MARQUES SOUZA;16524691920;20/03/1975;M;andre_sou677@gmail.com;11991605389;Av dos Andradas, 1870;VILA NOVA;São Paulo;São Paulo;02347992;N;27/03/2019
101252;WAGNER CONCEICAO ALVES;351.427.045-76;21/07/2006;M;wagner_alv982@gmail.com;(51) 96874-6442;RUA Getúlio Vargas, 582 - Apto 31;LIBERDADE;Porto Alegre;RS;98530-674;N;21/06/2024
101253;TANIA SILVA;14488481809;23/11/1991;;tania_sil258@uol.com.br;(21) 8041-4831;TV. TIRADENTES, Nº 2523;SANTO ANTÔNIO;Rio de Janeiro;RJ;25486-160;S;23/12/2019
101254;FERNANDA DIAS;57289121171;05/03/1994;F;fernanda_dia970@gmail.com;31 995313147;R RIO BRANCO, 1869;BELA VISTA;belo horizonte ;MG;37019787;N;03/06/2021
101255;DÉBORA NASCIMENTO;44841590940;16/08/1989;F;debora_nas911@bol.com;(48) 9427-8891;RUA Dom Pedro II, nº 2314 - Bloco B Apto 104;VILA MARIANA;Florianópolis;sc;85158507;N;16/10/2021
101256;EDUARDO ANDRAED NUNES;65138131079;19/06/1985;M;eduardonunes145@outlook.com;31965313754;R. DOS IPÊS, 2795;LIBERDADE;Belo Horizonte;MG;33202-856;S;19/02/2021
101257;JOSE MAGALHAES ASSUNCAO;640.641.361-01;31/12/1933;M;jose.assuncao64@yahoo.com.br;(61) 97313-6032;AVENIDA DA LIBERDADE, 1782;BELA VISTA;Brasília;df;74949355;S;03/05/2021
101258;LETICIA FERREIRA COSTA;60570564263;02/11/2003;F;leticia.costa127@gmail.com;62 984514226;AVENIDA CASTRO ALVES, N. 142;CENTRO;Goiânia;GO;78669393;N;14/10/2024
101259;LUCAS NUNES MARQUES;090.932.897-80;29/01/1955;M;lucasmarques933@outlook.com;(51) 99088-9648;R DAS PALMEIRAS, N. 2225;SANTO ANTÔNIO;Porto Alegre;Rio Grande do Sul;99615-467;N;17/03/2022
101260;RAQUEL COSTA FERREIRA;22822139806;03/02/1986;F;raquel_fer186@yahoo.com.br;(61) 6067-4333;Travessa Brasil, 1672;PARQUE INDUSTRIAL;BRASILIA;DF;77110-567;;21/01/2023
101261;PRISCILA MAGALHAES;217.684.832-21;16/06/1996;F;priscila_mag471@outlook.com;11963842663;Rua Brasil, N. 2680;JARDIM AMÉRICA;São Paulo;São Paulo;04764-730;S;22/05/2025
101262;MARCEOL LIMA NUNES;136.386.937-08;07/07/1979;M;marcelo.nunes725@hotmail.com;11 982561723;Rua Dom Pedro II, 1562;BOA VISTA;SANTO ANDRE;SP;06501-298;S;30/01/2021
101263;ANTÔNIO F. NASCIMENTO;34999467267;22/11/1993;M;antonio_nas196@hotmail.com;31 990683987;AVENIDA DOS ANDRADAS, Nº 1071;PARQUE INDUSTRIAL;Belo Horizonte;mg;36865-254;S;12/11/2020
101264;SRA. RODRIGO GOMES SILVA CARVALHO;363.405.388-78;17/08/1988;M;marcelo_pei172@bol.com.br;(71) 99106-5016;RUA DA LIBERDADE, 115;SANTO ANTÔNIO;Salvador;ba;45416045;N;23/06/2021
101265;DÉBORA NASCIMENTO NASCIMENTO;17142097175;17/12/1990;F;deboranascimento493@uol.com.br;(16) 6738-2131;Rua das Palmeiras, 2534 - Apto 31;VILA MARIANA;ribeirão preto ;SP;16323-713;S;18/02/2023
101266;HENRIQUE PEREIRA ARAUJO;073.760.914-16;23/12/1979;M;henrique.araujo563@gmail.com;(21) 99100-2132;Rua Getúlio Vargas, nº 1085;SÃO JOSÉ;Rio de Janeiro - RJ;RJ;29811-825;S;23/02/2025
101267;ANA ASSUNCAO;038.546.584-00;18/02/1940;F;ana.assuncao560@gmail.com;(11) 99522-5319;Rua XV de Novembro, N. 54;SANTA CECÍLIA;São Paulo;São Paulo;05527507;S;31/10/2024
101268;WAGNER CONCEICAO ALVES;35142704576;21/07/2006;M;wagner_alv982@gmail.com;51968746442;R GETÚLIO VARGAS, Nº 582 - APTO 31;LIBERDADE;Porto Alegre;RS;98530-674;N;07/02/2025
101269;LEONARDO DIAS;12501389654;29/05/1996;M;leonardo_dia411@hotmail.com;81969577419;Travessa das Flores, 2284;BELA VISTA;Recife - PE;Pernambuco;55020-630;S;15/11/2024
101270;JOANA PEREIRA;20707801630;17/08/1957;F;joana_per319@outlook.com;11967351315;RUA MARECHAL DEODORO, N. 2575;JARDIM AMÉRICA;São Paulo - SP;São Paulo;1749016;S;23/03/2025
101271;ANA COSTA PEREIRA CARVALHO;588.985.564-62;16/03/1977;F;ana_car755@uol.com.br;11 990247951;Rua dos Andradas, N. 1131;BOA VISTA;São Paulo;;08660459;N;17/08/2024
101272;MARCIA MAGALHAES MNEDES;60684978369;21/06/2001;F;marcia_men37@yahoo.com.br;(11) 99647-7716;RUA CASTRO ALVES, N. 616;PARQUE INDUSTRIAL;São Paulo;sp;9913280;S;04/05/2024
101273;JOAO RIBEIRO MENDES;7787477350;30/12/1982;M;joaomendes32028@yahoo.com.br;76653061;R. SÃO JOÃO, 1505 - FUNDOS;PARQUE INDUSTRIAL;são paulo ;sp;01719-467;N;25/10/2020
101274;PATRÍCIA ALVES GUIMARÃES;835.970.672-71;22/02/1996;F;patriciaguimaraes879@uol.com.br;(21) 98391-5890;Rua das Flores, nº 1500;BELA VISTA;Rio de Janeiro;Rio de Janeiro;21967457;S;26/08/2021
101275;LETICIA ROCHA CONCEICAO GOMES;89351508439;13/12/1991;F; LETICIA_GOM919@HOTMAIL.COM ;21 969802876;Rua Santos Dumont, nº 995;LIBERDADE;RIO DE JANEIRO;rj;26837495;N;15/02/2023
101276;LUIS CARDOSO ARAUJO;03107780693;05/03/1936;M;luis.araujo496@gmail.con;97938-2193;Av Paulista, nº 1108;JARDIM AMÉRICA;Porto Alegre;Rio Grande do Sul;96438-263;N;08/03/2024
101277;SIMONE RODRIGUES;65892191095;22/08/1994;F;simone_rod309@bol.com.br;11 991322341;RUA DOS ANDRADAS, Nº 2263;SANTO ANTÔNIO;São Paulo;São Paulo;06332-770;S;13/12/2024
101278;JOSÉ ROCHA MAGALHÃES;05094785494;08/04/1974;M;josemagalhaes141@outlook.com;21 995812635;AV DOM PEDRO II, Nº 1140;BELA VISTA;Rio de Janeiro;rj;23166942;N;25/02/2024
101279;GABRIELA RIBEIRO NASCIMENTO SOUZA;64514948284;12/11/1987;F;gabriela_sou492@uol.com.br;31 994869227;RUA PAULISTA, 2142;LIBERDADE;Belo Horizonte;MG;31088340;S;10/03/2022
101280;MARCELO MARTINS GOMES;71533773793;20/12/1983;M;marcelo_gom79@gmail.com;11962153422;ALAMEDA DAS FLORES, Nº 1470 - FUNDOS;SANTO ANTÔNIO;São Paulo;sp;05894536;S;03/12/2024
101281;CÉSAR MOREIRA;120.282.427-79;31/05/1951;M;cesar_mor292@bol.com.br;;RUA DOM PEDRO II, Nº 1535;SANTO ANTÔNIO;SAO PAULO;sp;01643780;N;18/07/2025
101282;RENATA GUIMARAES;19997076052;15/05/1989;F; RENATA_GUI327@HOTMAIL.COM ;21 991022517;RUA XV DE NOVEMBRO, Nº 557;BOA VISTA;Rio de Janeiro - RJ;Rio de Janeiro;24659-381;S;26/01/2025
101283;JOAO MELO BARBOSA;449.557.581-34;31/12/1933;M;joao.barbosa470@outlook.com;;RUA DAS FLORES, 459;SANTA CECÍLIA;Florianópolis;Santa Catarina;86920428;S;16/08/2024
101284;MATEUS PEIXOTO;22170593004;22/02/1967;M;mateuspeixoto987@yahoo.com.br;21996289274;Avenida São João, 969;SANTO ANTÔNIO;Rio de Janeiro;rj;28051226;N;27/12/2022
101285;TANIA COSTA CARVALHO;142.351.711-35;12/12/1971;F;tania_car334@outlook.com;(11) 97478-7844;RUA Rio Branco, N. 291;BOA VISTA;São Paulo;SP;09800-943;;06/02/2023
101286;MARIANA OLIVEIRA DIAS;25882847010;13/05/1977;F;marianadias723@bol.com.br;79371492;RUA RIO BRANCO, Nº 2905;PARQUE INDUSTRIAL;São Paulo;São Paulo;07217-720;S;03/01/2019
101287;RAFAEL  GUIMARAES ;88092346690;27/05/1986;M;rafaelguimaraes203@outlook.com;48 61232829;R Castro Alves, nº 1616;BOA VISTA;FLORIANOPOLIS;Santa Catarina;88911-225;S;22/12/2025
101288;JOSE GUIMARAES BRANDAO;78947154091;13/06/1983;M;jose_bra933@outlook.com;19962775644;Travessa das Palmeiras, 1063;SANTA CECÍLIA;Campinas;SP;17760745;N;25/12/2020
101289;ISABELA  ROCHA FREITAS ;899.514.274-05;20/12/1982;F;isabela.freitas763@bol.com.br;21987432871;R. Paulista, nº 1008;BELA VISTA;Rio de Janeiro;RJ;22032246;S;07/04/2021
101290;CLÁUDIA BARBOSA PEREIRA;63141947414;30/08/1937;F; CLAUDIAPEREIRA845@OUTLOOK.COM ;19 995387708;RUA BRASIL, N. 2963;SANTA CECÍLIA;Campinas;SP;13170-093;N;30/11/2022
101291;OTAVIO SOUZA;15971600591;01/04/1989;M;otaviosouza502@gmail.com;(41) 98205-6534;Alameda das Palmeiras, N. 2600 - Apto 12;BOA VISTA;Curitiba - PR;PR;83544-006;N;07/09/2022
101292;TANIA  RIBEIRO OLIVEIRA ;408.242.611-60;31/12/1933;F;tania.oliveira769@hotmail.com;(31) 99198-4327;R Tiradentes, N. 680;LIBERDADE;Belo Horizonte;MG;32067020;N;28/09/2020
101293;GABRIELA NUNES ALVES;32739479930;22/01/1967;F;gabriela.alves619@bol.com.br;(31) 97860-4546;Rua dos Andradas, N. 2631 - Fundos;JARDIM AMÉRICA;Belo Horizonte;Minas Gerais;31103-239;S;26/12/2024
101294;MATEUS CONCEICAO MARTINS;09654649381;04/11/1975;M;mateus.martins255@bol.com.br;11995702850;PRAÇA SÃO JOÃO, 2298;SANTA CECÍLIA;São Paulo;SP;06147-854;S;25/10/2022
101295;SERGIO LIMA MENDES;347.895.353-71;25/12/1998;M; SERGIO_MEN55@YAHOO.COM.BR ;51 65672747;Rua dos Andradas, 1289;CENTRO;Porto Alegre;RS;91159388;S;26/02/2023
101296;DR. LETÍCIA DIAS;225.578.971-08;23/04/1997;F;leticia_dia6@yahoo.com.br;98102-2824;RUA DOM PEDRO II, N. 1036;BOA VISTA;São Paulo;São Paulo;04573-225;S;24/03/2023
101297;CLAUDIA SOUZA ALVES;98029276605;18/02/1985;F;claudia.alves79@bol.com.br;(11) 97661-7867;AVENIDA DOS ANDRADAS, N. 1121;CENTRO;São Paulo;sp;05736-446;S;16/05/2021
101298;ANA BRANDÃO MELO;677.266.732-81;20/11/1982;F; ANAMELO224@GMAIL.COM ;(11) 98799-1761;AVENIDA DAS FLORES, N. 2255;VILA NOVA;São Paulo;São Paulo;09454472;N;13/01/2022
101299;SÔNIA DIAS OLIVEIRA PEIXOTO;87521527313;13/03/1949;;soniapeixoto700@uol.com.br;(11) 98532-7742;AVENIDA SÃO JOÃO, Nº 1121;LIBERDADE;SP;sp;2148723;N;06/11/2023
101300;SIMONE ALVES;242.613.932-39;08/04/1999;F;simone_alv644@yahoo.com.bt;(31) 99864-9708;RUA XV DE NOVEMBRO, 740 - BLOCO B APTO 104;JARDIM DAS FLORES;Belo Horizonte;MG;38831-899;;01/12/2023
101301;ANTÔNIO PEREIRA OLIVEIRA;02929246235;26/12/1980;M;antonio_oli722@uol.com.br;(19) 7021-7764;Avenida Getúlio Vargas, nº S/N;JARDIM AMÉRICA;Campinas;SP;15501019;S;21/08/2021
101302;CECÍLIA OLIVEIRA SOUZA;03367831014;04/10/1991;F;cecilia.souza249@uol.com.br;(11) 97352-2951;RUA GETÚLIO VARGAS, Nº 1973;PARQUE INDUSTRIAL;São Paulo;SP;08451-501;S;22/02/2025
101303;FABIO BARBOSA CARVALHO LIMA;39084811046;15/02/1991;M;fabiolima947@gmail.com;21 991191088;R. das Flores, nº 2082;VILA NOVA;RIO DE JANEIRO;Rio de Janeiro;25644818;S;20/04/2023
101304;MARIANA GOMES RIBEIRO;189.630.668-35;25/08/1978;F;mariana_rib961@yahoo.com.br;11 984831727;R DAS FLORES, 72;BOA VISTA;São Paulo;São Paulo;01111604;N;11/11/2021
101305;JOSÉ MENDES NASCIMENTO;82896234600;18/05/1994;M;jose_nas36@hotmail.com;11 983147738;PRACA PRESIDENTE VARGAS, N. 2950 - CASA 2;BOA VISTA;São Paulo;sp;01385-863;N;11/01/2020
101306;DR. SÉRGIO COSTA;024.278.049-08;08/02/1988;M;sergiocosta887@yahoo.com.br;;Avenida dos Andradas, 762;CENTRO;Niterói;RJ;23985-366;;24/08/2020
101307;RAQUEL CARDOSO RIBEIRO OLIVEIRA;400.503.470-55;01/08/1982;F;raquel_oli922@yahoo.com.br;(11) 96064-6484;R das Flores, nº 1620 - Apto 12;VILA MARIANA;SAO PAULO;São Paulo;02415-469;S;13/03/2024
101308;LUÍS MELO DIAS;206.468.090-08;22/07/1970;M;luisdias823@bol.com.br;(81) 98175-4752;Avenida Marechal Deodoro, nº 24;SANTO ANTÔNIO;Recife;PE;56396-398;N;03/02/2020
101309;DEBORA ROCHA;28029243707;21/09/1985;F;debora_roc596@outlook.com;11997913084;R. das Flores, N. 2514;VILA MARIANA;São Paulo;sp;8548459;S;14/05/2024
101310;LÚCIA ANDRADE ALVES ASSUNÇÃO;40838695930;15/05/1990;F;lucia.assuncao674@gmail.com;1190811489;Rua São João, 960 - Bloco B Apto 104;SÃO JOSÉ;Guarulhos;sp;1852374;;23/03/2019
101311;MÁRCIA DIAS CARVALHO FREITAS;056.425.882-22;15/05/1981;;marcia_fre137@uol.com.br;16990713755;Rua dos Andradas, 2801;CENTRO;ribeirão preto ;SP;16286669;S;29/08/2021
101312;ANTÔNIO MOREIRA DIAS;63052439561;22/03/1936;M;antonio.dias578@uol.com.br;(21) 96615-6106;R BRASIL, Nº 1773 - BLOCO B APTO 104;BOA VISTA;Rio de Janeiro;RJ;26314-889;N;12/09/2020
101313;LUCAS BARBOSA PEREIRA;50381046303;19/01/1965;M;lucas.pereira336@gmail.com;11 993367379;AL. TIRADENTES, Nº 418;SANTO ANTÔNIO;são paulo ;São Paulo;07083733;S;20/07/2019
101314;MARCIO ROCHA ANDRADE;108.104.810-73;31/01/1993;M;marcio_and565@gmail.com;(21) 97598-9971;Rua dos Ipês, N. 1537;VILA NOVA;Rio de Janeiro;Rio de Janeiro;26249355;;20/11/2021
101315;SRA. ALINE MARQUES RODRIGUES;611.324.995-69;24/11/1991;F;aline.rodrigues335@hotmal.com;(61) 96031-5661;AVENIDA SÃO JOÃO, Nº 266;VILA NOVA;Brasília;DF;78199-834;S;17/06/2025
101316;JOANA NASCIMENTO ARAUJO;202.526.125-07;22/07/1996;F; JOANAARAUJO613@HOTMAIL.COM ;21968226110;RUA Sete de Setembro, 2469;VILA NOVA;Rio de Janeiro;Rio de Janeiro;29234009;S;14/07/2020
101317;SONIA SANTOS SANTOS CARDOSO;12876554321;29/07/1985;F;sonia.cardoso105@hotmail.com;7187057837;AV BRASIL, Nº 1235 - CASA 2;PARQUE INDUSTRIAL;Salvador;BA;42112595;N;14/01/2021
101318;HENRIQUE MENDES NASCIMENTO;01270810545;27/08/1963;M;henrique_nas257@bol.com.br;(19) 96311-1866;AV DOM PEDRO II, 486;VILA MARIANA;CAMPINAS;São Paulo;17616864;N;30/11/2025
101319;FABIO ASSUNCAO MAGALHAES RODRIGUES;68168041801;07/02/1983;M;fabiorodrigues24@outlook.com;97450-3959;R. Paulista, nº 1900 - Apto 31;VILA MARIANA;Campinas;sp;15848219;N;21/11/2024
101320;HELIO B. OLIVEIRA;537.451.430-00;11/06/1997;M;helio.oliveira515@gmail.com;11 992547290;Av Brasil, nº 69;CENTRO;S. Paulo;sp;07366265;N;18/02/2020
101321;CESAR BARBOSA FREITAS;359.140.931-63;01/01/1900;M;cesar.freitas126@hotmail.com;11 975442802;Rua Tiradentes, 1857;VILA NOVA;São Paulo;SP;09039-473;N;10/01/2024
101322;FERNANDO ARAUJO;93657435590;11/11/1951;M;;(11) 96804-3619;Rua das Palmeiras, 1853;PARQUE INDUSTRIAL;Guarulhos - SP;SP;01788-009;S;18/03/2025
101323;JOSÉ SANTOS ANDRADE;42377895433;11/08/1990;M;joseandrade955@outlook.com;(11) 97764-4439;RUA DAS PALMEIRAS, 2059;JARDIM AMÉRICA;Santo André;sp;08537646;;06/07/2025
101324;RAFAEL FREITAS;12749953294;04/05/1964;;rafaelfreitas324@outlook.com;11967526865;AVENIDA DAS PALMEIRAS, Nº 2912;SANTO ANTÔNIO;São Paulo;sp;07672-124;N;06/01/2021
101325;CLADUIA PEREIRA CARDOSO;217006647;22/04/1988;F;claudiacardoso953@uol.com.br;11 967811901;RUA GETÚLIO VARGAS, N. 988;SANTO ANTÔNIO;São Paulo;SP;06448963;S;29/07/2021
101326;LUIZA  MOREIRA ;23222813361;03/03/1980;F;luiza_mor39@uol.com.br;71980419832;R. XV DE NOVEMBRO, 2617;PARQUE INDUSTRIAL;Salvador;Bahia;49983-242;S;13/02/2025
101327;JOSÉ FREITAS;26286473890;14/10/1981;M;jose.freitas273@gmial.com;(11) 98182-1587;AVENIDA DOS ANDRADAS, N. 477 - FUNDOS;SANTA CECÍLIA;São Paulo;sp;1975261;S;14/06/2021
101328;GABRIELA DIAS FREITAS;691.099.766-20;22/05/1955;F;;11 972549024;Alameda Dom Pedro II, nº 191 - Casa 2;JARDIM DAS FLORES;SP;sp;06753563;S;14/12/2023
101329;SRA. MARCELO ROCHA;10849925401;02/03/1973;M;marcelo.rocha482@hotmail.com;64405190;Rua Santos Dumont, 2005;SANTO ANTÔNIO;São Paulo;sp;02718-571;S;12/01/2019
101330;HENRIQUE ARAUJO;517.660.678-08;08/04/1985;M;henrique.araujo153@hotmail.com;(11) 97157-2089;AVENIDA DOM PEDRO II, N. 1634;JARDIM DAS FLORES;Santo André;sp;06096-552;N;05/01/2025
101331;VITORIA CONCEICAO MACHADO;53342971380;21/01/1983;F; VITORIA_MAC900@OUTLOOK.COM ;2171479530;Travessa Tiradentes, N. 600 - Fundos;CENTRO;Rio de Janeiro - RJ;RJ;24625055;S;02/09/2025
101332;SRA. BEATRIZ FERREIRA FERREIRA;998.335.456-02;22/02/1997;F;beatriz_fer807@yahoo.com.br;11 69244218;Avenida das Flores, 1990;JARDIM AMÉRICA;Santo André;sp;01879-409;N;04/07/2021
101333;VIOTRIA MELO;400.775.783-68;30/08/1969;F; VITORIAMELO816@OUTLOOK.COM ;31 994201739;R. PRESIDENTE VARGAS, N. 185;BELA VISTA;BH;mg;35583-837;N;04/12/2021
101334;SONIA  MELO ;76676818647;20/05/1969;F;sonia_mel844@bol.com.br;41966702746;RUA PAULISTA, N. 1443 - FUNDOS;SANTA CECÍLIA;Curitiba;pr;87552547;S;15/01/2024
101335;CÉSAR GOMES FERREIRA;099.886.196-00;07/07/1988;;cesar.ferreira501@yahoo.com.br;11987229946;Praça das Flores, 2996 - Casa 2;LIBERDADE;São Paulo;SP;03459-469;N;02/04/2019
101336;SIMONE ANDRADE;118.252.859-77;15/09/1998;F;simone.andrade232@hotmail.com;;Rua Sete de Setembro, nº S/N;JARDIM DAS FLORES;Porto Alegre;RS;93239-908;N;08/08/2023
101337;ANDRE MARTINS CONCEICAO;72168493537;05/09/1963;M;andre_con664@hotmail.com;(81) 99665-9458;AV Presidente Vargas, N. 1889;CENTRO;recife ;PE;52581557;S;27/07/2024
101338;EDUARDO MACHADO;08863380007;17/05/1998;M;eduardo_mac129@outlook.com;19 966358427;Av. das Palmeiras, 988;SANTA CECÍLIA;Campinas;São Paulo;17535140;;03/06/2021
101339;CLAUDIA FERREIRA GOMES;942.496.376-97;30/03/1968;F;claudia_gom417@bol.com.br;(21) 99614-1219;AV CASTRO ALVES, 164;JARDIM AMÉRICA;Rio de Janeiro;RJ;23797-710;S;19/05/2024
101340;LUIZA  SILVA PEREIRA ;81737052326;16/08/1980;F;luiza.pereira116@bol.com.br;41975999776;RUA DOS IPÊS, N. 901;CENTRO;Curitiba;PR;85470571;N;05/01/2023
101341;HENRIQUE ALVES RODRIGUES;65606812118;21/03/1990;M;henriquerodrigues28@gmail.com;31987462539;Alameda Presidente Vargas, nº 2694 - Fundos;LIBERDADE;BELO HORIZONTE;MG;34004-389;S;21/12/2022
101342;VITÓRIA ASSUNÇÃO FREITAS;25639317469;26/01/1980;F;vitoria.freitas191@gmail.com;21 60726806;AV SÃO JOÃO, N. 266 - FUNDOS;CENTRO;Rio de Janeiro;RJ;27933741;;31/08/2021
101343;ANTONIO MOREIRA SILVA;5896710143;18/07/1972;M; ANTONIO_SIL187@OUTLOOK.COM ;(71) 98980-1009;ALAMEDA GETÚLIO VARGAS, 2235;SANTO ANTÔNIO;Salvador;ba;48192720;N;22/07/2021
101344;PATRICIA BRANDAO;01844380122;31/12/1933;F;;61976234717;Avenida dos Ipês, nº 2274 - Bloco B Apto 104;LIBERDADE;BRASILIA;Distrito Federal;72156533;S;08/10/2022
101345;LUCAS MENDES;34239477050;12/05/1982;M;lucas.mendes39787@yahoo.com.br;(31) 96075-2243;R SANTOS DUMONT, 547;VILA NOVA;Belo Horizonte;MG;34919694;N;10/07/2022
101346;ANA MENDES;461.847.032-18;21/01/1944;F;ana_men108@outlook.con;31962869456;Rua Tiradentes, nº 1743;SANTA CECÍLIA;BELO HORIZONTE;Minas Gerais;35181-569;S;03/03/2025
101347;CAMILA SANTOS SILVA;375.619.813-84;20/09/1964;F;camilasilva569@bol.com.br;41 973351398;Av Presidente Vargas, nº 2398 - Casa 2;SÃO JOSÉ;Curitiba;PR;83397596;S;01/01/2025
101348;FERNANDO  GUIMARAES ;214.866.545-68;21/11/1958;M;fernando.guimaraes841@outlook.com;(11) 99159-5242;AVENIDA BRASIL, N. S/N;CENTRO;SAO PAULO;SP;05565-348;N;23/12/2022
101349;THIAGO MENDES NUNES;77156097652;03/02/1977;M;thiago_nun503@bol.com.br;11 972067385;RUA DOS IPÊS, N. S/N;VILA MARIANA;Santo André;SP;4745710;;22/03/2020
101350;FERNANDO CONCEICAO MACHADO;228.173.475-79;07/11/1988;M;fernando.machado346@yahoo.com.br;(71) 96165-4167;Alameda dos Andradas, 84 - Casa 2;VILA NOVA;Salvador;Bahia;42478738;;26/07/2022
101351;LETICIA  DIAS ANDRADE ;517.293.256-96;06/01/1951;F;leticiaandrade586@outlook.com;(16) 9353-1020;R dos Andradas, nº 2587 - Fundos;BELA VISTA;Ribeirão Preto - SP;SP;11372380;S;16/11/2025
101352;LUCAS CONCEICAO;391.280.177-06;24/03/1989;M; LUCAS_CON62@GMAIL.COM ;21 974343409;RUA MARECHAL DEODORO, 1231 - BLOCO B APTO 104;SANTA CECÍLIA;Rio de Janeiro;rj;29158917;N;01/04/2023
101353;JOÃO MENDES ASSUNÇÃO;46049011800;09/11/1969;M;;;ALAMEDA DA LIBERDADE, Nº 1855;JARDIM AMÉRICA;Curitiba;pr;85282634;;14/04/2023
101354;MARIANA FREITAS SOUZA;53020801257;05/09/1989;;marianasouza407@hotmail.com;41 962436062;R São João, 103;CENTRO;Curitiba;Paraná;82786-734;N;27/06/2022
101355;SÔNIA MENDES;239.247.587-35;28/06/2000;F;sonia_men135@hotmail.com;11999538506;Rua Tiradentes, 2925 - Fundos;SANTA CECÍLIA;são paulo ;São Paulo;06538368;S;18/11/2025
101356;SRA. JULIA BARBOSA RIBEIRO ANDRADE;470.348.121-95;31/03/1982;F;juliaandrade837@bol.com.br;11 989216087;R. GETÚLIO VARGAS, N. 2330 - CASA 2;CENTRO;Santo André;SP;3259766;S;27/01/2024
101357;BEATRIZ  MAGALHAES NUNES ;192.928.601-51;15/05/1989;F;beatriz_nun775@outlook.com;81 964327209;Pç. Santos Dumont, 743;CENTRO;Recife;PE;53871-564;S;05/09/2023
101358;SIMONE LIMA ANDRADE;65906102400;08/11/1992;F;simoneandrade253@hotmail.com;31 996452004;Avenida Castro Alves, N. 1786 - Fundos;VILA NOVA;BELO HORIZONTE;mg;33473-073;S;10/10/2024
101359;ANDRE NASCIMENTO SANTOS;13267404150;11/08/1989;M;andre_san503@bol.com.br;19980779577;Av. Paulista, N. 723 - Fundos;LIBERDADE;Campinas;SP;18677-364;N;12/12/2022
101360;CAMILA PEREIRA COSTA;070.668.214-91;17/06/1986;F; CAMILACOSTA900@OUTLOOK.COM ;11 86336249;Rua da Liberdade, N. 2755;BOA VISTA;São Paulo;SP;08149-687;S;27/08/2020
101361;SNOIA SILVA ALVES;063.928.908-82;13/12/1959;F; SONIA_ALV339@BOL.COM.BR ;(21) 96474-3468;Alameda Rio Branco, nº 327 - Apto 31;CENTRO;Rio de Janeiro;rj;28248289;N;04/03/2024
101362;SÉRGIO  ASSUNÇÃO MAGALHÃES ;949.957.602-96;23/03/1976;M;sergio.magalhaes775@hotmail.com;1170733741;RUA Tiradentes, nº 2786;SÃO JOSÉ;São Paulo;São Paulo;03119-880;N;26/05/2024
101363;DANIEL MACHADO RODRIGUES;04614513107;27/07/2001;M;daniel.rodrigues211@gmail.com;11 971669692;RUA Presidente Vargas, nº 40;CENTRO;São Paulo;SP;01589764;;10/11/2023
101364;BRUNO RIBEIRO MELO;373.755.777-22;07/04/1946;M;bruno.melo88@yahoo.com.br;62 965658352;R SETE DE SETEMBRO, N. 1367;SÃO JOSÉ;Goiânia;Goiás;71159619;N;07/08/2023
101365;HENRIQUE ARAUJO PEREIRA;522.692.637-58;07/09/1996;M;henriquepereira546@yahoo.com.br;98489-6765;RUA Santos Dumont, nº 2386;BOA VISTA;SANTO ANDRE;SP;2868003;N;24/07/2025
101366;RAFAEL SANTOS SILVA;50500242429;16/06/1971;M; RAFAEL.SILVA997@BOL.COM.BR ;98280-3320;AV SANTOS DUMONT, Nº 501;SÃO JOSÉ;São Paulo;sp;09499-875;S;12/11/2021
101367;RODRIGO ANDRADE;700.669.674-73;03/08/1983;M;rodrigoandrade281@hotmail.com;11992806848;RUA Rio Branco, N. 2188;BOA VISTA;São Paulo;SP;6263403;S;07/03/2020
101368;PATRÍCIA ALVES BARBOSA MARTINS;543.545.505-71;14/10/1964;F; PATRICIA.MARTINS573@OUTLOOK.COM ;(51) 98843-4008;R. GETÚLIO VARGAS, Nº 1735;BELA VISTA;Porto Alegre;rs;92541-777;N;30/07/2020
101369;BRUNO SANTOS;803.886.899-43;23/05/1980;M;bruno.santos846@uol.com.br;(11) 99452-5238;RUA DOS IPÊS, Nº 1868 - FUNDOS;SANTA CECÍLIA;São Paulo - SP;São Paulo;04685-588;N;22/09/2019
101370;LETICIA PEREIRA;35037758203;22/06/1963;F;leticia_per131@yahoo.com.br;(16) 96532-8601;Rua Brasil, N. 2195;BOA VISTA;Ribeirão Preto;SP;17783-895;N;04/12/2020
101371;FABIO GOMES RIBEIRO;386.308.598-14;13/09/1982;M;fabioribeiro369@hotmail.com;(21) 97597-9463;R TIRADENTES, N. 1332;PARQUE INDUSTRIAL;Rio de Janeiro;Rio de Janeiro;25786-474;S;24/09/2023
101372;NATALIA ARAUJO;48785366919;31/03/1991;F;nataliaaraujo758@outlook.com;96606-6834;Av Rio Branco, N. 1531 - Fundos;SANTO ANTÔNIO;SAO PAULO;SP;02969807;S;14/07/2019
101373;MARCIA MENDES;910.697.094-09;18/02/1988;F;marcia_men396@outlook.com;(11) 97013-4958;RUA DOM PEDRO II, N. S/N;BOA VISTA;Guarulhos;sp;03225441;;11/04/2020
101374;VINICIUS A. PEREIRA ARAUJO;02633542379;05/06/1984;M;vinicius_ara977@uol.com.br;(32) 96745-7899;Rua dos Andradas, N. 112;JARDIM DAS FLORES;Juiz de Fora - MG;MG;34443480;N;17/04/2025
101375;WAGNER OLIVEIRA;71240198000;02/08/1993;M;wagneroliveira608@yahoo.com.br;31981641796;RUA PRESIDENTE VARGAS, N. 2633;PARQUE INDUSTRIAL;Belo Horizonte;mg;34510955;S;24/03/2024
101376;FABIO MAGALHAES MARTINS;787.930.676-58;15/12/1960;M;fabiomartins78@outlok.com;21980895633;AVENIDA XV DE NOVEMBRO, N. 1193;BOA VISTA;Rio de Janeiro;rj;29996-028;S;28/07/2025
101377;ALINE CONCEICAO MENDES SANTOS;432.883.614-50;11/02/1968;F;aline.santos877@yahoo.com.br;(11) 7864-9298;AV SÃO JOÃO, N. 381;VILA NOVA;São Paulo;SP;01027-279;N;27/04/2024
101378;ANTONIO RODRIGUES RIBEIRO;21025435362;23/04/1991;M;antonio.ribeiro440@@outlook.com;96648-2350;Rua Brasil, nº 1489 - Apto 31;SANTO ANTÔNIO;São Paulo;SP;04490-352;S;13/01/2021
101379;JOSE FERREIRA NASCIMENTO;761.982.003-53;23/08/1971;I;;21 999496172;RUA SETE DE SETEMBRO, N. 1828 - APTO 31;JARDIM DAS FLORES;Rio de Janeiro - RJ;Rio de Janeiro;28044775;S;22/03/2022
101380;ALINE GUIMARÃES;42460421290;22/06/1996;F;aline.guimaraes359@hotmail.com;16965453486;Av das Palmeiras, N. 1968;SANTA CECÍLIA;Ribeirão Preto;SP;13853-888;S;23/03/2023
101381;CLAUDIA CONCEICAO;92742468978;08/03/1966;F;;99079-1535;Av Brasil, N. 204;VILA NOVA;Niterói;rj;24514394;S;08/07/2025
101382;THIAGO GUIMARAES ASSUNCAO;97679183538;09/03/1978;M;thiago.assuncao426@bol.com.br;48979125353;Avenida Marechal Deodoro, N. 585;SANTO ANTÔNIO;Florianópolis;SC;89357999;N;06/11/2020
101383;EDUAROD LIMA CONCEICAO;64232610010;29/04/1970;M;eduardo_con204@hotmail.com;16 990147334;RUA CASTRO ALVES, 1392;SÃO JOSÉ;ribeirão preto ;SP;13767-862;N;15/09/2020
101384;ALINE GOMES PEREIRA;14069383948;21/02/1991;F;alinepereira617@gmai.com;31995534180;RUA RIO BRANCO, N. 793;PARQUE INDUSTRIAL;Belo Horizonte;Minas Gerais;33425-670;;16/08/2020
101385;SR. OTAVIO FERREIRA NUNES;26811755504;24/04/1991;M;otavionunes585@uol.com.br;61 961939002;RUA BRASIL, Nº 1612 - BLOCO B APTO 104;BELA VISTA;Brasília;df;71845603;S;25/03/2021
101386;BEATRIZ CARDOSO;7,37280E+10;05/06/1980;F; BEATRIZ.CARDOSO162@GMAIL.COM ;;Av Tiradentes, 330;SÃO JOSÉ;Ribeirão Preto;SP;12972817;S;18/05/2021
101387;HELENA  SANTOS RODRIGUES ;352.123.260-36;22/02/1996;F; HELENA.RODRIGUES975@UOL.COM.BR ;(48) 98821-2017;R. Brasil, 484;SANTO ANTÔNIO;Florianópolis;SC;83739334;S;15/05/2019
101388;ALINE COSTA NASCIMENTO MAGALHAES;55531049552;16/10/1989;;aline.magalhaes22@uol.com.br;(81) 98927-8635;R. São João, N. 2593;SANTA CECÍLIA;Recife;PE;51451784;N;29/06/2019
101389;LUCAS MACHADO ARAUJO;617.721.150-02;25/10/1934;M;lucasaraujo321@hotmail.com;11 976855334;Rua Rio Branco, 864;CENTRO;São Paulo;São Paulo;06005697;N;31/12/2020
101390;SÔNIA ROCHA SOUZA;656.097.433-20;05/04/1987;F;soniasouza264@gmail.com;98398-2611;AV SANTOS DUMONT, Nº 2668;JARDIM AMÉRICA;Ribeirão Preto;sp;11362-958;S;13/12/2020
101391;HENRIQUE ALVES SOUZA;95144167594;30/09/1997;M; HENRIQUE.SOUZA73271@OUTLOOK.COM ;21 996287988;R. SETE DE SETEMBRO, 2357 - APTO 31;BELA VISTA;Rio de Janeiro - RJ;rj;25115-360;S;20/07/2023
101392;CLAUDIA MACHADO MACHADO;51238167209;31/10/1986;F;claudiamachado467@bol.com.br;4865131210;R Castro Alves, 2030;JARDIM AMÉRICA;Florianópolis;SC;83245243;;27/06/2023
101393;FERNANDO NUNES;04907380100;28/11/1997;M;fernandonunes767@gmail.com;97241-6787;R. MARECHAL DEODORO, N. 2934;VILA NOVA;Rio de Janeiro;RJ;23728656;S;22/02/2020
101394;CLAUDIA BRANDAO NUNES;851.672.456-56;01/12/1987;F;claudianunes820@hotmal.com;11 980664261;Av. dos Andradas, N. 1861 - Apto 12;LIBERDADE;São Paulo;São Paulo;07018-194;S;20/10/2023
101395;FERNANDO  FERREIRA ARAUJO GOMES ;189.098.877-45;22/12/1992;M;fernando.gomes939@yahoo.com.br;61 960702758;R. TIRADENTES, 1119 - FUNDOS;BOA VISTA;Brasília;DF;76281-100;S;31/03/2021
101396;CECÍLIA GOMES;060.899.901-67;09/11/1965;F;cecilia_gom765@uol.com.br;1184061932;RUA DAS PALMEIRAS, 196 - FUNDOS;JARDIM DAS FLORES;São Paulo;SP;02425-801;N;23/03/2022
101397;MÁRCIO MARQUES OLIVEIRA;82761574591;23/04/1958;M; MARCIOOLIVEIRA212@BOL.COM.BR ;48 966361949;PCA DAS FLORES, 155 - CASA 2;PARQUE INDUSTRIAL;florianópolis ;SC;85349-473;N;22/11/2020
101398;HELIO PEIXOTO;883.358.272-81;06/03/1962;M;helio_pei143@uol.com.br;(11) 99432-1079;Avenida Paulista, N. 1648 - Bloco B Apto 104;VILA MARIANA;São Paulo;sp;02772152;N;21/01/2024
101399;LEONARDO GOMES BRANDAO;107.852.146-82;29/10/1989;M;leonardo_bra83@uol.com.br;81986047270;Trav. XV de Novembro, nº 1054 - Fundos;BOA VISTA;Recife;PE;52819-944;N;21/07/2022
101400;SERGIO MACHADO;503.489.354-12;27/04/1996;M;sergio_mac972@gmail.com;(11) 98544-2042;Travessa São João, 269;CENTRO;São Paulo - SP;São Paulo;06318-973;N;28/02/2021
101401;ALINE DIAS;473.314.619-15;29/04/1991;F;aline_dia145@outlook.com;11 62981860;Av. dos Andradas, nº 556;LIBERDADE;S. Paulo;sp;09742-156;N;22/01/2023
101402;PATRICIA RIBEIRO;8,67693E+10;30/01/1973;F;patriciaribeiro335@outlook.con;99674-5563;RUA DOM PEDRO II, N. 1909;JARDIM DAS FLORES;Salvador;;47026844;N;16/10/2023
101403;MARIANA  SOUZA COSTA ANDRADE ;53705125664;08/07/1991;;marianaandrade578@hotmail.com;11 984333409;RUA PRESIDENTE VARGAS, Nº 1226;VILA NOVA;Santo André;sp;01131-729;;29/05/2019
101404;VITORIA RIBEIRO ANDRADE;72471835783;20/01/1986;F;vitoria.andrade813@outlook.com;11973605504;RUA SANTOS DUMONT, Nº 2104;JARDIM DAS FLORES;São Paulo;São Paulo;05238789;S;07/03/2023
101405;HELENA SILVA MELO;12233922794;19/08/1979;F;helena.melo724@bol.com.br;96862-1298;RUA RIO BRANCO, Nº 2631;CENTRO;Santo André;São Paulo;5372417;S;18/09/2020
101406;CECÍLIA ALVES ASSUNÇÃO;54220715657;24/10/1956;F;ceciliaassuncao834@uol.com.br;(19) 7659-5092;Rua XV de Novembro, 2759;VILA NOVA;Campinas - SP;SP;14783-248;;09/03/2024
101407;SERGIO CARVALHO GOMES;33753107220;28/02/1989;M; SERGIO_GOM405@BOL.COM.BR ;1161889198;RUA Getúlio Vargas, 1641;BOA VISTA;São Paulo;sp;07970902;S;30/09/2022
101408;JOANA ANDRADE MENDES;42697010645;19/05/1994;F;joana.mendes61814@outlook.com;31 992439553;Rua Marechal Deodoro, N. 2661 - Bloco B Apto 104;VILA MARIANA;Belo Horizonte;mg;39533492;N;28/09/2019
101409;OTAVIO BRANDAO PEREIRA PEIXOTO;4328532359;05/11/1971;M;otavio_pei175@outlook.com;32 965986814;Rua Dom Pedro II, 1596;PARQUE INDUSTRIAL;Juiz de Fora;mg;38783051;S;06/12/2024
101410;WAGNER NUNES;892.884.569-61;02/03/1978;M;wagner_nun615@yahoo.com.br;41976564566;R das Palmeiras, nº 28;SANTO ANTÔNIO;Curitiba;PR;84964-754;S;03/11/2019
101411;MÁRCIA ANDRADE CARVALHO PEREIRA;91878945130;07/03/1997;I;marciapereira360@outlook.com;(41) 9109-8593;Avenida São João, nº 1078;VILA NOVA;Curitiba;PR;84964738;S;02/06/2023
101412;PATRICIA MELO;331.164.588-04;28/06/1994;F;patricia_mel237@outlook.com;11978212053;Avenida Presidente Vargas, N. 2958 - Fundos;JARDIM DAS FLORES;SP;SP;09066291;S;08/09/2025
101413;CLAUDIA ASSUNCAO;01919468188;20/06/2001;F;claudia_ass42@uol.com.br;97037-1789;RUA BRASIL, N. 170;VILA NOVA;São Paulo;SP;02820784;S;17/09/2019
101414;JOAO CONCEICAO NUNES;75395418571;26/02/1948;M;joao_nun111@yahoo.com.br;51 969823626;Praça dos Ipês, 251;SANTO ANTÔNIO;PORTO ALEGRE;RS;95565171;S;24/03/2024
101415;RAQUEL MELO BARBOSA;611.479.906-20;18/08/1994;F;raquelbarbosa310@yahoo.com.br;16980783851;Rua Marechal Deodoro, nº 2805 - Bloco B Apto 104;LIBERDADE;Ribeirão Preto;SP;12134-442;N;25/06/2024
101416;ANA MOREIRA FRETIAS;10426720326;05/11/1995;F;ana_fre572@uol.combr;(21) 97810-9877;Av Rio Branco, nº 107;VILA MARIANA;Niterói;Rio de Janeiro;28776163;N;23/12/2025
101417;THIAGO MELO MELO;19939326661;12/02/1994;M;thiago.melo820@hotmail.com;11962733366;R SANTOS DUMONT, 1616;VILA MARIANA;São Paulo;sp;03381148;S;06/03/2023
101418;FABIO ALVES PEIXOTO;695.765.782-56;14/02/1975;M;fabiopeixoto981@uol.com.br;98756-4779;AVENIDA DOM PEDRO II, N. 934;BOA VISTA;Curitiba;pr;89290-305;S;20/08/2020
101419;FÁBIO MARTINS GUIMARÃES;085.357.669-60;08/02/1975;M; FABIOGUIMARAES808@YAHOO.COM.BR ;97247-2169;R. SANTOS DUMONT, N. 1994 - FUNDOS;SANTO ANTÔNIO;Belo Horizonte;Minas Gerais;33267-993;N;30/11/2025
101420;MARIANA GUIMARAES MENDES;294.391.942-00;18/10/1959;F; MARIANA_MEN535@YAHOO.COM.BR ;21 990905291;AV. DOS ANDRADAS, Nº 1709 - CASA 2;SÃO JOSÉ;Rio de Janeiro - RJ;RJ;26396881;N;14/05/2023
101421;BEATRIZ ANDRADE FREITAS;24019616744;16/03/1989;F;beatriz.freitas346@yahoo.com.br;61 991897940;Praça Marechal Deodoro, 2968 - Bloco B Apto 104;SANTO ANTÔNIO;Brasília;DF;78483-530;S;10/07/2020
101422;ANA CONCEICAO;785.032.426-99;19/10/1967;F;ana.conceicao185@hotmail.com;(51) 96812-3698;R Sete de Setembro, N. 2651;CENTRO;Porto Alegre;Rio Grande do Sul;97528651;S;27/05/2024
101423;JOANA LIMA ROCHA CONCEIÇÃO;70579932346;11/09/1985;F;joana.conceicao707@outlook.com;71 981248700;AV. DA LIBERDADE, N. 881;SÃO JOSÉ;Salvador - BA;BA;48460-387;S;05/05/2025
101424;HELENA SOUZA;5362425935;05/10/1995;F;helenasouza129@outlook.com;11971875747;Av das Palmeiras, nº 2216;JARDIM DAS FLORES;Guarulhos;SP;05437-678;S;17/08/2023
101425;CAMILA MELO COSTA;978.975.212-14;19/01/1966;F;camila_cos647@outlook.com;51973483220;Rua Brasil, N. 452;VILA NOVA;Porto Alegre;rs;96362635;S;21/05/2023
101426;ANA SNATOS BARBOSA;19052187533;14/03/1988;F;ana_bar162@gmial.com;31 995553073;Rua Paulista, 1107 - Apto 12;BELA VISTA;BELO HORIZONTE;Minas Gerais;36891891;N;19/06/2019
101427;ANA CARDOSO NUENS;88787390574;04/11/2001;F;;(11) 97038-2923;Rua São João, N. 1392;SÃO JOSÉ;São Paulo;sp;05958-286;S;04/05/2021
101428;VINICIUS  SANTOS SILVA ;70931635217;06/02/1976;M;viniciussilva582@bol.com.br;1189322235;RUA MARECHAL DEODORO, 1897 - BLOCO B APTO 104;VILA NOVA;são paulo ;sp;02944422;N;29/12/2020
101429;ANA  MARTINS RODRIGUES ;53891392672;24/03/1966;F;;81 962256876;Avenida São João, N. 519 - Bloco B Apto 104;LIBERDADE;recife ;pe;57716890;S;08/07/2019
101430;RODRIGO SANTOS ALVES;49705807159;09/11/1996;M;rodrigo_alv167@outlook.com;(61) 97979-7466;RUA DOM PEDRO II, N. 1313;JARDIM DAS FLORES;brasília ;Distrito Federal;74134372;S;15/10/2021
101431;JÚLIA FREITAS ASSUNÇÃO;87043685923;31/07/1973;F;julia_ass486@yahoo.com.br;(11) 97931-9720;R. PRESIDENTE VARGAS, N. 1273;PARQUE INDUSTRIAL;São Paulo;São Paulo;02447177;N;27/12/2019
101432;ANDRE MELO MAGALHAES;48834660943;04/03/2000;M;andre.magalhaes424@gmail.com;71963894454;AV São João, nº 599 - Casa 2;SANTA CECÍLIA;Salvador;BA;45019544;S;03/03/2023
101433;SRA. GABRIELA CARVALHO CARVALHO;989.812.825-95;30/05/1966;F; GABRIELA_CAR39922@HOTMAIL.COM ;51 986192068;Avenida das Palmeiras, N. 120;SÃO JOSÉ;Porto Alegre;RS;99106-551;N;24/04/2021
101434;SIMONE ASSUNCAO ANDRADE RODRIGUES;84062861488;15/06/2004;F;simonerodrigues43@yahoo.com.br;(48) 99252-4320;RUA XV de Novembro, 1186 - Apto 12;LIBERDADE;Florianópolis;SC;86145-520;N;14/05/2022
101435;MARCELO A. BARBOSA;27109030911;03/10/1968;M;marcelo_bar241@bol.com.br;(11) 96565-6380;RUA XV DE NOVEMBRO, 153;CENTRO;São Paulo;SP;04537456;S;09/05/2023
101436;CLAUDIA COSTA;29496438253;12/09/1984;F;claudia.costa720@hotmail.com;16 996707565;Rua Getúlio Vargas, nº 1290;VILA NOVA;Ribeirão Preto;São Paulo;13855-568;S;15/09/2025
101437;ANTONIO MELO LIMA MARQUES;13880181799;11/06/1973;M;antonio.marques225@gmail.com;11972551234;Rua dos Andradas, N. 181;VILA NOVA;São Paulo;SP;07525-136;S;12/09/2024
101438;SIMONE MELO MAGALHAES;91221511769;21/05/1988;F;simone.magalhaes150@uol.com.br;(19) 97016-1555;AV PRESIDENTE VARGAS, 62;JARDIM AMÉRICA;Campinas;São Paulo;17018-203;;19/05/2021
101439;VINICIUS COSTA NASCIMENTO;03353482970;20/03/1976;M;;11962302409;Avenida Getúlio Vargas, nº 2965 - Casa 2;LIBERDADE;São Paulo;sp;7703022;S;25/04/2023
101440;RODRIGO MARTINS;468.800.452-43;25/12/1994;M;rodrigo_mar264@gmail.com;1168453971;Avenida da Liberdade, N. 1427;JARDIM DAS FLORES;S. Paulo;sp;03858634;N;28/03/2021
101441;FERNANAD ASSUNCAO SANTOS MAGALHAES;17798858229;17/10/1985;F;fernanda.magalhaes953@yahoo.com.br;11988629440;Alameda Sete de Setembro, N. 1375;BOA VISTA;São Paulo;São Paulo;05418-531;S;30/11/2022
101442;MARCIA SOUZA MACHADO BRANDAO;55997932737;15/07/2001;F;marcia.brandao636@uol.com.br;48 961077769;TRAVESSA PAULISTA, Nº S/N;SANTO ANTÔNIO;Florianópolis;Santa Catarina;86560-282;N;20/12/2020
101443;BEATRIZ  NASCIMENTO MARQUES ;2582267066;22/01/1998;I;beatrizmarques195@gmail.com;61967923627;AVENIDA DA LIBERDADE, N. 2893 - BLOCO B APTO 104;PARQUE INDUSTRIAL;Brasília;DF;71689506;S;12/07/2025
101444;LUIS GUIMARAES;65717408340;02/08/1987;M;luis_gui142@hotmail.com;;Rua Presidente Vargas, N. 1208;BELA VISTA;Niterói;Rio de Janeiro;26885-178;N;06/04/2024
101445;CAMILA  ASSUNCAO ANDRADE ;69211911610;19/05/1985;F;camila.andrade676@bol.com.br;;R. SÃO JOÃO, N. 495 - APTO 31;SANTO ANTÔNIO;Belo Horizonte;Minas Gerais;32067591;N;08/09/2024
101446;DÉBORA NUNES CONCEIÇÃO BRANDÃO;57085712252;13/04/1969;F;debora_bra807@gmail.com;11 76529903;AV SÃO JOÃO, 584;JARDIM AMÉRICA;São Paulo;SP;07121636;N;31/07/2019
101447;MARCIO CARDOSO;32025653549;14/06/1990;M;marcio_car551@outlook.com;62 61105977;R Castro Alves, nº 99;JARDIM AMÉRICA;Goiânia;Goiás;73509651;N;11/03/2023
101448;OTAVIO MARTINS;20532854357;06/07/1988;M;otavio.martins834@outlook.com;1180203490;RUA GETÚLIO VARGAS, N. 54 - BLOCO B APTO 104;VILA NOVA;São Paulo;São Paulo;07421749;S;03/11/2019
101449;BEATRIZ GOMES FREITAS SOUZA;94420400145;23/05/1977;F;beatrizsouza795@uol.com.br;11 66481835;TRAVESSA DAS PALMEIRAS, Nº 2345;BELA VISTA;SAO PAULO;SP;04311-733;N;28/12/2025
101450;LUCAS SOUZA;06325182863;24/11/1977;; LUCAS_SOU257@GMAIL.COM ;87331114;R Getúlio Vargas, nº 2700;SANTO ANTÔNIO;São Paulo;São Paulo;03881-509;S;23/07/2023
101451;CLÁUDIA ROCHA NASCIMENTO;702.548.482-22;07/08/1987;F;claudianascimento971@bol.com.br;32977336242;Avenida Tiradentes, N. 964;CENTRO;Juiz de Fora;Minas Gerais;32797084;N;21/09/2022
101452;ANA MAGALHAES BARBOSA ANDRADE;745.364.688-03;28/05/1999;F;ana.andrade831@uol.com.br;19 93014530;AV. TIRADENTES, N. 2134;SANTA CECÍLIA;Campinas;São Paulo;18406068;S;22/06/2021
101453;SERGIO CONCEICAO;507.214.015-62;02/07/1982;M;sergioconceicao908@yahoo.com.br;(41) 97764-1654;Rua das Palmeiras, 749;VILA MARIANA;Curitiba;PR;88150-563;S;18/02/2020
101454;JOAO ARAUJO PEREIRA;64817466049;02/06/1957;M;joao.pereira897@uol.com.br;32 966187143;RUA das Palmeiras, nº 2939;JARDIM AMÉRICA;Juiz de Fora;MG;36170731;S;23/03/2021
101455;OTAVIO RIBEIRO ASSUNCAO;12687645079;23/03/1979;M;otavioassuncao930@bol.con.br;19 99012448;Rua das Flores, nº 2796 - Bloco B Apto 104;VILA MARIANA;Campinas;São Paulo;17352851;;07/02/2020
101456;DR. JÚLIA NASCIMENTO RIBEIRO;08637770231;23/06/1977;F;julia_rib567@hotmail.com;97127-6800;Rua Brasil, N. 53 - Fundos;SANTA CECÍLIA;Guarulhos;SP;09211134;;10/12/2023
101457;DEBORA FERREIRA NUNES;97601879496;18/09/1970;F;debora.nunes752@yahoo.com.br;(81) 8297-4778;AVENIDA TIRADENTES, 2960;BELA VISTA;Recife;Pernambuco;56583392;N;21/03/2019
101458;RAFAEL PEIXOTO ARAÚJO;35705215401;29/11/1983;M;rafaelaraujo115@gmail.com;;AV Marechal Deodoro, N. 1222;LIBERDADE;São Paulo;São Paulo;01688-138;S;05/09/2023
101459;CAMILA SOUZA LIMA;843.608.454-30;02/08/1990;F;camila_lim812@uol.com.br;11 977777444;TRAVESSA BRASIL, Nº 1510;JARDIM AMÉRICA;são paulo ;SP;02359718;S;02/07/2020
101460;CAMILA MENDES;35862241680;20/02/1996;F;camila_men949@outlook.com;31960091237;R GETÚLIO VARGAS, N. 442;PARQUE INDUSTRIAL;Belo Horizonte;mg;39641640;S;28/10/2023
101461;VITÓRIA DIAS OLIVEIRA;98910555580;31/12/1933;F;vitoriaoliveira166@yahoo.com.br;99288-5476;Rua da Liberdade, N. 1747 - Fundos;SÃO JOSÉ;Goiânia;GO;75481-990;S;12/05/2020
101462;JOAO CARVALHO;92641726610;12/01/1982;M;joaocarvalho907@uol.com;(11) 96454-6369;AVENIDA DOM PEDRO II, Nº 2897;VILA NOVA;São Paulo;SP;07771-003;S;10/08/2025
101463;RAFAEL  PEIXOTO RODRIGUES ;25979379762;08/10/1978;M;rafaelrodrigues781@yahoo.com.br;51991882110;R. BRASIL, N. 2178;LIBERDADE;Porto Alegre;RS;93435210;S;17/02/2025
101464;LEONARDO SILVA;770.697.444-80;13/03/1986;M;leonardosilva738@yahoo.com.br;11 998553860;Rua Presidente Vargas, nº 2786;LIBERDADE;são paulo ;São Paulo;06127-213;N;26/12/2021
101465;RAFAEL CONCEICAO SANTOS;43051018236;26/09/1984;M;rafaelsantos40@bol.com.br;11999747157;RUA DOM PEDRO II, Nº 1676;SÃO JOSÉ;Guarulhos;SP;09984629;S;20/11/2023
101466;JOSÉ BRANDÃO;253.900.064-96;12/08/1995;M;danieloliveira1176@hotmail.com;11 973637929;RUA SÃO JOÃO, Nº 1829 - APTO 12;CENTRO;São Paulo;SP;07380285;S;05/09/2020
101467;MATEUS  PEIXOTO ;22170593004;22/02/1967;M;mateuspeixoto987@yahoo.com.br;(21) 99628-9274;AV São João, nº 969;SANTO ANTÔNIO;Rio de Janeiro - RJ;RJ;28051226;N;23/04/2020
101468;BEATRIZ MENDES COSTA MOREIRA;345.902.206-01;26/09/1996;F;beatriz_mor622@outlook.com;48979772636;R XV DE NOVEMBRO, Nº 2371 - APTO 12;JARDIM AMÉRICA;Florianópolis;sc;83769393;;31/05/2023
101469;ALINE GUIMARÃES;823.532.567-59;21/10/1979;F;aline_gui942@uol.com.br;(11) 96392-9008;AV DOS IPÊS, 166;JARDIM DAS FLORES;São Paulo;SP;09226420;S;30/11/2021
101470;CESAR DIAS RODRIGUES;55378287073;01/10/1991;M;cesarrodrigues963@bol.com.br;21998071564;RUA BRASIL, Nº 2360 - APTO 31;JARDIM DAS FLORES;Rio de Janeiro;RJ;22426-806;N;30/01/2022
101471;CLÁUDIA OLIVEIRA;46092610221;01/02/1978;F;claudia.oliveira374@hotmail.com;;PRACA DA LIBERDADE, N. 2338 - FUNDOS;VILA NOVA;RIBEIRAO PRETO;São Paulo;18055243;S;25/12/2021
101472;LÚCIA CARDOSO;423.705.982-04;29/12/1994;F; LUCIACARDOSO397@HOTMAIL.COM ;(31) 97138-9653;RUA Paulista, N. 53;BOA VISTA;Belo Horizonte;mg;31220-298;N;20/07/2022
101473;VITORIA MARTINS ASSUNCAO;460.423.906-19;19/04/1990;F;vitoriaassuncao681@gmail.com;71983894706;RUA PRESIDENTE VARGAS, Nº 807 - FUNDOS;BOA VISTA;Salvador - BA;Bahia;43274458;S;30/12/2022
101474;CLAUDIA MELO;64215568927;17/03/1993;F;claudiamelo297@outlook.com;41 74496852;Rua Rio Branco, N. 1536 - Apto 12;BELA VISTA;Curitiba;Paraná;87677-544;S;26/04/2021
101475;LARISSA BRANDAO;010.053.453-84;03/04/1972;F;larissa_bra273@bol.com.br;(11) 97293-4834;AV. DA LIBERDADE, Nº 615 - APTO 31;LIBERDADE;São Paulo;sp;07353886;S;25/09/2023
101476;JOANA FREITAS MENDES;58191000342;14/12/1978;F;joana_men895@bol.com.br;2179137912;Avenida Presidente Vargas, N. 2489;CENTRO;Niterói;RJ;29157795;N;23/11/2024
101477;MARCELO MARTINS;985.585.227-31;03/03/1974;M;marcelo.martins457@gmail.com;;AV Santos Dumont, 1066 - Fundos;LIBERDADE;Salvador - BA;BA;46515621;S;14/02/2019
101478;JOANA BRANDAO ASSUNCAO;278.935.180-57;10/10/1986;F;joanaassuncao368@uol.com.br;(19) 8158-5355;RUA DOS IPÊS, Nº 1682 - APTO 12;VILA MARIANA;Campinas;SP;12486889;N;17/10/2022
101479;MATEUS PEIXOTO;81229166602;09/01/1992;M;mateuspeixoto112@yahoo.com.br;21965983818;AV BRASIL, Nº 1217 - CASA 2;JARDIM AMÉRICA;Niterói;rj;22265176;N;02/05/2019
101480;LUIS MARTINS PEIXOTO;21359529900;14/06/2002;M;luis.peixoto442@hotmail.com;31968555789;Al. dos Andradas, nº 2652;CENTRO;BELO HORIZONTE;Minas Gerais;39558947;S;09/12/2024
101481;LÚCIA SANTOS DIAS;01729624472;11/01/1994;F;lucia.dias482@hotmail.com;11960428928;RUA DAS FLORES, N. S/N;VILA NOVA;São Paulo;SP;08622504;S;10/11/2022
101482;EDUARDO ALVES ASSUNCAO;89968400840;11/07/1954;M; EDUARDO.ASSUNCAO723@YAHOO.COM.BR ;71967311942;RUA Paulista, N. 1308;SÃO JOSÉ;Salvador;BA;41266992;N;01/07/2022
101483;MATEUS MENDES;61687578486;09/04/1972;M;mateus.mendes501@yahoo.com.br;21963582726;ALAMEDA CASTRO ALVES, N. 390;CENTRO;RIO DE JANEIRO;RJ;23254544;;13/06/2022
101484;MARCIO MACHADO MENDES;95229781831;25/12/1983;M;marcio.mendes313@outlook.com;51999969679;Avenida Castro Alves, nº 2481 - Casa 2;JARDIM AMÉRICA;Porto Alegre;RS;97286695;N;09/10/2025
101485;JOSÉ ALVES CONCEIÇÃO;53132244929;14/07/1991;M;jose_con279@hotmail.com;(71) 96167-6095;Rua Presidente Vargas, N. 2516;SÃO JOSÉ;Salvador;Bahia;41466682;S;03/02/2020
101486;FERNANDA ARAUJO PEIXOTO RIBEIRO;675.207.119-51;05/01/1989;F;fernanda_rib72@hotmail.com;;Pca Brasil, 2431;SANTO ANTÔNIO;niterói ;RJ;29548-673;S;15/10/2020
101487;MARCIA ANDRADE;766.183.920-20;07/02/1994;I; MARCIA_AND144@BOL.COM.BR ;11 979646249;RUA BRASIL, 2307;SÃO JOSÉ;São Paulo;SP;09416-024;S;25/06/2022
101488;LUIS OLIVEIRA MARQUES;87754534525;07/10/1961;M;luis.marques305@hotmail.com;21 999524487;RUA SANTOS DUMONT, 1178;JARDIM AMÉRICA;Rio de Janeiro;Rio de Janeiro;28480-536;N;10/04/2024
101489;ANA MARQUES SANTOS;603.923.368-04;04/07/1966;F;ana.santos212@hotmail.com;(61) 98746-1368;Praça das Flores, nº 1926 - Bloco B Apto 104;BELA VISTA;Brasília;DF;77936745;S;22/09/2020
101490;WAGNER PEREIRA NACSIMENTO FREITAS;55596605077;28/02/1995;M; WAGNER_FRE808@UOL.COM.BR ;11 984975589;R Presidente Vargas, 1318;VILA NOVA;são paulo ;;04141802;S;03/03/2023
101491;VINÍCIUS NUNES SILVA;39464330490;22/04/1973;M;vinicius_sil362@yahoo.com.br;(41) 98408-4430;Rua Brasil, N. 1949;SÃO JOSÉ;Curitiba;Paraná;85299-350;N;05/03/2025
101492;HENRIQUE FERREIRA;73079212274;01/01/1900;M;henrique_fer552@hotmail.com;(11) 97807-5376;RUA Dom Pedro II, N. 845;BOA VISTA;São Paulo;;07292163;;01/05/2024
101493;SÔNIA M. CONCEIÇÃO;28209925105;11/04/1980;I;sonia.conceicao446@uol.com.br;21986362401;RUA Sete de Setembro, 276;PARQUE INDUSTRIAL;Niterói;RJ;23859-058;S;06/06/2020
101494;RAQUEL ROCHA;822.547.940-86;29/09/1956;I;raquel_roc606@outlook.com;6286375537;RUA XV DE NOVEMBRO, 2161;SANTO ANTÔNIO;Goiânia - GO;go;74251-165;N;30/01/2019
101495;SÉRGIO GOMES;29350940345;11/05/1963;M;sergio.gomes257@gmail.com;11 992668928;RUA SÃO JOÃO, 1626;VILA NOVA;São Paulo;SP;08533751;S;04/04/2025
101496;JULIA LIMA RODRIGUES;840.314.289-79;05/05/1985;F;julia.rodrigues395@hotmail.com;(11) 99077-1166;Rua Presidente Vargas, nº 2327;JARDIM DAS FLORES;São Paulo;SP;04437612;S;07/12/2022
101497;HELENA ALVES;82939055149;03/05/1988;;helenaalves23@uol.com.br;11 83087193;RUA CASTRO ALVES, N. 2277;BOA VISTA;Santo André;SP;05114-507;S;14/05/2020
101498;BRUNO LIMA BRANDAO;658.478.576-91;10/08/1986;M;bruno_bra729@uol.com.br;19979597314;RUA GETÚLIO VARGAS, N. 1195;SANTO ANTÔNIO;CAMPINAS;sp;13960284;S;12/07/2024
101499;MATEUS  CARVALHO FERREIRA FREITAS ;72740326319;05/07/1986;;mateusfreitas982@hotmail.com;41985136006;ALAMEDA TIRADENTES, N. 114;SANTA CECÍLIA;Curitiba;PR;86701-901;N;15/09/2019
101500;ANDRÉ CARVALHO RIBEIRO;69908986589;19/06/1983;M;andre.ribeiro848@outlook.com;(11) 98604-4754;RUA Presidente Vargas, N. 294;VILA MARIANA;Guarulhos - SP;SP;09300652;N;05/09/2023
101501;BRUNO BRANDAO GOMES;89697175101;22/01/1996;M; BRUNO_GOM42@GMAIL.COM ;11981618579;Rua Paulista, 867;JARDIM DAS FLORES;São Paulo;sp;01560-583;S;22/09/2024
101502;SIMONE MAGALHAES;61884215432;07/02/1985;;simonemagalhaes303@yahoo.com.br;19 992658619;R PRESIDENTE VARGAS, Nº 1377 - BLOCO B APTO 104;BOA VISTA;Campinas;sp;17717-368;;23/04/2020
101503;LEONARDO ARAUJO NUNES GOMES;835.712.656-10;16/01/1977;M;leonardogomes348@gmail.com;62 991196989;Avenida dos Andradas, 1215;SANTO ANTÔNIO;Goiânia;GO;79065-959;S;04/11/2025
101504;CECILIA  FREITAS ;072.876.988-38;14/02/1972;F;cecilia_fre345@bol.com.br;21986206242;R DOS IPÊS, Nº 2322;BOA VISTA;Rio de Janeiro;rj;29663629;N;20/11/2022
101505;ANDRÉ  RODRIGUES FERREIRA ;58990864836;30/12/1976;M;andre.ferreira321@hotmail.com;21 980652060;Avenida São João, N. 151 - Bloco B Apto 104;SANTA CECÍLIA;Rio de Janeiro;Rio de Janeiro;26243776;S;07/12/2020
101506;HENRIQUE MAGALHAES MARQUES;166.620.814-00;15/08/1974;M;henrique.marques228@outlook.com;98438-4227;R Marechal Deodoro, S/N;VILA MARIANA;Curitiba;Paraná;84685177;S;19/05/2021
101507;THIAGO PEREIRA MELO;97061597461;25/05/1970;M;thiagomelo491@hotmail.com;;ALAMEDA DAS FLORES, 2894 - APTO 12;PARQUE INDUSTRIAL;Ribeirão Preto;SP;19033806;N;28/01/2025
101508;HENRIQUE MAGALHAES GUIMARAES GUIMARAES;401.023.544-64;12/07/1999;M;henrique_gui636@hotmail.com;2192458656;RUA MARECHAL DEODORO, Nº 1317 - FUNDOS;BELA VISTA;Rio de Janeiro;RJ;28138228;N;30/03/2024
101509;MARIANA MAGALHAES;606.051.006-08;27/03/1978;F;mariana.magalhaes76@uol.com.br;(11) 9021-6155;R Getúlio Vargas, N. 2466;BOA VISTA;S. Paulo;sp;07804096;S;21/02/2019
101510;SERGIO RODRIGUES MOREIRA;65614125167;14/05/1982;I;sergio.moreira546@uol.com.br;(21) 99546-4284;Rua Dom Pedro II, 1632;BOA VISTA;Rio de Janeiro;RJ;27728-085;S;18/08/2021
101511;PAULO COSTA ALVES;01693889803;14/10/1980;M;paulo_alv87@yahoo.com.br;(81) 96606-4274;R. Paulista, 432;SANTO ANTÔNIO;Recife;Pernambuco;56446-438;S;08/09/2025
101512;JOANA SOUZA;121.707.815-01;18/01/1998;F;joana_sou804@bol.com.br;(11) 96025-7491;RUA GETÚLIO VARGAS, 328;JARDIM DAS FLORES;S. Paulo;São Paulo;02291491;S;31/01/2024
101513;LEONARDO MOREIRA;79873386300;01/08/1995;M;leonardo.moreira230@uol.combr;(16) 99062-2800;Rua Marechal Deodoro, N. 2466;SANTO ANTÔNIO;Ribeirão Preto;SP;14953165;N;30/11/2025
101514;HENRIQUE ANDRADE LIMA;49803945408;15/08/2002;M;henrique.lima773@hotmail.com;41 976721847;Rua Brasil, nº 155;JARDIM AMÉRICA;Curitiba;PR;89500-706;S;30/01/2025
101515;MÁRCIO LIMA MENDES;78377780062;23/05/1999;M;marcio_men257@uol.com.br;62 964182686;R. Brasil, nº 366;LIBERDADE;Goiânia;go;72192234;N;12/02/2019
101516;PAULO RODRIGUES;71235406202;24/05/1955;M;paulorodrigues181@bol.com.br;(21) 96466-1771;Rua Presidente Vargas, nº 244;SANTA CECÍLIA;Rio de Janeiro;RJ;21219228;S;21/07/2024
101517;PRISCILA OLIVEIRA LIMA;681.593.872-70;05/12/1983;F;priscila_lim247@gmail.com;;Rua da Liberdade, 2662;JARDIM DAS FLORES;Campinas;SP;15443324;S;25/03/2022
101518;LETICIA  BARBOSA COSTA ;792.511.352-90;15/07/1990;F;leticia_cos171@hotmail.com;(19) 96028-8940;ALAMEDA XV DE NOVEMBRO, 1077;BOA VISTA;Campinas;SP;13034532;S;26/07/2023
101519;MARCIA GUIMARAES;901.069.560-35;08/12/1946;;marcia.guimaraes817@yahoo.com.br;31 962128664;Avenida Sete de Setembro, 817;BOA VISTA;Belo Horizonte - MG;MG;38435-088;S;21/11/2023
101520;MÁRCIO ALVES MARQUES;091.591.994-07;22/09/1988;M;marcio_mar470@hotmail.com;;R Rio Branco, N. 1453;PARQUE INDUSTRIAL;São Paulo;SP;9275350;S;27/12/2021
101521;SONIA MARTINS;24087649393;14/11/1987;F;sonia_mar749@bol.com.br;11 969182990;RUA RIO BRANCO, Nº 607;CENTRO;São Paulo;SP;05720-042;N;31/08/2024
101522;JOANA ANDRADE;086.814.618-85;24/11/1952;F;joana.andrade471@bol.com.br;21987748321;Avenida Marechal Deodoro, nº 2825;BOA VISTA;Rio de Janeiro;rj;23455866;S;25/01/2022
101523;DEBORA MARQUES CONCEICAO LIMA;40192060902;22/01/1965;F; DEBORA.LIMA602@GMAIL.COM ;96718-3577;R Santos Dumont, 2213 - Bloco B Apto 104;JARDIM AMÉRICA;São Paulo;sp;02997-626;S;04/04/2025
101524;FERNANDO RODRIGUES MARTINS;26603475570;23/10/1977;M;fernando.martins691@yahoo.com.br;1176339996;Rua Castro Alves, 1068;JARDIM DAS FLORES;São Paulo;SP;1589925;S;09/10/2023
101525;MARCELO GOMES COSTA MARTINS;43385116562;26/04/1962;M; MARCELO.MARTINS387@UOL.COM.BR ;11 996381730;AL. DOM PEDRO II, 74;SÃO JOSÉ;Santo André;São Paulo;08424495;S;23/09/2025
101526;JOANA  ANDRADE ;74566366561;06/11/1991;F;joanaandrade337@hotmail.com;(11) 97868-3665;Alameda dos Andradas, nº 1801;JARDIM AMÉRICA;São Paulo;SP;9577203;N;16/02/2022
101527;TÂNIA MELO LIMA;16669971702;02/02/2000;F;tania.lima491@outlook.com;(51) 96947-6994;RUA CASTRO ALVES, 2116 - CASA 2;LIBERDADE;PORTO ALEGRE;Rio Grande do Sul;94906307;N;22/02/2023
101528;CESAR ROCHA FREITAS;4,61808E+10;05/11/1970;M;cesarfreitas42@bol.com.br;11962729884;AV RIO BRANCO, N. 2340;JARDIM DAS FLORES;GUARULHOS;São Paulo;06354077;N;28/06/2022
101529;MARIANA ALVES COSTA;799.809.579-21;27/08/1995;F;mariana.costa685@gmail.com;11974299216;RUA PAULISTA, 2408 - APTO 12;SÃO JOSÉ;guarulhos ;SP;02379798;S;10/04/2025
101530;MARCIO RIBEIRO OLIVEIRA;27514198369;08/06/1984;M;marcio.oliveira446@yahoo.com.br;(16) 97294-1990;Rua Marechal Deodoro, N. 282;JARDIM AMÉRICA;Ribeirão Preto - SP;sp;17240414;N;08/10/2021
101531;ANDRÉ RIBEIRO OLIVEIRA;499.665.020-68;06/06/1973;M;andre.oliveira85@hotmail.com;11 963678124;AVENIDA DOM PEDRO II, N. 583 - APTO 12;VILA MARIANA;São Paulo;sp;04613-080;S;29/10/2019
101532;PAULO PEIXOTO PEIXOTO;19265806133;27/06/1991;M;paulo.peixoto557@yahoo.com.br;11999626598;Avenida Marechal Deodoro, N. 2313;VILA MARIANA;São Paulo;sp;09721178;S;10/10/2019
101533;HENRIQUE NASCIMENTO BARBOSA;04950976873;02/12/1981;M;henrique.barbosa14@bol.com.br;;Rua Dom Pedro II, nº 33 - Apto 31;PARQUE INDUSTRIAL;São Paulo - SP;São Paulo;9950231;N;20/05/2021
101534;LUCIA MELO LIMA;811.703.311-90;11/06/1973;F;lucia.lima660@uol.combr;;R. DAS PALMEIRAS, Nº 2779 - CASA 2;VILA NOVA;Rio de Janeiro - RJ;RJ;29038735;S;16/12/2025
101535;VINICIUS PEIXOTO ARAUJO;733.085.316-07;09/04/1977;; VINICIUSARAUJO834@OUTLOOK.COM ;(11) 96631-8408;AVENIDA DOS ANDRADAS, Nº 379;SANTA CECÍLIA;São Paulo - SP;São Paulo;05887-055;;10/12/2022
101536;LUÍZA CONCEIÇÃO;25632168425;24/07/1985;F;luiza.conceicao359@yahoo.com.br;81 964921772;Alameda Brasil, nº 2788;BELA VISTA;Recife - PE;pe;51066603;S;08/07/2024
101537;OTÁVIO SOUZA;74349344330;23/08/1978;M;otavio_sou211@gmail.com;71 969295687;RUA DAS PALMEIRAS, Nº 1051 - BLOCO B APTO 104;VILA NOVA;Salvador - BA;BA;47091919;N;13/01/2024
101538;LUCAS  FERREIRA ;97573452101;29/03/1985;;lucas.ferreira417@gmail.com;(11) 97478-9743;R Tiradentes, nº 1437;SANTO ANTÔNIO;São Paulo;SP;05604-011;N;13/08/2023
101539;GUSTAVO MOREIRA PEREIRA;575.140.685-03;14/06/1997;M;gustavo_per986@outlook.com;(11) 97968-5462;Av Paulista, 1931 - Fundos;CENTRO;São Paulo;SP;08989-140;N;25/04/2021
101540;ANTONIO MOREIRA SILVA OLIVEIRA;90651642191;20/01/2002;M;antonio.oliveira923@hotmail.com;1193244431;Alameda São João, nº 1080;VILA NOVA;São Paulo;SP;04647325;S;05/11/2025
101541;LUÍZA BRANDÃO OLIVEIRA;523.952.063-18;29/03/1993;F;luizaoliveira192@bol.com.br;70069790;Avenida Getúlio Vargas, 2520;BOA VISTA;São Paulo;sp;09970561;N;18/12/2019
101542;SIMONE MARTINS BARBOSA RODRIGUES;006.094.784-51;04/10/2002;F;simone_rod947@bol.com.br;2183387808;ALAMEDA SETE DE SETEMBRO, 2734 - BLOCO B APTO 104;PARQUE INDUSTRIAL;Niterói;rj;22678-004;N;18/03/2019
101543;MÁRCIA MARQUES COSTA;73857669438;05/05/1993;F;marcia_cos666@outlook.com;11 979713150;AL Santos Dumont, 206;PARQUE INDUSTRIAL;São Paulo;São Paulo;06306061;S;02/09/2021
101544;FABIO FERREIRA FERREIRA;51483179575;01/04/1936;;fabio_fer629@outlook.com;41974851573;Pca das Palmeiras, nº S/N - Casa 2;VILA NOVA;Curitiba;PR;89733367;S;06/10/2025
101545;LEONARDO CONCEIÇÃO CARDOSO;31086825632;31/12/1990;;leonardo.cardoso927@outlook.com;21973644646;R MARECHAL DEODORO, N. 97;CENTRO;Niterói;rj;27065850;S;26/12/2020
101546;SONIA CARVALHO;304.954.473-23;29/08/1962;F;soniacarvalho863@gmail.com;31962535957;Avenida São João, 1960 - Fundos;JARDIM DAS FLORES;Belo Horizonte;MG;33300-208;N;10/11/2023
101547;GUSTAVO OLIVEIRA ALVES;282.799.151-92;30/05/1986;M;fabio.peixoto852@bol.com.br;98511-3346;Rua da Liberdade, nº 1207;CENTRO;Porto Alegre;Rio Grande do Sul;96016706;N;21/02/2022
101548;NATALIA FERREIRA BRANDAO;509.140.042-71;15/06/1978;F;nataliabrandao487@yahoo.com.br;32985267216;R. das Palmeiras, nº S/N - Bloco B Apto 104;VILA MARIANA;Juiz de Fora;mg;38892378;N;06/10/2020
101549;HELENA MARTINS RODRIGUES;852.713.779-89;26/03/1984;F;helena_rod31@gmail.com;1191114237;RUA DA LIBERDADE, Nº 1171;LIBERDADE;Guarulhos;;01651372;N;23/01/2020
101550;BEATRIZ MELO;260.991.023-10;18/12/1980;F;beatriz_mel691@hotmail.com;11 992361627;RUA SÃO JOÃO, Nº 2631 - BLOCO B APTO 104;SANTA CECÍLIA;SAO PAULO;SP;04593400;;12/01/2022
101551;CESAR ROCHA MAGALHAES;482.057.602-09;15/11/1969;M;cesar.magalhaes964@uol.com.br;(11) 99776-4424;Travessa Castro Alves, 253;SÃO JOSÉ;São Paulo - SP;SP;09064-107;N;27/02/2025
101552;LARISSA BARBOSA;709.898.783-25;21/05/1977;F;larissabarbosa29@hotmail.com;76922999;R. DOM PEDRO II, N. 2420;LIBERDADE;Belo Horizonte;MG;39682-745;S;15/08/2023
101553;ANDRE OLIVEIRA;07215355772;17/08/1997;M;andreoliveira464@yahoo.com.bt;96570-2379;ALAMEDA CASTRO ALVES, 2500;BOA VISTA;São Paulo;sp;09565117;N;07/04/2022
101554;ANA N. OLIVEIRA;625.077.065-89;01/05/1989;F;anaoliveira244@gmail.com;99048-4367;RUA SANTOS DUMONT, N. 768;JARDIM DAS FLORES;Santo André;São Paulo;01645676;N;24/06/2023
101555;ALINE SANTOS MENDES;31637438407;18/03/1976;F;aline.mendes425@uol.com.br;31995609714;RUA CASTRO ALVES, 1855;SÃO JOSÉ;Belo Horizonte;MG;31377474;N;22/05/2022
101556;NATÁLIA PEREIRA OLIVEIRA;72257192702;03/05/1987;F;natalia_oli622@yahoo.com.br;1977931166;R. DA LIBERDADE, Nº 1816;JARDIM DAS FLORES;Campinas;sp;19254026;N;13/01/2019
101557;JULIA L. BARBOSA;269.321.182-46;10/05/1990;F;julia.barbosa390@yahoo.com.br;;Rua Paulista, 1489 - Casa 2;SÃO JOSÉ;São Paulo;SP;07767-744;S;11/01/2020
101558;LEONARDO ASSUNCAO ANDRADE;033.920.648-90;07/12/1987;M;leonardoandrade218@yahoo.com.br;(21) 97784-7926;RUA Paulista, N. 2271;CENTRO;Niterói - RJ;RJ;22012-708;N;13/01/2019
101559;SIMONE GOMES DIAS NASCIMENTO;410.632.681-76;09/03/2006;F;simone_nas412@yahoo.com.br;41994043449;Rua Getúlio Vargas, nº 41;PARQUE INDUSTRIAL;curitiba ;PR;85216017;N;21/11/2024
101560;ISABELA PEIXOTO;06333184500;04/11/1996;F;isabelapeixoto60479@outlook.com;62 985421239;RUA BRASIL, 2336;SÃO JOSÉ;Goiânia;GO;74134-406;S;14/03/2020
101561;RAQUEL FERREIRA GUIMARAES MELO;93718052938;25/08/1992;F;raquelmelo73@gmail.com.br;(21) 96260-4424;AV MARECHAL DEODORO, N. 2097;BOA VISTA;Rio de Janeiro;Rio de Janeiro;22738791;N;08/05/2024
101562;THIAGO  RODRIGUES CARDOSO ;721.331.838-17;10/07/1996;M;thiago_car9781@hotmail.com;98852-7494;Rua Tiradentes, N. 120 - Bloco B Apto 104;JARDIM AMÉRICA;Rio de Janeiro;RJ;23824533;N;04/07/2019
101563;GABRIELA NUNES DIAS;39231095803;17/01/1963;F;gabriela_dia490@gmail.com;1171223801;PRACA Santos Dumont, nº 802;BELA VISTA;São Paulo;São Paulo;05567215;N;02/03/2021
101564;RAFAEL CARDOSO MARTINS OLIVEIRA;93653648254;19/04/1991;M;rafael_oli675@gmial.com;94501097;R RIO BRANCO, Nº 854;JARDIM AMÉRICA;Belo Horizonte;MG;34493-610;N;17/08/2023
101565;BEATRIZ MAGALHAES;99208737489;15/10/1995;F;beatriz.magalhaes386@hotmail.com;11 998428500;PRAÇA SÃO JOÃO, N. 1400;SANTO ANTÔNIO;São Paulo;sp;06189879;S;14/09/2021
101566;ALINE DIAS FREITAS;408.324.541-76;20/05/1983;F;aline_fre110@yahoo.com.br;11987222099;RUA PAULISTA, Nº 870 - BLOCO B APTO 104;BELA VISTA;Guarulhos;SP;07364-132;S;08/05/2022
101567;ANDRE NUNES MENDES;29922070120;07/05/1976;M;andremendes25@yahoo.com.br;(11) 97775-6118;Avenida Tiradentes, N. 1255;SANTA CECÍLIA;São Paulo;SP;4873037;S;19/10/2024
101568;LETICIA MARQUES RODRIGUES;631.807.392-23;25/07/1969;F;leticiarodrigues515@hotmail.com;62 997756573;Rua São João, N. 1475;LIBERDADE;Goiânia;GO;72197883;N;10/04/2023
101569;ANA SILVA MELO LIMA;528.001.657-82;25/06/1987;F;analima8698@uol.com.br;11978308312;Avenida das Flores, N. 1352 - Apto 12;SANTO ANTÔNIO;São Paulo - SP;sp;06392-785;;26/06/2019
101570;ANDRE LIMA NUNES;45967873600;06/03/1998;M;andre.nunes485@outlook.com;(11) 96824-8575;AV Getúlio Vargas, nº 891;BOA VISTA;São Paulo;SP;09037490;N;19/07/2025
101571;FABIO ASSUNCAO MARTINS FERREIRA;64586006900;29/10/1972;M;fabio_fer707@yaho.com.br;62981577775;Rua São João, nº 387 - Casa 2;JARDIM DAS FLORES;GOIANIA;GO;72803-406;;16/05/2019
101572;PATRICIA BRANDAO LIMA;03915646504;27/01/1995;F;patricialima17368@hotmail.com;(71) 96028-6207;AVENIDA SETE DE SETEMBRO, N. 2479;VILA MARIANA;SALVADOR;Bahia;44125-095;S;25/01/2021
101573;CAMILA PEREIRA;97353033029;23/01/1995;F;camilapereira941@uol.com.br;11 980739192;Rua Brasil, 2662 - Apto 12;BOA VISTA;São Paulo;SP;04226-441;S;24/03/2022
101574;CAMILA MENDES RIBEIRO;29555657254;17/03/1982;F;camila_rib811@outlook.con;11988762529;R Paulista, nº 2759;SANTA CECÍLIA;São Paulo;sp;02228-005;N;11/06/2021
101575;ISABELA NUNES BRANDAO ALVES;675.584.793-39;25/07/1945;F;isabelaalves316@uol.com.br;1174837248;R da Liberdade, nº 1216;JARDIM DAS FLORES;Santo André;SP;06016946;S;23/11/2021
101576;WAGNER MARTINS FERREIRA PEREIRA;94127347007;13/10/1987;M;wagnerpereira528@gmail.com;(31) 6673-2060;Rua Getúlio Vargas, 2636;LIBERDADE;Belo Horizonte;MG;33662-099;N;12/07/2022
101577;ANTÔNIO NASCIMENTO MOREIRA;11687226911;08/01/1990;M;antoniomoreira478@yahoo.com.br;1164393705;R BRASIL, Nº 2377;VILA NOVA;São Paulo;SP;09681-621;N;03/10/2022
101578;LUCIA S. MARTINS PEREIRA;59467092085;04/11/1982;F;lucia_per478@hotmail.com;11 981807554;AV Paulista, N. 2589;LIBERDADE;São Paulo;SP;06695-440;N;23/11/2023
101579;PAULO COSTA PEIXOTO RODRIGUES;24395627854;09/03/1952;M;paulo.rodrigues366@hotmal.com;41970089550;Rua dos Ipês, 2308 - Bloco B Apto 104;CENTRO;Curitiba;Paraná;81429286;N;27/01/2021
101580;JOSE MARTINS CONCEICAO RODRIGUES;09740890601;27/07/1994;M;joserodrigues422@yahoo.com.bt;21 985321073;RUA CASTRO ALVES, Nº 1273;BELA VISTA;Rio de Janeiro;RJ;28886-004;N;12/01/2024
101581;RODRIGO ANDRADE BARBOSA;278.060.430-12;08/01/1970;M;rodrigo.barbosa815@bol.com.br;(11) 99932-5642;RUA MARECHAL DEODORO, Nº 2299 - FUNDOS;PARQUE INDUSTRIAL;São Paulo;SP;09123935;S;17/01/2022
101582;TÂNIA MARQUES NASCIMENTO;021.502.078-26;29/10/1978;F;;;Rua Castro Alves, N. 1302 - Casa 2;PARQUE INDUSTRIAL;Curitiba;PR;85866-393;;09/09/2024
101583;JOANA OLIVEIRA;070.010.505-04;07/03/1988;F;joana_oli373@uol.com.br;(21) 97065-9270;RUA PRESIDENTE VARGAS, Nº 2404 - BLOCO B APTO 104;VILA MARIANA;Rio de Janeiro;RJ;25823872;N;16/03/2023
101584;LEONARDO MARTINS PEIXOTO GOMES;47161027934;02/12/1972;M;leonardo.gomes620@gmail.com;62966718445;R. Presidente Vargas, nº 197 - Bloco B Apto 104;PARQUE INDUSTRIAL;Goiânia - GO;Goiás;77446-130;;23/10/2023
101585;LETÍCIA ROCHA CARDOSO;09489049255;01/01/2002;F;leticiacardoso426@gmail.com;71 999832063;Avenida Tiradentes, N. 329;BELA VISTA;Salvador - BA;BA;44458582;N;07/04/2024
101586;FERNANDO RIBEIRO SANTOS;61861545649;31/08/1997;M;fernandosantos143@yahoo.com.br;21988357203;Avenida Santos Dumont, 2808;VILA MARIANA;RIO DE JANEIRO;RJ;24771258;S;01/05/2023
101587;DANIEL NASCIMENTO;98813337094;10/11/1977;M;daniel_nas282@uol.com.br;(21) 6516-7801;RUA SETE DE SETEMBRO, 384;BELA VISTA;Rio de Janeiro;RJ;29618847;S;10/07/2019
101588;CLAUDIA SOUZA;264.795.203-51;27/07/1980;F;claudiasouza548@outlook.com;(51) 98788-5169;Avenida Marechal Deodoro, 1841;CENTRO;porto alegre ;Rio Grande do Sul;91582485;N;07/10/2023
101589;CLÁUDIA SILVA ARAÚJO COSTA;01335364404;07/01/2005;F;claudia.costa785@outlook.com;32 978775282;R. SETE DE SETEMBRO, Nº 859;SÃO JOSÉ;Juiz de Fora;MG;32373478;N;20/09/2019
101590;DANIEL MARQUES MOREIRA MARTINS;74421196975;23/09/1995;M;daniel_mar722@hotmail.com;31980504739;Tv. das Flores, N. 89 - Casa 2;SANTA CECÍLIA;Belo Horizonte;MG;31707083;N;04/01/2020
101591;LETICIA SILVA SILVA;188.947.000-70;05/12/1991;F;leticia.silva506@gmail.com;61 969089251;ALAMEDA SANTOS DUMONT, Nº 2301;SANTO ANTÔNIO;Brasília - DF;Distrito Federal;78372-566;S;01/03/2024
101592;DRA. LEONARDO OLIVEIRA SOUZA;707.499.176-79;24/07/1981;M;leonardosouza511@yahoo.com.br;(11) 96208-4249;R. TIRADENTES, 2845;CENTRO;São Paulo;sp;1973629;N;12/10/2020
101593;LUCAS ROCHA GOMES SANTOS;49205978434;07/05/1982;M;lucassantos324@hotmail.com;6270912528;Pca das Flores, 1767;SÃO JOSÉ;Goiânia;Goiás;72782887;S;15/07/2020
101594;MARCELO S. NASCIMENTO;17067017998;01/10/1968;M;marcelo.nascimento823@bol.com.br;21 978457183;R SÃO JOÃO, Nº 826;BELA VISTA;Niterói - RJ;Rio de Janeiro;21625-267;N;01/03/2020
101595;LETICIA RIBEIRO DIAS;756.426.662-74;25/05/1993;F;leticia_dia137@outlook.com;21 993499303;RUA Brasil, N. 1213;CENTRO;Rio de Janeiro;RJ;24893933;N;11/10/2024
101596;GUSTAVO MELO SANTOS;566.494.140-50;30/05/1986;M; GUSTAVOSANTOS385@BOL.COM.BR ;11 73955518;R dos Ipês, 327;VILA NOVA;Santo André;sp;06897290;N;07/05/2019
101597;GABRIELA GOEMS MACHADO;156.908.285-56;16/12/1985;F;gabriela.machado139@bol.com.br;(11) 99396-1133;RUA GETÚLIO VARGAS, N. 375;LIBERDADE;São Paulo;São Paulo;06192-889;;08/11/2020
101598;FABIO SILVA RODRIGUES;977.502.797-76;16/07/1993;M;fabio.rodrigues317@hotmail.com;31 965991421;R. Getúlio Vargas, nº 2065;JARDIM DAS FLORES;Belo Horizonte;mg;39914-540;S;11/11/2023
101599;LETICIA  MAGALHAES ;32239090952;15/11/1954;F;leticiamagalhaes727outlook.com;11 998187479;R. GETÚLIO VARGAS, N. 1665;JARDIM DAS FLORES;SAO PAULO;São Paulo;04259-899;S;14/03/2023
101600;NATÁLIA ANDRADE;912.733.877-08;11/09/1964;F;natalia.andrade937@gmail.com;99060-2089;RUA DAS PALMEIRAS, Nº 43;VILA NOVA;São Paulo;São Paulo;01841-575;S;20/08/2022
101601;VITORIA DIAS;29388618777;25/07/1991;F;vitoria_dia974@bol.com.br;11 968023079;PRAÇA SÃO JOÃO, Nº 677;VILA MARIANA;São Paulo;São Paulo;04092281;N;28/09/2025
101602;CAMILA FERREIRA;172.233.826-19;07/03/1952;F;camilaferreira290@bol.com.br;67965064;Avenida Paulista, nº 677;SANTA CECÍLIA;Guarulhos;SP;03634-411;S;18/09/2025
101603;CAMILA DIAS;84246921106;28/05/1990;F; CAMILA_DIA929@GMAIL.COM ;51 971706466;R dos Ipês, N. 2066 - Apto 31;BOA VISTA;PORTO ALEGRE;RS;92009-843;S;31/10/2025
101604;HELENA FREITAS;59450453225;24/08/1964;F;helenafreitas729@gmail.com;21987024780;RUA PAULISTA, 2747 - FUNDOS;PARQUE INDUSTRIAL;RJ;RJ;27278-087;S;08/07/2021
101605;LARISSA MELO NUNES;892.080.496-63;28/03/1973;F;larissa_nun868@bol.com.br;48 966563090;Rua das Flores, 2260;LIBERDADE;Florianópolis;SC;86810-686;S;02/06/2022
101606;LUCAS MAGALHAES ANDRADE;55184825908;24/01/1990;M;lucasandrade419@uol.com.br;71 984816408;R Presidente Vargas, 1958 - Fundos;VILA MARIANA;Salvador - BA;ba;45182968;N;03/10/2023
101607;MARCELO NASCIMENTO PEREIRA;54090948754;20/07/1961;M;marcelo_per872@uol.com.br;(11) 97003-8018;AVENIDA PRESIDENTE VARGAS, N. 1341;JARDIM AMÉRICA;SAO PAULO;SP;09863-846;N;15/08/2024
101608;DR. BRUNO MENDES;384.890.456-07;13/09/1981;M;bruno.mendes974@uol.com.br;71151571;R Castro Alves, 2827;VILA NOVA;Rio de Janeiro;Rio de Janeiro;23364-819;S;06/03/2021
101609;GABRIELA CARDOSO RODRIGUES;94249055647;09/05/1939;F;gabriela.rodrigues981@uol.com.br;(11) 96182-6402;RUA SANTOS DUMONT, 80 - CASA 2;SÃO JOSÉ;Santo André;SP;03115-185;S;07/02/2019
101610;GABRIELA CARVALHO CARVALHO;970.968.906-10;03/04/1987;F;gabriela_car22@bol.com;(21) 99124-1181;RUA Tiradentes, N. 2180;LIBERDADE;RIO DE JANEIRO;rj;22924072;S;09/09/2022
101611;SERGIO  SANTOS CARDOSO ;261.314.794-61;23/06/1961;M;sergio.cardoso194@yahoo.com.br;11 980601921;R PAULISTA, Nº 2559;BOA VISTA;São Paulo;sp;05160481;S;05/06/2020
101612;CECÍLIA MELO PEIXOTO;71815262516;21/03/1974;F; CECILIA_PEI616@GMAIL.COM ;11 962919616;RUA das Flores, nº 1860 - Fundos;VILA NOVA;São Paulo;sp;04046578;S;07/04/2023
101613;SIMONE RODRIGUES;8,81137E+10;21/01/1995;F;simone.rodrigues240@outlook.con;3191449717;AV das Flores, nº 404;SÃO JOSÉ;belo horizonte ;Minas Gerais;39358-487;S;06/10/2019
101614;MARIANA PEREIRA RODRIGUES;04999988801;17/08/1970;F;marianarodrigues679@yahoo.com.br;99688-8902;Av Dom Pedro II, 1475;SANTA CECÍLIA;SAO PAULO;SP;04589775;;04/02/2021
101615;MARIANA NASCIMENTO;99019968130;22/02/2003;F; MARIANA_NAS3@BOL.COM.BR ;11987609789;Tv. dos Andradas, nº S/N;SANTA CECÍLIA;São Paulo;sp;7294709;S;24/11/2025
101616;GABRIELA CONCEICAO LIMA;10845398881;29/09/1993;F;gabriela.lima179@hotmail.com;(11) 97220-4525;AL. SANTOS DUMONT, Nº 2935;VILA MARIANA;Santo André;São Paulo;05222389;N;08/03/2022
101617;PATRÍCIA MENDES LIMA MACHADO;98934782125;29/03/1973;F;patriciamachado605@uol.com.br;(11) 99577-6458;AV DOM PEDRO II, Nº 2079;BOA VISTA;Guarulhos;SP;02567351;N;20/08/2019
101618;RENATA M. MAGALHAES;49315975219;07/05/1987;F; RENATAMAGALHAES927@OUTLOOK.COM ;41987799159;Rua das Palmeiras, 2384;BOA VISTA;Curitiba;PR;83798119;N;30/03/2019
101619;ISABELA MELO CARDOSO;93226290100;18/08/1988;F;isabela.cardoso308@outlook.com;(11) 96972-3158;R DAS FLORES, Nº 1559 - BLOCO B APTO 104;PARQUE INDUSTRIAL;São Paulo;SP;07893-961;S;06/06/2019
101620;THIAGO RIBEIRO;329.035.112-25;30/06/2000;M;thiagoribeiro344@outlook.com;(21) 6995-7444;Travessa das Palmeiras, N. 153;JARDIM AMÉRICA;Rio de Janeiro;Rio de Janeiro;27064658;S;08/12/2022
101621;GUSTAVO SANTOS BARBOSA;554.856.442-01;16/08/1977;M;gustavo.barbosa827@hotmail.com;11 68997951;AVENIDA DOS ANDRADAS, Nº 2871;BELA VISTA;SANTO ANDRE;SP;05461-712;S;08/02/2023
101622;JOANA ARAUJO MACHADO;20315437251;02/12/1985;F;;51 965509209;Trav. Castro Alves, nº 975;VILA MARIANA;PORTO ALEGRE;Rio Grande do Sul;98970567;N;15/05/2022
101623;PRISCILA ALVES GOMES PEIXOTO;63326546351;15/10/1982;F;priscila.peixoto956@bol.com.br;;Av. dos Ipês, 61;PARQUE INDUSTRIAL;São Paulo;SP;06512531;N;16/11/2023
101624;PAULO ANDRADE ANDRADE;85684326897;08/10/1962;M;paulo.andrade752@uol.com.br;19998129157;AVENIDA DOS ANDRADAS, Nº 1862 - FUNDOS;VILA MARIANA;Campinas;SP;11394-209;S;04/05/2024
101625;MARIANA RIBEIRO;381.103.609-20;11/02/1987;F;mariana.ribeiro551@bol.com.br;11987201453;Avenida Presidente Vargas, 1106;CENTRO;São Paulo;São Paulo;02763395;N;08/04/2022
101626;PRISCILA MARQUES MENDES;328.912.300-60;25/04/1997;; PRISCILA.MENDES242@UOL.COM.BR ;11995456568;Rua dos Ipês, nº 2709 - Apto 31;CENTRO;São Paulo;SP;05575-052;S;29/05/2019
101627;DEBORA FERREIRA;75801195874;21/08/1995;F;deboraferreira817@bol.com.br;51 65924449;Avenida Marechal Deodoro, 2493 - Casa 2;VILA NOVA;Porto Alegre - RS;rs;94603-815;N;02/11/2025
101628;LUCIA CARDOSO NASCIMENTO PEIXOTO;08201564502;01/01/1900;F;lucia.peixoto622@bol.com.br;(41) 97517-1603;RUA PAULISTA, Nº 514;SANTO ANTÔNIO;Curitiba;Paraná;84320-140;;17/12/2024
101629;FERNANDA ROCHA;2491101300;25/02/1982;F;fernanda.rocha873@outlook.com;(11) 99509-5664;RUA BRASIL, 498;VILA MARIANA;São Paulo;São Paulo;05598150;S;17/05/2022
101630;BEATRIZ MARQUES MAGALHÃES GOMES;3,87370E+10;05/11/1994;F;beatrizgomes405@@gmail.com;16 95061220;R Rio Branco, nº 762 - Bloco B Apto 104;VILA NOVA;Ribeirão Preto;São Paulo;19457-399;N;28/02/2022
101631;CECILIA MENDES GOMES;62364221412;30/03/1977;F; CECILIA.GOMES225@HOTMAIL.COM ;(21) 98561-3452;RUA DAS PALMEIRAS, N. 1834 - APTO 12;SANTO ANTÔNIO;Niterói - RJ;Rio de Janeiro;28656601;N;30/01/2020
101632;DEBORA  GUIMARAES PEREIRA ;234.852.160-11;03/12/1985;F;;(21) 96058-8788;AV. PAULISTA, N. 2270;PARQUE INDUSTRIAL;rio de janeiro ;RJ;23828350;S;24/11/2022
101633;THIAGO MELO BRANDÃO;33519370670;18/05/1946;M;thiago_bra228@yahoo.com.br;19985142196;RUA PRESIDENTE VARGAS, 1992;JARDIM DAS FLORES;Campinas - SP;SP;13403-264;S;18/03/2020
101634;PATRÍCIA LIMA MARTINS;189.712.222-55;25/03/1983;F;patricia_mar459yahoo.com.br;97651-4214;Rua São João, 1728;PARQUE INDUSTRIAL;niterói ;RJ;27510-420;N;08/02/2025
101635;ANTÔNIO NASCIMENTO;522.563.365-06;26/02/1972;M; ANTONIO.NASCIMENTO735@BOL.COM.BR ;31 989049585;Pç. da Liberdade, N. 400;JARDIM AMÉRICA;Belo Horizonte;MG;38488423;S;29/04/2023
101636;JOANA FERREIRA MOREIRA;52707573892;25/11/1990;F;joanamoreira924@hotmail.com;(11) 98053-9158;PRAÇA CASTRO ALVES, N. 1479;VILA MARIANA;SAO PAULO;SP;03608-539;N;15/05/2024
101637;RAQUEL MENDSE ARAÚJO;42270612884;01/12/1993;F;raquel_ara50@yahoo.com.br;11 967789816;AVENIDA PRESIDENTE VARGAS, 2566;CENTRO;são paulo ;sp;7840569;;14/01/2021
101638;GABRIELA MENDES CARVALHO;760.910.470-19;16/08/1998;F;gabriela_car34@hotmail.com;19 975785690;AVENIDA PRESIDENTE VARGAS, Nº 2782;PARQUE INDUSTRIAL;Campinas;São Paulo;17645-733;N;04/06/2021
101639;OTAVIO COSTA RODRIGUES CONCEICAO;86853279034;24/12/2001;;otavio_con252@uol.com.br;;RUA TIRADENTES, 1128;VILA MARIANA;RIO DE JANEIRO;RJ;28857944;N;22/03/2022
101640;TANIA CARDOSO;64574368209;07/11/1985;F;tania_car255@bol.con.br;(31) 99439-9975;Avenida Tiradentes, N. 1417 - Fundos;JARDIM DAS FLORES;Belo Horizonte;MG;36578-755;S;29/04/2025
101641;ALINE MARTINS COSTA NUNES;3,31062E+10;05/12/1979;F;aline_nun644@hotmail.com;7165706425;R. RIO BRANCO, 277 - FUNDOS;JARDIM AMÉRICA;Salvador;ba;47703232;N;23/03/2025
101642;JOANA ALVES BARBOSA;889.443.270-09;10/02/1961;F;joanabarbosa683@outlook.com;19 979704446;RUA SETE DE SETEMBRO, Nº 2149;SÃO JOSÉ;Campinas;sp;12119001;N;03/07/2025
101643;EDUARDO RIBEIRO;074.304.665-08;20/03/1974;M;eduardoribeiro897@uol.com.br;11 965703341;AV. DA LIBERDADE, 476;PARQUE INDUSTRIAL;Santo André - SP;SP;01811385;N;23/07/2024
101644;CESAR MARQUES MOREIRA;819.699.114-25;08/09/1995;M;cesarmoreira298@gmail.com;99985-1764;AVENIDA DOS ANDRADAS, 2930;SÃO JOSÉ;São Paulo;SP;06419563;S;05/09/2021
101645;JULIA RIBEIRO MOREIRA ALVES;93447703873;24/04/1994;F;juliaalves163@outlook.com;1191072480;Rua Rio Branco, nº 1974;SÃO JOSÉ;são paulo ;SP;01563239;S;31/08/2019
101646;CAIO A. MAGALHAES;81456905449;21/04/1993;M;caio_mag503@gmail.com;(41) 8973-5758;Rua Getúlio Vargas, nº 450;VILA MARIANA;Curitiba;PR;85327124;S;26/10/2023
101647;PRISCILA MARQUES SILVA;914.243.381-90;18/09/1983;F;priscila_sil395@gmail.com;97900-6322;Rua Rio Branco, 614 - Casa 2;PARQUE INDUSTRIAL;São Paulo;SP;6453360;;30/04/2024
101648;BEATRIZ ASSUNCAO GUIMARAES;61020967382;03/12/1993;F;beatriz_gui161@bol.com.br;61999925604;RUA PRESIDENTE VARGAS, 923;CENTRO;Brasília;df;76223985;;04/10/2024
101649;HELIO ANDRADE MAGALHAES MARQUES;21979461708;15/02/1997;M;;1196033346;RUA PRESIDENTE VARGAS, Nº 2831;BELA VISTA;SAO PAULO;SP;01861556;N;23/11/2019
101650;LUCAS FERREIRA;312.575.013-05;02/06/1975;M;lucasferreira839@hotmail.com;(21) 97416-3083;Rua Tiradentes, N. 1686;VILA NOVA;Rio de Janeiro;rj;27573139;S;08/05/2022
101651;CAMILA NUNES FERREIRA MACHADO;41419865854;04/05/1984;F;camila_mac445@hotmail.con;(61) 6979-3427;ALAMEDA DAS FLORES, 2665;VILA NOVA;BRASILIA;DF;71621-913;S;26/05/2019
101652;PAULO BARBOSA PEREIRA;754.862.640-11;05/11/1938;M; PAULOPEREIRA159@UOL.COM.BR ;21980861305;RUA PAULISTA, 1894;BOA VISTA;Rio de Janeiro;Rio de Janeiro;21254283;;16/03/2020
101653;RENATA ANDRADE;06275914696;04/08/1988;F;renata.andrade625@outlook.com;(21) 8179-9677;Rua Rio Branco, N. 2025 - Apto 12;VILA NOVA;Rio de Janeiro;Rio de Janeiro;22163716;S;15/04/2023
101654;BRUNO SOUZA;571.221.256-02;01/12/1979;M;brunosouza614@gmail.com;19 978746048;Rua Getúlio Vargas, 703 - Fundos;SANTO ANTÔNIO;Campinas;SP;16678-463;N;02/04/2021
101655;JOÃO ASSUNÇÃO ALVES DIAS;31470015552;22/10/1986;I;joao_dia249@hotmail.com;11966296329;Rua Santos Dumont, nº 2802;SANTO ANTÔNIO;São Paulo;SP;01730798;S;11/12/2019
101656;GABRIELA CONCEICAO;55676120100;22/04/1962;F;gabriela_con508@gmail.com;(11) 99548-3208;AVENIDA DA LIBERDADE, N. 342;JARDIM DAS FLORES;São Paulo;SP;5556984;N;06/06/2023
101657;VITORIA DIAS MARQUES;1,60516E+10;24/10/1959;F;vitoria_mar607@outlook.com;11 997741577;RUA Castro Alves, 31 - Apto 12;JARDIM AMÉRICA;São Paulo;SP;06785458;S;03/11/2021
101658;JOAO BARBOSA LIMA;22391060343;21/05/1986;M;joao_lim518@bol.com.br;21 64384380;Al. das Flores, N. 1369;BOA VISTA;Niterói;RJ;21495-673;N;07/11/2020
101659;BEATRIZ DIAS CARDOSO;19517460317;12/04/1988;F;beatrizcardoso187@uol.com.br;31998457423;RUA PAULISTA, Nº 377;VILA MARIANA;Belo Horizonte;mg;35910-460;S;28/03/2021
101660;PRISCILA BRANDÃO BARBOSA;07015087367;24/12/1971;F;priscilabarbosa633@yahoo.com.br;71 984781829;Alameda São João, 515;JARDIM DAS FLORES;Salvador;Bahia;48204-443;N;14/08/2023
101661;PRISCILA  PEIXOTO CONCEICAO ;564.861.978-20;27/03/1972;F;priscilaconceicao120@hotmail.com;;RUA DOM PEDRO II, N. 403;VILA NOVA;Guarulhos;SP;08425-189;N;23/12/2021
101662;LÚCIA NASCIMENTO;65864460150;25/04/1983;F;lucia_nas767@outlook.com;19962707120;R. PAULISTA, N. 2058;SÃO JOSÉ;Campinas;São Paulo;16714-327;N;07/12/2024
101663;VITÓRIA OLIVEIRA COSTA;13917613409;22/10/1980;F;vitoria.costa951@bol.com.br;31 66846958;RUA GETÚLIO VARGAS, Nº 2842;SANTA CECÍLIA;Belo Horizonte;mg;35002-285;S;24/08/2022
101664;GABRIELA MACHADO FREITAS;099.294.748-03;28/07/1968;F;gabrielafreitas144@hotmail.com;(32) 96162-7773;R DOS IPÊS, 988;BOA VISTA;Juiz de Fora;MG;37963323;;16/01/2020
101665;ISABELA PEREIRA;553.207.217-57;30/09/1977;F;isabelapereira48391@uol.com.br;(11) 99465-1542;Avenida Rio Branco, N. 1949;LIBERDADE;São Paulo;SP;09559150;S;09/08/2019
101666;LARISSA OLIVEIRA ASSUNÇÃO;48762227890;31/07/1986;F;larissa.assuncao256@gmail.com;(11) 97432-7749;R SÃO JOÃO, 443 - BLOCO B APTO 104;BELA VISTA;São Paulo;São Paulo;07561-525;;28/12/2019
101667;LUCAS BRANDAO;713.746.803-97;29/03/1972;M; LUCAS_BRA328@UOL.COM.BR ;71966936526;AV SETE DE SETEMBRO, N. 452 - APTO 12;PARQUE INDUSTRIAL;Salvador;BA;41449-154;S;10/10/2022
101668;WAGNER MENDES MOREIRA;853.870.128-20;23/01/1959;M;wagnermoreira40360@bol.com.br;(16) 97052-2865;RUA DAS PALMEIRAS, 677;VILA NOVA;Ribeirão Preto;SP;17389-897;S;21/03/2020
101669;LEONARDO CARVALHO RIBEIRO;606.077.466-02;18/12/2002;I;leonardoribeiro979@outlook.com;;Rua Rio Branco, 1772 - Fundos;SÃO JOSÉ;FLORIANOPOLIS;sc;87999-748;N;02/12/2024
101670;DEBORA LIMA;09839551825;03/01/1986;F;gustavo.assuncao907@bol.com.br;(11) 98348-1442;RUA SETE DE SETEMBRO, 2051 - APTO 12;LIBERDADE;São Paulo;SP;05497-141;N;02/04/2025
101671;DRA. CECÍLIA LIMA;27607086595;30/01/1971;F; CECILIA.LIMA835@HOTMAIL.COM ;11988662316;Tv. Getúlio Vargas, N. 2243 - Casa 2;BOA VISTA;São Paulo;SP;6943285;N;10/04/2020
101672;DR. LARISSA ROCHA RODRIGUES;09789598335;07/07/1982;I;larissa_rod53@gmail.com;32 988942658;R. XV de Novembro, 2688 - Casa 2;BOA VISTA;JUIZ DE FORA;MG;38858-266;S;29/05/2020
101673;JOSÉ ROCHA OLIVEIRA MENDES;894.246.965-58;24/09/1988;M;josemendes519@uol.com.br;21974869090;RUA SETE DE SETEMBRO, N. 191;BELA VISTA;RIO DE JANEIRO;rj;29390-210;N;16/02/2020
101674;ISABELA SANTOS;723.137.098-50;24/07/1983;; ISABELASANTOS303@BOL.COM.BR ;11 77067376;Alameda XV de Novembro, N. 2852;SÃO JOSÉ;SP;São Paulo;06967-443;;26/11/2023
101675;RENATA BARBOSA;20092643809;24/10/1935;F;;(16) 96496-1368;Av. Presidente Vargas, N. 2619;LIBERDADE;Ribeirão Preto;;17617-741;N;08/03/2019
101676;LETICIA PEREIRA MENDES;828.957.748-62;04/05/1988;F;leticiamendes826@yahoo.com.br;41982847468;Rua Santos Dumont, N. 2619;PARQUE INDUSTRIAL;Curitiba;pr;83562116;N;17/02/2023
101677;RENATA  RODRIGUES MOREIRA ;69681365038;16/06/1960;F;renata.moreira7336@outlook.com;11 997668814;RUA SANTOS DUMONT, Nº 2250;CENTRO;São Paulo;SP;08052942;N;17/11/2020
101678;ANA SANTOS ROCHA;32279202808;24/06/1990;F;ana_roc375@bol.com.br;11974602707;Av Getúlio Vargas, 801;CENTRO;São Paulo;São Paulo;5936883;S;15/07/2019
101679;SÉRGIO  MARQUES SANTOS ;864.697.477-44;13/01/1987;M;;61995291788;RUA Dom Pedro II, nº 2816;BOA VISTA;Brasília;df;79937-794;;03/12/2019
101680;GABRIELA MENDES CONCEICAO SOUZA;97302219443;28/04/2001;F;gabrielasouza217@uol.com.br;96348-5556;Avenida das Flores, 2078;PARQUE INDUSTRIAL;Brasília;DF;74561-615;N;10/09/2024
101681;WAGNER ROCHA MARQUES MENDES;30019817509;16/04/1989;M;wagner_men224@gmail.com;(16) 8317-1331;R CASTRO ALVES, Nº 1766;SÃO JOSÉ;RIBEIRAO PRETO;SP;13220244;S;30/10/2022
101682;SR. MATEUS PEREIRA RIBEIRO ALVES;08721752192;01/12/1999;M;mateus_alv292@uol.com.br;11995561807;R DOM PEDRO II, 2401 - FUNDOS;PARQUE INDUSTRIAL;São Paulo;São Paulo;9189199;S;29/08/2022
101683;SIMONE SANTOS MACHADO NASCIMENTO;42106016590;01/04/1971;F;simonenascimento548@outlook.com;(11) 6852-7342;RUA DOS ANDRADAS, S/N;LIBERDADE;Guarulhos;sp;04775456;S;01/04/2019
101684;LUCAS  LIMA FERREIRA ;154.737.416-06;10/07/1971;M;lucas.ferreira97@uol.combr;(11) 99516-6032;R DOS ANDRADAS, 2291 - APTO 31;BOA VISTA;São Paulo;sp;02640706;S;18/05/2020
101685;RODRIGO  GUIMARAES ;90730057879;16/06/2000;M;rodrigo_gui836@gmail.com;11961482194;AV PAULISTA, 2351;JARDIM AMÉRICA;São Paulo;SP;06442-775;;13/09/2023
101686;MÁRCIO GUIMARÃES;471.624.604-37;28/01/1965;M;marcio_gui975@yahoo.com.br;21 984261583;R Brasil, N. 1601 - Bloco B Apto 104;JARDIM AMÉRICA;Rio de Janeiro;Rio de Janeiro;25317859;;23/07/2021
101687;MARIANA SANTOS;27799274107;17/06/1972;F;mariana_san100@outlook.com;(41) 96792-1345;RUA CASTRO ALVES, 2746;VILA MARIANA;Curitiba;PR;81622-062;S;07/10/2023
101688;SRA. SÉRGIO MENDES CONCEIÇÃO;692.445.692-80;10/03/1953;M;sergio_con744@gmail.com;21993259005;R Presidente Vargas, nº 1883;LIBERDADE;Rio;RJ;22996-548;N;28/01/2019
101689;HENRIQUE SANTOS;242.088.302-04;18/03/1964;M;henrique_san755@uol.com.br;61 981076666;RUA DAS PALMEIRAS, N. 2672;JARDIM AMÉRICA;Brasília;df;74865944;N;01/10/2022
101690;TÂNIA MOREIRA SOUZA;880.240.671-53;01/01/1900;F;tania_sou136@outlook.com;41970949221;Al. Paulista, N. 663;CENTRO;Curitiba;;85398711;S;14/06/2025
101691;JOÃO FERREIRA CARVALHO DIAS;72045217140;16/08/1979;M;joao_dia599@outlook.com;11 972906821;PRAÇA SETE DE SETEMBRO, N. 2591 - APTO 31;VILA NOVA;São Paulo;SP;07844952;S;07/07/2022
101692;ALINE MELO DIAS SANTOS;518.667.241-69;04/02/1989;F;alinesantos204@hotmail.com;11972205320;R. PRESIDENTE VARGAS, 2839 - CASA 2;CENTRO;São Paulo;sp;07486-945;S;30/07/2024
101693;CECILIA DIAS SOUZA;40280211384;20/06/1980;F;cecilia_sou535@yahoo.com.br;(21) 97517-2201;R. MARECHAL DEODORO, 569;JARDIM DAS FLORES;rio de janeiro ;RJ;25749-046;S;02/06/2025
101694;JOANA ASSUNCAO PEIXOTO;91582366608;03/02/1977;F;joana.peixoto975@gmail.com;19 981914429;R DOS ANDRADAS, 2284;CENTRO;Campinas;;17092081;S;22/08/2022
101695;CECILIA PEREIRA;50301304890;08/12/1980;F;cecilia.pereira127@gmail.com;19 962373065;RUA DOS ANDRADAS, N. 1244 - APTO 12;VILA MARIANA;Campinas;SP;18018671;N;09/08/2024
101696;MARCIO  NUNES RIBEIRO ;87670354852;31/12/1933;M;marcio.ribeiro970@outlook.com;;Avenida XV de Novembro, nº 1142;CENTRO;Campinas;SP;14436-927;;26/09/2021
101697;SÉRGIO M. ROCHA;511.100.185-92;31/07/1974;M;sergiorocha917@hotmail.com;11 982931878;RUA DAS PALMEIRAS, N. 2337;BELA VISTA;SP;SP;05115743;S;30/11/2021
101698;MARCELO NASCIMENTO;325.884.129-20;15/12/1966;M; MARCELONASCIMENTO781@HOTMAIL.COM ;32961828645;Rua Marechal Deodoro, nº 2224;JARDIM DAS FLORES;Juiz de Fora;MG;34561052;S;09/07/2022
101699;THIAGO MAGALHAES;36159778820;03/12/1994;M;thiago_mag624@yahoo.com.br;11967141492;R. Getúlio Vargas, nº 1860;VILA NOVA;São Paulo - SP;São Paulo;01604-470;S;21/02/2020
101700;MARCELO BRANDAO SANTOS;077.973.935-32;23/12/1988;M;marcelo_san631@yahoo.com.br;11 985821039;R. da Liberdade, 1611 - Apto 31;VILA MARIANA;Santo André;SP;02514654;N;15/03/2023
101701;FÁBIO BARBOSA PEIXOTO;62818112168;24/07/1970;M; FABIO.PEIXOTO852@BOL.COM.BR ;62 989496827;Rua São João, nº 2133;JARDIM AMÉRICA;GOIANIA;Goiás;71662-317;N;03/10/2020
101702;FERNANDA GUIMARAES;34149218986;12/09/1979;F; FERNANDA_GUI221@OUTLOOK.COM ;16 967992406;Avenida Marechal Deodoro, 2487 - Casa 2;SÃO JOSÉ;Ribeirão Preto - SP;SP;17920633;;18/09/2025
101703;JOANA ANDRADE MARTINS;18405838007;06/12/1977;F;joanamartins727@hotmail.com;(32) 98773-9559;Al. Getúlio Vargas, nº 937 - Fundos;LIBERDADE;Juiz de Fora - MG;MG;34453-667;N;11/02/2024
101704;CAIO MAGALHAES COSTA;60924795328;25/08/1980;M;caiocosta264@bol.com.br;19984228743;RUA CASTRO ALVES, N. 1559 - CASA 2;BOA VISTA;Campinas;sp;17372830;N;02/04/2023
101705;SRA. JOAO ROCHA LIMA;588.772.328-97;15/11/1988;M;joaolima792@uol.com.br;(19) 9737-1230;R XV DE NOVEMBRO, N. 1196;PARQUE INDUSTRIAL;Campinas;SP;13045-227;N;22/07/2023
101706;LUIS MOREIRA BRANDAO;60147198143;23/05/1962;M;luisbrandao963@bol.com.br;61960307652;RUA DAS PALMEIRAS, 2269;CENTRO;Brasília;df;74643559;S;15/11/2021
101707;WAGNER PEIXOTO;68137525064;12/02/1968;M;wagnerpeixoto283@outlook.com;62998003826;RUA das Flores, 1302 - Apto 31;VILA NOVA;Goiânia;GO;71192316;S;28/11/2022
101708;PATRICIA RODRIGUES BRANDAO;09399814084;09/07/1959;F;patricia.brandao478@bol.com.br;(11) 99493-2496;AV DAS FLORES, Nº 1290 - FUNDOS;BELA VISTA;Santo André - SP;SP;02011-587;N;12/10/2022
101709;TANIA FERREIRA;02531519530;06/01/1988;F;;(48) 6704-4152;R GETÚLIO VARGAS, 1212;JARDIM AMÉRICA;Florianópolis;SC;89397-139;N;16/02/2022
101710;FERNANDO  BRANDAO MARQUES NASCIMENTO ;528.171.288-85;24/01/1993;M;fernando_nas393@outlook.com;11 989466432;Rua Rio Branco, N. 1873 - Apto 31;PARQUE INDUSTRIAL;São Paulo;SP;01655-812;N;30/03/2019
101711;JÚLIA SANOTS;25566249655;17/09/1950;F;juliasantos502@gmail.com;41 94004655;RUA Dom Pedro II, N. 1056 - Casa 2;SANTA CECÍLIA;Curitiba - PR;pr;84344457;;09/09/2023
101712;LETICIA PEREIRA GUIMARAES MACHADO;90518278816;20/06/1981;F;leticiamachado773@hotmail.com;;Rua Dom Pedro II, nº 724;JARDIM AMÉRICA;Niterói;RJ;22851-193;N;10/06/2025
101713;BEATRIZ GUIMARAES GOMES MACHADO;685.898.619-70;29/10/1987;F;beatriz_mac943@hotmail.com;(11) 98437-4292;AVENIDA DAS FLORES, 51 - APTO 12;PARQUE INDUSTRIAL;São Paulo;sp;02426-603;N;15/11/2020
101714;JOSE FERREIRA NASCIMENTO;33654167659;27/08/1983;M;jose.nascimento263@bol.com.br;(21) 7511-2624;R. Dom Pedro II, 2014;CENTRO;Rio de Janeiro;Rio de Janeiro;24454863;;08/06/2023
101715;PAULO MARQUES;169.584.993-01;13/04/1981;M;paulo.marques377@hotmail.com;51975283559;AV. PAULISTA, Nº 2311 - FUNDOS;JARDIM AMÉRICA;Porto Alegre - RS;Rio Grande do Sul;93000944;S;02/06/2025
101716;FÁBIO GOMES MARTINS;12255333171;26/07/1966;M;fabio_mar537@uol.com.br;62963636910;RUA SÃO JOÃO, Nº 2330 - APTO 31;PARQUE INDUSTRIAL;GOIANIA;go;74917364;S;19/10/2021
101717;RODRIGO SILVA MACHADO PEIXOTO;655.760.262-41;15/01/1984;M;rodrigopeixoto614@bol.com.br;2178966303;R Santos Dumont, nº 1506 - Apto 12;PARQUE INDUSTRIAL;Rio de Janeiro;Rio de Janeiro;26238-188;S;03/03/2022
101718;FERNANDA DIAS;57289121171;05/03/1994;F;fernanda_dia970@gmail.com;31 995313147;RUA RIO BRANCO, 1869;BELA VISTA;Belo Horizonte;Minas Gerais;37019787;;30/08/2020
101719;SERGIO SILVA MAGALHAES;63281682290;18/04/1969;M;sergio.magalhaes644@yahoo.com.br;71 981423325;AV DA LIBERDADE, Nº S/N;LIBERDADE;Salvador;BA;48917-079;N;04/06/2022
101720;CAMILA ARAUJO GOMES;88742887275;23/04/1958;F;camilagomes16@yahoo.com.br;51 99802025;AL CASTRO ALVES, N. 239;SÃO JOSÉ;Porto Alegre - RS;Rio Grande do Sul;93068-195;S;07/04/2025
101721;WAGNER RODRIGUES SILVA;945.253.157-68;23/10/1953;M;wagner.silva18@bol.com.br;(11) 7748-9122;AV Castro Alves, nº 1667;JARDIM AMÉRICA;São Paulo;SP;03287-955;N;24/04/2019
101722;HELENA BRANDAO CONCEICAO;992.474.191-90;04/04/1986;F;helena_con230@uol.com.br;(51) 9875-6190;AVENIDA DOS ANDRADAS, 1136;BELA VISTA;Porto Alegre;rs;98832-523;S;01/08/2025
101723;PAULO MELO SANTOS;785.551.262-40;13/05/1996;M;;19 970802207;ALAMEDA DOS ANDRADAS, 2866 - APTO 31;SANTO ANTÔNIO;Campinas;São Paulo;16150-659;;23/11/2021
101724;CAMILA GOMES RODRIGUES;635.953.142-98;15/12/1991;F;camila.rodrigues289@bol.com.br;62960625427;Rua São João, 1710;SANTA CECÍLIA;Goiânia;GO;77097177;N;08/05/2022
101725;BEATRIZ MAGALHAES NUNES;192.928.601-51;15/05/1989;F; BEATRIZ_NUN775@OUTLOOK.COM ;81964327209;Pca Santos Dumont, nº 743;CENTRO;Recife;PE;53871564;S;19/01/2022
101726;GABRIELA CONCEICAO;708.834.992-23;16/10/1961;F;gabrielaconceicao286@bol.com.br;(41) 96496-5334;R XV de Novembro, 583;VILA MARIANA;Curitiba;PR;87685395;S;26/11/2019
101727;HENRIQUE NUNES MARQUES;942.103.866-50;30/07/1972;M; HENRIQUE_MAR235@HOTMAIL.COM ;(21) 6255-6450;AV Marechal Deodoro, N. 436;BELA VISTA;Rio de Janeiro;RJ;26784-221;S;13/06/2022
101728;MATEUS NASCIMETNO MELO;10606950141;21/08/1984;M;mateusmelo987@outlook.com;(11) 97580-3699;RUA DAS FLORES, 1811 - CASA 2;BOA VISTA;Santo André;SP;03974-642;S;28/07/2021
101729;CLAUDIA FREITAS;48152042846;07/02/1969;F;claudia_fre487@uol.com.br;(21) 6080-7193;AV XV de Novembro, nº 2286 - Bloco B Apto 104;JARDIM DAS FLORES;Rio;RJ;22903-187;S;15/11/2021
101730;ANTONIO ASSUNCAO NUNES;19140241505;22/06/1991;M;antonionunes903@gmail.com;21 83363610;AVENIDA DOM PEDRO II, 1821;SANTA CECÍLIA;Rio de Janeiro - RJ;RJ;27141996;N;28/07/2022
101731;MARCIO GOMES FERREIRA;83062720727;24/02/1989;M;marcio.ferreira597@yahoo.com.br;7193807230;Praça da Liberdade, 215 - Bloco B Apto 104;VILA NOVA;Salvador;Bahia;45483-007;S;06/08/2025
101732;MARIANA SOUZA CARDOSO;36071151090;05/12/1982;F;;41 965534912;AV PAULISTA, N. 1881;CENTRO;CURITIBA;PR;88773695;S;29/05/2022
101733;HELENA LIMA ASSUNCAO;341.759.044-25;03/08/1979;F;helenaassuncao248@hotmail.com;21970684352;RUA PAULISTA, 2550 - APTO 31;JARDIM DAS FLORES;Rio de Janeiro;rj;21518330;S;27/10/2025
101734;PAULO  SOUZA ANDRADE ;11779787502;17/08/1977;M;pauloandrade68032@hotmail.com;21990747227;Travessa das Flores, N. 1257;VILA MARIANA;Rio de Janeiro;Rio de Janeiro;27684726;N;07/01/2019
101735;MARIANA MACHADO SANTOS;40970331827;09/12/1993;;marianasantos385@gmail.com;81998719469;Avenida Santos Dumont, nº 668 - Bloco B Apto 104;CENTRO;Recife;pe;53282-694;;30/10/2023
101736;VITORIA SOUZA;65340722708;25/02/2000;F;;41977894684;Avenida São João, N. 2175 - Apto 31;BELA VISTA;Curitiba;pr;84272767;S;02/05/2021
101737;SRA. JULIA MOREIRA GOMES;26410786948;14/04/1965;F;julia_gom518@uol.com.br;;RUA Tiradentes, 480;SANTA CECÍLIA;Rio de Janeiro;RJ;22346-694;N;16/12/2023
101738;BRUNO DIAS PEREIRA SILVA;35563000877;08/10/1973;M;brunosilva547@hotmail.com;48 95279270;Rua das Palmeiras, nº 2508;VILA NOVA;Florianópolis;SC;82233450;;24/03/2023
101739;FÁBIO  FREITAS ;83508494608;30/09/1994;M;fabiofreitas733@yahoo.com.br;11 985521507;RUA DAS FLORES, 2233 - FUNDOS;VILA NOVA;São Paulo - SP;sp;01365-199;S;15/06/2023
101740;GUSTAVO ASSUNÇÃO ANDRADE;561.758.776-59;05/12/1993;M;gustavoandrade33828@outlook.com;31993375710;TRAVESSA DOM PEDRO II, 2705 - CASA 2;JARDIM DAS FLORES;Belo Horizonte;mg;32929736;N;10/08/2022
101741;DANIEL GOMES;672.715.737-55;10/10/1990;M;daniel_gom527@gmial.com;11986637679;Rua Brasil, N. S/N;BOA VISTA;São Paulo;São Paulo;08547-808;S;07/09/2021
101742;JÚLIA MELO PEIXOTO MOREIRA;9604666819;06/12/1988;F;julia_mor746@bol.com.br;(11) 96745-9939;ALAMEDA DOM PEDRO II, N. 551;PARQUE INDUSTRIAL;São Paulo;SP;8069359;S;30/12/2022
101743;MATEUS MENDES;34741890503;28/06/1996;M;mateus.mendes515@bol.com.br;;R São João, N. 1108 - Apto 12;SANTA CECÍLIA;Campinas;SP;18822998;N;25/10/2023
101744;VINICIUS BARBOSA;38634065839;16/05/1986;M;viniciusbarbosa39@hotmail.com;11975364794;Av. Getúlio Vargas, N. S/N;VILA MARIANA;São Paulo;São Paulo;03462-196;N;17/07/2020
101745;CECILIA COSTA RODRIGUES;93194368940;22/06/1976;F;;31 978058234;R. SETE DE SETEMBRO, N. 698 - APTO 31;BOA VISTA;Belo Horizonte;MG;33193-572;S;19/05/2025
101746;FERNANDO DIAS;950.346.045-07;15/09/1963;M;fernando_dia3154@bol.com.br;51985433879;Rua dos Ipês, 1434;JARDIM DAS FLORES;Porto Alegre;rs;94105250;;26/06/2022
101747;BRUNO NASCIMENTO ARAUJO;114.811.443-24;19/07/2002;M;bruno.araujo963@gmail.com;21991189296;AV. GETÚLIO VARGAS, N. 732;LIBERDADE;NITEROI;RJ;21526491;S;16/02/2019
101748;LÚCIA FERREIRA CARDOSO PEREIRA;91645910857;18/09/1950;F;lucia.pereira860@outlook.com;(31) 96879-3707;AV TIRADENTES, N. 1713;BOA VISTA;Belo Horizonte;mg;36087315;S;04/01/2024
101749;MATESU BARBOSA ARAUJO;39188371905;14/02/1969;M;mateus_ara372@gmail.com;11962576732;RUA TIRADENTES, Nº 861 - APTO 31;LIBERDADE;São Paulo;SP;06312445;S;29/12/2020
101750;PRISCILA ANDRADE CARVALHO;407.515.127-10;10/07/1988;F;priscila.carvalho640@hotmail.com;(11) 6082-5464;Pç. Rio Branco, N. 2889;BELA VISTA;São Paulo;SP;06927820;S;04/02/2019
101751;SERGIO COSTA FERREIRA MARQUES;14785171316;29/03/2000;;sergio.marques523@outlook.com;;ALAMEDA GETÚLIO VARGAS, Nº 2795 - APTO 12;PARQUE INDUSTRIAL;CURITIBA;pr;89752114;S;07/07/2020
101752;CESAR SOUZA FERREIRA;072.668.290-03;25/09/1991;M;cesar_fer176@uol.com.br;1182793571;R Presidente Vargas, nº 2742 - Apto 31;SANTO ANTÔNIO;São Paulo;SP;02148-025;S;12/02/2024
101753;JOSE MARTINS ARAUJO;74752901072;10/06/1976;M;josearaujo606@gmail.com;(19) 99368-2540;AVENIDA SETE DE SETEMBRO, Nº 1356;CENTRO;Campinas - SP;SP;19162442;;23/01/2019
101754;VINICIUS CONCEICAO SOUZA;390139360;18/05/1973;;vinicius_sou183@hotmail.com;(41) 98035-9677;PRACA Brasil, N. 135;VILA NOVA;Curitiba;PR;88631-464;S;03/03/2023
101755;THIAGO  ARAÚJO FERREIRA LIMA ;89163503441;04/02/1984;M;thiagolima663@outlook.com;31 983284084;Rua Dom Pedro II, N. 2653;JARDIM AMÉRICA;BELO HORIZONTE;mg;31761786;N;23/11/2019
101756;BRUNO O. GOMES;556.742.184-20;06/07/1993;M;bruno.gomes145@bol.com.br;4195375648;RUA SÃO JOÃO, N. 2781;JARDIM AMÉRICA;Curitiba;pr;86758934;N;20/11/2019
101757;CAIO DIAS SILVA;11459980549;01/07/1965;I;caio_sil49537@uol.com.br;31 980161583;AVENIDA XV DE NOVEMBRO, N. 2581;VILA NOVA;Belo Horizonte;mg;33288-688;S;18/09/2019
101758;MARIANA LIMA MELO FERREIRA;859.556.003-02;04/04/1988;F;marianaferreira742@yahoo.com.br;11978636009;AV DAS PALMEIRAS, 1677;PARQUE INDUSTRIAL;São Paulo;SP;04362-418;N;05/10/2025
101759;PATRÍCIA BRANDÃO;220.694.563-07;30/08/1994;F;;(41) 97214-1071;RUA Castro Alves, 1762;PARQUE INDUSTRIAL;Curitiba;Paraná;85442313;S;15/09/2022
101760;ANA MELO;10524704163;30/07/1971;F;ana_mel742@gmail.com;19 976575659;AV. XV DE NOVEMBRO, 1906;CENTRO;Campinas;;15735297;S;22/07/2022
101761;SERGIO NUNES;37054128842;29/07/1986;M;sergio_nun15@gmail.com;19985034173;Rua das Flores, N. 1715 - Casa 2;JARDIM DAS FLORES;Campinas;SP;15596-186;S;06/09/2019
101762;NATALIA SILVA ANDRADE;403.658.142-29;26/10/1959;; NATALIA_AND128@YAHOO.COM.BR ;61985685119;ALAMEDA MARECHAL DEODORO, N. 963;VILA NOVA;Brasília;df;79451919;;15/11/2020
101763;LUÍZA NASCIMENTO SILVA FERREIRA;064.199.715-94;04/12/1998;F;luizaferreira37@uol.com.br;11987278368;Rua Paulista, nº 1129 - Bloco B Apto 104;BELA VISTA;Guarulhos;São Paulo;2521491;S;07/07/2024
101764;MARCELO CARVALHO;35194687192;23/04/1985;M;marcelocarvalho489@outlook.com;11986692129;Rua Marechal Deodoro, 778;PARQUE INDUSTRIAL;Guarulhos;sp;03213-724;S;21/06/2020
101765;ANTÔNIO MENDES;814.811.160-02;31/12/1933;;antoniomendes923@bol.com.br;31996965755;Avenida da Liberdade, N. 1068 - Apto 12;JARDIM DAS FLORES;Belo Horizonte;MG;34998-764;;23/09/2019
101766;BEATRIZ FERREIRA MAGALHÃES;71443764740;30/11/1992;F;beatriz.magalhaes970@bol.com.br;;Travessa Brasil, nº 1537;BOA VISTA;Rio de Janeiro;rj;21416930;N;08/12/2025
101767;JOAO PEREIRA ALVES;77079286280;09/03/1990;M;joao.alves605@yahoo.com.br;(51) 96976-8775;Av. dos Ipês, nº 1644;PARQUE INDUSTRIAL;P. Alegre;RS;95296-046;N;08/10/2020
101768;RAQUEL NUNES;69834361211;30/10/1998;F;raquel.nunes696@yahoo.com.br;11987991416;AVENIDA SANTOS DUMONT, N. 1220;LIBERDADE;São Paulo;sp;9879416;S;29/03/2022
101769;TANIA FERERIRA;40061681288;24/07/1999;F;;11985616513;Rua Brasil, nº 664;VILA NOVA;São Paulo;sp;04188919;N;11/06/2019
101770;CLÁUDIA MARTINS;584.196.962-50;01/01/1900;F;claudiamartins859@gmail.com;61995152977;TRAVESSA GETÚLIO VARGAS, 2708;BELA VISTA;BRASILIA;Distrito Federal;73692762;;28/11/2020
101771;DANIEL NUNES MARTINS;22552529020;09/10/1990;M;daniel.martins336@outlook.com;(19) 96423-7531;AV Brasil, 1953;SÃO JOSÉ;Campinas;São Paulo;18892178;S;19/11/2021
101772;JULIA CARVALHO BRANDAO;355.782.093-94;17/02/1986;F;julia_bra865@yahoo.com.br;1185277037;Avenida Brasil, nº 1317;JARDIM DAS FLORES;Guarulhos;SP;04292-436;S;13/06/2023
101773;JOAO PEIXOTO ALVES;50926174207;22/03/1988;M;joao_alv769@hotmail.com;41 977349528;R DOS ANDRADAS, Nº 60;JARDIM AMÉRICA;Curitiba;PR;81340389;S;29/11/2019
101774;RENATA PEIXOTO;55945042064;07/12/1971;F;renata_pei546@uol.com.br;(19) 7937-2781;Rua Getúlio Vargas, N. 2200;SANTA CECÍLIA;Campinas;sp;19952-049;N;01/09/2025
101775;BRUNO RIBEIRO;65786968650;13/03/1964;;bruno_rib144@outlook.com;(19) 6091-3603;RUA SANTOS DUMONT, N. 1705;JARDIM DAS FLORES;Campinas;SP;19416942;N;10/01/2021
101776;JOAO MARQUES ARAUJO;788.617.591-30;08/03/1984;M;joao_ara586@uol.com.br;16 995548771;AV DA LIBERDADE, 980;LIBERDADE;Ribeirão Preto;São Paulo;18956151;S;10/02/2023
101777;FERNANDO MAGALHAES;193.480.432-00;15/04/2004;M;fernandomagalhaes650@hotmail.com;21971867285;RUA PAULISTA, 2721;PARQUE INDUSTRIAL;Rio de Janeiro;RJ;24378838;S;13/05/2022
101778;BRUNO ARAÚJO ALVES;156.250.371-59;20/07/1987;M;brunoalves945@outlook.com;11 993472016;R. SETE DE SETEMBRO, Nº 2317;BOA VISTA;são paulo ;SP;06103-524;;10/08/2023
101779;LUIZA MENDES BRANDAO;694.058.007-79;13/12/1985;;luizabrandao294@bol.com.br;3177184093;R dos Ipês, nº 1170 - Apto 12;SÃO JOSÉ;Belo Horizonte;MG;38746595;S;28/04/2023
101780;GABRIELA ALVES;813.383.793-64;04/09/1994;F;gabriela.alves619@gmail.com;31 974064662;ALAMEDA DOS IPÊS, N. 2595;JARDIM AMÉRICA;Belo Horizonte;MG;31493-479;S;26/10/2022
101781;ALINE FREITAS;13721546202;31/12/1980;F;aline.freitas788@uol.com.br;(11) 98147-7339;AV Paulista, 1190 - Apto 12;SANTO ANTÔNIO;SAO PAULO;São Paulo;08147-221;N;13/05/2022
101782;PRISCILA ALEVS BARBOSA OLIVEIRA;606.035.734-28;09/09/1992;F;priscila.oliveira856@uol.com.br;(11) 97761-7410;RUA DOM PEDRO II, 190 - BLOCO B APTO 104;JARDIM AMÉRICA;São Paulo;SP;05894-209;N;17/04/2021
101783;JOSE MARTINS MARTINS;13320965140;29/06/1975;M;jose.martins38@gmail.com;(11) 99320-5751;Rua Getúlio Vargas, nº 1252 - Bloco B Apto 104;BOA VISTA;São Paulo;São Paulo;09990-739;;13/04/2023
101784;GABRIELA MACHADO ARAUJO;29016965203;08/09/1995;F;gabrielaaraujo60@bol.com.br;;Rua dos Ipês, N. 2657 - Apto 31;SÃO JOSÉ;SANTO ANDRE;sp;08438099;S;28/10/2021
101785;CLAUDIA P. NUNES;47716221248;06/02/1993;F;claudia_nun178@gmail.com;;RUA XV de Novembro, 1815;SÃO JOSÉ;Porto Alegre;rs;98931-524;S;26/10/2023
101786;MARIANA  MELO BARBOSA ;49893920434;15/10/1998;F;mariana_bar447@outlook.com;11992806201;RUA DOS IPÊS, 1097;SANTO ANTÔNIO;São Paulo;SP;04938-169;N;22/03/2021
101787;LUIS ASSUNCAO NUNES;15073325729;04/05/1976;M;luis_nun733@outlook.com;;RUA DOS ANDRADAS, N. 2191 - APTO 31;PARQUE INDUSTRIAL;Brasília;DF;78467-851;;19/10/2023
101788;DÉBORA  ASSUNÇÃO ;755.112.876-01;26/03/1994;F;debora.assuncao450@outlook.com;31 988826891;Av. Paulista, 2567 - Apto 31;JARDIM AMÉRICA;Belo Horizonte - MG;MG;34924726;N;26/05/2023
101789;LUÍZA NASCIMENTO LIMA;907.874.843-50;28/04/1995;;luiza_lim583@hotmail.com;51 90871492;RUA DOM PEDRO II, Nº 1392;LIBERDADE;Porto Alegre;RS;96108431;;23/12/2022
101790;PRISCILA MACHADO FERREIRA;98786252658;07/08/1995;F;priscilaferreira81759@yahoo.com.br;(11) 96863-5043;Rua Santos Dumont, nº 1300;SANTA CECÍLIA;São Paulo;SP;4785267;S;11/08/2019
101791;SÉRGIO LIMA ASSUNÇÃO;758.146.818-61;25/08/1989;M;sergio.assuncao973@hotmail.com;(21) 97487-4872;AVENIDA PRESIDENTE VARGAS, N. 2630;JARDIM AMÉRICA;Niterói;rj;22409966;S;14/09/2021
101792;TANIA SOUZA;26266347512;30/12/1987;F;taniasouza471@hotmail.com;(11) 97723-1567;RUA TIRADENTES, Nº 1636;SÃO JOSÉ;São Paulo;sp;03431-758;N;15/12/2023
101793;LETÍCIA RODRIGUES;540.307.980-71;03/06/1997;;leticiarodrigues223@hotmail.com;1194863300;Pca Presidente Vargas, nº 2382;JARDIM DAS FLORES;SAO PAULO;São Paulo;04541-603;N;30/08/2021
101794;DANIEL FREITAS GUIMARÃES;408.545.518-40;31/10/1992;M;;(48) 98907-7290;AVENIDA TIRADENTES, Nº 1454;JARDIM AMÉRICA;Florianópolis;Santa Catarina;82426115;S;20/04/2020
101795;ANA OLIVEIRA BRANDAO MARTINS;80646140400;27/07/1997;F;anamartins867@gmail.com;21 965241443;AVENIDA BRASIL, Nº S/N;VILA NOVA;RIO DE JANEIRO;RJ;23169083;N;01/12/2020
101796;SERGIO  SILVA ANDRADE NUNES ;92879292620;03/08/1990;M;sergio.nunes550@outlook.com;16 986016127;ALAMEDA RIO BRANCO, Nº 442;JARDIM AMÉRICA;Ribeirão Preto;São Paulo;11322701;N;28/12/2019
101797;BRUNO OLIVEIRA RODRIGUES;040.404.504-93;15/05/1991;M;bruno_rod412@hotmail.com;11 60736035;R. MARECHAL DEODORO, N. 851 - APTO 12;SANTA CECÍLIA;Guarulhos;SP;03298080;N;17/11/2021
101798;SERGIO ASSUNCAO;30328506656;15/08/1988;M;sergioassuncao153@hotmail.com;11 970277931;Rua Marechal Deodoro, 1127;JARDIM DAS FLORES;São Paulo;São Paulo;08656690;S;10/04/2020
101799;SERGIO ARAUJO COSTA;593.585.312-40;12/03/1987;M;sergiocosta980@bol.com.br;(11) 97169-2219;Avenida da Liberdade, N. 602;VILA NOVA;Santo André;;04021498;S;24/11/2019
101800;RODRIGO MELO DIAS;801.977.567-60;13/09/1982;; RODRIGO.DIAS735@YAHOO.COM.BR ;;RUA DAS PALMEIRAS, Nº 838;JARDIM DAS FLORES;Campinas;sp;11278314;N;24/09/2022
101801;TANIA NUNES;426.299.714-65;12/07/1954;F;tania_nun930@outlook.com;(11) 98975-1161;R. DOS IPÊS, N. 1538;BOA VISTA;São Paulo;São Paulo;9367658;N;05/09/2023
101802;RENATA  SOUZA PEIXOTO ;02224964447;23/02/1970;F;renatapeixoto201@hotmail.com;99024-3255;AVENIDA DAS FLORES, 2523;SANTA CECÍLIA;São Paulo;sp;06905859;S;25/09/2023
101803;FABIO RODRIGUES BRANDAO PEIXOTO;406.145.429-36;13/03/2001;M;fabio_pei80064@outlok.com;41982384678;Rua Tiradentes, 1346;VILA NOVA;Curitiba;PR;88698583;N;30/12/2019
101804;RAFAEL ARAUJO;87412146092;23/01/1998;M;rafael.araujo965@outlook.com;(21) 99029-6530;RUA DOS ANDRADAS, Nº 72;VILA MARIANA;Rio de Janeiro;RJ;29937-806;S;06/01/2020
101805;DANIEL GUIMARAES ROCHA CARDOSO;00071803491;17/09/1985;M;danielcardoso887@yahoo.com.br;11982219090;RUA DAS FLORES, Nº 962;PARQUE INDUSTRIAL;São Paulo;sp;01303-596;N;25/11/2022
101806;WAGNER CARVALHO ANDRADE;535.779.404-92;01/10/1987;M;wagner_and50@yahoo.com.br;21 964674484;R da Liberdade, N. 920;VILA NOVA;Rio de Janeiro;rj;24438-196;;05/06/2023
101807;JULIA MAGALHAES MARQUES;04461608654;17/02/2003;F;julia.marques360@bol.com.br;(31) 6786-9201;Trav. Sete de Setembro, N. 1066;JARDIM DAS FLORES;Belo Horizonte;mg;33581259;N;11/11/2022
101808;MARCIA PEIXOTO MARTINS;17393421941;10/10/1972;F;marciamartins388@hotmail.com;(11) 96121-7126;R. Dom Pedro II, N. 1759;SANTA CECÍLIA;São Paulo;São Paulo;6656119;N;20/03/2022
101809;CAMILA NUNES CONCEICAO;533.846.574-46;07/05/1992;F;camila_con622@gmail.com;61975686274;Avenida Paulista, nº 451;BELA VISTA;Brasília;DF;78012829;S;09/11/2023
101810;LUCAS MELO LIMA;52317372914;23/12/1994;M;lucas_lim645@uol.com.br;11 80769612;RUA DAS PALMEIRAS, 222 - BLOCO B APTO 104;SÃO JOSÉ;São Paulo;;08311-809;S;30/04/2019
101811;SONIA C. ANDRADE;462.811.305-02;09/02/1985;F;sonia_and828@uol.com.br;;PRACA Paulista, 2631;SANTO ANTÔNIO;Guarulhos;sp;06805013;S;27/02/2024
101812;VITORIA ANDRADE CARDOSO;57275386704;05/03/1997;F;vitoria.cardoso383outlook.com;11970546180;RUA dos Ipês, 602;SANTA CECÍLIA;São Paulo;SP;05089-681;N;03/12/2022
101813;ISABELA ALVES MACHADO;34179456150;20/04/1966;F;isabelamachado398@uol.com.br;11997452107;RUA DOS IPÊS, 1763;VILA NOVA;São Paulo;São Paulo;08227-781;N;18/05/2020
101814;ALINE GUIMARAES ALVES;28967881908;14/10/1994;F;alinealves376@hotmail.com;81 971083696;Rua Sete de Setembro, 2107 - Apto 31;JARDIM AMÉRICA;Recife;Pernambuco;55543087;N;18/06/2020
101815;HENRIQUE MOREIRA;341.431.304-91;31/12/1976;M;henriquemoreira338@outlook.com;21978363100;RUA Presidente Vargas, 2702;SÃO JOSÉ;Rio de Janeiro;Rio de Janeiro;26589-834;S;28/02/2023
101816;RODRIGO LIMA;42372778447;29/09/1999;M;rodrigo.lima643@yaho.com.br;51 982329891;RUA GETÚLIO VARGAS, 2704 - APTO 31;SANTO ANTÔNIO;PORTO ALEGRE;rs;95302-439;N;04/10/2023
101817;ANDRE CARDOSO ROCHA;75188214865;08/08/1988;M;andre_roc815@;11 964693603;AVENIDA TIRADENTES, 481 - APTO 12;VILA NOVA;São Paulo;SP;07448-807;N;29/05/2020
101818;JOSÉ M. CARVALHO;81167002601;30/10/1998;M;josecarvalho882@bol.com.br;41994804232;AL Santos Dumont, nº 1920;JARDIM AMÉRICA;Curitiba;Paraná;84640-562;S;27/06/2022
101819;NATALIA MACHADO FERREIRA;72850581577;28/01/1988;F;natalia.ferreira474@bol.com.br;11965248682;Rua das Flores, nº 1920 - Apto 12;SANTO ANTÔNIO;São Paulo;São Paulo;02835823;S;13/11/2019
101820;LUÍS CARVALHO;141.276.695-86;26/08/1950;M;luis.carvalho832@uol.com.br;4168921668;Avenida Rio Branco, N. 2431 - Bloco B Apto 104;VILA MARIANA;Curitiba;Paraná;86104-785;N;07/09/2023
101821;TANIA CARVALHO MOREIRA;62131814666;14/01/1967;F;tania.moreira756@uol.com.br;(62) 99058-7500;RUA BRASIL, N. 97;SÃO JOSÉ;Goiânia - GO;GO;72684-086;S;24/04/2025
101822;ANTÔNIO PEREIRA ROCHA ALVES;17860281740;31/12/1933;I;antonio.alves60@bol.com.br;11 986619199;RUA XV DE NOVEMBRO, N. 1290;JARDIM DAS FLORES;SAO PAULO;SP;03539-090;S;09/06/2021
101823;CAMILA  BARBOSA ;26418131908;28/02/1995;F;camila.barbosa14@hotmail.com;11 976012485;Rua Presidente Vargas, N. 46 - Apto 12;BOA VISTA;SANTO ANDRE;São Paulo;07870-036;S;04/10/2024
101824;LEONARDO MACHAOD CONCEICAO;262.856.210-39;17/01/1944;M;leonardoconceicao648@@uol.com.br;97584-7882;AV. SÃO JOÃO, Nº 1645 - APTO 12;BOA VISTA;São Paulo;sp;02427-205;S;27/12/2024
101825;FERNANDO  OLIVEIRA MENDES ;06093100979;17/10/1967;M;fernandomendes271@hotmal.com;99843-7087;Avenida Getúlio Vargas, S/N;VILA NOVA;Belo Horizonte - MG;Minas Gerais;39118389;S;06/04/2023
101826;MATEUS MOREIRA;76542771050;29/06/1985;M;mateus_mor304@gmail.com;21 92779471;Avenida das Flores, N. 2002;PARQUE INDUSTRIAL;Rio de Janeiro - RJ;rj;25421-608;N;10/02/2020
101827;LEONARDO FERREIRA ALVES PEREIRA;72961948550;01/01/1900;M;leonardo_per570@gmail.com;77087556;RUA DA LIBERDADE, Nº 2299;JARDIM AMÉRICA;São Paulo;SP;06364658;N;13/07/2019
101828;PRISCILA AARUJO;219.841.030-32;31/12/1933;F;priscila_ara704@gmail.com;21974106281;R. das Flores, nº 1128;VILA NOVA;Rio de Janeiro;RJ;21171001;S;14/04/2025
101829;ALINE MACHADO NUENS;80190821159;19/10/1987;F;aline_nun103@uol.com.br;11971464438;R Brasil, N. 482;CENTRO;São Paulo;SP;05602706;S;15/01/2025
101830;SONIA CARDOSO;66485919430;28/11/1991;F;soniacardoso555@hotmail.com;11991598912;Av Presidente Vargas, nº 2223 - Apto 31;CENTRO;SAO PAULO;sp;08114-786;S;07/09/2022
101831;HENRIQUE ANDRADE DIAS;685.679.896-20;31/05/1996;M;henrique.dias197@hotmail.com;65394176;R São João, nº 176;SÃO JOSÉ;São Paulo;sp;07506769;S;13/06/2020
101832;JÚLIA MELO LIMA;785.921.792-97;18/07/1990;F;julia_lim26387@outlook.com;21990403633;Rua Dom Pedro II, nº 1655 - Fundos;VILA NOVA;Rio de Janeiro;rj;25183601;S;07/09/2021
101833;MARCELO LIMA;161.431.013-02;31/12/1933;M;marcelo.lima141@outlook.com;51968681838;R. BRASIL, Nº 1034;CENTRO;Porto Alegre;RS;93979-466;;20/10/2021
101834;ANA MARTINS NASCIMENTO PEREIRA;772.523.336-98;27/03/1987;F;ana_per618gmail.com;96775-9412;R. TIRADENTES, N. 1772 - APTO 12;SÃO JOSÉ;recife ;PE;57418-346;N;11/06/2020
101835;LETICIA CONCEICAO;667.542.748-24;06/04/1977;;leticia.conceicao955@uol.com.br;(31) 9496-3360;Pç. Rio Branco, N. 951 - Apto 12;PARQUE INDUSTRIAL;Belo Horizonte;Minas Gerais;37959-347;N;12/08/2024
101836;CECILIA  RIBEIRO MELO ;930.035.172-95;29/09/1980;F;cecilia.melo561@bol.com.br;(11) 99391-1694;AVENIDA DOS IPÊS, 66;BOA VISTA;Santo André;SP;01722-384;N;18/01/2022
101837;LETICIA MENDES DIAS;221.741.589-14;27/12/1982;F;leticia_dia83@hotmail.com;21980497302;Rua Presidente Vargas, N. 1147;CENTRO;rio de janeiro ;RJ;27382657;N;26/09/2025
101838;LUCAS MENDES MACHADO FERREIRA;13870498951;30/09/1993;;lucasferreira498@yahoo.com.br;16975465016;RUA MARECHAL DEODORO, 1064 - APTO 12;PARQUE INDUSTRIAL;Ribeirão Preto - SP;São Paulo;19128-717;S;06/09/2019
101839;MARIANA COSTA ASSUNÇÃO;93886684997;13/04/1996;F;mariana.assuncao607@hotmail.com;16 966753218;R. DAS PALMEIRAS, N. 2609;SÃO JOSÉ;Ribeirão Preto;SP;19557-880;N;04/10/2021
101840;JOSE LIMA CARDOSO CONCEICAO;22577075081;27/04/1977;M;;11970281115;Rua São João, 2312;CENTRO;Santo André;São Paulo;8957758;;08/02/2022
101841;SÉRGIO MARQUES SANTOS;864.697.477-44;13/01/1987;M;sergio_san187@outlook.com;61 95291788;Rua Sete de Setembro, S/N;SANTO ANTÔNIO;Brasília;Distrito Federal;75021410;N;09/09/2025
101842;LUCAS GOMES;509.973.231-32;20/11/1996;M;lucasgomes423@outlook.com;(32) 97646-3868;AV da Liberdade, nº 1076;LIBERDADE;Juiz de Fora;Minas Gerais;37075460;S;07/05/2025
101843;JOANA PEIXOTO;43712951930;26/07/1960;F;joana_pei541@uol.com.br;11 991366327;TRAV. DAS FLORES, N. 880 - APTO 31;PARQUE INDUSTRIAL;São Paulo;SP;08885040;S;25/10/2024
101844;LETÍCIA  MACHADO MARTINS ;923.291.445-04;03/08/1996;F;leticia.martins121@outlook.com;2195416571;TRAVESSA PRESIDENTE VARGAS, N. 1078;VILA MARIANA;Rio de Janeiro;Rio de Janeiro;26852386;N;14/03/2021
101845;DRA.  GUSTAVO MARTINS ;373.098.807-73;21/10/1984;M;gustavo.martins40@gmail.com;(21) 97830-7734;RUA GETÚLIO VARGAS, Nº 1976;CENTRO;RIO DE JANEIRO;RJ;21607-283;S;29/04/2023
101846;FERNANDA MOREIRA GUIMARAES;86514774571;15/03/1991;F;fernandaguimaraes829@yahoo.com.br;11990247891;Travessa das Flores, N. 2756;BELA VISTA;Guarulhos;sp;02756-149;S;20/04/2020
101847;GABRIELA CARDOSO;125.405.595-90;13/01/1989;F;gabriela.cardoso55@bol.com.br;(21) 96304-3938;R. GETÚLIO VARGAS, Nº 1799;SANTO ANTÔNIO;RIO DE JANEIRO;RJ;23054-267;S;22/08/2024
101848;ISABELA GOMES LIMA;07241333306;01/12/1995;F;isabelalima726@outlook.com;(11) 6513-8931;AVENIDA CASTRO ALVES, Nº 2121 - APTO 12;VILA NOVA;São Paulo;SP;6423194;N;20/05/2022
101849;RAQUEL CARDOSO;265.702.457-24;17/11/1946;F;raquelcardoso876@bol.com.br;(51) 98437-1664;Rua Presidente Vargas, 503;PARQUE INDUSTRIAL;Porto Alegre;RS;96099086;;29/09/2019
101850;LETICIA MELO;84896864670;10/12/1998;F;leticia.melo574@yahoo.com.br;11960552286;Rua das Palmeiras, 412;SÃO JOSÉ;São Paulo;sp;06230522;S;03/02/2019
101851;LUCIA BARBOSA;30857564420;12/12/1970;F;lucia.barbosa747@yahoo.com.br;31 87217715;RUA RIO BRANCO, Nº 2061 - APTO 12;VILA NOVA;BELO HORIZONTE;mg;37628-440;N;01/05/2021
101852;PAULO LIMA GUIMARAES;961.160.149-25;03/12/1947;;pauloguimaraes462@bol.com.br;11 984594782;R. GETÚLIO VARGAS, Nº 1139 - FUNDOS;VILA NOVA;Santo André - SP;SP;03211-514;N;17/09/2024
101853;HELIO NASCIMENTO;18096383728;29/04/1989;M;;11 60655228;AVENIDA DAS PALMEIRAS, N. 611;BOA VISTA;Sampa;sp;01916-129;N;21/05/2022
101854;CAIO PEIXOTO FERREIRA RIBEIRO;73292456908;19/09/1970;M;caioribeiro471@bol.com.br;(62) 99244-2454;Travessa das Palmeiras, nº 149;VILA NOVA;goiânia ;GO;79727828;N;05/01/2023
101855;GUSTAVO MARQUES ALVES;249.821.743-69;20/04/1995;M;gustavoalves868@hotmail.com;61 978531243;Rua Marechal Deodoro, nº 2011;VILA NOVA;Brasília;Distrito Federal;75891-799;S;16/11/2023
101856;ALINE  GOMES ALVES ;48325558474;09/01/1988;F;simone.ribeiro9@outlook.com;(11) 96619-9892;Pca Getúlio Vargas, N. 959;SANTA CECÍLIA;Guarulhos;SP;02086-217;N;16/08/2019
101857;HELIO OLIVEIRA MARTINS ASSUNCAO;211.226.729-93;30/04/1983;M;helio_ass701@uol.com.br;21 967719165;AVENIDA BRASIL, Nº 764;CENTRO;Rio de Janeiro;RJ;29445783;N;27/02/2019
101858;LUCIA SOUZA OLIVEIRA;683.221.430-87;16/03/1966;F;lucia.oliveira389@bol.com;11 979889839;R Presidente Vargas, N. 1813;SANTO ANTÔNIO;São Paulo;São Paulo;6398941;N;08/03/2023
101859;TANIA ASSUNCAO;93524086837;23/03/1984;F;taniaassuncao869@bol.com.br;11968752402;AV DOS IPÊS, N. 2655;JARDIM AMÉRICA;Santo André;SP;8853306;N;05/06/2024
101860;JOAO COSTA;192.438.591-02;05/08/1988;M;joao.costa516@yahoo.com.br;85389092;R DOS ANDRADAS, 1630;SANTO ANTÔNIO;SANTO ANDRE;SP;9952678;N;09/05/2019
101861;PATRICIA AMGALHAES;58085011999;18/10/1992;F;patriciamagalhaes55@hotmail.com;81993374247;R Paulista, 1257;VILA MARIANA;Recife;PE;59587893;N;25/06/2019
101862;HÉLIO COSTA MARTINS ALVES;633.412.049-20;18/05/1990;M;helio.alves208@bol.com.br;(31) 6735-1423;Rua das Flores, nº 21 - Apto 12;PARQUE INDUSTRIAL;Belo Horizonte;MG;38734183;S;20/08/2022
101863;FABIO PEREIRA NUNES PEREIRA;30106451987;01/06/1985;M;fabiopereira108@hotmail.com;16 99773989;RUA SANTOS DUMONT, N. 422;VILA MARIANA;Ribeirão Preto;SP;18616556;N;12/04/2020
101864;EDUARDO ROCHA;87182581582;23/10/1973;M;eduardo.rocha809@outlook.com;(21) 96247-8456;TRAVESSA RIO BRANCO, N. 2655;CENTRO;RIO DE JANEIRO;RJ;29395062;S;22/07/2022
101865;CAMILA MOREIRA RIBEIRO;46308810347;01/01/1973;F;camilaribeiro415@hotmal.com;41 976396481;AV Sete de Setembro, N. 1781;SÃO JOSÉ;Curitiba;PR;87016-497;S;11/12/2024
101866;ISABELA OLIVEIRA MAGALHÃES;542.470.467-05;20/05/1966;F;isabela.magalhaes281@outlook.com;(11) 96215-6905;RUA CASTRO ALVES, N. 557;VILA MARIANA;Santo André;SP;05377-677;N;05/02/2020
101867;VITORIA MACHADO DIAS;86967656562;30/01/1999;I; VITORIADIAS822@UOL.COM.BR ;11969228748;R DAS FLORES, N. 873 - BLOCO B APTO 104;JARDIM DAS FLORES;São Paulo;SP;07687579;S;16/05/2022
101868;MARCELO LIMA;58548280220;13/03/1978;M;marcelo_lim357@hotmail.com;;Avenida XV de Novembro, N. 2290 - Casa 2;JARDIM DAS FLORES;São Paulo;SP;05303-927;N;12/04/2024
101869;ALINE BARBOSA CARVALHO;94080298951;09/12/1995;F; ALINE_CAR959@UOL.COM.BR ;71 969868106;Travessa Getúlio Vargas, 1364 - Fundos;LIBERDADE;Salvador;;46925051;N;06/08/2020
101870;DR. CECILIA COSTA MENDES NASCIMENTO;750.142.613-96;27/01/2000;;cecilia_nas697@hotmial.com;31 981217614;R DOS ANDRADAS, 742;JARDIM DAS FLORES;belo horizonte ;mg;36064904;N;21/11/2020
101871;ANDRE DIAS ANDRADE;49532478175;02/02/1992;M;andreandrade677@yahoo.com.br;61 985341651;AVENIDA GETÚLIO VARGAS, 801;BOA VISTA;Brasília;DF;73745681;;28/05/2021
101872;VITORIA BRANDAO PEREIRA;9,60625E+10;21/10/1947;F;vitoria.pereira445@hotmail.com;(21) 96534-9468;R. GETÚLIO VARGAS, N. 812;BELA VISTA;Niterói;RJ;25187-727;S;03/03/2024
101873;HELENA OLIVEIRA ASSUNÇÃO;725.593.464-19;13/04/1979;F; HELENA.ASSUNCAO44@GMAIL.COM ;11 980803603;Rua Paulista, N. 179;SANTA CECÍLIA;São Paulo;São Paulo;02115-647;S;11/10/2020
101874;HELIO ASSUNCAO CARVALHO;102.091.598-63;12/12/1984;M;helio.carvalho698@hotmail.com;11977518822;Al. Rio Branco, nº 28;JARDIM DAS FLORES;São Paulo;SP;06848056;N;01/09/2022
101875;VINICIUS NASCIMENTO CONCEICAO;10731255569;15/11/1985;M;viniciusconceicao314@uol.com.br;11987989563;R. SETE DE SETEMBRO, 1727 - APTO 12;JARDIM AMÉRICA;são paulo ;sp;03009-749;S;10/10/2021
101876;MARCIA R. MARQUES CONCEICAO;319.369.365-00;07/08/1986;F;marcia.conceicao563@yahoo.com.br;(11) 97470-7267;PRAÇA GETÚLIO VARGAS, Nº 675;SANTA CECÍLIA;SAO PAULO;SP;05262-427;S;08/03/2024
101877;WAGNER M. SOUZA;529.688.674-74;24/02/1968;M;wagner.souza947@bol.com.br;(21) 99414-1719;R. MARECHAL DEODORO, Nº 850 - APTO 31;JARDIM AMÉRICA;Rio de Janeiro;RJ;27811591;N;05/07/2021
101878;MARIANA MACHADO;29103552098;09/05/1967;F;mariana_mac51@hotmail.com;(31) 96252-2089;Rua Castro Alves, nº 2650;SÃO JOSÉ;Belo Horizonte;MG;37091-524;S;28/06/2024
101879;GABRIELA MACHADO;316.205.696-98;11/04/1983;F;gabriela.machado95@uol.com.br;(81) 6469-5881;R. dos Ipês, nº 636 - Apto 12;SANTO ANTÔNIO;RECIFE;PE;53593-577;N;17/05/2024
101880;LEONARDO PEREIRA MAGALHÃES;923.783.997-90;10/05/1991;M; LEONARDO.MAGALHAES38@GMAIL.COM ;51964816464;ALAMEDA SETE DE SETEMBRO, 1114;VILA MARIANA;POA;rs;97948483;S;25/04/2022
101881;LUÍS SILVA;19595105767;19/08/1983;M;luissilva330@uol.combr;11 983085710;AV dos Ipês, N. 1939 - Bloco B Apto 104;JARDIM DAS FLORES;São Paulo;São Paulo;06638-365;;20/05/2019
101882;CÉSAR RODRIGUES PEIXOTO;17939267434;27/04/1973;M;cesar.peixoto346@bol.com.br;11976285875;RUA GETÚLIO VARGAS, N. S/N;VILA MARIANA;Santo André;SP;08791080;N;18/10/2022
101883;WAGNER PEREIRA;731.840.918-21;05/02/1986;M;wagnerpereira899@bol.com.br;16 999447001;RUA das Palmeiras, 1347;VILA MARIANA;Ribeirão Preto;SP;19102-057;S;12/09/2020
101884;SÉRGIO COSTA;88297185133;14/09/1971;M;sergio_cos895@gmail.com;41 991579948;RUA PRESIDENTE VARGAS, N. 2822;SANTO ANTÔNIO;Curitiba;PR;88676318;S;10/03/2025
101885;SRA. JOANA NASCIMENTO MOREIRA PEREIRA;53987219840;11/03/1970;F;joanapereira638@bol.com.br;1674937430;R. Sete de Setembro, 1584;SANTA CECÍLIA;Ribeirão Preto - SP;SP;11989-769;S;13/11/2024
101886;EDUARDO GOMES CARDOSO;695.447.186-05;02/05/1979;M;eduardo.cardoso424@outlook.com;21 982869894;AVENIDA PRESIDENTE VARGAS, Nº 770;JARDIM DAS FLORES;Rio de Janeiro;RJ;28031-351;S;11/08/2021
101887;LUCIA OLIVEIRA SOUZA;87855879587;24/12/1983;F;luciasouza454@outlook.com;11970515990;R. Santos Dumont, nº 589 - Bloco B Apto 104;LIBERDADE;São Paulo;São Paulo;09937870;N;05/06/2024
101888;HENRIQUE BARBOSA MARQUES SOUZA;01368431402;13/02/1974;M;henriquesouza297@outlook.com;51 969124802;Rua Tiradentes, N. 2443 - Fundos;JARDIM AMÉRICA;Porto Alegre - RS;rs;94665557;;16/11/2025
101889;FERNANDA D. GOMES;121.398.824-15;22/11/1965;F;fernanda_gom56258@yahoo.com.br;97413-6436;TV. DOS ANDRADAS, 168 - FUNDOS;LIBERDADE;Recife;PE;57096949;S;07/08/2021
101890;VITORIA MAGALHAES BARBOSA;85468977435;11/04/1949;F;vitoria.barbosa915@outlook.com;(16) 6971-1000;AV DAS PALMEIRAS, 2166 - APTO 12;SÃO JOSÉ;Ribeirão Preto;SP;14856717;S;18/07/2020
101891;GABRIELA FERREIRA FREITAS;751.023.171-05;20/02/1967;;gabriela.freitas538@@gmail.com;11 995038821;Rua Getúlio Vargas, nº 2347;BOA VISTA;São Paulo;SP;06302780;;10/06/2024
101892;RENATA LIMA;36630228030;07/06/1977;F;renata_lim80152@bol.com.br;11975626777;AV XV DE NOVEMBRO, 968 - APTO 31;JARDIM AMÉRICA;São Paulo;sp;8094656;N;17/09/2020
101893;JOANA NUNES SANTOS GOMES;899.106.991-68;25/05/1986;F;joana_gom809@bol.com.br;11 963815228;RUA Dom Pedro II, N. 1716;CENTRO;SAO PAULO;sp;01317220;N;11/05/2022
101894;SRA. TÂNIA FERREIRA NASCIMENTO;70817612750;12/11/1993;F;tania.nascimento578@uol.com.br;62965827659;AVENIDA PRESIDENTE VARGAS, N. 2327;SÃO JOSÉ;Goiânia;GO;77482002;S;25/11/2019
101895;CESAR MOREIRA;19084510844;28/11/1974;M;cesar.moreira81@yahoo.com.br;(11) 99609-5330;R. CASTRO ALVES, 210;SÃO JOSÉ;São Paulo;SP;05665094;S;15/12/2022
101896;RODRIGO RIBEIRO PEIXOTO;210.844.148-48;20/05/1952;M;;11994716951;Rua dos Ipês, 1074 - Fundos;SANTO ANTÔNIO;São Paulo - SP;São Paulo;06053491;N;12/12/2019
101897;VITÓRIA MARQUES NASCIMENTO;93620909610;15/11/1975;F;vitoria_nas988@hotmail.com;99505-8120;Av. das Palmeiras, N. 201;PARQUE INDUSTRIAL;Belo Horizonte;mg;32237-931;S;06/12/2020
101898;RAFAEL OLIVEIRA MORIERA;455.192.315-08;29/01/1992;M;rafael.moreira14@hotmail.com;1175834659;Alameda das Palmeiras, nº 574 - Apto 12;VILA MARIANA;SAO PAULO;SP;04476113;N;28/06/2019
101899;ANA RODRIGUES DIAS;56174073840;06/11/1949;F;anadias980@yahoo.com.br;69278072;R. da Liberdade, 691;BELA VISTA;Campinas;SP;15384-904;S;14/01/2021
101900;EDUARDO GUIMARÃES ASSUNÇÃO MACHADO;441.541.402-80;29/07/1996;M;eduardomachado109@gmail.com;62979235131;RUA DAS PALMEIRAS, Nº 974;BOA VISTA;Goiânia;go;77323-324;N;12/11/2022
101901;ANTÔNIO RODRIGUES;856.356.264-91;06/10/1978;M;antonio_rod780@yahoo.com.br;(11) 97616-9110;AVENIDA XV DE NOVEMBRO, N. 1592 - FUNDOS;SANTA CECÍLIA;São Paulo;SP;09131-237;N;27/07/2025
101902;ANA SANTOS ROCHA;437.792.467-24;30/01/1967;F;ana_roc289@gmail.com;11990255222;AVENIDA DOS IPÊS, Nº 1815;SÃO JOSÉ;SAO PAULO;sp;09661-674;N;13/01/2021
101903;FERNANDO ARAUJO;936.574.355-90;11/11/1951;M;fernandoaraujo864@hotmail.com;(11) 8398-4150;Rua das Palmeiras, nº 1853;PARQUE INDUSTRIAL;Guarulhos;SP;01788-009;;24/06/2019
101904;LARISSA PEIXOTO NUNES MOREIRA;61812742274;28/01/1959;F;larissa.moreira168@outlook.com;(31) 7745-1070;Travessa Marechal Deodoro, nº 1437;VILA MARIANA;Belo Horizonte;;36206594;N;31/05/2024
101905;CESAR BRANDAO SANTOS;30851171486;06/09/1975;M; CESAR_SAN564@BOL.COM.BR ;16 998717289;RUA DAS PALMEIRAS, Nº 865;CENTRO;ribeirão preto ;SP;14597-627;S;28/03/2024
101906;PRISCILA MARTINS GOMES;8,38469E+10;22/12/1958;F;priscila.gomes983@yahoo.com.br;71 993034596;PRAÇA SÃO JOÃO, N. 1501 - FUNDOS;VILA MARIANA;Salvador;BA;47915-024;S;25/03/2024
101907;FERNANDA B. COSTA;16906242644;22/10/1980;F;fernanda.costa25@bol.com.br;48964855009;RUA DOS IPÊS, N. 1221;SÃO JOSÉ;Florianópolis;SC;84332-368;S;31/01/2025
101908;LUCAS CONCEICAO DIAS;52524064212;12/04/1991;M;lucas.dias686@uol.com.br;(62) 97599-9613;RUA Presidente Vargas, 2491;VILA MARIANA;Goiânia;Goiás;74787945;S;30/08/2023
101909;TANIA FERREIRA PEIXOTO;180.938.147-95;24/01/1990;F;tania_pei611@gmail.com;51 976529974;AVENIDA SÃO JOÃO, Nº 1693;VILA MARIANA;Porto Alegre;Rio Grande do Sul;98644910;N;19/11/2023
101910;MATEUS ARAUJO MACHADO;679.686.672-08;26/05/1992;M;mateusmachado588@uol.com.br;21963866383;RUA Dom Pedro II, 2750;SANTO ANTÔNIO;Niterói;RJ;25166179;S;01/07/2020
101911;PRISCILA PEREIRA SOUZA FERREIRA;24951024098;30/09/1985;F;priscilaferreira511@hotmail.com;2161894758;R. Tiradentes, 2337;BOA VISTA;rio de janeiro ;Rio de Janeiro;21841576;N;06/06/2020
101912;WAGNER FREITAS MARQUES;41230289267;19/08/1985;M;wagner_mar680@gmail.com;(21) 96513-7715;Rua Getúlio Vargas, N. 1956;JARDIM AMÉRICA;Rio de Janeiro;RJ;22450-158;N;26/04/2024
101913;ALINE MOREIRA CARVALHO;41087277540;22/09/1992;F;aline.carvalho303@yahoo.com.br;2169989127;RUA SANTOS DUMONT, 758 - APTO 12;VILA NOVA;Rio de Janeiro;RJ;27050779;N;08/06/2020
101914;LUCAS MELO MACHADO;99285781764;05/07/1992;M;;;AL da Liberdade, 2823 - Fundos;JARDIM DAS FLORES;São Paulo;SP;09883334;N;08/02/2020
101915;SRA. SÔNIA MENDES MOREIRA GUIMARÃES;04623179354;24/10/1975;F;sonia.guimaraes762@yahoo.com.br;(31) 97079-3397;R MARECHAL DEODORO, 2226 - CASA 2;CENTRO;Belo Horizonte;MG;35823741;N;08/09/2021
101916;RODRIGO MELO OLIVEIRA GOMES;18630057149;30/06/1998;M; RODRIGO.GOMES57636@HOTMAIL.COM ;(31) 97930-9869;AVENIDA DA LIBERDADE, N. 168 - APTO 31;LIBERDADE;Belo Horizonte;mg;33227-737;N;02/01/2023
101917;MARIANA MARQUES FREITAS;110.441.110-54;26/11/1994;F;mariana.freitas471@uol.com.br;97081-8765;AVENIDA DAS PALMEIRAS, Nº 864 - BLOCO B APTO 104;SÃO JOSÉ;campinas ;SP;15373-920;N;11/06/2021
101918;LUÍS PEIXOTO SILVA MAGALHÃES;63525456530;04/08/1967;M; LUISMAGALHAES955@GMAIL.COM ;81 963299209;RUA XV DE NOVEMBRO, Nº 716;VILA NOVA;Recife;PE;51298639;N;04/03/2021
101919;VINICIUS ALVES COSTA RIBEIRO;54110406471;08/05/1977;M;viniciusribeiro938@yahoo.com.br;1193508892;Rua Tiradentes, nº 2427 - Fundos;BELA VISTA;São Paulo;SP;02893808;S;14/01/2021
101920;PATRICIA SILVA NUNES;26485042652;26/11/1949;F;patricianunes69@outlook.com;;Rua XV de Novembro, 1878;VILA NOVA;Curitiba;PR;85716013;N;27/11/2023
101921;RODRIGO LIMA;87171361489;31/12/1933;M;rodrigolima694hotmail.com;11996835957;RUA SANTOS DUMONT, 1649 - CASA 2;JARDIM AMÉRICA;São Paulo;sp;09094-508;S;06/01/2024
101922;ANA PEREIRA FERREIRA;10264792661;11/04/1954;F;anaferreira11@hotmail.com;51 994021142;AV XV de Novembro, nº 216 - Apto 12;SANTO ANTÔNIO;PORTO ALEGRE;rs;96546-655;S;24/12/2024
101923;GABRIELA FERREIRA;33540988645;17/04/2000;F;gabriela_fer289@hotmail.com;19 984631608;AVENIDA BRASIL, Nº 1203;SÃO JOSÉ;CAMPINAS;SP;11084745;N;12/07/2021
101924;CECILIA ASSUNCAO;21741562880;01/11/1975;F;cecilia_ass354@outlook.com;41 989346478;Rua Presidente Vargas, N. 246;SÃO JOSÉ;Curitiba;PR;88050-751;S;11/05/2022
101925;RAFAEL ROCHA MARTINS;82041445122;13/07/1982;M;rafael_mar503@yahoo.com.br;(11) 96544-5794;R. da Liberdade, nº 478 - Casa 2;SANTA CECÍLIA;São Paulo;São Paulo;01065817;N;08/08/2025
101926;LUIS SOUZA ANDRADE;51549146009;26/12/1996;M;luis_and67877@hotmail.com;(61) 99026-1364;AVENIDA PAULISTA, Nº 1836;SANTA CECÍLIA;Brasília;DF;72506115;S;10/03/2019
101927;ANA ANDRADE;31281075302;17/09/1977;F;anaandrade984@uol.com.br;11981456298;RUA DAS FLORES, 2992;SÃO JOSÉ;Guarulhos;;06040605;N;26/04/2023
101928;ALINE MELO MACAHDO;81586852000;16/10/1972;F;alinemachado34813@outlook.com;62 984608283;AL TIRADENTES, 2841 - CASA 2;VILA NOVA;Goiânia;GO;77541-211;S;27/04/2021
101929;GUSTAVO MARQUES ROCHA;180.120.805-08;10/12/1969;M;gustavo_roc854@hotmail.com;(11) 99824-6315;R. DAS PALMEIRAS, Nº 1677;SANTA CECÍLIA;São Paulo;SP;08114-171;N;23/02/2025
101930;HELIO ROCHA RIBEIRO;61189353270;27/05/2001;M;helioribeiro560@uol.com.br;32976789901;AVENIDA DOM PEDRO II, N. 1149 - CASA 2;CENTRO;Juiz de Fora;MG;34926-875;S;23/10/2023
101931;SRA. CAIO MARQUES BRANDÃO;02827049066;15/04/1986;M;caio.brandao56@bol.com.br;81968875482;ALAMEDA MARECHAL DEODORO, N. 823;SÃO JOSÉ;Recife - PE;PE;57806-157;N;08/02/2024
101932;JÚLIA LIMA RODRIGUES;42545996173;08/05/1978;F;julia_rod124@outlook.com;62988858533;RUA DOM PEDRO II, 395;CENTRO;Goiânia - GO;GO;73716525;S;06/06/2019
101933;CAMILA MELO FREITAS;912.052.549-43;17/01/1968;F;;31 73276101;RUA SÃO JOÃO, 567;SANTO ANTÔNIO;Belo Horizonte;mg;34801-975;S;05/04/2021
101934;MARIANA MARQUES CARVALHO;69119171668;13/05/2001;F;mariana.carvalho998@yahoo.com.br;11992364140;AVENIDA GETÚLIO VARGAS, N. 1885;JARDIM AMÉRICA;São Paulo;SP;06669-527;S;02/03/2024
101935;MARIANA MARQUES CARVALHO MARTINS;904.813.720-91;03/02/1987;F;mariana_mar860@outlook.com;19 984827901;R CASTRO ALVES, Nº 233;PARQUE INDUSTRIAL;Campinas;São Paulo;18602848;N;04/12/2021
101936;HENRIQUE RIBEIRO BRANDAO MOREIRA;56812996947;29/12/1991;M;henrique_mor981@hotmail.com;11974922041;R. DOS ANDRADAS, 1283;JARDIM AMÉRICA;Guarulhos - SP;SP;02918-492;;11/01/2025
101937;VINICUIS FERREIRA RODRIGUES SILVA;74633729446;26/01/1973;;vinicius.silva306@uol.com.br;;RUA DAS PALMEIRAS, 2354 - BLOCO B APTO 104;SÃO JOSÉ;São Paulo;;05272-710;S;16/03/2022
101938;LÚCIA BARBOSA;24773923440;08/09/1976;F;;11 995953487;PÇ. SÃO JOÃO, N. 605;VILA MARIANA;SAO PAULO;São Paulo;06485-573;N;19/09/2023
101939;FERNANDO DIAS;233.703.647-27;07/07/1988;M;fernando.dias640@gmail.com;(11) 99352-6210;RUA DAS FLORES, 1650 - CASA 2;CENTRO;São Paulo;SP;05849846;S;18/03/2025
101940;RENATA MARQUES MAGALHÃES;86638586122;28/05/1984;F;renatamagalhaes433@yahoo.com.br;11 970142957;Rua Brasil, N. 1873 - Casa 2;BELA VISTA;São Paulo;sp;09912565;S;28/07/2020
101941;HELIO CONCEICAO ANDRADE GUIMARAES;1,78508E+10;17/11/1951;M; HELIO.GUIMARAES947@OUTLOOK.COM ;97935-8276;AVENIDA DOS ANDRADAS, 2898;VILA MARIANA;Brasília;df;79026643;;14/10/2025
101942;RAQUEL FERREIRA ASSUNÇÃO;34816532048;13/03/1973;F;raquel_ass233@gmail.com;41 981355089;Avenida Brasil, 1900;SANTO ANTÔNIO;curitiba ;PR;87000428;S;27/02/2022
101943;MARCIA ROCHA;461.277.507-41;28/01/1995;F;marciarocha102@gmail.com;(41) 8155-3852;Rua Tiradentes, nº 135;VILA NOVA;Curitiba;Paraná;88409588;;16/06/2023
101944;LUÍZA LIMA SILVA;313.525.897-10;04/03/1966;F;luiza.silva187@hotmail.com;(32) 7402-5979;AV Santos Dumont, 2003;SÃO JOSÉ;Juiz de Fora - MG;mg;33255587;S;16/07/2025
101945;SIMONE FREITAS NUNES;394.625.889-10;17/01/1987;F;simonenunes168@hotmail.com;;Tv. Getúlio Vargas, nº 2862;JARDIM AMÉRICA;Salvador - BA;BA;48580-289;S;29/07/2023
101946;LUCIA MENDES ALVES PEIXOTO;68576718340;22/01/1988;F;lucia.peixoto962@gmail.com;19 973743017;R. Paulista, N. 136;SANTO ANTÔNIO;Campinas - SP;SP;18535810;S;03/10/2020
101947;DEBORA CARDOSO SANOTS SILVA;965.104.637-68;09/05/1973;F; DEBORA_SIL836@UOL.COM.BR ;48996922011;R. RIO BRANCO, Nº 2085;SANTA CECÍLIA;FLORIANOPOLIS;SC;81359-225;S;15/06/2019
101948;GABRIELA CARDOSO ROCHA;9,45565E+10;02/12/1980;F;gabriela_roc447@gmail.com;21968462972;Avenida Dom Pedro II, N. 1238 - Fundos;VILA MARIANA;Rio de Janeiro;RJ;24463442;N;19/11/2025
101949;GABRIELA COSTA MAGALHAES;96659620435;31/05/1969;F;gabrielamagalhaes371@yahoo.com.br;11961987504;RUA Sete de Setembro, 516;CENTRO;São Paulo;São Paulo;06698970;;06/03/2020
101950;LARISSA FREITAS SOUZA;260.887.367-71;12/03/1985;F;larissasouza148@uol.com.br;;R Marechal Deodoro, 1380 - Apto 31;JARDIM AMÉRICA;Belo Horizonte;MG;32146-700;N;23/09/2021
101951;WAGNER GOMES;84751084666;22/01/1970;M;wagnergomes615@bol.com.br;31966806617;RUA BRASIL, N. 1182;VILA NOVA;Belo Horizonte;;34384-823;N;25/05/2024
101952;DR. FERNANDO SOUZA ANDRADE;64078497217;13/02/1976;M;fernando_and418@bol.com.br;31967859934;AV. PRESIDENTE VARGAS, N. 2673;BOA VISTA;Belo Horizonte;Minas Gerais;31517-932;S;13/07/2021
101953;LÚCIA ROCHA OLIVEIRA ANDRADE;664.864.727-23;04/08/1992;F;luciaandrade36125@bol.com.br;(11) 97425-1117;R Tiradentes, 1548 - Fundos;JARDIM AMÉRICA;Santo André;São Paulo;04308122;S;03/05/2020
101954;JOAO CARVALHO;894.028.483-63;12/03/1967;M;joao.carvalho991@gmail.com;;AV PAULISTA, 147 - BLOCO B APTO 104;SANTA CECÍLIA;SAO PAULO;SP;06269-417;S;24/02/2024
101955;GUSTAVO RIBEIRO NUNES;59408127161;20/08/1990;M;gustavo.nunes606@hotmail.com;11 976793777;AV. DOS ANDRADAS, 1947;BOA VISTA;São Paulo;SP;07659-713;N;30/11/2022
101956;DR. LUIZA ALVES;71392475449;22/11/1975;F;luizaalves513@outlook.com;(11) 97960-3704;Rua Rio Branco, nº 2026;CENTRO;São Paulo;SP;8723505;S;29/04/2022
101957;CECILIA ARAUJO ALVES FREITAS;306.647.895-52;16/04/1983;F;ceciliafreitas803@uol.com.br;;TRAVESSA BRASIL, Nº S/N - APTO 12;JARDIM DAS FLORES;São Paulo;SP;07952331;N;28/11/2023
101958;MARCIA DIAS LIMA MENDES;90090196597;15/10/1979;F; MARCIAMENDES699@YAHOO.COM.BR ;(21) 96869-5895;RUA DOS ANDRADAS, N. 2096;LIBERDADE;RJ;RJ;22938082;S;03/11/2019
101959;WAGNER PEIXOTO CARVALHO;64403935109;04/06/1984;M;wagner.carvalho372@hotmail.com;99435-4457;R. TIRADENTES, Nº 515 - FUNDOS;JARDIM AMÉRICA;São Paulo;SP;08898930;N;19/03/2022
101960;GUSTAVO SOUZA;744.317.520-56;03/11/1954;M;gustavosouza371@gmail.com;21 976324408;AV. DOS IPÊS, 2098 - BLOCO B APTO 104;SANTA CECÍLIA;Niterói;RJ;25215-535;N;11/01/2024
101961;CAMILA ROCHA PEIXOTO FERREIRA;3,55596E+10;28/10/2005;I;camilaferreira975@gmail.com;11 995812422;RUA DOS ANDRADAS, Nº 2415 - BLOCO B APTO 104;JARDIM AMÉRICA;SAO PAULO;São Paulo;09024289;S;13/07/2022
101962;LEONARDO SANTOS PEIXOTO;35910011391;11/10/1986;M;claudia_oli541@yahoo.com.br;31 981952857;Rua São João, N. 434;JARDIM AMÉRICA;Belo Horizonte;mg;32661-512;N;13/08/2019
101963;SR. JOSE FREITAS OLIVEIRA OLIVEIRA;40677040466;07/01/1992;M;joseoliveira362@gmail.con;(61) 99732-5526;RUA DAS PALMEIRAS, S/N;JARDIM AMÉRICA;Brasília;Distrito Federal;78704382;S;26/02/2025
101964;MARCELO BRANDÃO MARTINS;19915199406;23/06/1996;M;marcelomartins10@gmail.com.br;(11) 97232-3405;AVENIDA DAS FLORES, 632;JARDIM AMÉRICA;SAO PAULO;SP;05947-824;N;24/02/2020
101965;DÉBORA GUIMARÃES RIBEIRO;666.518.721-76;21/08/1947;F;debora_rib68016@hotmail.com;71997971971;PRAÇA XV DE NOVEMBRO, Nº 1233;JARDIM DAS FLORES;Salvador;BA;42354242;N;06/01/2019
101966;LUÍS ASSUNÇÃO ANDRADE;42314441370;14/08/1958;M;luis.andrade972@yahoo.com.br;(61) 8000-3505;Rua Tiradentes, N. 1737;BELA VISTA;Brasília;DF;75406098;N;01/06/2024
101967;JOSE GOMES MELO RIBEIRO;55986540085;27/01/1999;M;jose_rib446@gmail.com;69394810;Rua Castro Alves, 544;CENTRO;Brasília;;77746172;S;06/09/2021
101968;MARECLO GOMES CARDOSO;132.571.698-76;16/08/1960;M;marcelocardoso721@outlook.com;19965443225;Travessa Presidente Vargas, N. 2876;CENTRO;Campinas;sp;17660032;S;22/11/2024
101969;CLÁUDIA ARAÚJO;74903148521;08/11/1964;F;claudia_ara357@yahoo.com.br;11 991309581;AVENIDA DA LIBERDADE, N. 395 - APTO 31;JARDIM DAS FLORES;São Paulo;SP;07164-884;S;21/09/2020
101970;MARCIO FERREIRA MARQUES;26047354319;01/01/1900;M;marciomarques74@yahoo.com.br;11992132185;RUA MARECHAL DEODORO, Nº 2890 - CASA 2;BOA VISTA;Guarulhos;São Paulo;1506579;N;03/01/2023
101971;PAULO ROCHA SOUZA PEIXOTO;3424923656;29/01/1998;M;paulo_pei458@@yahoo.com.br;(71) 99286-9385;R. Santos Dumont, N. 1965;PARQUE INDUSTRIAL;Salvador - BA;ba;48484-045;N;10/05/2019
101972;RAQUEL RIBEIRO PEREIRA;80641382804;17/04/1966;F;raquel_per17@yahoo.com.br;61 987227429;Praça Getúlio Vargas, 70;LIBERDADE;BRASILIA;DF;77904001;;26/07/2020
101973;FERNANDA MENDES;38111796404;23/10/1979;;fernandamendes62@hotmail.com;71 996616549;Al. dos Andradas, N. 1809;SÃO JOSÉ;Salvador;BA;44556116;N;19/09/2022
101974;LUCAS  LIMA ;608.305.795-75;04/09/1997;M;lucas.lima99@uol.com.br;41984151600;R. DOM PEDRO II, Nº 1491;VILA NOVA;Curitiba;PR;86280-876;N;13/08/2024
101975;LÚCIA CARVALHO;52159316660;21/11/2000;F;lucia.carvalho675@hotmail.com;21 972723904;RUA TIRADENTES, 500 - APTO 31;SANTO ANTÔNIO;Niterói;rj;26072885;N;04/10/2021
101976;EDUARDO MARQUES;91179831772;19/11/1967;M;eduardo.marques874@hotmail.com;3190668565;Rua dos Andradas, nº 512;SÃO JOSÉ;Belo Horizonte;Minas Gerais;37117544;S;20/05/2023
101977;WGANER PEIXOTO NASCIMENTO;37946073330;27/06/1976;M;wagner.nascimento994@outlook.com;71 971236129;RUA BRASIL, 1365;BOA VISTA;Salvador;Bahia;46570875;S;10/03/2021
101978;JOANA SANTOS MARQUES;43684566020;25/12/1980;I;joanamarques671@uol.com.br;(31) 8010-1025;AV CASTRO ALVES, N. 2501 - BLOCO B APTO 104;VILA NOVA;BELO HORIZONTE;MG;39107273;N;21/10/2021
101979;LUIZA CARDOSO CONCEICAO DIAS;22540675247;24/02/1989;F;luizadias636@yahoo.com.br;11970649590;Avenida das Flores, N. 1893;CENTRO;São Paulo;São Paulo;05592-619;N;20/02/2025
101980;MARCIA NUNES SANTOS SANTOS;81589097874;12/07/1993;F;marciasantos52@outlook.com;97291-6853;RUA dos Andradas, 2214 - Apto 31;BOA VISTA;Rio;Rio de Janeiro;29189490;S;06/06/2022
101981;LUCAS COSTA MAGALHAES RODRIGUES;51540900800;31/07/1996;M;;(31) 99652-5279;ALAMEDA DAS FLORES, 2487;VILA NOVA;Belo Horizonte;mg;33915168;S;26/02/2019
101982;JOSE  SOUZA OLIVEIRA ;99975794610;14/11/2000;M;joseoliveira701@bol.com.br;(11) 6876-2703;R. Presidente Vargas, nº 1772;LIBERDADE;São Paulo;SP;02906239;N;21/12/2021
101983;DR. DÉBORA PEIXOTO MENDES;93515267476;06/01/2002;F;deboramendes66@bol.com.br;31 974767099;RUA DA LIBERDADE, N. 278 - FUNDOS;BELA VISTA;Belo Horizonte - MG;mg;39380144;N;10/03/2024
101984;ISABELA  ARAÚJO BARBOSA ;102.368.888-38;18/03/1960;I;isabelabarbosa64345@gmail.com;11 964592901;RUA DA LIBERDADE, N. 2952;SANTA CECÍLIA;São Paulo;São Paulo;04812228;S;27/06/2024
101985;FERNANDA SANTOS;61897452535;17/09/1978;F;fernanda_san81@hotmail.com;1177945814;RUA PRESIDENTE VARGAS, N. S/N;LIBERDADE;Santo André;São Paulo;7192696;N;31/01/2025
101986;ANDRE  MCAHADO MENDES ;563.451.198-49;04/06/1981;M;andre.mendes257@hotmail.com;(21) 98956-8520;TRAVESSA XV DE NOVEMBRO, 920;VILA MARIANA;Rio de Janeiro - RJ;RJ;24402282;N;25/11/2025
101987;DANIEL RODRIGUES CARVALHO;23189182361;17/08/1983;M;danielcarvalho780@yahoo.com.br;(51) 97976-3626;RUA CASTRO ALVES, Nº 598;SANTO ANTÔNIO;Porto Alegre;RS;91904-412;S;13/09/2020
101988;CLAUDIA OLIVEIRA SANTOS SANTOS;642.536.991-46;17/09/1992;F;claudia.santos664@uol.com.br;(21) 98171-6917;AV SANTOS DUMONT, N. 946;VILA NOVA;Niterói;Rio de Janeiro;27451244;S;02/03/2025
101989;ANTONIO BRANDAO FERREIRA;748.763.405-10;20/04/1985;M;antonio_fer211@bol.com.br;51 993735973;RUA dos Ipês, nº 2067;SÃO JOSÉ;Porto Alegre;RS;91196500;S;06/03/2024
101990;CECILIA MACHADO;89315150309;06/07/1980;F; CECILIAMACHADO882@GMAIL.COM ;(11) 96952-4243;AV SANTOS DUMONT, 2854;PARQUE INDUSTRIAL;são paulo ;SP;07063095;S;28/01/2021
101991;EDUARDO PEIXOTO;98670743353;29/03/1983;M;eduardo_pei113@uol.com.br;11 963465163;AVENIDA DOM PEDRO II, N. 1136;SANTO ANTÔNIO;São Paulo;SP;08547991;N;13/06/2019
101992;RAFAEL LIMA SILVA;050.720.860-97;13/07/1991;M;rafael_sil927@uol.com.br;(11) 98175-4959;RUA DA LIBERDADE, N. 1083;LIBERDADE;São Paulo - SP;SP;08161474;S;10/04/2019
101993;NATALIA MARTINS NUNES;783.792.194-14;25/03/1982;;natalia.nunes281@yahoo.com.br;51 970728671;Av São João, nº 2124;BELA VISTA;PORTO ALEGRE;RS;93533-768;N;08/03/2024
101994;VITORIA SOUZA;45048908015;06/05/1953;F;vitoriasouza432@gmail.com;19 966725471;Rua Getúlio Vargas, nº 1636;SÃO JOSÉ;Campinas;SP;19839-770;N;04/09/2019
101995;LUIZA NUNES;585.778.906-00;05/08/1996;F;luiza.nunes668@outlook.com;(71) 96339-2026;Avenida Rio Branco, 1655 - Fundos;PARQUE INDUSTRIAL;Salvador;Bahia;45662933;S;11/01/2019
101996;GABRIELA RODRIGUES CARVALHO;35877049615;26/09/1985;F;gabrielacarvalho818@hotmail.com;;Rua das Flores, 1527;JARDIM AMÉRICA;São Paulo;São Paulo;04596-492;N;25/02/2024
101997;RAQUEL FREITAS GUIMARÃES BARBOSA;885.515.441-95;31/05/1983;F;raquel.barbosa428@gmail.com;11969414337;PRACA DOM PEDRO II, 956;SANTA CECÍLIA;São Paulo;SP;07596-216;;02/05/2024
101998;CECILIA ARAUJO LOIVEIRA BRANDAO;99199234270;08/12/1964;F;ceciliabrandao705@bol.com.br;11982381233;RUA GETÚLIO VARGAS, N. 1777;LIBERDADE;São Paulo;sp;04964589;N;08/04/2025
101999;HENRIQUE NASCIMENTO BARBOSA;04950676873;02/12/1981;M;henrique.barbosa14@bol.com.br;1171512544;RUA DOM PEDRO II, 33 - APTO 31;PARQUE INDUSTRIAL;São Paulo;São Paulo;09950-231;N;10/10/2020
102000;SONIA MAGALHAES OLIVEIRA LIMA;39422463092;18/08/1969;F;sonialima859@hotmail.com;(11) 98824-5565;AVENIDA CASTRO ALVES, Nº 2112;SÃO JOSÉ;São Paulo;sp;02566-702;N;05/10/2019
102001;LÚCIA MACHADO FERREIRA ALVES;75507420068;12/03/1980;F;lucia.alves735@yahoo.com.br;99191-7035;Avenida Dom Pedro II, N. 11;VILA NOVA;Rio de Janeiro;RJ;22411691;N;04/02/2025
102002;MARCELO MOREIRA BARBOSA;338.368.948-40;05/04/1983;M;marcelo_bar101@outlook.com;19 961223211;Rua Getúlio Vargas, N. 2312;PARQUE INDUSTRIAL;Campinas - SP;sp;15909932;N;24/01/2020
102003;SONIA ASSUNCAO FERREIRA;74203045568;18/05/1984;F;andre.costa12178@hotmail.com;99660-7439;AV DOS ANDRADAS, 2709 - BLOCO B APTO 104;JARDIM DAS FLORES;São Paulo;SP;5957126;N;11/02/2020
102004;PATRICIA MENDES NASCIMENTO;60312860412;17/01/1975;F;patricia.nascimento75yahoo.com.br;21987007320;AV Marechal Deodoro, N. 1227 - Apto 12;BELA VISTA;RIO DE JANEIRO;RJ;24950760;N;09/02/2021
102005;HELIO ALVES;2,04383E+10;20/09/1988;M;helio.alves690@bol.com.br;79501525;Avenida Marechal Deodoro, N. 1483;JARDIM DAS FLORES;Niterói;RJ;28753-816;N;19/12/2025
102006;SIMONE ARAUJO MAGALHAES;553.553.122-76;26/09/1973;F;simonemagalhaes81760@uol.com.br;;RUA GETÚLIO VARGAS, Nº 59 - APTO 12;SÃO JOSÉ;São Paulo;sp;05298-853;N;03/12/2020
102007;WAGNER RIBEIRO LIMA FREITAS;39217810517;20/04/1982;M;wagnerfreitas414@gmial.com;61 61261282;RUA dos Andradas, 2929 - Casa 2;VILA NOVA;Brasília;DF;71258-003;N;01/02/2023
102008;FERNANDO RBANDAO;46500548507;13/03/1985;M;fernando_bra569@gmail.com;(71) 97757-4091;R MARECHAL DEODORO, N. 1871;BOA VISTA;Salvador;BA;43779-215;S;28/07/2025
102009;LUCAS CARVALHO;00938005332;08/06/1983;M;lucas_car15874@outlook.com;71 982488519;ALAMEDA PAULISTA, 1735 - BLOCO B APTO 104;LIBERDADE;Salvador - BA;BA;42136175;S;04/09/2022
102010;BETARIZ SILVA ALVES;414.246.106-05;28/12/1974;F;beatrizalves226@bol.com.br;(41) 98080-6918;R Paulista, nº 1027 - Bloco B Apto 104;JARDIM AMÉRICA;Curitiba;PR;83227480;;17/12/2021
102011;CAIO MELO FERREIRA;627.355.720-99;01/06/1971;M;caioferreira361@gmail.com;11993371759;Rua da Liberdade, N. 2571;VILA MARIANA;Santo André;SP;04087101;S;14/01/2019
102012;JOANA ASSUNCAO;10426640217;13/03/1986;F;joana_ass96@gmail.com;21977608556;PRACA DOS ANDRADAS, N. 1323;SÃO JOSÉ;rio de janeiro ;rj;29354441;;23/07/2022
102013;ALINE SANTOS;382.604.386-31;17/05/1990;F;aline.santos279@gmail.com;32971814910;AL SANTOS DUMONT, N. 1596 - FUNDOS;CENTRO;JUIZ DE FORA;mg;35524905;N;07/02/2022
102014;HÉLIO ASSUNÇÃO;91738341909;17/07/1968;M;helioassuncao987@yahoo.com.br;(19) 99081-7142;RUA Marechal Deodoro, N. 2302;JARDIM DAS FLORES;Campinas;sp;18641547;N;15/06/2025
102015;NATALIA M. MOREIRA;973.471.534-84;06/07/1992;F;natalia.moreira32@yahoo.com.br;81999967964;Avenida Presidente Vargas, 2415;JARDIM DAS FLORES;Recife - PE;Pernambuco;53706-313;S;25/02/2023
102016;OTÁVIO MARTINS;388.330.052-75;15/01/1995;M;otavio.martins722@outlook.com;21 961693280;AVENIDA DOM PEDRO II, N. 1408;PARQUE INDUSTRIAL;Rio de Janeiro;RJ;21474949;;23/10/2023
102017;LUCIA FREITAS CONCEICAO;722.631.194-18;05/01/1973;F;luciaconceicao91@hotmail.com;31991334024;Rua das Palmeiras, nº 2184;VILA MARIANA;Belo Horizonte;MG;37262-373;N;03/06/2025
102018;GABRIELA ARAUJO;61421534223;27/07/1968;F;gabrielaaraujo57@uol.com.br;(21) 99285-9610;TRAVESSA PRESIDENTE VARGAS, N. 2652;JARDIM DAS FLORES;Rio de Janeiro;RJ;21890523;S;14/08/2024
102019;FABIO COSTA;109.054.762-55;18/06/1984;M;fabiocosta400@hotmail.com;16 999021688;RUA DAS PALMEIRAS, Nº 1723;CENTRO;Ribeirão Preto;sp;17626-673;S;10/07/2021
102020;HÉLIO ARAÚJO BRANDÃO MAGALHÃES;74294895918;13/09/1974;M;;21 961319272;Travessa Sete de Setembro, N. 539;BELA VISTA;Rio de Janeiro;rj;26493-429;N;30/06/2025
102021;CECILIA BRANDAO NASCIMENTO;33630184103;03/09/1972;F;cecilia.nascimento424@gmail.com;11 970424298;Rua Rio Branco, nº 587;SANTA CECÍLIA;São Paulo;sp;3680708;N;05/04/2024
102022;OTÁVIO ANDRADE BARBOSA;149.649.629-97;14/11/1966;M;otavio.barbosa186@hotmail.com;(11) 8861-5825;Avenida Brasil, N. 363 - Apto 12;VILA NOVA;Guarulhos;São Paulo;04477-775;;26/11/2019
102023;LARISSA SILVA DIAS;030.772.235-03;09/08/1997;F;larissa.dias750@hotmail.com;(21) 8844-4838;Avenida Presidente Vargas, nº 803;JARDIM DAS FLORES;Rio de Janeiro;RJ;27439751;N;04/09/2019
102024;CESAR  SANTOS NASCIMENTO ;53637810506;22/07/1973;M;cesar_nas559@bol.com.br;11970345963;AV. DA LIBERDADE, N. 2285;SANTA CECÍLIA;são paulo ;;06858-017;N;12/07/2020
102025;FÁBIO NUNES MACHADO;1,73464E+10;27/08/1969;M; FABIO_MAC694@BOL.COM.BR ;(51) 9745-3562;AV. SETE DE SETEMBRO, Nº S/N;JARDIM AMÉRICA;Porto Alegre;RS;92582092;S;09/08/2025
102026;MATEUS NASCIMENTO MENDES;662.850.107-81;08/03/1982;;mateusmendes543@gmail.com;81 962442136;R. da Liberdade, 2591;SANTA CECÍLIA;Recife;PE;59480-095;N;22/12/2023
102027;PRISCILA MARTINS;09417971808;09/11/1981;F;priscilamartins775@gmail.com;11967688788;RUA SANTOS DUMONT, N. 123 - FUNDOS;BOA VISTA;SAO PAULO;São Paulo;06416-915;N;06/04/2020
102028;HÉLIO MENDES CARDOSO MACHADO;079.888.029-50;15/01/1983;I;helio_mac608@outlook.com;21978488071;R. Paulista, 1683;LIBERDADE;Rio de Janeiro;RJ;24737643;N;18/06/2024
102029;VITORIA COSTA ASSUNCAO SOUZA;84235174460;12/11/1967;F;vitoria_sou639@hotmail.com;19997896325;RUA PRESIDENTE VARGAS, 2162;JARDIM AMÉRICA;Campinas;sp;15506446;N;06/10/2021
102030;MARCIA  GOMES ;89063898378;27/10/1960;F;marcia_gom672@bol.com;21 978635109;R. SANTOS DUMONT, Nº 125 - FUNDOS;JARDIM AMÉRICA;Rio de Janeiro;Rio de Janeiro;24113580;S;05/09/2020
102031;LEONARDO MARQUES MENDES PEREIRA;550.738.178-00;15/04/1959;M;leonardo.pereira251@gmail.com;11992309181;RUA DOS IPÊS, N. 1447 - APTO 31;JARDIM DAS FLORES;São Paulo;São Paulo;01119475;S;02/03/2021
102032;JOAO CARDOSO;829.113.098-12;02/10/1983;M;joao.cardoso576@bol.com.br;(21) 98767-9996;Rua Sete de Setembro, 821;SÃO JOSÉ;Rio de Janeiro;rj;23087990;N;19/08/2023
102033;MÁRCIA MELO RIBEIRO;94514862169;29/01/1974;F;marciaribeiro968@hotmail.com;(51) 99487-2374;Al. Brasil, N. 2022;SANTA CECÍLIA;Porto Alegre;Rio Grande do Sul;93967-404;S;23/01/2023
102034;CAMILA CARDOSO CARDOSO;45338300303;08/04/1987;F; CAMILACARDOSO45338@OUTLOOK.COM ;19982202158;Rua Marechal Deodoro, nº 1570;PARQUE INDUSTRIAL;Campinas;SP;19185804;N;04/04/2024
102035;ANTONIO SOUZA OLIVEIRA;03935550707;28/04/1978;M; ANTONIOOLIVEIRA78371@YAHOO.COM.BR ;11971088487;Rua Brasil, 240;SANTA CECÍLIA;São Paulo;São Paulo;07700-589;S;20/02/2024
102036;THIAGO CARDOSO FERREIRA;77826150892;13/10/1985;M;thiago.ferreira839@bol.com.br;48992218894;PRAÇA GETÚLIO VARGAS, N. 2885;SANTA CECÍLIA;FLORIANOPOLIS;SC;86354898;N;27/02/2023
102037;ALINE MOREIRA ARAÚJO;27848921077;29/03/1977;F;aline.araujo968@gmail.com;1167116085;Rua Getúlio Vargas, N. 1352;BELA VISTA;SAO PAULO;São Paulo;05708637;N;03/09/2021
102038;SIMONE MACHADO ROCHA;655.497.483-04;07/03/1973;F;simone_roc469@bol.com.br;41977163810;RUA DA LIBERDADE, Nº 1515;PARQUE INDUSTRIAL;Curitiba;PR;83589965;;11/03/2025
102039;OTÁVIO MOREIRA MACHADO;14439450482;31/10/1983;M; OTAVIOMACHADO301@OUTLOOK.COM ;21 967777291;RUA DAS PALMEIRAS, 642;BELA VISTA;Niterói;Rio de Janeiro;24936403;S;06/08/2022
102040;FERNANDO MAGALHAES SANTOS;820.059.505-64;15/03/1987;M;fernando.santos81173@hotmail.com;(32) 96679-5695;RUA Castro Alves, nº 1264;LIBERDADE;JUIZ DE FORA;Minas Gerais;38025-740;N;24/06/2020
102041;SERGIO MACHADO COSTA;463.352.896-36;03/07/1980;M; SERGIO_COS153@HOTMAIL.COM ;48975836499;RUA DOM PEDRO II, 467;JARDIM AMÉRICA;Florianópolis;SC;87459515;S;17/08/2020
102042;LETÍCIA  GOMES SILVA ;15330154146;27/07/1975;F; LETICIASILVA233@BOL.COM.BR ;11 999735725;RUA SÃO JOÃO, 1628;JARDIM DAS FLORES;São Paulo;SP;5381393;;24/07/2023
102043;JOAO OLIVEIRA;73532329867;29/11/1985;M; JOAO.OLIVEIRA770@UOL.COM.BR ;11 996981792;AV DOM PEDRO II, N. 443;VILA MARIANA;Guarulhos;SP;02736-639;N;06/03/2022
102044;BEATRIZ BRANDAO BARBOSA;93698571250;19/11/1973;F;beatriz.barbosa657@bol.com.br;(61) 98832-5569;RUA DAS PALMEIRAS, N. 2244;VILA NOVA;Brasília;DF;71552-624;S;09/11/2024
102045;BEATRIZ ALVES NUNES;379.702.399-51;18/01/1982;F; BEATRIZNUNES377@GMAIL.COM ;(21) 98427-5445;Rua Castro Alves, N. 1297;VILA MARIANA;Rio de Janeiro - RJ;rj;28402193;S;27/05/2019
102046;ANDRE CARDOSO PEIXOTO;29858157622;27/07/1963;M;andre_pei762@;;R. Getúlio Vargas, nº 2307;LIBERDADE;São Paulo;;02734091;;13/06/2024
102047;RAQUEL AMRTINS FREITAS;50698129806;20/10/1982;F;raquel_fre924@gmail.com;(21) 8613-1080;RUA GETÚLIO VARGAS, 1998;SÃO JOSÉ;Rio de Janeiro;RJ;24286266;S;19/08/2020
102048;THIAGO  MACHADO MELO ;663.233.672-89;26/06/1974;M;thiago_mel215@outlook.com;(51) 6843-5750;Avenida XV de Novembro, N. S/N;VILA MARIANA;Porto Alegre;rs;96161-056;N;22/02/2024
102049;RENATA ARAÚJO NASCIMENTO;694.275.870-16;27/10/1975;F;renata_nas328@bol.com.br;97372-8627;R das Flores, 1402;SÃO JOSÉ;São Paulo;sp;09056-452;N;18/01/2019
102050;FABIO PEIXOTO BRANDAO;69856017076;24/09/1986;M;fabiobrandao127@bol.com.br;21994752730;R Paulista, N. 585;PARQUE INDUSTRIAL;Rio de Janeiro;;22976327;N;16/08/2025
102051;JOAO NUNES MOREIRA;93797704216;12/12/1997;M;joao_mor878@uol.com.br;(11) 98903-9994;RUA TIRADENTES, Nº 2396;SANTO ANTÔNIO;São Paulo;SP;05350-446;S;14/04/2019
102052;SIMONE OLIVEIRA GUIMARAES;24621261711;01/10/1987;F;simoneguimaraes474@hotmail.com;11 988025242;Rua Getúlio Vargas, 905;VILA NOVA;São Paulo;;03974-604;N;30/08/2024
102053;CLAUDIA PEIXOTO SOUZA;52569239275;21/07/1975;F;claudia.souza299@yahoo.com.br;98165-5679;Rua Paulista, nº 2947 - Casa 2;PARQUE INDUSTRIAL;Belo Horizonte;Minas Gerais;34799-388;S;05/03/2025
102054;BEATRIZ  CARVALHO CARDOSO ;287.217.974-71;16/08/1970;F;beatriz_car15@uol.com.br;11981256936;RUA GETÚLIO VARGAS, Nº 2937;JARDIM AMÉRICA;São Paulo;sp;08096460;N;01/01/2023
102055;RAFAEL MELO;3569344622;11/04/1995;M;rafaelmelo746@uol.com.br;(31) 8395-3096;AVENIDA DOS ANDRADAS, Nº 694 - APTO 31;JARDIM DAS FLORES;Belo Horizonte;MG;32469-828;N;22/12/2020
102056;RQAUEL PEREIRA;767.002.260-40;21/09/1981;F;;48996837926;Rua das Flores, 1420;BOA VISTA;florianópolis ;Santa Catarina;84169-412;S;31/08/2019
102057;ISABELA MARTINS RODRIGUES;44884930509;04/11/1994;F;isabela.rodrigues638@outlook.com;(11) 99734-9686;AV RIO BRANCO, Nº 1579 - APTO 12;SÃO JOSÉ;São Paulo;São Paulo;07253-232;S;20/06/2023
102058;GABRIELA GOMES ALVES;14941459601;23/08/1996;F;gabriela_alv742@gmail.com;(11) 96582-6440;AV SETE DE SETEMBRO, N. S/N;LIBERDADE;São Paulo;SP;02280195;;22/10/2019
102059;CESAR NASCIMENTO;87071263019;29/08/1967;M;cesar_nas5829@bol.com.br;11983099170;R. Marechal Deodoro, 969 - Fundos;CENTRO;São Paulo;sp;02062497;S;13/05/2021
102060;DANIEL MACHADO CARDOSO;71416579915;18/12/1981;M;danielcardoso279@;(21) 97258-5917;R DOS IPÊS, 2740;JARDIM AMÉRICA;Rio de Janeiro;;28113-106;N;17/02/2025
102061;PRISCILA MARQUES FERREIRA CONCEIÇÃO;4,27858E+10;07/03/2000;;priscilaconceicao680@bol.com.br;11 83346532;Av. Castro Alves, nº 1355;SÃO JOSÉ;São Paulo;;8901582;S;14/01/2025
102062;JOANA CARDOSO RODRIGUES FERREIRA;646.038.388-08;21/06/1965;F;joanaferreira595@gmail.com;41 66084706;R SÃO JOÃO, N. 1148 - FUNDOS;CENTRO;Curitiba;pr;81384995;N;04/09/2023
102063;NATALIA PEREIRA;995.429.217-99;10/08/1979;F;natalia_per97@hotmail.com;11 82186700;Rua Sete de Setembro, 2161;SANTO ANTÔNIO;São Paulo;SP;03306592;N;14/02/2022
102064;MATEUS PEIXOTO ALVES LIMA;27626669029;11/11/1971;M;;(11) 97002-4506;Av. Tiradentes, nº 651 - Bloco B Apto 104;CENTRO;S. Paulo;SP;3000128;S;07/11/2023
102065;CAMILA MARTINS SOUZA;14713803006;21/11/1966;;camilasouza259@gmail.com;11970585464;R. Rio Branco, 806;BOA VISTA;São Paulo;São Paulo;04323792;N;30/10/2019
102066;SIMONE ALVES COSTA;1,53195E+09;27/10/1967;F; SIMONE_COS326@BOL.COM.BR ;(48) 97177-4189;RUA CASTRO ALVES, 845;SANTA CECÍLIA;Florianópolis;Santa Catarina;88333-822;S;22/02/2025
102067;LUÍS COSTA;37539355140;03/05/1997;M;luis.costa43@bol.com.br;11993678405;Rua das Flores, nº 1730;VILA NOVA;Guarulhos;SP;08036-631;S;28/06/2022
102068;JOANA DIAS ROCHA;28403427581;09/02/1987;;joana_roc838@hotmail.com;61 981384975;Avenida das Flores, 466;SANTO ANTÔNIO;Brasília;;75775085;S;26/06/2021
102069;LUÍS ROCHA MOREIRA;15406606565;22/03/1993;M;luismoreira544@gmail.com;11998274432;Av. das Flores, N. 97;VILA MARIANA;São Paulo;SP;04294272;N;03/03/2023
102070;CAIO GOMES;39326382397;19/11/1990;M;caio.gomes868@bol.com.br;(11) 99336-4540;Av. XV de Novembro, nº 318;CENTRO;Santo André;sp;1812336;N;08/11/2019
102071;BEATRIZ DIAS;22728097666;29/02/1948;F; BEATRIZ.DIAS118@GMAIL.COM ;11986894279;Av Marechal Deodoro, 1030 - Casa 2;JARDIM AMÉRICA;São Paulo;SP;06386097;;27/07/2021
102072;LEONARDO MOREIRA FREITAS;296.209.361-24;10/10/1999;M;leonardofreitas139@outlook.com;81 984935330;Avenida Sete de Setembro, N. 655 - Casa 2;JARDIM DAS FLORES;Recife;Pernambuco;51686385;S;05/09/2020
102073;ANA ALVES;45995390589;14/10/1976;F;anaalves746@uol.com.br;11983642900;R DAS FLORES, N. 2569 - APTO 31;CENTRO;Santo André;sp;09926041;N;17/07/2019
102074;PAULO ALVES DIAS;893.673.141-67;05/10/1974;M;paulo.dias64@outlook.com;11 993581894;RUA SÃO JOÃO, N. 1748;CENTRO;São Paulo - SP;sp;06965-089;N;15/10/2023
102075;HELENA MENDES;362.964.916-54;08/04/1985;F;helenamendes976@yahoo.com.br;11 968011186;TRAVESSA DOM PEDRO II, N. 2996;PARQUE INDUSTRIAL;Guarulhos;sp;2515980;S;14/02/2024
102076;DANIEL RODRIGUES MARQUES;018.384.783-02;15/08/1986;;daniel.marques243@hotmail.com;21 980133260;R SÃO JOÃO, 205 - FUNDOS;CENTRO;Rio de Janeiro;RJ;25804398;N;28/12/2019
102077;BEATRIZ ASSUNCAO;25544139326;07/08/1991;F;beatrizassuncao288@uol.com.br;(16) 96573-2739;AVENIDA DA LIBERDADE, N. 2683 - APTO 31;SANTO ANTÔNIO;RIBEIRAO PRETO;SP;11574-046;;02/04/2024
102078;LUIZA OLIVEIRA NUNES;37674687279;03/11/1980;F;luiza_nun94@uol.com.br;21985725669;AV RIO BRANCO, 2105;VILA MARIANA;Niterói;RJ;22165292;S;12/01/2025
102079;OTAVIO COSTA;60019907605;15/01/1952;M;otaviocosta947@yahoo.com.br;(11) 99205-1488;RUA DAS PALMEIRAS, Nº 1038;PARQUE INDUSTRIAL;Santo André;SP;9856095;N;21/10/2025
102080;BRUNO ARAÚJO;16769541394;12/12/1995;M;brunoaraujo864@gmail.com;41994627201;RUA SETE DE SETEMBRO, Nº 201;JARDIM AMÉRICA;Curitiba;PR;88828729;S;24/04/2021
102081;VINICIUS MARTINS MELO;539.580.720-97;01/11/1991;M;vinicius.melo530@hotmail.com;(11) 97699-9742;RUA DOS ANDRADAS, Nº S/N - APTO 31;JARDIM AMÉRICA;São Paulo;SP;01143-454;S;07/05/2019
102082;HENRIQUE ARAÚJO;00110271009;16/02/1984;M;henriquearaujo725@bol.com.br;11978851714;ALAMEDA DOM PEDRO II, Nº 2788;SANTO ANTÔNIO;Santo André;SP;01204-808;N;05/04/2024
102083;ISABELA ARAÚJO OLIVEIRA;145.531.419-65;27/09/1997;F;isabelaoliveira870@yahoo.com.br;81997145440;AV XV de Novembro, 1435;SANTA CECÍLIA;Recife;Pernambuco;51651003;N;16/07/2023
102084;VITORIA MACHADO;11405701455;11/06/1987;F;vitoria_mac354@uol.com.br;;RUA SETE DE SETEMBRO, Nº 448;PARQUE INDUSTRIAL;São Paulo;sp;9049140;S;27/02/2019
102085;GABRIELA NUNES MELO;23048886150;31/12/1933;F;gabriela_mel574@gmail.com;;Avenida Castro Alves, N. 1301;PARQUE INDUSTRIAL;São Paulo;SP;04001345;N;29/07/2019
102086;LARISSA GOMES SANTOS CARVALHO;394.963.584-03;09/02/1975;;larissa_car10@yahoo.com.br;31 997261289;ALAMEDA PRESIDENTE VARGAS, Nº 637;JARDIM AMÉRICA;belo horizonte ;MG;35320-571;S;28/08/2024
102087;PRISCILA ROCHA NUNES;340.105.786-37;20/07/1982;F;priscila.nunes602@yahoo.com.br;1173449336;Rua Sete de Setembro, N. 2963 - Apto 31;SÃO JOSÉ;Guarulhos - SP;São Paulo;03397733;N;03/01/2022
102088;PRISCILA BRANDAO PEREIRA;346.086.284-02;10/11/1989;F;priscilapereira753@outlook.com;11 966622397;Rua Brasil, N. 826 - Casa 2;JARDIM DAS FLORES;São Paulo - SP;sp;07074386;S;19/09/2024
102089;MARCIO CARDOSO ARAUJO RIBERIO;37497426931;18/12/1994;M; MARCIORIBEIRO1895@GMAIL.COM ;(32) 97572-9566;R BRASIL, Nº S/N;LIBERDADE;Juiz de Fora;MG;37596765;N;07/07/2025
102090;MARIANA M. RIBEIRO;821.861.243-27;04/06/1990;F;antonio.ribeiro899@yahoo.com.br;(21) 98933-4253;TRAVESSA TIRADENTES, Nº 2009;CENTRO;rio de janeiro ;RJ;22184339;N;08/06/2021
102091;THIAGO ARAUJO;563.708.103-47;25/04/1975;M;thiago.araujo157@uol.com.br;11 983173246;Rua dos Ipês, 2958;SANTA CECÍLIA;São Paulo;sp;06335713;S;13/03/2025
102092;CECILIA GUIMARAES;17662703606;13/07/1972;F;cecilia_gui282@uol.com.br;11 992944434;AV. DOS IPÊS, Nº 399;JARDIM AMÉRICA;Santo André - SP;SP;02851311;N;18/12/2024
102093;RENATA NASCIMENTO MARQUES;412.459.821-17;26/08/1980;F;renata_mar444@gmail.com;(51) 99867-5761;R. XV DE NOVEMBRO, S/N - CASA 2;CENTRO;Porto Alegre;Rio Grande do Sul;95686-709;N;18/07/2021
102094;JOANA  CONCEICAO MOREIRA ;960.930.128-24;31/12/1933;F;joanamoreira722@outlook.com;51 82669389;R. MARECHAL DEODORO, N. 863;JARDIM AMÉRICA;Porto Alegre;RS;96734076;S;02/02/2024
102095;DANIEL  ROCHA CARVALHO ;970.103.348-54;11/11/1950;M;daniel.carvalho757@bol.com.br;(11) 96033-7894;Praça Sete de Setembro, 1219;VILA NOVA;São Paulo;sp;09077569;S;28/11/2025
102096;DRA. MARCIO FREITAS;79069358883;21/07/1962;M;marcio_fre418@bol.com.br;(11) 96044-1069;RUA SÃO JOÃO, 1202;SANTO ANTÔNIO;Santo André;São Paulo;08357-139;S;19/04/2023
102097;MARIANA BARBOSA NASCIMENTO;30624189074;19/01/1981;F;mariana.nascimento814@bol.com.br;(11) 7290-5028;AV Brasil, 2444;SANTO ANTÔNIO;São Paulo;SP;05511623;N;28/12/2022
102098;OTAVIO ASSUNCAO MAGALHAES;410.237.702-61;24/04/1997;M;otaviomagalhaes746@yahoo.com.br;5167436170;Rua Brasil, N. 428;CENTRO;Porto Alegre;Rio Grande do Sul;98802-195;N;02/09/2022
102099;ISABELA BARBOSA FREITAS;77591933949;06/11/1978;;isabela_fre136@outlook.com;(11) 96279-2075;AVENIDA GETÚLIO VARGAS, N. 1922;PARQUE INDUSTRIAL;São Paulo;sp;02416840;;22/11/2021
102100;CESAR CONCEICAO;18064782503;14/02/1982;M;;(31) 97085-8105;AV SÃO JOÃO, N. 658;BOA VISTA;Belo Horizonte;MG;37211760;N;19/12/2021
102101;JOSÉ FREITAS;982.223.658-19;18/03/2001;M;jose_fre731@hotmail.com;32 987943859;Rua Paulista, N. 456 - Apto 31;SANTO ANTÔNIO;Juiz de Fora;mg;37990519;N;06/10/2019
102102;PRISCILA CONCEIÇÃO MAGALHÃES;196.603.025-84;03/08/2001;F;priscila.magalhaes126@yaho.com.br;11 988447678;Rua Brasil, nº 1796;VILA MARIANA;Santo André - SP;sp;07732-236;S;20/03/2025
102103;EDUARDO MACHADO ANDRADE;523.755.600-00;01/05/2000;M;eduardoandrade413@uol.com.br;(71) 7825-9861;R Tiradentes, nº 659;JARDIM AMÉRICA;Salvador;Bahia;48325633;N;19/11/2019
102104;CECILIA PEIXOTO MAGALHAES COSTA;80429142007;13/02/1984;F;cecilia.costa41@hotmail.com;(11) 97965-1983;AVENIDA XV DE NOVEMBRO, Nº 1275;SÃO JOSÉ;São Paulo;SP;07860-199;S;31/08/2022
102105;ANA MARTINS CARDOSO;93717749919;25/03/1987;;ana.cardoso127@yahoo.com.br;19 961928176;Av. Rio Branco, nº S/N;VILA MARIANA;Campinas;SP;14724762;S;06/09/2025
102106;LÚCIA GUIMARÃES;75711260960;04/09/1977;F;luciaguimaraes966@yahoo.com.br;(11) 8291-5278;RUA PRESIDENTE VARGAS, N. 1430;VILA MARIANA;São Paulo;SP;09603-311;N;24/02/2023
102107;CAMILA SILVA CARVALHO;01666294993;10/11/1984;F;gabriela.ribeiro240@hotmail.com;51968579050;Rua Dom Pedro II, 532 - Bloco B Apto 104;VILA NOVA;Porto Alegre;Rio Grande do Sul;92454491;N;30/08/2023
102108;DANIEL SILVA MENDES;441.580.163-39;23/08/1990;M;daniel_men159@hotmail.com;21991928375;TV. DAS FLORES, N. 2951;BELA VISTA;Niterói;rj;27121246;N;08/09/2019
102109;ANTÔNIO ASSUNÇÃO MELO;78070557230;25/04/1981;M;antoniomelo369@gmail.com;(11) 98302-6619;R. SANTOS DUMONT, N. 2469;JARDIM AMÉRICA;São Paulo;SP;07677429;;15/04/2022
102110;JOANA  ASSUNCAO COSTA ;802.955.013-83;13/01/1958;F; JOANACOSTA4@BOL.COM.BR ;16 962675122;R das Flores, nº 46;SANTO ANTÔNIO;Ribeirão Preto;sp;19841160;N;05/09/2024
102111;SERGIO ALVES ALVES;689.894.746-04;22/08/1963;M;sergioalves580@bol.com.br;11 969292668;R. das Palmeiras, 1126 - Fundos;VILA NOVA;SAO PAULO;SP;02640727;N;23/12/2022
102112;RENATA PEIXOTO CARDOSO FREITAS;98068537767;02/05/1983;F;renatafreitas52051@bol.com.br;97627-6017;TRAVESSA SÃO JOÃO, 731;BELA VISTA;São Paulo;SP;02419-538;S;08/03/2019
102113;LUÍZA BRANDÃO MARQUES;308.168.770-50;12/08/1967;F;priscilasantos792@yahoo.com.br;;R. Brasil, nº 2369;LIBERDADE;Ribeirão Preto;SP;11094-304;N;16/07/2023
102114;LARISSA MENDES DIAS SILVA;388.778.069-82;08/05/1953;;larissasilva10517@yahoo.com.br;(11) 97794-1495;AV. DA LIBERDADE, S/N;SANTA CECÍLIA;Guarulhos;SP;8841251;;14/03/2020
102115;RAFAEL PEIXOTO PEREIRA;89186560921;03/04/1960;;rafaelpereira542@hotmail.com;48961823930;RUA das Flores, 534 - Bloco B Apto 104;LIBERDADE;Florianópolis - SC;SC;83905-002;N;10/02/2025
102116;SONIA SANTOS SANTOS CARDOSO;128.765.543-21;29/07/1985;F;sonia.cardoso105@hotmail.com;(71) 98705-7837;AVENIDA BRASIL, 1235 - CASA 2;PARQUE INDUSTRIAL;Salvador;ba;42112-595;N;21/08/2025
102117;MARCIA MELO;766.538.375-05;27/08/1990;F;marcia_mel814@gmail.com;(11) 98620-6746;Rua Presidente Vargas, N. 1925;PARQUE INDUSTRIAL;São Paulo;São Paulo;05755394;N;20/06/2025
102118;RENATA ROCHA MAGALHAES;08558426449;11/04/1970;;renata.magalhaes681@bol.com.br;16991723288;TV. XV DE NOVEMBRO, 1605;JARDIM DAS FLORES;Ribeirão Preto;SP;18595649;N;06/06/2023
102119;ALINE MARQUES OLIVEIRA NASCIMENTO;36272635109;21/12/1991;F;aline.nascimento187@gmail.com;21981349839;Tv. São João, nº 1419;VILA MARIANA;RIO DE JANEIRO;RJ;23705-686;N;27/01/2022
102120;LETICIA CARDOSO ASSUNCAO MARQUES;789.881.671-47;09/11/1955;F;leticia.marques635@outlook.com;96163-1539;Rua Presidente Vargas, N. 2669 - Fundos;BELA VISTA;Rio de Janeiro;RJ;29102220;S;30/05/2022
102121;HENRIQUE GOMES;3,62759E+10;28/02/1993;M;henrique_gom10@uol.com.br;11 990134197;RUA DOS IPÊS, 293;LIBERDADE;São Paulo;SP;05404-627;N;11/10/2019
102122;DEBORA GUIMARAES MACHADO;485.126.538-76;10/04/1989;F;debora_mac127@hotmail.com;11 80978256;Pca dos Andradas, 2879 - Casa 2;BOA VISTA;São Paulo;SP;05574-532;N;17/02/2023
102123;SIMONE GOMES SILVA;928.797.796-85;12/04/1977;I;simone_sil623@gmail.com;21997049755;RUA SÃO JOÃO, Nº 892;PARQUE INDUSTRIAL;niterói ;rj;23656476;N;28/01/2020
102124;CAOI MELO MARQUES;493.868.251-63;01/01/1998;M;caio_mar752@gmail.com;(19) 97463-7717;Travessa Paulista, N. 2236;SÃO JOSÉ;Campinas;sp;16475-639;S;29/03/2022
102125;BEATRIZ  SANTOS ;410.022.089-80;06/12/1967;F;beatrizsantos629@hotmail.com;5173046187;Rua das Palmeiras, nº 1948 - Apto 31;PARQUE INDUSTRIAL;Porto Alegre;Rio Grande do Sul;95233-663;S;17/03/2022
102126;LUCIA  BRANDAO CARDOSO ;58661321336;13/01/1982;F;lucia.cardoso139@bol.con.br;(16) 6073-2957;Avenida das Palmeiras, 1322;BELA VISTA;Ribeirão Preto;São Paulo;14919-538;S;16/03/2021
102127;ANA RIBEIRO FREITAS;47944394317;28/06/1946;F; ANAFREITAS345@OUTLOOK.COM ;11 73312082;R RIO BRANCO, Nº 2997 - FUNDOS;SANTA CECÍLIA;São Paulo;sp;09613-364;S;11/12/2021
102128;ISABELA MARQUES ANDRADE;40620952202;19/06/1964;;isabela.andrade30@bol.com;62972768132;RUA Marechal Deodoro, nº 2203;CENTRO;goiânia ;GO;75400329;N;01/03/2024
102129;OTÁVIO ALVES CARDOSO;660.634.531-64;27/12/1980;M;;(11) 96547-3279;R. Dom Pedro II, N. 2934;SÃO JOSÉ;São Paulo;sp;09188-273;S;07/09/2024
102130;MARIANA MELO MELO;765.661.157-65;17/03/1995;F;mariana.melo236@yahoo.com.br;32 985189894;RUA SANTOS DUMONT, N. 2320;JARDIM AMÉRICA;Juiz de Fora;MG;35909-030;S;08/09/2020
102131;FÁBIO COSTA MAGALHÃES;07028177912;01/01/1900;M;fabiomagalhaes694@outlook.com;11995253054;AVENIDA CASTRO ALVES, Nº 2626;BOA VISTA;Guarulhos;SP;8272192;S;20/01/2023
102132;WAGNER MARQUES PEREIRA DIAS;77611478338;15/09/1950;M;wagner.dias278@bol.com.br;11 978806781;AV SETE DE SETEMBRO, 2969;SANTA CECÍLIA;Santo André;São Paulo;04101-627;S;06/11/2019
102133;VINICIUS SOZUA;029.176.672-22;03/08/1983;M;vinicius_sou55@hotmail.com;71985472842;AVENIDA DOM PEDRO II, N. 2826;CENTRO;Salvador;ba;44166385;S;07/08/2025
102134;RODRIGO DIAS;900.300.006-96;02/02/2001;M;rodrigo.dias170@uol.com.br;11994165280;AV Rio Branco, 48;BELA VISTA;São Paulo;SP;02602543;S;21/10/2021
102135;BEATRIZ  MACHADO ;42589200455;26/10/1993;;beatriz_mac952@uol.com.br;11 975743726;RUA TIRADENTES, N. 1043;SÃO JOSÉ;São Paulo;sp;5330286;N;09/11/2019
102136;TANIA PEIXOTO MENDES RODRIGUES;330.045.683-57;05/03/1996;F;taniarodrigues655@outlook.com;(51) 99269-6034;RUA MARECHAL DEODORO, 2897;LIBERDADE;Porto Alegre - RS;RS;99530732;;28/12/2022
102137;CESAR SILVA MAGALHAES CARVALHO;02097193897;27/11/1975;M;cesar.carvalho872@gmail.com;11964977028;Rua XV de Novembro, nº 575 - Fundos;SÃO JOSÉ;SAO PAULO;SP;09378865;S;23/06/2021
102138;SERGIO MACHADO ARAUJO;599.630.503-87;28/05/1985;M;sergio.araujo869@yahoo.com.br;21 994504018;Rua Brasil, nº 2570 - Casa 2;JARDIM DAS FLORES;RIO DE JANEIRO;RJ;21112-511;;26/09/2019
102139;RODRIGO PEIXOTO;282.492.652-03;23/11/1994;M;rodrigopeixoto183@gmail.com;11 90519737;R. TIRADENTES, Nº 599;VILA NOVA;São Paulo;SP;01326725;S;31/08/2022
102140;SONIA ANDRADE BRANDAO LIMA;296.760.124-16;29/05/1979;F;sonialima708@bol.com.br;(31) 96449-9039;RUA DOS ANDRADAS, 915;SANTA CECÍLIA;Belo Horizonte;MG;33951191;S;23/07/2020
102141;CÉSAR NASCIMENTO COSTA;152.479.909-27;21/03/1980;M;cesar_cos291@yahoo.com.br;;RUA CASTRO ALVES, Nº 2467 - BLOCO B APTO 104;JARDIM DAS FLORES;Campinas;SP;11589963;N;22/06/2023
102142;MARCIO  MACHADO NASCIMENTO ;79996381536;30/05/1978;M;marcionascimento59649gmail.com;21 973249820;AL. DOS IPÊS, 1005 - APTO 12;BELA VISTA;Rio de Janeiro;rj;26922730;;23/07/2022
102143;RAQUEL GOMES NASCIMENTO;370.282.826-51;23/10/1969;F;raquel.nascimento29@yahoo.com.br;(51) 7825-8965;AV CASTRO ALVES, Nº 384;BOA VISTA;Porto Alegre;;97704-766;S;11/03/2023
102144;FERNANDO  CARDOSO ;92683072783;08/12/1988;M;fernando_car860@uol.com.br;21991799351;Av Santos Dumont, 2914;JARDIM DAS FLORES;Rio de Janeiro;RJ;23949684;N;25/10/2021
102145;MARCIA MAGALHAES SOUZA;82418980618;22/07/1994;F;marciasouza552@gmial.com;(21) 98351-8795;R SETE DE SETEMBRO, 1236;BELA VISTA;Rio de Janeiro;rj;29232971;S;04/08/2020
102146;BRUNO MOREIRA;8000459639;23/02/1988;M;brunomoreira197@gmail.com;(51) 96441-1877;AVENIDA GETÚLIO VARGAS, Nº 812;JARDIM AMÉRICA;Porto Alegre;rs;97547265;S;16/01/2023
102147;CLAUDIA ANDRADE;727.128.545-86;04/06/1957;F;claudiaandrade495@bol.com.br;(19) 9811-2632;AV Marechal Deodoro, N. 1046;CENTRO;Campinas;SP;17473409;N;22/04/2025
102148;ALINE BRANDAO;30828856915;27/05/1962;F;aline.brandao241@uol.com.br;31 984996733;R. Castro Alves, nº 1214 - Casa 2;BOA VISTA;Belo Horizonte;MG;33241671;S;17/01/2020
102149;DANIEL AMCHADO;3,68867E+10;30/09/1942;M;daniel.machado543@yahoo.com.br;;R. Sete de Setembro, N. 2491;BELA VISTA;são paulo ;SP;07066864;S;05/03/2024
102150;JOANA PEREIRA;83543139624;21/08/1965;F;joana_per191@bol.com.br;81 960111080;Av Brasil, N. 1923 - Fundos;BELA VISTA;Recife;pe;54294146;N;31/05/2024
102151;NATÁLIA DIAS COSTA;172.488.797-11;22/07/1979;F;natalia_cos136@bol.com;21 62475961;AVENIDA DAS FLORES, 2794;PARQUE INDUSTRIAL;Rio de Janeiro;RJ;27957-983;S;10/05/2025
102152;JOSE MAGALHAES MOREIRA;993.278.549-00;07/02/1978;M;josemoreira876@hotmail.com;95436285;Av Presidente Vargas, 873;CENTRO;GOIANIA;GO;73025775;S;06/08/2025
102153;VINICIUS MOREIRA;85681328805;10/03/1994;M;vinicius.moreira858@yahoo.com.br;(81) 98844-2719;AV DOS ANDRADAS, N. 2601;VILA MARIANA;RECIFE;PE;57578939;S;01/10/2022
102154;ISABELA MELO RODRIGUES CONCEIÇÃO;95224901723;15/04/1959;F;isabelaconceicao204@yahoo.com.br;(41) 96297-2298;AV BRASIL, N. 1045;VILA NOVA;CURITIBA;pr;81274526;S;29/10/2022
102155;DRA. SONIA GUIMARAES;07678508581;25/11/1981;;soniaguimaraes19422@hotmail.com;21998771954;TRAV. PAULISTA, Nº 337;PARQUE INDUSTRIAL;Rio de Janeiro;Rio de Janeiro;28742871;;20/05/2021
102156;RODRIGO SILVA ANDRADE;307.499.919-50;13/01/1982;M;rodrigo.andrade66569@bol.com.br;11977507967;AV DA LIBERDADE, Nº 2176;PARQUE INDUSTRIAL;são paulo ;São Paulo;01445-466;;01/10/2023
102157;MARIANA MENDES NASCIMENTO;896.289.962-07;18/11/1969;F;mariana.nascimento575@outlook.com;(11) 99501-6897;AVENIDA XV DE NOVEMBRO, N. 2964;LIBERDADE;São Paulo;sp;3018478;N;07/04/2021
102158;SIMONE BRANDAO MACHADO;547.013.350-88;25/02/1983;F;simonemachado482@outlook.com;(51) 99198-1662;Rua da Liberdade, 604;SANTA CECÍLIA;Porto Alegre;Rio Grande do Sul;91593-509;;28/03/2022
102159;RODRIGO NUNES ASSUNCAO;21980109842;15/12/1981;M;rodrigo_ass311@hotmail.com;11 974076168;Rua das Flores, N. 1010;SANTA CECÍLIA;Santo André;sp;1786991;;17/06/2025
102160;CECILIA ANDRADE;99299900620;05/08/2004;F;cecilia_and74687@uol.com;41 964069055;Rua Presidente Vargas, N. 623;JARDIM DAS FLORES;Curitiba;PR;85163-766;S;15/10/2021
102161;RAFAEL NUNES SANTOS;272.403.163-60;06/01/1976;M;rafael.santos883@gmail.com;51 86394001;AV. PAULISTA, N. 908;BOA VISTA;Porto Alegre;RS;96048-506;N;16/11/2025
102162;JOSÉ FREITAS MARTINS;77808424790;24/08/1992;M;jose_mar96@bol.com.br;(51) 6041-3503;AVENIDA SANTOS DUMONT, Nº 1734 - APTO 31;VILA MARIANA;Porto Alegre;RS;96644978;N;19/05/2024
102163;LEONARDO  NUNES ARAUJO ;72686316500;18/11/1993;M;leonardo_ara20@hotmail.com;11971689328;RUA SANTOS DUMONT, N. 2142;PARQUE INDUSTRIAL;São Paulo;SP;03800465;N;30/11/2024
102164;DEBORA  ROCHA MEDNES CARVALHO ;545.458.075-93;22/04/1980;F;debora.carvalho378@gmail.com;21 995658011;TRAVESSA DAS FLORES, Nº 1970 - APTO 31;BOA VISTA;Niterói;RJ;28870103;S;04/01/2021
102165;SONIA CARVALHO CARDOSO;45862948503;02/02/1991;F;soniacardoso59135@yahoo.com.br;19995342666;Av. das Flores, nº 2404;JARDIM DAS FLORES;Campinas;SP;16648578;S;12/03/2019
102166;TÂNIA RIBEIRO OLIVEIRA;408.242.611-60;31/12/1933;F;tania.oliveira76946@yahoo.com.br;31991984327;R TIRADENTES, N. 680;LIBERDADE;Belo Horizonte;Minas Gerais;32067020;N;18/09/2019
102167;CLAUDIA  MENDES ALVES ;858.679.267-53;07/11/1987;;claudia.alves560@gmail.com;21 975708622;RUA MARECHAL DEODORO, N. 2273;SÃO JOSÉ;Rio de Janeiro;RJ;22467816;N;22/01/2022
102168;CAIO RIBEIRO MARQUES;7183742660;16/03/1984;M;caio.marques944@yahoo.com.br;(11) 98754-4520;AVENIDA BRASIL, 1455 - APTO 31;LIBERDADE;Guarulhos - SP;SP;02682-530;N;25/05/2023
102169;MARCIO DIAS RIBEIRO;433.324.349-18;31/03/1984;M;marcioribeiro12@bol.com.br;11 969912381;Rua Rio Branco, 521;PARQUE INDUSTRIAL;Guarulhos - SP;SP;1123823;N;09/10/2022
102170;VITÓRIA MAGALHÃES CONCEIÇÃO;897.693.799-64;11/02/1943;F;vitoriaconceicao297@uol.com.br;11 962977290;RUA BRASIL, Nº 1584 - APTO 31;VILA MARIANA;São Paulo;SP;6289734;S;04/09/2021
102171;LUCIA  FERREIRA MARQUES ;34577711206;27/12/1939;F;luciamarques524@uol.com.br;(11) 99452-5426;Rua Tiradentes, nº 2402 - Casa 2;SANTO ANTÔNIO;Santo André;SP;08652-500;S;20/09/2025
102172;EDUARDO CARDOSO;22779849576;16/12/1967;M; EDUARDO.CARDOSO894@GMAIL.COM ;(32) 96054-8184;RUA XV DE NOVEMBRO, N. 2695;SÃO JOSÉ;Juiz de Fora;MG;32498216;N;22/07/2021
102173;BRUNO COSTA NASCIMENTO;735.896.892-18;25/03/1994;M;bruno.nascimento276@gmail.com;;RUA SANTOS DUMONT, Nº 1290;VILA NOVA;São Paulo;São Paulo;07060394;N;20/08/2022
102174;MATEUS ASSUNCAO COSTA;40233364080;17/06/1974;M;mateus.costa981@gmail.com;71969829934;AV DAS FLORES, Nº 1008 - APTO 12;SÃO JOSÉ;Salvador - BA;BA;48301-131;S;27/07/2023
102175;CLAUDIA PEREIRA BARBOSA;54701197696;10/11/1999;F;claudiabarbosa740@yahoo.com.br;31 993592310;RUA Castro Alves, nº 853;LIBERDADE;Belo Horizonte;MG;37423356;S;04/11/2024
102176;JOANA NUNES;19180949851;20/12/1991;F;joana_nun247@hotmail.com;(11) 99975-4048;AV TIRADENTES, 1521;JARDIM AMÉRICA;São Paulo;SP;07494-439;S;09/04/2024
102177;CECÍLIA BARBOSA;917.827.893-75;22/06/1949;F;cecilia.barbosa212@outlook.com;21991675743;Avenida Marechal Deodoro, nº 183 - Casa 2;SANTO ANTÔNIO;Rio de Janeiro;RJ;22411-067;S;21/09/2023
102178;LUCIA GUIMARAES FERREIRA SILVA;185.789.393-01;27/09/1982;;lucia_sil717@outlook.com;11 966688206;R XV DE NOVEMBRO, N. 2555;VILA NOVA;São Paulo;sp;03826005;;05/02/2022
102179;NATALIA L. ARAUJO;955.033.775-83;25/10/1967;F;natalia.araujo701@uol.com.br;99890-9253;Praça Paulista, N. 1214;VILA NOVA;RECIFE;PE;54105460;S;10/10/2020
102180;ISABELA EFRREIRA SILVA;92961607400;14/08/1989;F;isabelasilva57@hotmail.com;11997871361;AV. TIRADENTES, 1687;SANTA CECÍLIA;SAO PAULO;São Paulo;09498-913;N;16/12/2022
102181;LEONARDO PEIXOTO;59921907751;22/01/1995;M;leonardopeixoto860@gmail.com;(41) 97479-9060;Av. Brasil, 260 - Casa 2;SANTO ANTÔNIO;Curitiba;pr;85144836;N;17/03/2021
102182;LÚCIA CARDOSO NUNES;21761584073;23/08/1996;F;lucia_nun417@bol.com.br;(11) 96335-1991;R. DOS IPÊS, 443;JARDIM AMÉRICA;Santo André;SP;05121-362;N;01/06/2025
102183;CESAR MOREIRA;12028242779;31/05/1951;M;cesar_mor292@bol.com.br;11 981563863;RUA DOM PEDRO II, Nº 1535;SANTO ANTÔNIO;São Paulo;SP;01643-780;N;11/10/2025
102184;GABRIELA FERREIRA RIBEIRO;12552732089;16/03/1994;F;gabriela.ribeiro240@hotmail.com;(51) 99460-9722;AL BRASIL, 2138;BELA VISTA;Porto Alegre;Rio Grande do Sul;91249-255;S;26/10/2025
102185;MARCIA M. RIBEIRO;956.962.294-68;25/02/1994;F;marciaribeiro541@bol.com.br;(21) 6064-7009;RUA SANTOS DUMONT, Nº 977;SANTO ANTÔNIO;Rio de Janeiro;RJ;27701-599;S;16/09/2024
102186;MARCELO  PEREIRA SANTOS ;226.292.941-61;08/07/1998;M;marcelosantos35@yahoo.com.br;21 965443220;Travessa Presidente Vargas, nº 1876;VILA MARIANA;Niterói;Rio de Janeiro;26714310;N;21/11/2023
102187;FERNANDO ANDRADE CARVALHO;899.110.018-06;15/09/1976;M;fernandocarvalho513@yahoo.com.br;11 964449073;R. TIRADENTES, N. 103;JARDIM DAS FLORES;São Paulo;SP;02865-443;N;21/06/2025
102188;LETICIA PEREIRA GUIMARAES MACHADO;90518278816;20/06/1981;F;leticiamachado773@hotmail.com;21 999548800;RUA DOM PEDRO II, Nº 724;JARDIM AMÉRICA;Niterói;Rio de Janeiro;22851193;N;04/05/2023
102189;HENRIQUE ARAUJO;517.660.678-08;08/04/1985;M;henrique.araujo153@hotmail.com;11 971572089;AV DOM PEDRO II, N. 1634;JARDIM DAS FLORES;Santo André;SP;06096552;N;20/06/2023
102190;JOÃO PEREIRA;09451407707;13/04/1981;M; JOAOPEREIRA394@HOTMAIL.COM ;(21) 7750-4488;RUA SETE DE SETEMBRO, 1928;BOA VISTA;RIO DE JANEIRO;RJ;29587858;N;21/03/2021
102191;JULIA MENDES;428.545.200-68;28/01/1981;F;;21996432058;R. DA LIBERDADE, Nº 578;BOA VISTA;Rio de Janeiro;RJ;27358194;S;20/12/2020
102192;HELENA NASCIMENTO SANTOS;101.860.378-64;09/07/2003;F;helenasantos825@hotmail.com;(32) 96501-2862;AV SANTOS DUMONT, N. 2726 - APTO 12;PARQUE INDUSTRIAL;Juiz de Fora;mg;34235-620;N;25/02/2021
102193;RAQUEL CARDOSO RIBEIRO OLIVEIRA;40050347055;01/08/1982;F;raquel_oli922@yahoo.com.br;11 980821051;RUA DAS FLORES, N. 1620 - APTO 12;VILA MARIANA;SAO PAULO;sp;02415469;S;21/04/2019
102194;LEONARDO SOUZA;7025378968;12/04/1983;M;leonardo_sou257@outlook.com;(11) 6457-5386;Rua Dom Pedro II, nº 2786;SANTO ANTÔNIO;São Paulo - SP;São Paulo;07183996;S;19/08/2021
102195;HELIO FERREIRA ANDRADE;77858427440;07/09/2004;M;helio.andrade245yahoo.com.br;8170064422;Rua dos Ipês, nº 2469;SÃO JOSÉ;recife ;Pernambuco;56211-339;N;19/11/2025
102196;SÉRGIO MAGALHÃES;41111376603;11/04/1980;M;sergio.magalhaes257@bol.com.br;97756-1450;RUA DA LIBERDADE, N. 2768;SANTA CECÍLIA;Campinas;SP;18366-304;;22/06/2022
102197;ANDRE OLIVEIRA MENDES COSTA;70172730287;11/03/1984;M;andre_cos317@outlook.com;71 977322459;Rua da Liberdade, 1983;SÃO JOSÉ;Salvador;Bahia;45629-672;N;26/07/2025
102198;JOANA FERREIRA;33029951723;31/12/1933;F;joanaferreira79@yahoo.com.br;31 992655606;Av Castro Alves, N. 1723;SANTO ANTÔNIO;Belo Horizonte;Minas Gerais;33148335;N;27/04/2025
102199;CAMILA PEREIRA ASSUNCAO;13395643190;15/07/1994;;camila.assuncao383@uol.com.br;(51) 98605-2877;R CASTRO ALVES, 2183;SANTA CECÍLIA;Porto Alegre;RS;96220-510;S;08/03/2022
102200;THIAGO  PEREIRA MELO ;97061597461;25/05/1970;M;thiagomelo491@hotmail.com;16 63115102;Alameda das Flores, 2894 - Apto 12;PARQUE INDUSTRIAL;Ribeirão Preto - SP;SP;19033806;N;05/10/2022
102201;LEONARDO ANDRADE NUNES;82802306537;23/04/1936;M;leonardo_nun580@bol.com.br;21995905215;AVENIDA PRESIDENTE VARGAS, 2918;JARDIM AMÉRICA;Rio de Janeiro;RJ;29240865;S;03/03/2021
102202;SÉRGIO CARVALHO NASCIMENTO;47937425210;02/07/1979;M; SERGIO.NASCIMENTO995@UOL.COM.BR ;;RUA DAS PALMEIRAS, Nº 1724;SANTA CECÍLIA;Santo André;SP;07453-117;N;27/02/2025
102203;DEBORA LIMA ASSUNCAO;093.060.056-87;10/06/1972;F;deboraassuncao804@outlook.com;99811-2193;AV. PAULISTA, Nº 95;BELA VISTA;Florianópolis - SC;Santa Catarina;81770-720;N;10/03/2021
102204;SIMONE SILVA CONCEIÇÃO;58722359257;07/05/1997;F;simone_con898@hotmail.com;(11) 6098-3434;RUA Brasil, 220;LIBERDADE;São Paulo;SP;06877-209;N;25/08/2021
102205;LUCIA CARVALHO FERREIRA BRANDAO;76533382837;27/08/1973;F;luciabrandao328@hotmial.com;11 981089013;Rua Paulista, nº 2081;PARQUE INDUSTRIAL;SAO PAULO;SP;06464900;S;12/09/2025
102206;NATALIA MARTINS MACHADO MARTINS;275.261.913-80;18/10/1989;F;natalia.martins229@outlook.com;41 961629927;AV dos Andradas, nº 1817 - Bloco B Apto 104;BELA VISTA;Curitiba - PR;pr;83391157;S;24/05/2024
102207;LETÍCIA ALVES;79546697850;10/02/1977;F;leticia_alv286@bol.com.br;31 986542451;RUA São João, nº 1529;SANTO ANTÔNIO;Belo Horizonte;mg;33636316;N;30/06/2019
102208;DRA. LARISSA GUIMARAES SANTOS MOREIRA;69029459697;11/04/1971;F;larissa.moreira550@uol.com.br;(21) 98022-7153;Rua Tiradentes, N. 1176;JARDIM AMÉRICA;Rio de Janeiro;RJ;27255-844;N;02/11/2021
102209;CAIO LIMA;918.908.804-26;18/07/1993;M;caio.lima156@hotmail.com;11 968516474;Rua Marechal Deodoro, 2901;VILA MARIANA;São Paulo;sp;05784-691;S;17/03/2024
102210;CAIO ASSUNCAO DIAS;90048336688;22/11/1992;M;caio.dias161@hotmail.com;11 972113303;R. Sete de Setembro, N. 989 - Casa 2;SANTA CECÍLIA;São Paulo;;02904-680;S;21/07/2023
102211;MATEUS RIBEIRO PEIXOTO MELO;470.559.488-60;06/08/1978;M;mateus_mel513@hotmail.com;(31) 9895-2315;RUA Sete de Setembro, N. 2580;SANTO ANTÔNIO;Belo Horizonte;mg;37630-028;S;14/05/2019
102212;JOSÉ ROCHA;14749334677;11/05/1958;M;joserocha701@gmail.com;(21) 98956-7283;Av. Santos Dumont, nº 247;LIBERDADE;Rio de Janeiro;Rio de Janeiro;27075698;S;14/04/2019
102213;RENATA COSTA;645.750.887-14;10/04/1988;F;renatacosta203@uol.com.br;(62) 99689-3514;RUA SÃO JOÃO, Nº 1405 - BLOCO B APTO 104;PARQUE INDUSTRIAL;Goiânia;;75299856;N;26/11/2019
102214;TANIA RODRIGUES NASCIMENTO;48211315106;04/01/1968;;tania_nas229@gmail.com.br;51996058515;RUA BRASIL, 1207;JARDIM DAS FLORES;Porto Alegre;RS;94043-280;N;10/08/2021
102215;CECILIA MENDES ALVES;00841425299;20/06/1985;F;cecilia_alv19@yahoo.com.br;6292524416;PRAÇA SANTOS DUMONT, 603;BELA VISTA;Goiânia;Goiás;72736481;S;11/06/2024
102216;PAULO ALVES;575.002.587-04;18/09/1999;M;;96369-4725;Pca Santos Dumont, nº 350;SANTA CECÍLIA;São Paulo;sp;05115-660;S;30/09/2022
102217;OTAVIO FREITAS MENDES MAGALHAES;34670214250;12/10/1983;M;otavio_mag236@hotmail.com;11965444444;RUA XV DE NOVEMBRO, Nº 2547;SÃO JOSÉ;Santo André;São Paulo;07920-906;S;28/02/2025
102218;RAFAEL MOREIRA ANDRADE;83058965877;26/05/1980;M;rafaelandrade251gmail.com;(21) 7849-8103;Alameda Sete de Setembro, N. S/N - Apto 12;BELA VISTA;Rio de Janeiro;rj;26192-709;S;21/10/2021
102219;FERNANDA OCSTA RIBEIRO;48394342124;08/11/1981;F;fernanda.ribeiro169@gmail.com;51 982641523;Rua Rio Branco, 2242;PARQUE INDUSTRIAL;Porto Alegre;RS;93341944;S;25/10/2020
102220;TANIA GUIMARAES DIAS;785.154.521-89;13/04/1987;F;taniadias910@hotmail.com;71 979939824;RUA RIO BRANCO, N. 2088;CENTRO;Salvador;ba;44615-232;S;25/06/2020
102221;SONIA MAGALHAES ROCHA;12155068212;11/12/1996;F;sonia_roc679@bol.com.br;(11) 98478-8291;Rua Castro Alves, 2542;CENTRO;Santo André;sp;07972-026;S;06/09/2021
102222;THIAGO SOUZA ARAÚJO;242.620.543-14;13/06/1984;;thiago.araujo20927@uol.com.br;21 997285324;R. dos Ipês, nº 2894;VILA MARIANA;Rio de Janeiro;rj;24209731;N;20/01/2021
102223;WAGNER ALVES FREITAS;25445634949;10/11/1993;M;wagner_fre41@yahoo.com.br;31 969515028;R. São João, 317;LIBERDADE;Belo Horizonte;MG;31944655;N;02/03/2023
102224;ALINE BRANDAO;65480358286;03/07/1988;F;aline_bra821@hotmail.com;(11) 96261-2517;R Paulista, nº 1192;CENTRO;São Paulo;SP;03358-046;N;17/02/2023
102225;DANIEL DIAS CARDOSO;852.789.955-80;31/12/1933;;daniel_car858@gmail.com;81965369250;RUA GETÚLIO VARGAS, 777 - CASA 2;VILA NOVA;Recife;pe;58466-985;N;30/06/2025
102226;FERNANDO BARBOSA ALVES;75575228851;22/09/1983;M;fernandoalves214@gmail.com;1192119795;RUA das Palmeiras, nº 1817;LIBERDADE;Santo André;SP;07630-407;N;13/01/2024
102227;HÉLIO CONCEIÇÃO;70595019676;09/04/1983;I;helioconceicao431@yahoo.com.br;(21) 97222-4943;RUA DAS FLORES, 860 - BLOCO B APTO 104;JARDIM DAS FLORES;RIO DE JANEIRO;Rio de Janeiro;21866818;N;03/02/2021
102228;RAFAEL DIAS ROCHA;34055349335;20/06/1999;M;rafaelrocha151@uol.com.br;11 961417897;PÇ. MARECHAL DEODORO, Nº 1092 - FUNDOS;PARQUE INDUSTRIAL;São Paulo;SP;03697-109;S;05/11/2025
102229;OTÁVIO SANTOS;73563300674;31/01/2001;M;otaviosantos3@gmail.com;62977854271;RUA SANTOS DUMONT, N. 2577;LIBERDADE;goiânia ;GO;79018-117;S;22/11/2022
102230;FERNANDO PEIXOTO LIMA NUNES;658.055.437-10;24/08/1983;;fernandonunes708@bol.con.br;11 991581341;R MARECHAL DEODORO, N. 656;SANTA CECÍLIA;São Paulo;SP;03357845;S;17/06/2019
102231;RAQUEL MOREIRA BARBOSA BARBOSA;172.840.669-20;02/04/1965;F;raquelbarbosa477@uol.com.br;(21) 97967-8164;Rua Castro Alves, nº 1122;SÃO JOSÉ;RIO DE JANEIRO;rj;28497674;N;26/02/2022
102232;CESAR RODRIGUES MOREIRA;970.511.626-16;31/12/1933;M;;11 974869775;Rua Getúlio Vargas, 2715;JARDIM DAS FLORES;São Paulo;SP;8017283;;23/10/2025
102233;RAQUEL FREITAS BRANDÃO;762.146.831-98;13/11/2005;F;raquelbrandao821@yahoo.com.br;(51) 99318-8150;Rua Brasil, N. 2228;VILA NOVA;Porto Alegre;Rio Grande do Sul;99311369;S;18/01/2024
102234;ISABELA BARBOSA MARTINS;01128724251;16/11/1981;F;isabela.martins553@yahoo.com.br;61 89577135;RUA XV DE NOVEMBRO, Nº 1049;BOA VISTA;brasília ;Distrito Federal;78996508;S;25/04/2023
102235;PATRÍCIA  RIBEIRO ;9,94165E+09;23/08/1990;F;patricia_rib592@outlook.com;97274-7269;R Sete de Setembro, N. 2690 - Apto 31;CENTRO;São Paulo;São Paulo;1606717;S;06/04/2022
102236;LUIZA NUNES MAGALHAES BARBOSA;43651003191;25/10/1972;F;luiza.barbosa369@hotmail.com;(19) 98543-8002;ALAMEDA DAS FLORES, Nº 1781;VILA NOVA;Campinas;SP;19333-287;;26/01/2025
102237;RENATA ROCHA NUNES;16292595609;29/11/1968;F;renata.nunes752@hotmail.com;11 987764582;Rua Tiradentes, N. 1340;SÃO JOSÉ;Guarulhos;SP;06347185;N;13/05/2019
102238;CAMILA SOUZA LIMA;843.608.454-30;02/08/1990;F;camila_lim812@uol.com.br;11 977582456;Travessa Rio Branco, N. 967;SANTO ANTÔNIO;Sampa;sp;07099-661;S;04/01/2025
102239;JOANA MOREIRA MAGALHAES;672.511.522-58;27/03/1995;F;joana_mag649@bol.com.br;11960975661;Rua Dom Pedro II, 2822;BOA VISTA;Guarulhos;sp;01046908;S;12/09/2019
102240;CAMILA LIMA PEREIRA;9,54620E+10;09/06/2002;F;camilapereira531@bol.com.br;;Rua XV de Novembro, N. 1134;JARDIM DAS FLORES;Porto Alegre;Rio Grande do Sul;93839-407;S;17/11/2022
102241;PRISCILA MELO;72121910000;05/11/1991;F;priscilamelo627@hotmail.com;;R Brasil, N. 1193;VILA NOVA;Juiz de Fora;MG;33006598;N;16/12/2022
102242;MARCIO  SOUZA ;54412876675;03/06/1982;M; MARCIO.SOUZA500@YAHOO.COM.BR ;71989251055;Av Santos Dumont, 2766;SANTA CECÍLIA;Salvador;BA;48051539;S;05/07/2022
102243;ANTONIO SOUZA MARQUES;824.831.215-19;14/02/1994;M;;1166806296;Avenida da Liberdade, N. 764;JARDIM AMÉRICA;São Paulo;sp;08837620;S;16/08/2021
102244;MATEUS CONCEIÇÃO CARVALHO;935.142.553-34;08/01/1953;;mateus.carvalho150@gmail.com;(11) 96781-1372;R. DA LIBERDADE, Nº 2552;PARQUE INDUSTRIAL;Sampa;São Paulo;01928-651;S;27/11/2024
102245;MARIANA ROCHA;9468898644;05/03/1988;F;marianarocha682@bol.com.br;21990017734;R São João, 2275 - Bloco B Apto 104;SANTA CECÍLIA;RIO DE JANEIRO;Rio de Janeiro;24171297;N;17/05/2019
102246;THIAGO NASCIMENTO;833.558.558-04;06/02/1987;M;thiagonascimento846@uol.com.br;;R. Castro Alves, 2746 - Casa 2;BOA VISTA;SAO PAULO;SP;05764-303;S;26/08/2021
102247;ALINE RIBEIRO ARAÚJO;37017306600;28/02/1991;F;aline_ara808@bol.con.br;3261726182;RUA Tiradentes, nº 1333;CENTRO;Juiz de Fora;;33893832;S;01/03/2024
102248;PATRÍCIA  RIBIERO MACHADO NASCIMENTO ;08337704209;28/01/1980;F;;98304-6963;Rua dos Andradas, N. 2353;VILA NOVA;POA;rs;99315284;;17/05/2022
102249;SONIA BRANDAO RODRIGUES;62425242600;05/01/1992;F;sonia.rodrigues877@hotmail.com;31980081765;Rua das Flores, 1392 - Bloco B Apto 104;JARDIM AMÉRICA;Belo Horizonte;Minas Gerais;36798337;;02/03/2024
102250;SÔNIA FERREIRA MENDES;50453735525;06/03/1988;F;soniamendes407@gmail.com;1968061348;Travessa XV de Novembro, 1901;SANTA CECÍLIA;Campinas;SP;17481-129;N;10/07/2023
102251;PRISCILA MACHADO ALVES PEIXOTO;054.980.852-30;06/06/1978;F;priscila.peixoto419@outlook.com;11 67609917;R DAS PALMEIRAS, Nº 851;VILA NOVA;São Paulo;SP;08261005;S;07/09/2024
102252;RAFAEL FREITAS ANDRADE;474.395.845-89;12/08/1996;M;rafael.andrade845@hotmail.com;21 967013620;Av Santos Dumont, S/N - Apto 31;JARDIM DAS FLORES;Rio de Janeiro;rj;22317012;S;27/09/2022
102253;CLAUDIA ANDRADE MAGALHAES ALVES;09611994907;02/08/1990;F;claudiaalves119@yahoo.com.br;31 961065322;Rua das Flores, 2547 - Fundos;VILA NOVA;Belo Horizonte;MG;33431629;N;10/01/2022
102254;JULIA RIBEIRO ALVES NASCIMENTO;302.101.352-04;23/09/1981;F;julia_nas34351@gmail.com;19960464704;RUA Paulista, 2678 - Apto 31;BELA VISTA;CAMPINAS;São Paulo;16756203;S;02/11/2019
102255;MATEUS RODRIGUES MOREIRA ALVES;61505139635;28/10/1987;M;mateusalves75@hotmail.com;61 968876565;R das Palmeiras, nº 516;JARDIM DAS FLORES;Brasília;df;72919256;S;24/03/2021
102256;NATALIA COSTA;132.344.571-40;17/05/1998;F; NATALIA_COS818@GMAIL.COM ;3164095482;AVENIDA DOS ANDRADAS, Nº 1714;SANTA CECÍLIA;Belo Horizonte;Minas Gerais;37070-543;S;09/05/2019
102257;LUCAS GUIMARAES SOUZA;406.882.033-37;23/04/1967;M;lucas_sou154@hotmail.com;81 961748292;R. Tiradentes, nº 2692;VILA MARIANA;Recife;PE;59785318;;26/05/2019
102258;ISABELA  FREITAS NASCIMENTO ;34453815859;08/03/1958;F;isabela.nascimento931@outlook.com;(11) 7775-2937;R MARECHAL DEODORO, 2673 - FUNDOS;BOA VISTA;São Paulo;SP;09879-585;S;28/04/2023
102259;SIMONE BRANDAO;72554973571;29/04/1964;F;simonebrandao642@hotmal.com;21992927965;Av. dos Andradas, 1124;LIBERDADE;RJ;rj;28746-100;S;20/02/2022
102260;HELIO GUIMARAES;54819497332;04/01/2001;M;helio.guimaraes808@hotmail.com;(11) 99820-2820;R. DOS ANDRADAS, Nº 485;PARQUE INDUSTRIAL;São Paulo;SP;5566357;S;12/02/2023
102261;CECILIA NUNES ASSUNCAO;17987643939;28/06/1976;I;cecilia.assuncao755@uol.com.br;2163274376;AVENIDA PRESIDENTE VARGAS, 977 - APTO 12;LIBERDADE;Niterói;rj;21800-509;N;12/02/2020
102262;HENRIQUE PEREIRA BRANDAO;45878813920;28/11/1989;M; HENRIQUE.BRANDAO81489@GMAIL.COM ;11994312781;AV SANTOS DUMONT, N. 923 - CASA 2;CENTRO;São Paulo;sp;01703421;S;08/09/2024
102263;DANIEL FREITAS MARQUES;41120022207;23/08/1965;M;daniel_mar176@yahoo.com.br;11 77922727;R DAS PALMEIRAS, 2662;SANTA CECÍLIA;São Paulo;São Paulo;08157-444;N;30/03/2021
102264;HELENA BRANDÃO NASCIMENTO MENDES;857.687.140-81;09/05/1997;F;helenamendes29@hotmail.com;(16) 98097-9051;Rua Brasil, N. 1809;VILA MARIANA;Ribeirão Preto;SP;13381-607;N;17/05/2025
102265;ANDRÉ PEREIRA RIBEIRO;243.217.839-41;12/05/1996;I;andreribeiro375@outlook.com;;AV. DOM PEDRO II, Nº 319;BELA VISTA;São Paulo;SP;9537999;N;07/02/2024
102266;ISABELA PEREIRA;516.842.783-92;05/11/1981;F;isabela.pereira149@outlook.com;51 969062891;RUA MARECHAL DEODORO, 2813;BELA VISTA;Porto Alegre;rs;94728-997;N;22/08/2021
102267;MATEUS MARQUES CARVALHO GUIMARAES;88222952773;22/07/1985;;mateus_gui475@outlook.com;(61) 96860-3608;R dos Andradas, nº 2378;SÃO JOSÉ;Brasília;DF;72446057;N;04/02/2024
102268;JULIA FREITAS;11579576508;09/03/1993;F;julia_fre48@gmail.com;11 987455115;AV DOM PEDRO II, Nº 920;SANTO ANTÔNIO;SAO PAULO;São Paulo;07183143;N;24/07/2019
102269;JULIA MAGALHAES;95857224888;19/05/1991;F;;11 961339278;R Tiradentes, N. S/N;BOA VISTA;SAO PAULO;São Paulo;05025831;S;28/10/2023
102270;MARCIA  CARVALHO RODRIGUES ;22373167409;19/10/1969;F;marcia_rod513@outlook.com;;AVENIDA DOM PEDRO II, N. 2541;SANTO ANTÔNIO;Campinas;SP;17781020;S;30/03/2024
102271;LUCIA LIMA CARDOSO;26647244107;30/01/1942;F;lucia_car447@gmail.com;31 983438197;RUA CASTRO ALVES, 178 - APTO 12;PARQUE INDUSTRIAL;Belo Horizonte;Minas Gerais;36329123;N;23/11/2025
102272;PRISCILA NASCIMENTO GUIMARÃES ASSUNÇÃO;78596221301;01/04/1970;F;priscila.assuncao84@uol.com.br;(71) 96395-5231;RUA DAS PALMEIRAS, Nº 1725;VILA MARIANA;Salvador - BA;BA;48132862;N;24/01/2022
102273;HELIO SOUZA;709.244.896-42;26/05/1978;M;helio.souza964@bol.com.br;11970129600;RUA MARECHAL DEODORO, N. 654 - FUNDOS;SÃO JOSÉ;São Paulo;SP;03198-951;N;19/08/2020
102274;SÔNIA MACHADO GUIMARÃES;632.698.241-30;09/06/1972;F;sonia_gui626yahoo.com.br;(11) 98099-1722;AL. DA LIBERDADE, N. 2823;BOA VISTA;São Paulo;sp;02149737;N;30/12/2025
102275;GABRIELA ALVES ANDRADE;724.981.273-48;10/05/1985;F;gabrielaandrade92@yahoo.com.br;(62) 7895-3222;RUA SÃO JOÃO, 2609;CENTRO;Goiânia;GO;75588190;N;26/06/2022
102276;RAFAEL ROCHA BARBOSA;169.943.234-12;18/09/1995;M;rafael_bar486@uol.com.br;(11) 98728-9870;RUA CASTRO ALVES, N. 1755;CENTRO;Santo André;sp;02932-362;S;23/06/2019
102277;BEATRIZ NUNES FERREIRA;976.434.857-20;21/02/1984;F;;(62) 98979-9195;Avenida Presidente Vargas, N. 1803;CENTRO;Goiânia;go;79003549;S;01/06/2024
102278;ALINE  GUIMARAES ;8,23533E+10;21/10/1979;F;aline_gui942@uol.com.br;11 979492668;AV DOS IPÊS, N. 166;JARDIM DAS FLORES;São Paulo;São Paulo;09226-420;S;26/01/2019
102279;RENATA MOREIRA CARVALHO;101.550.782-40;14/09/1962;F;renatacarvalho69888@outlook.com;(11) 97932-2518;R Castro Alves, N. 2920;VILA MARIANA;Santo André - SP;SP;04260029;N;14/01/2020
102280;CAIO SOUZA ALVES CONCEIÇÃO;799.125.616-27;26/07/1969;M; CAIO.CONCEICAO724@OUTLOOK.COM ;21 92266781;R. PRESIDENTE VARGAS, 61;BOA VISTA;Niterói;Rio de Janeiro;26769-948;S;12/10/2024
102281;ISABELA MAGALHÃES;4801867235;02/02/1986;F;isabelamagalhaes896@bol.com.br;(31) 97780-9569;R DAS FLORES, N. 600 - APTO 31;CENTRO;BELO HORIZONTE;MG;38722567;N;05/09/2025
102282;LUCAS  OLIVEIRA FERREIRA ;882.625.781-71;02/12/1959;M;lucas.ferreira29175@@hotmail.com;11998582381;RUA BRASIL, N. 2054;SÃO JOSÉ;Santo André;SP;02531151;S;16/06/2022
102283;HELIO RIBEIRO COSTA;530.657.251-00;06/12/1953;M; HELIOCOSTA536@GMAIL.COM ;11997542951;RUA BRASIL, 2947;JARDIM AMÉRICA;santo andré ;sp;04010703;S;04/10/2023
102284;LUCIA  RIBEIRO SANTOS ;424.538.909-56;22/11/1998;F;lucia.santos605@bol.com.br;11973185979;RUA RIO BRANCO, 2478;LIBERDADE;S. Paulo;São Paulo;08151-662;S;11/01/2019
102285;LUIS ALVES ALVES;579.233.282-77;25/08/1993;M;luis.alves273@yahoo.com.br;41968074470;Rua Sete de Setembro, N. 740;SANTO ANTÔNIO;Curitiba;;86872079;S;16/09/2021
102286;RENATA MENDES BRANDAO;074.618.908-75;28/05/1984;F;renata_bra615@uol.com.br;48 968516694;RUA TIRADENTES, Nº 321;SANTO ANTÔNIO;Florianópolis;SC;89585393;;06/12/2023
102287;HELENA B. MELO;75241800476;15/08/1997;F;helena.melo677@yahoo.com.br;21984719506;R DAS PALMEIRAS, 2708 - FUNDOS;BOA VISTA;RIO DE JANEIRO;rj;25543-244;S;13/10/2025
102288;RAFAEL OLIVEIRA SOUZA;43173411749;28/06/1978;I;rafael_sou960@yahoo.com.br;11 983102822;RUA GETÚLIO VARGAS, N. 2942;BELA VISTA;São Paulo;SP;09214-358;S;12/12/2023
102289;MARCIO CARDOSO MENDES;50119323974;07/03/1985;M;marcio_men393@outlook.com;48964163396;Avenida da Liberdade, nº 2340;LIBERDADE;Florianópolis;SC;83145-147;S;05/07/2022
102290;SERGIO OLIVEIRA SILVA;40916093689;09/05/1984;M;sergio_sil557@gmail.com;11974097219;R da Liberdade, nº 771;JARDIM DAS FLORES;são paulo ;São Paulo;06464953;S;23/01/2020
102291;LUCAS FERREIRA FREITAS DIAS;374.614.632-17;22/11/1998;M;lucasdias893@gmail.com;51988275677;Rua Sete de Setembro, N. S/N;SANTA CECÍLIA;Porto Alegre;RS;96457713;S;29/06/2024
102292;TÂNIA NASCIMENTO GUIMARÃES;205.143.953-20;26/04/1973;F;tania.guimaraes584@outlook.com;(11) 97337-8350;R DOS IPÊS, Nº 2194;SÃO JOSÉ;Guarulhos;São Paulo;02221760;S;12/03/2024
102293;CAMILA MELO MARTINS;041.988.112-37;06/12/1968;F;camila_mar884@outlook.com;61 998408047;AVENIDA SÃO JOÃO, Nº 792 - BLOCO B APTO 104;SANTA CECÍLIA;Brasília;DF;73255-471;;29/06/2024
102294;PRISCILA SANTOS;67068685749;01/08/1974;F; PRISCILA.SANTOS661@BOL.COM.BR ;96718-9804;Avenida das Flores, nº 2530;SANTO ANTÔNIO;São Paulo;São Paulo;05240-279;S;13/04/2019
102295;THIAGO RODRIGUES CARDOSO;721.331.838-17;10/07/1996;M;thiago_car978@gmail.com;21 988527494;Rua Tiradentes, 120 - Bloco B Apto 104;JARDIM AMÉRICA;Rio;Rio de Janeiro;23824533;N;01/07/2024
102296;CECILIA CARVALHO NUNES COSTA;043.149.313-88;17/09/1961;F; CECILIACOSTA392@YAHOO.COM.BR ;(61) 97230-2909;RUA Paulista, 876;SÃO JOSÉ;brasília ;DF;72816124;S;30/01/2025
102297;DANIEL CONCEIÇÃO GOMES NUNES;72302833376;31/07/1963;M;danielnunes424@yahoo.com.br;1167712337;Rua Tiradentes, N. 1796;JARDIM AMÉRICA;Santo André;São Paulo;07873-205;N;03/11/2024
102298;HENRIQUE OLIVEIRA CARVALHO;93018530357;13/08/1949;I;henriquecarvalho859@hotmial.com;1176663187;Rua da Liberdade, 1860 - Apto 12;JARDIM DAS FLORES;SAO PAULO;São Paulo;05714-365;S;23/07/2020
102299;SRA. TÂNIA FERREIRA;27376543279;18/08/1992;F;taniaferreira63@uol.com.br;11964383676;AVENIDA MARECHAL DEODORO, Nº 203 - APTO 31;JARDIM AMÉRICA;são paulo ;São Paulo;01321350;N;04/05/2025
102300;JOSE ANDRADE MARTINS PEREIRA;661.987.786-90;09/07/1981;M; JOSE.PEREIRA109@YAHOO.COM.BR ;31966911017;AVENIDA DOS ANDRADAS, Nº 265 - BLOCO B APTO 104;JARDIM DAS FLORES;Belo Horizonte;mg;33227-767;S;04/04/2025
102301;HENRIQUE O. MARQUES LIMA;588.282.875-94;22/08/1994;M;henrique.lima97@uol.com.br;19 996683046;Avenida Dom Pedro II, N. 1829;LIBERDADE;Campinas - SP;SP;12505763;S;09/09/2024
102302;THIAGO CONCEIÇÃO MOREIRA FERREIRA;86380582258;23/08/1969;M;thiago.ferreira12@bol.com.br;(31) 96911-5497;Trav. Dom Pedro II, nº 1733 - Fundos;SANTO ANTÔNIO;BELO HORIZONTE;MG;36334-679;S;20/06/2024
102303;JOAO COSTA;9,46100E+10;19/09/1982;M;joao_cos626@gmail.com;(11) 6332-6992;Rua das Palmeiras, N. 449 - Fundos;CENTRO;São Paulo;SP;05238-860;N;23/04/2025
102304;JOAO SILVA NASCIMENTO;406.963.695-16;29/04/1986;M; JOAONASCIMENTO914@GMAIL.COM ;11 64751638;Rua Paulista, nº 382 - Fundos;BOA VISTA;SAO PAULO;SP;07581689;S;20/03/2020
102305;ISABELA MOREIRA MELO;92610385579;05/04/1988;F;isabela_mel94956@@gmail.com;11979053283;RUA dos Ipês, nº 1332 - Bloco B Apto 104;VILA MARIANA;São Paulo;SP;6048914;N;19/07/2023
102306;CECÍLIA PEIXOTO;715.435.620-00;29/11/1990;;ceciliapeixoto276@yahoo.com.bt;(11) 98822-3948;RUA BRASIL, Nº 1245;JARDIM AMÉRICA;São Paulo;SP;08543-102;;22/10/2023
102307;OTAVIO SANTOS CARDOSO;15746044148;31/10/1993;M; OTAVIO.CARDOSO466@GMAIL.COM ;31 984352731;AV São João, 618;JARDIM DAS FLORES;Belo Horizonte;mg;35542270;S;09/09/2025
102308;PRISCILA GUIMARÃES MAGALHÃES;07799661631;17/08/1998;F;priscila_mag782@outlook.com;;AVENIDA SÃO JOÃO, Nº 2126 - APTO 31;CENTRO;São Paulo;SP;05725839;N;03/04/2019
102309;CECILIA MOREIRA CARVALHO;96969823210;29/04/1976;I;cecilia.carvalho9002@gmail.com;16 985481475;TRAV. RIO BRANCO, Nº 1731;JARDIM AMÉRICA;Ribeirão Preto;São Paulo;18868-191;S;13/08/2019
102310;CAMILA G. MENDES;90925816582;01/03/1967;F;camila.mendes229@uol.com.br;;R. São João, 267 - Casa 2;PARQUE INDUSTRIAL;Campinas;São Paulo;19166499;S;25/02/2021
102311;RAFAEL COSTA MAGALHAES;6722473643;27/10/1989;M;rafael.magalhaes785@gmail.com;98461561;RUA MARECHAL DEODORO, 2974;SANTO ANTÔNIO;Campinas;SP;17666821;N;15/11/2020
102312;GUSTAVO MACHADO NUNES MOREIRA;95327587207;31/05/1999;M; GUSTAVO.MOREIRA555@UOL.COM.BR ;(21) 8460-3930;AV CASTRO ALVES, N. 920;LIBERDADE;Rio de Janeiro;RJ;29208-759;N;08/04/2021
102313;WAGNER MAGALHAES ROCHA;794.618.320-87;18/07/1954;;wagnerrocha88@gmail.com;61 964072290;Avenida XV de Novembro, 2610 - Apto 31;LIBERDADE;Brasília;Distrito Federal;77128628;N;16/06/2025
102314;CÉSAR OLIVEIRA ANDRADE;313.198.870-31;08/11/1968;M;cesarandrade782@yahoo.com.br;48 84537138;R. DA LIBERDADE, 1023;CENTRO;Florianópolis;sc;87257965;N;02/03/2024
102315;RENATA  ASSUNÇÃO ;374.792.585-50;03/03/1974;F;renata.assuncao8587@yahoo.com.br;11 990926235;AVENIDA BRASIL, Nº 2107;BOA VISTA;São Paulo;SP;03874854;S;29/04/2021
102316;REANTA BRANDAO NUNES;421.072.137-98;27/03/1989;F;renata_nun829@gmail.com;98288-3832;R XV de Novembro, nº 985;JARDIM DAS FLORES;Rio de Janeiro;RJ;22957767;N;19/05/2021
102317;JOAO FERREIRA;36214277599;27/03/2003;M;joaoferreira787@hotmail.com;11970246606;Avenida Getúlio Vargas, 729 - Bloco B Apto 104;BOA VISTA;São Paulo;SP;04526464;N;12/08/2022
102318;ANTONIO MARTINS ROCHA MELO;30368975347;23/04/1992;M;antonio_mel291@yahoo.com.br;48960432796;RUA DA LIBERDADE, N. 244;SANTA CECÍLIA;Florianópolis - SC;Santa Catarina;86758930;S;09/02/2021
102319;JOSE MAGALHAES;401.902.687-43;04/01/1995;M; JOSEMAGALHAES438@GMAIL.COM ;(19) 96986-8284;RUA PRESIDENTE VARGAS, Nº 2867 - BLOCO B APTO 104;SÃO JOSÉ;Campinas;SP;12293664;N;22/09/2022
102320;PRISCILA MAGALHÃES GUIMARÃES;444.997.197-39;05/11/1957;F;priscila.guimaraes158@yahoo.com.br;11964538810;RUA CASTRO ALVES, Nº 2158 - CASA 2;BELA VISTA;São Paulo;São Paulo;02270-327;N;03/03/2021
102321;FERNANDA PEREIRA OLIVEIRA;377.400.996-19;22/10/1953;F;fernanda.oliveira238@gmail.com;99684-3975;Rua Santos Dumont, nº 653 - Bloco B Apto 104;VILA MARIANA;São Paulo;sp;03635-936;;03/10/2025
102322;CAIO MAGALHAES FERREIRA NASCIMENTO;844.956.959-16;19/10/1957;M;caio.nascimento934@hotmail.com;(11) 97074-2219;Avenida dos Andradas, nº 2219;SANTO ANTÔNIO;São Paulo;SP;2863517;S;03/11/2022
102323;THIAGO BARBOSA CONCEIÇÃO;902.333.656-99;12/11/1996;M;thiago_con482@gmai.com;21 62939156;Rua Getúlio Vargas, N. 1728;SANTA CECÍLIA;Rio de Janeiro;RJ;27049712;N;14/05/2024
102324;SIMONE SILVA NASCIMENTO;963.180.187-00;06/01/1988;F;simone.nascimento577@uol.com.br;71 78764599;PRACA DOS IPÊS, 300;BOA VISTA;SALVADOR;Bahia;41211-315;S;22/02/2020
102325;DEBORA MARQUES LIMA;01025131800;30/04/1991;F;deboralima985@@outlook.com;(11) 97872-5855;AV São João, N. 2560 - Fundos;LIBERDADE;SAO PAULO;São Paulo;08601-032;N;25/06/2021
102326;RENATA CONCEICAO BRANDAO CARVALHO;653.612.626-25;31/08/1962;F;renata.carvalho598@bol.com.br;11997387137;RUA SÃO JOÃO, Nº S/N;LIBERDADE;são paulo ;SP;01899870;N;04/05/2023
102327;LUÍZA FERREIRA SANTOS;92127018095;22/03/1980;F;luiza_san844@bol.com.br;(11) 99314-2359;Rua dos Andradas, N. 1118;JARDIM DAS FLORES;SAO PAULO;SP;4248760;N;27/08/2020
102328;TANIA SANTOS DIAS;267.289.555-42;07/07/1982;F; TANIADIAS86149@GMAIL.COM ;11963689047;TRAVESSA DOS ANDRADAS, N. 1941;BOA VISTA;São Paulo;SP;05702915;S;04/07/2023
102329;VINICIUS MENDES ALVES;896.390.939-55;31/08/1993;M;vinicius_alv100@uol.com.br;;RUA SETE DE SETEMBRO, Nº 7 - BLOCO B APTO 104;BOA VISTA;São Paulo;sp;03024-109;S;14/02/2024
102330;LÚCIA MARQUES ASSUNÇÃO MACHADO;59602359439;15/04/1971;F;lucia_mac838@gmail.com;(16) 6026-1935;R. DAS FLORES, Nº 2391 - APTO 12;BELA VISTA;Ribeirão Preto;sp;15477-098;S;08/05/2020
102331;CAIO ARAÚJO PEIXOTO;48339769359;20/01/1991;M;caio_pei416@bol.com.br;11 971583764;RUA TIRADENTES, N. 1725;JARDIM AMÉRICA;São Paulo;sp;09747-846;N;16/06/2024
102332;LUÍS ANDRADE;806.356.205-45;25/03/1965;M;luisandrade128@gmail.com;(71) 99203-9132;Rua dos Ipês, nº S/N - Bloco B Apto 104;JARDIM AMÉRICA;SALVADOR;Bahia;49713084;N;17/12/2021
102333;CECILIA SANTOS MAGALHAES;78834177622;03/01/1955;F;ceciliamagalhaes761@yaho.com.br;11 966354814;Praça Dom Pedro II, nº 145;VILA NOVA;São Paulo;São Paulo;03990516;;01/01/2020
102334;LARISSA MELO;70580995887;01/10/1992;F;larissa.melo555@uol.com.br;98957-6032;RUA PRESIDENTE VARGAS, Nº 1122;SANTA CECÍLIA;São Paulo;SP;07011416;N;27/10/2022
102335;GUSTAVO NUNES MARQUES;75988322778;09/05/1963;M;gustavo_mar13910@outlook.com;11 89383229;AVENIDA BRASIL, N. 54;PARQUE INDUSTRIAL;São Paulo;SP;07719535;N;02/06/2020
102336;CAMILA COSTA;11980727171;21/02/1990;F;camila.costa3@gmail.com;(61) 6177-1742;R. Marechal Deodoro, N. 2923;CENTRO;Brasília;Distrito Federal;72399-820;S;24/03/2023
102337;FERNANDO DIAS ARAUJO;37398285019;22/10/1998;M;fernandoaraujo309@uol.com.br;81 998828633;R DAS PALMEIRAS, Nº 205 - APTO 12;CENTRO;recife ;PE;56267800;N;07/02/2025
102338;GUSTAVO SANTOS MELO;94235836951;02/04/1973;M;gustavomelo229@uol.com.br;(71) 99285-2968;Rua Rio Branco, nº 2645;JARDIM AMÉRICA;Salvador;BA;42432-585;S;05/11/2024
102339;MARCIA COSTA FERREIRA;280.076.496-11;25/03/1968;F;marcia_fer873@uol.com.br;(11) 99549-9327;Rua Presidente Vargas, N. 2640 - Fundos;CENTRO;São Paulo - SP;SP;2785942;N;07/10/2020
102340;CECILIA  MELO SANTOS ;14642637958;04/05/1982;F;cecilia.santos456@outlook.com;(11) 96097-6934;RUA TIRADENTES, 2982;JARDIM DAS FLORES;GUARULHOS;São Paulo;05206-537;;06/09/2020
102341;RENATA SILVA;614.790.275-02;22/10/1977;F;renatasilva243@uol.com.br;32 982941514;RUA DAS PALMEIRAS, Nº 2655 - CASA 2;CENTRO;Juiz de Fora;MG;36660-956;N;14/02/2020
102342;MARCELO ALVES;23836437180;28/01/1996;M;marceloalves985@gmail.com;21 983716121;RUA DOM PEDRO II, N. 180;BOA VISTA;Rio de Janeiro - RJ;rj;25702-374;N;13/06/2019
102343;ANDRE NASCIMENTO MARTINS;702.045.864-53;22/07/1972;M;andre.martins377@outlook.com;61 964157437;R. CASTRO ALVES, N. 489 - CASA 2;BOA VISTA;Brasília;DF;77379863;S;08/09/2019
102344;MARCIA PEIXOTO;68764856178;24/03/1991;F;marciapeixoto309@outlook.com;11 86066132;RUA das Flores, N. 1383;VILA NOVA;São Paulo;sp;08839-806;S;28/07/2021
102345;WAGNER GOMES CARVALHO BRANDAO;62699646792;01/01/1900;M;wagner_bra818@uol.com.br;71 967134627;AVENIDA TIRADENTES, 2119 - CASA 2;SANTA CECÍLIA;Salvador;Bahia;49088778;S;08/01/2019
102346;FERNANDA RIBEIRO;51597208477;31/05/2005;F; FERNANDA_RIB25@GMAIL.COM ;11 972485705;Rua Castro Alves, 2668;SANTO ANTÔNIO;São Paulo;SP;08571-449;S;12/02/2020
102347;RODRIGO CONCEICAO OLIVEIRA FERREIRA;742.926.568-51;05/04/2000;M;rodrigo.ferreira56@yahoo.com.br;11 66257073;AVENIDA SETE DE SETEMBRO, N. 2440 - CASA 2;PARQUE INDUSTRIAL;SAO PAULO;SP;1374643;S;15/04/2021
102348;GABRIELA MOREIRA;08729688558;03/04/1984;F;gabriela_mor799@uol.com.br;(11) 96093-4291;AV. PAULISTA, Nº 2094 - APTO 12;JARDIM DAS FLORES;são paulo ;SP;05030823;N;18/08/2021
102349;MARCIA ALVES RODRIGUES;33875145062;01/06/1997;;marcia_rod194@outlook.com;48967173577;PCA DOS IPÊS, 1740;CENTRO;florianópolis ;Santa Catarina;83691-655;S;26/10/2020
102350;SIMONE RODRIGUES CARDOSO;436.888.873-10;10/07/1977;F;simone_car479@uol.com.br;4177837504;R. DA LIBERDADE, N. 106;PARQUE INDUSTRIAL;CURITIBA;pr;87775-604;N;21/04/2020
102351;PAULO GUIMARAES ANDRADE NASCIMENTO;36833996431;28/12/1958;M;paulo.nascimento783@gmail.com;1177783525;RUA XV DE NOVEMBRO, 395;VILA NOVA;Santo André;São Paulo;05978-844;S;19/10/2025
102352;LUCAS ASSUNCAO ASSUNCAO;456.842.431-34;13/02/1982;M;lucas.assuncao602@hotmail.com;(21) 97907-8331;RUA DOS IPÊS, N. 2837;SANTA CECÍLIA;Rio de Janeiro;RJ;21852850;S;25/02/2023
102353;PRISCILA CARVALHO GOMES SILVA;598.780.360-81;19/08/1970;F;priscila_sil587@gmail.com;16 961595620;RUA DAS PALMEIRAS, 673;VILA NOVA;Ribeirão Preto;SP;17651-395;S;02/02/2019
102354;EDUARDO PEIXOTO ARAUJO;79641837613;30/11/1970;;eduardoaraujo503@gmail.com;11 978093265;ALAMEDA PAULISTA, Nº 1711;CENTRO;São Paulo;SP;03212900;S;09/05/2019
102355;ISABELA ANDRADE NUNES;76727982945;28/09/1982;F;isabela.nunes968@bol.com.br;19969656748;RUA BRASIL, Nº 1881 - BLOCO B APTO 104;BELA VISTA;Campinas;SP;18374694;;08/03/2024
102356;SÔNIA  SILVA ;2080795058;09/03/1953;F;sonia_sil29@outlook.com;81962679034;Avenida Paulista, 703 - Bloco B Apto 104;LIBERDADE;Recife;Pernambuco;57678-756;S;27/07/2025
102357;WAGNER RODRIGUES;45385205516;06/04/1946;I; WAGNERRODRIGUES793@GMAIL.COM ;61 974843420;ALAMEDA XV DE NOVEMBRO, Nº 152;BOA VISTA;BRASILIA;;75611419;N;29/09/2025
102358;SR. MARIANA SILVA;21299730434;05/09/2000;;mariana_sil185@uol.com.br;(21) 98928-6131;Rua São João, 883;CENTRO;Rio de Janeiro;rj;27055-555;S;26/01/2025
102359;CESAR NASCIMENTO OLIVEIRA;2,82809E+10;27/08/1975;M;cesaroliveira253@hotmail.com;21 976778437;Rua da Liberdade, nº 2224;CENTRO;Rio de Janeiro;RJ;29683415;N;17/04/2019
102360;LUCIA  BARBOSA BARBOSA ;69045933934;21/11/1985;;;62960359764;RUA SETE DE SETEMBRO, Nº 837 - APTO 12;JARDIM AMÉRICA;Goiânia;Goiás;73334270;S;18/09/2024
102361;ISABELA FREITAS ALVES;357.371.858-26;11/07/2003;F;isabelaalves370@outlook.com;81971463682;RUA CASTRO ALVES, Nº 2332;SANTO ANTÔNIO;Recife;pe;56517-155;N;06/12/2025
102362;JOANA BARBOSA ASSUNCAO;66153522491;15/10/1992;F;joanaassuncao233@gmail.com;;Rua Paulista, 2835;BELA VISTA;Brasília;DF;74726717;S;11/11/2021
102363;LEONARDO MACHADO MARTINS;1,82226E+10;01/01/1900;M;leonardo_mar148@outlook.com;5192679569;Praça Tiradentes, nº 407;BELA VISTA;Porto Alegre;RS;92342-231;S;14/10/2024
102364;ANDRE  NUNES ;67849278186;15/11/1982;M;andre_nun959@bol.com.br;(62) 98028-8389;Rua das Flores, N. S/N;BELA VISTA;Goiânia;go;76092201;N;19/09/2021
102365;MARIANA CONCEICAO CARDOSO;56477083159;26/02/1984;F;marianacardoso554@gmail.com;(21) 96038-4015;Rua São João, 1103;BELA VISTA;Rio de Janeiro;RJ;23994-592;N;27/09/2024
102366;CECILIA LIMA;416.578.032-44;28/03/1981;F;cecilia.lima370@gmail.com;41994561722;Rua Paulista, 491;CENTRO;Curitiba;PR;83886682;N;31/07/2019
102367;BRUNO MARTINS LIMA MACHADO;88013099709;20/03/1991;M;bruno.machado956@yahoo.com.br;(21) 8153-1222;Rua Brasil, nº 1563;VILA NOVA;Rio de Janeiro;rj;26517-654;N;10/06/2024
102368;WAGNER MOREIRA RODRIGUES;380.618.296-57;11/10/1983;M;wagnerrodrigues253@outlook.com;11988171456;AVENIDA PRESIDENTE VARGAS, 2250;CENTRO;Santo André;São Paulo;09766-662;S;23/12/2021
102369;SONIA PEREIRA;522.540.965-24;07/04/1994;F;sonia_per76@yahoo.com.br;(11) 96830-3384;Rua das Palmeiras, 165;SANTO ANTÔNIO;São Paulo;SP;08882295;N;11/05/2025
102370;LARISSA ROCHA MENDES;32031509489;21/02/1983;F;larissamendes469@yahoo.com.br;71 992725519;R SANTOS DUMONT, 2464;JARDIM AMÉRICA;Salvador - BA;ba;46729240;S;05/08/2024
102371;TANIA FREITAS;59210204190;01/10/1986;F;taniafreitas484@hotmail.com;21982733156;R. DOS IPÊS, Nº 1936 - APTO 12;VILA NOVA;RJ;RJ;28941-064;N;11/03/2021
102372;LEONARDO CONCEIÇÃO;26847148276;06/10/1962;M;leonardo.conceicao214@uol.com.br;31970385467;PRAÇA MARECHAL DEODORO, Nº 2571 - BLOCO B APTO 104;VILA NOVA;Belo Horizonte;Minas Gerais;33707-074;N;20/11/2021
102373;FERNANDO GUIMARAES;66937170807;24/04/1981;M;fernando.guimaraes812@yahoo.com.br;1162978538;AVENIDA PAULISTA, Nº 1157;VILA NOVA;São Paulo - SP;sp;07977653;S;11/04/2021
102374;CAMILA NASCIMENTO MAGALHAES;20360105041;01/04/1977;F;camila.magalhaes971@uol.com.br;21967017264;Al. Getúlio Vargas, N. 125 - Apto 12;LIBERDADE;RIO DE JANEIRO;RJ;28244-357;N;16/03/2025
102375;OTAVIO GUIMARAES ANDRADE ASSUNCAO;35655652684;17/01/1994;M;otavioassuncao332@bol.com.br;2196394462;AVENIDA MARECHAL DEODORO, N. 2250;PARQUE INDUSTRIAL;RJ;RJ;21556218;S;29/05/2025
102376;ANA OLIVEIRA PEREIRA;59850964839;02/10/1986;F;ana.pereira203@bol.com.br;16 68403021;AV TIRADENTES, 2459;CENTRO;Ribeirão Preto;São Paulo;19641602;N;05/04/2019
102377;MARCIA PEIXOTO;018.008.861-01;14/07/1984;F;marcia_pei810@yahoo.com.br;11 981773268;TRAVESSA DAS FLORES, 508;SANTA CECÍLIA;São Paulo;SP;01673747;N;31/12/2019
102378;ANDRE FERREIRA ANDRADE;264.356.429-40;04/11/1986;M;;(11) 97897-8381;R. Santos Dumont, nº 779 - Apto 31;VILA MARIANA;Guarulhos - SP;SP;01009-296;S;03/12/2025
102379;MÁRCIA PEREIRA CARDOSO;26790792139;06/09/1971;F;marcia_car698@gmail.com;21991621624;R. DOM PEDRO II, Nº 1312;JARDIM DAS FLORES;Rio de Janeiro;RJ;21372-672;S;30/08/2022
102380;MARCIA MACHADO ARAUJO;26524539982;03/05/1980;F;marcia_ara732@outlook.com;31973977964;AV PAULISTA, 1714;CENTRO;Belo Horizonte;MG;31020662;S;23/06/2019
102381;LUCIA BARNDAO;77987088471;09/05/1986;F;lucia_bra239@yahoo.com.br;32 67484228;PÇ. DAS PALMEIRAS, 1239;SANTO ANTÔNIO;Juiz de Fora;Minas Gerais;35041-718;N;16/12/2021
102382;WAGNER ROCHA;40923870407;11/05/1972;M;wagnerrocha954@uol.com.br;11 964222935;Avenida Getúlio Vargas, nº 392;SANTA CECÍLIA;São Paulo - SP;SP;3043965;N;19/07/2019
102383;HELENA DIAS RIBEIRO;981.815.492-44;22/04/1974;;helena.ribeiro321@bol.com.br;(11) 98659-2103;RUA DAS FLORES, Nº 81;PARQUE INDUSTRIAL;São Paulo;SP;09791307;S;01/11/2020
102384;VINICIUS ROCHA ASSUNCAO;14262956504;26/02/2001;;vinicius.assuncao642@outlook.com;81993698367;AV. CASTRO ALVES, 2402;BELA VISTA;Recife;PE;58235609;N;10/07/2020
102385;ANDRE MENDES;01808231244;29/05/1951;M;andremendes822@uol.com.br;11 998813285;R. TIRADENTES, N. 98;SANTA CECÍLIA;São Paulo;SP;09896705;N;27/01/2019
102386;CECILIA  ASSUNCAO ASSUNCAO ;19787864500;13/08/1990;F;cecilia.assuncao311@hotmail.com;21 984736774;RUA PRESIDENTE VARGAS, Nº 516;JARDIM AMÉRICA;Rio de Janeiro;RJ;25085-817;S;19/08/2023
102387;THIAGO  MOREIRA ;23772548377;12/09/1980;M;thiago.moreira971@gmail.com;21 968591638;Rua Paulista, N. 2266;BOA VISTA;Rio de Janeiro;RJ;23653844;S;24/07/2021
102388;JULIA NUNES ANDRADE;36025642008;30/08/1989;F;julia_and817@yahoo.com.br;99529-6097;R. DOM PEDRO II, Nº 465 - CASA 2;JARDIM AMÉRICA;Guarulhos - SP;São Paulo;08471542;N;24/10/2022
102389;LETIICA ANDRADE;78700606901;17/11/1972;;leticiaandrade491@outlook.com;41 978524561;RUA DOS ANDRADAS, N. 2677;PARQUE INDUSTRIAL;Curitiba;PR;82295038;S;30/12/2022
102390;ALINE PEREIRA;420.051.654-33;21/04/1943;F;aline.pereira691@outlook.com;(11) 99644-9284;R MARECHAL DEODORO, 2760 - BLOCO B APTO 104;PARQUE INDUSTRIAL;São Paulo;sp;08706863;N;30/11/2019
102391;ANDRÉ CARDOSO;14210867942;01/03/1987;M;andre_car237@outlook.com;;Rua Tiradentes, nº 2443;JARDIM DAS FLORES;Recife;Pernambuco;54018621;N;14/06/2025
102392;ANA ASSUNACO;89876074024;20/01/1969;F;anaassuncao870@uol.com.br;(21) 97444-6788;Rua Rio Branco, N. 1795 - Apto 31;SANTA CECÍLIA;Rio de Janeiro - RJ;Rio de Janeiro;28347042;S;23/02/2022
102393;FABIO GUIMARAES;68724660906;15/08/1962;M;fabio.guimaraes735@uol.com.br;;ALAMEDA SANTOS DUMONT, 1581;JARDIM DAS FLORES;São Paulo;sp;05407-276;S;29/03/2020
102394;RAFAEL MAGALHAES;25778890389;02/01/1981;M;rafaelmagalhaes443@uol.com.br;(21) 99834-9244;Rua dos Andradas, N. 1971;SÃO JOSÉ;Rio;rj;29926-307;N;21/11/2022
102395;BRUNO RODRIGUES ALVES;48175283548;24/09/1973;M;brunoalves966@hotmail.com;19995121436;Alameda Rio Branco, 2350;LIBERDADE;Campinas;São Paulo;13602-181;N;05/12/2023
102396;THIAGO CARDOSO COSTA;59603626783;26/11/1971;M;thiagocosta994@outlook.com;31 986035676;RUA das Palmeiras, nº 2551 - Casa 2;VILA NOVA;BH;mg;31216-940;S;18/07/2020
102397;ANDRE MOREIRA;667.963.547-02;18/04/1961;M;andremoreira101@bol.com.br;31962976098;RUA DOS IPÊS, Nº 562;LIBERDADE;Belo Horizonte;Minas Gerais;31335595;;04/01/2019
102398;MARCELO OLIVEIRA SILVA;10557750059;13/12/1994;M;marcelo_sil700@outlook.com;11962458063;RUA PRESIDENTE VARGAS, Nº 1768;SÃO JOSÉ;São Paulo;SP;04842-364;S;02/03/2022
102399;ANDRÉ MOREIRA GOMES;818.632.361-98;07/01/2003;M;andre.gomes828@uol.com.br;21 961557816;Rua Presidente Vargas, 2257;SANTO ANTÔNIO;Rio de Janeiro - RJ;Rio de Janeiro;29350-790;S;28/01/2023
102400;CAIO FERREIRA MELO;44652419252;09/06/1966;M;caio_mel809@outlook.com;81 997072089;RUA SETE DE SETEMBRO, 98;VILA NOVA;Recife;PE;55345147;N;09/01/2019
102401;CLAUDIA RIBEIRO FREITAS;120.332.948-20;22/07/1980;F;;1185643437;RUA DA LIBERDADE, Nº 1407;PARQUE INDUSTRIAL;guarulhos ;SP;08704184;S;14/06/2024
102402;RAQUEL FERREIRA FREITAS;40812499204;30/06/1972;; RAQUEL_FRE173@UOL.COM.BR ;11980103610;RUA GETÚLIO VARGAS, 1735;SANTA CECÍLIA;Santo André;;02759915;N;15/08/2022
102403;EDUARDO GOMES CARDOSO;03770703711;09/01/1997;M;eduardo.cardoso649@bol.com.br;(21) 96241-2285;R. PAULISTA, 255;PARQUE INDUSTRIAL;RIO DE JANEIRO;Rio de Janeiro;23012-780;S;07/07/2025
102404;GABRIELA SOUZA NUNES MACHADO;32307686126;14/02/1990;F; GABRIELA_MAC36@YAHOO.COM.BR ;11 965291168;Rua das Flores, 2557;LIBERDADE;São Paulo;SP;07686-472;N;17/03/2022
102405;DANIEL GUIMARAES LIMA OLIVEIRA;37367988654;20/12/1969;M;daniel.oliveira207@bol.com.br;(61) 9365-1046;Rua Paulista, 2754;SANTO ANTÔNIO;Brasília - DF;DF;73957845;S;31/12/2023
102406;RAQUEL MAGALHAES MARTINS;87552656425;08/08/1972;F;raquel.martins793hotmail.com;70496531;Av. dos Andradas, 2198;SANTA CECÍLIA;São Paulo;São Paulo;05203-521;S;27/11/2024
102407;RAQUEL SANTOS CARVALHO;63612293516;05/10/1992;F;raquel.carvalho873@hotmail.com;11 88636621;RUA da Liberdade, N. 649;CENTRO;São Paulo;São Paulo;07664489;N;24/12/2023
102408;NATALIA MARQUES BRANDAO;19102866994;29/03/1983;F;nataliabrandao738@uol.com.br;(11) 98343-5704;RUA BRASIL, Nº S/N;CENTRO;São Paulo;SP;09996340;N;26/07/2022
102409;JOAO RIBEIRO;83463857499;01/10/1988;M;joaoribeiro794@bol.con.br;67762393;R Marechal Deodoro, nº 970;VILA MARIANA;São Paulo;SP;07879740;;01/07/2022
102410;HELIO SANTOS RODRIGUES GUIMARAES;821.767.718-26;12/10/1970;M;helio_gui964@gmail.com;(41) 97440-5804;AVENIDA DAS FLORES, 2130;PARQUE INDUSTRIAL;Curitiba;PR;81095381;;01/07/2022
102411;SÉRGIO NUNES CARVALHO;38539859041;15/02/2004;M;sergio.carvalho982@bol.com.br;;Al. Rio Branco, nº 2871 - Casa 2;JARDIM AMÉRICA;Florianópolis;SC;89046369;S;15/10/2023
102412;DAINEL DIAS MENDES MOREIRA;68892674781;29/02/1972;M;;31996142031;R. Tiradentes, 245;VILA NOVA;Belo Horizonte;MG;36594-059;S;19/08/2022
102413;MARCELO RODRIGUES;69731198750;24/04/1996;M; MARCELO.RODRIGUES51857@HOTMAIL.COM ;11970846594;R. Castro Alves, 937;CENTRO;são paulo ;sp;04071636;S;13/04/2019
102414;TANIA DIAS FREITAS MARTINS;36569853759;28/04/1974;F;tania_mar581@gmail.com;21997182745;AL MARECHAL DEODORO, Nº 1743 - BLOCO B APTO 104;LIBERDADE;Rio de Janeiro;RJ;28882-463;N;18/07/2024
102415;FERNANDO PEIXOTO;85188840804;03/03/1982;M;fernando_pei762@uol.combr;11 95943955;RUA DOS IPÊS, Nº 548;SÃO JOSÉ;São Paulo;SP;7885498;N;08/01/2022
102416;HELIO CARVALHO MARTINS;574.812.765-28;22/03/1957;M;helio_mar317@uol.combr;11 71218812;R dos Ipês, N. 594;CENTRO;São Paulo;SP;07363-687;S;11/01/2024
102417;RAFAEL MAGALHÃES GOMES;95363759233;18/02/1951;M;rafael.gomes15855@bol.con.br;99480-9477;RUA MARECHAL DEODORO, Nº 2562;BOA VISTA;São Paulo;São Paulo;09287-334;N;18/05/2020
102418;BRUNO SOUZA RIBEIRO;95080804343;21/10/1941;M;brunoribeiro898@uol.com.br;11974173879;RUA DOS ANDRADAS, 2914;CENTRO;São Paulo;SP;01641-794;S;05/06/2022
102419;ANDRÉ DIAS;64281134492;05/04/1967;M;andredias327@hotmail.com;31969389984;Rua Presidente Vargas, 1935;CENTRO;Belo Horizonte;MG;31365-523;S;01/03/2020
102420;LUCAS MAGALHAES ANDRADE;630.440.755-64;14/08/1973;M;lucas.andrade44553@hotmail.com;98257-1544;R SETE DE SETEMBRO, N. 2123;BELA VISTA;São Paulo;sp;02786-027;S;05/07/2019
102421;ANDRE MARQUES;12246094763;26/05/1946;M;andremarques907@bol.com.br;11 985786537;RUA GETÚLIO VARGAS, 1996;JARDIM AMÉRICA;São Paulo;SP;06409904;S;09/04/2021
102422;ANTONIO ARAUJO MAGALHAES;671.509.066-13;25/05/1989;M;antonio.magalhaes587@hotmail.com;31980778268;RUA DAS FLORES, N. 2054;BOA VISTA;BELO HORIZONTE;MG;31793959;S;16/10/2021
102423;LUÍZA FREITAS CARDOSO;61496092198;16/07/1963;F; LUIZACARDOSO916@OUTLOOK.COM ;(19) 99367-4375;Rua Tiradentes, N. 1244;SANTO ANTÔNIO;Campinas;São Paulo;12889134;;01/12/2022
102424;MÁRCIA GUIMARÃES RODRIGUES;78926620220;27/05/1983;F;marcia_rod213@gmail.com;11 979906195;R DAS PALMEIRAS, N. 113;VILA NOVA;Guarulhos;SP;6727672;S;25/06/2025
102425;RAFAEL MACHADO ROCHA;45289068996;25/07/1996;M;rafael_roc891@bol.com.br;31999358948;TRAVESSA BRASIL, Nº 88;SANTA CECÍLIA;Belo Horizonte;MG;37263202;;28/03/2019
102426;VINÍCIUS CARDOSO;78806180312;13/08/2003;M;vinicius_car158@outlook.com;(21) 96719-4288;RUA SÃO JOÃO, 2379;PARQUE INDUSTRIAL;Niterói;RJ;27767599;N;30/08/2019
102427;BEATRIZ ALVES NUNES;26168302301;18/10/1994;F;;(11) 98579-8544;R Rio Branco, N. 599;VILA NOVA;Guarulhos - SP;SP;07256853;S;18/06/2025
102428;MARIANA FREITAS;68808931048;31/12/1933;F;mariana_fre672@uol.com.br;51993054929;AV DA LIBERDADE, 2555 - CASA 2;PARQUE INDUSTRIAL;Porto Alegre;RS;95967728;N;10/02/2025
102429;JOAO MAGALHAES SILVA;741.217.948-93;15/06/1986;;joao.silva759@gmail.com;48 968892731;RUA TIRADENTES, N. 2619;JARDIM AMÉRICA;Florianópolis;SC;87228057;N;28/04/2020
102430;JOAAN ALVES;51414631332;25/12/1995;F;joana_alv597@bol.com.br;11995929668;PRAÇA DOS IPÊS, N. 763;CENTRO;Guarulhos;SP;02104-535;S;26/08/2022
102431;LETICIA LIMA MACHADO;91939547350;19/05/1985;F;leticia_mac229@outlook.com;81965243687;Avenida Paulista, N. 1113 - Apto 31;VILA MARIANA;Recife;pe;59194656;S;11/08/2022
102432;JOSE OLIVEIRA PEREIRA PEIXOTO;264.500.112-20;19/09/1982;M;jose_pei131@yahoo.com.br;96438-2035;Rua Dom Pedro II, N. 1721 - Bloco B Apto 104;SANTA CECÍLIA;São Paulo;SP;02577-137;;04/08/2024
102433;PAULO PEREIRA MAGALHAES;134.065.454-75;11/04/1974;M;paulo_mag605@hotmail.com;(11) 97312-9317;AL. SETE DE SETEMBRO, 880;LIBERDADE;São Paulo;São Paulo;04894-143;N;14/02/2025
102434;JOAO  PEREIRA ROCHA ;12372655418;15/08/2000;;joao_roc70@gmail.com;(51) 96389-7087;Rua da Liberdade, nº 996;BOA VISTA;Porto Alegre;RS;93008799;;05/02/2023
102435;ANDRÉ MACHADO MACHADO;767.918.137-33;12/04/1991;M;andre.machado962@bol.com.br;1163975120;Rua dos Ipês, 544;LIBERDADE;guarulhos ;SP;01589945;N;12/05/2024
102436;GUSTAVO PEREIRA;21854641913;28/05/1977;M;gustavopereira673@uol.com;(21) 98192-6346;Av. Tiradentes, N. 1311 - Apto 12;LIBERDADE;Rio de Janeiro;Rio de Janeiro;22897-812;N;19/11/2020
102437;HENRIQUE CARVALHO COSTA;56680638364;01/06/1970;M;henrique_cos877@uol.com.br;97070-6555;TRAVESSA TIRADENTES, N. 2185;BOA VISTA;São Paulo;SP;05837441;S;09/11/2024
102438;ANDRE COSTA;39799268699;14/06/1991;M;;(81) 99522-4913;AVENIDA PRESIDENTE VARGAS, Nº 350;VILA NOVA;Recife - PE;PE;58300240;N;22/05/2023
102439;LUIZA GOMES ARAUJO;655.700.901-00;21/05/1968;F;luiza.araujo732@gmail.com;(31) 6363-1831;Rua Presidente Vargas, nº 200;SÃO JOSÉ;Belo Horizonte;Minas Gerais;33721414;N;24/07/2019
102440;FERNANDO MOREIRA PEREIRA;12701574501;20/06/2001;;fernando.pereira296@uol.com.br;62 969815423;RUA DOS IPÊS, 432 - BLOCO B APTO 104;JARDIM DAS FLORES;Goiânia;Goiás;73274031;S;25/03/2021
102441;JOANA BRANDÃO SANTOS;718.378.856-30;22/08/1977;F;joana_san972@yahoo.com.br;(11) 98023-1366;RUA DA LIBERDADE, N. 2851 - APTO 12;JARDIM DAS FLORES;São Paulo;SP;6871965;N;27/02/2023
102442;SERGIO PEREIRA MOREIRA GUIMARAES;94398454659;22/03/1997;M;sergio_gui566@hotmail.com;(11) 99758-4297;RUA XV DE NOVEMBRO, Nº 1614;SANTO ANTÔNIO;São Paulo;São Paulo;02369-098;S;26/02/2024
102443;GUSTAVO MARTINS NASCIMENTO;71125632360;20/01/1983;M; GUSTAVO_NAS485@GMAIL.COM ;19976099020;R. XV DE NOVEMBRO, 1917;SANTO ANTÔNIO;Campinas;SP;13576190;S;05/10/2019
102444;ISABELA MOREIRA GUIMARAES;37079562104;24/10/1970;F; ISABELA_GUI773@YAHOO.COM.BR ;71 997301982;R. Sete de Setembro, nº 2016;SANTO ANTÔNIO;SALVADOR;BA;45781314;N;15/10/2020
102445;MARCIO CONCEICAO MACHADO;050.292.932-48;20/01/1989;M;marciomachado897@bol.com.br;(41) 98288-9866;Rua Santos Dumont, 670;JARDIM DAS FLORES;Curitiba;pr;89027-341;S;09/01/2019
102446;ALINE  FREITAS MENDES ;041.607.044-25;11/06/1981;F;aline_men960@gmail.com;(16) 99315-8579;R. DOM PEDRO II, N. 2209;VILA MARIANA;Ribeirão Preto;SP;16296233;S;22/05/2023
102447;BRUNO MARQUES MARTINS;794.294.306-29;20/10/1969;M;brunomartins9@bol.com.br;11 977007792;R Brasil, 2000;LIBERDADE;São Paulo;sp;02519882;S;01/11/2025
102448;LEONARDO BRANDAO MENDES;55590417180;04/03/1994;M;leonardomendes704@outlook.com;63042353;AV Brasil, 2074;VILA MARIANA;São Paulo - SP;SP;05109-287;N;15/08/2019
102449;SIMONE BARBOSA;50699710502;04/02/1972;F;simonebarbosa874@yahoo.com.br;51966264276;RUA TIRADENTES, Nº 1090;SANTO ANTÔNIO;Porto Alegre;Rio Grande do Sul;97412959;N;30/01/2019
102450;LÚCIA  ALVES BRANDÃO ;374.067.075-41;07/10/1977;F; LUCIA_BRA723@GMAIL.COM ;(19) 96923-5668;AV Marechal Deodoro, nº 573;VILA NOVA;Campinas;sp;17734983;N;26/10/2023
102451;MARCELO GOMES MACHADO FREITAS;178.145.794-81;09/06/1981;M;marcelo_fre648@gmail.com.br;(21) 98197-2719;Avenida Sete de Setembro, nº 598;CENTRO;Rio de Janeiro;rj;25148057;S;25/06/2020
102452;CECILIA DIAS MOREIRA;51202885969;07/05/1987;F;ceciliamoreira911@gmail.com;;R. CASTRO ALVES, 1248;VILA MARIANA;Goiânia;go;75369-206;N;27/01/2021
102453;RAQUEL ROCHA SANTOS;26552531249;23/08/1975;F;raquel.santos399@uol.com.br;97547-5432;R. Getúlio Vargas, N. 825;BELA VISTA;Salvador;Bahia;48622726;S;25/01/2020
102454;GABRIELA RODRIGUES PEIXOTO;369.389.906-11;07/07/1955;F;gabriela.peixoto825@gmail.com;11975691279;RUA Rio Branco, nº 93 - Casa 2;BOA VISTA;SAO PAULO;SP;01256-202;S;07/09/2024
102455;MÁRCIA MACHADO FERREIRA;31298051258;06/11/1990;F;marcia.ferreira547@gmail.com;11962621488;AV DOS IPÊS, 2204;SÃO JOSÉ;SAO PAULO;SP;06208472;S;19/08/2022
102456;ISABELA CARDOSO ANDRADE;76267861066;15/08/1966;F;isabelaandrade959@hotmail.com;(11) 99225-4730;Rua Paulista, N. S/N;BOA VISTA;São Paulo;SP;05037-765;S;15/02/2019
102457;CESAR NUNES;17992945280;06/08/1983;M;cesar_nun927@outlook.com;21 984186429;ALAMEDA XV DE NOVEMBRO, 172;LIBERDADE;Rio de Janeiro;rj;22652-564;S;22/10/2024
102458;CAIO MARQUES;42519348810;01/11/1990;M;caio.marques533@uol.com.br;95625510;RUA DAS PALMEIRAS, N. 1607;BELA VISTA;BH;MG;32041329;N;16/11/2025
102459;VINÍCIUS ANDRADE MACHADO;88659012763;16/12/1962;M;viniciusmachado218@uol.com;(11) 6971-5512;Rua Getúlio Vargas, nº S/N;VILA NOVA;São Paulo - SP;SP;01426-215;S;09/04/2022
102460;LETICIA PEREIRA ANDRADE;798.398.543-64;02/08/1998;F;leticia_and323@hotmail.com;(11) 99405-6356;AVENIDA DAS FLORES, N. 1740 - APTO 12;SANTO ANTÔNIO;São Paulo;SP;07615-559;N;13/02/2022
102461;JULIA FERREIRA BARBOSA;52720604402;09/02/1993;F;juliabarbosa787@outlook.com;(71) 97916-2325;AVENIDA BRASIL, N. 1538;LIBERDADE;Salvador;BA;45047513;N;24/08/2023
102462;BEATRIZ BARBOSA;729.743.013-71;17/12/1986;F;beatrizbarbosa298@hotmail.com;11 980895591;Rua Rio Branco, 510 - Apto 31;LIBERDADE;São Paulo;sp;01066560;S;02/07/2024
102463;PATRICIA MENDES MAGALHAES;689.255.585-30;06/11/1983;F;patricia.magalhaes363@hotmail.com;(48) 98796-4380;R SANTOS DUMONT, 2567 - APTO 12;VILA NOVA;Florianópolis;SC;83589-142;S;12/01/2022
102464;VITORIA RODRIGUES SILVA;415.219.074-47;08/11/1994;F;vitoriasilva311@bol.com.br;2174296028;Rua da Liberdade, nº 654 - Casa 2;JARDIM DAS FLORES;Rio de Janeiro;Rio de Janeiro;21089921;N;10/05/2024
102465;CLÁUDIA MACHADO BRANDÃO NUNES;237.985.803-91;26/01/1973;F; CLAUDIA_NUN193@UOL.COM.BR ;(11) 98355-3046;Alameda da Liberdade, N. 1911;VILA MARIANA;São Paulo;SP;8695166;S;01/07/2024
102466;ISABELA  MACHADO MARQUES ;445.943.777-50;07/02/1954;;isabela.marques61@hotmail.com;11 990662485;Avenida São João, 1622;SANTA CECÍLIA;SAO PAULO;sp;07031-253;S;10/12/2025
102467;MARIANA SANTOS;488.334.366-91;02/09/1962;F;marianasantos961@yahoo.com.br;11 980856132;AV DOS ANDRADAS, Nº 2484 - APTO 31;JARDIM DAS FLORES;Santo André;SP;08706438;N;23/02/2024
102468;GUSTAVO MARQUES NASCIMENTO ROCHA;108.015.827-84;02/12/1946;M;gustavo_roc42@bol.com.br;2168272251;RUA CASTRO ALVES, Nº 2330;PARQUE INDUSTRIAL;Rio de Janeiro;rj;24476-760;;10/07/2020
102469;PRISCILA LIMA MOREIRA PEREIRA;67575225943;21/11/1995;F;priscila.pereira114@gmail.com;21985017630;ALAMEDA CASTRO ALVES, 963 - APTO 31;PARQUE INDUSTRIAL;Rio de Janeiro;Rio de Janeiro;21541-510;S;09/08/2024
102470;ANA MARQUES;24946660828;26/08/1990;F;ana_mar408@bol.com.br;21 963915125;Rua Presidente Vargas, nº 2358 - Apto 31;CENTRO;rio de janeiro ;RJ;28459-953;N;14/04/2024
102471;CAIO MELO ARAUJO FERREIRA;63223200096;27/11/1996;M;caio.ferreira732@outlook.com;21 967234536;RUA Brasil, 935 - Apto 31;VILA NOVA;Rio de Janeiro;RJ;27062-527;N;22/08/2021
102472;PATRICIA GUIMARAES MAGALHAES;211.588.901-09;09/08/1983;F;patricia_mag463@hotmail.com;81 982768439;RUA PRESIDENTE VARGAS, 213 - APTO 12;SANTA CECÍLIA;Recife;pe;58083864;S;10/12/2022
102473;ANTÔNIO COSTA;11696821037;19/04/1993;M;antonio_cos745@uol.com.br;2183452986;AV Dom Pedro II, 1952;JARDIM AMÉRICA;niterói ;RJ;27886-338;N;08/03/2025
102474;SIMONE CONCEICAO MELO;97378413364;28/05/1960;F;simone.melo865@bol.com.br;41 967177641;Rua Santos Dumont, 1649;VILA NOVA;Curitiba;pr;81221667;;05/03/2020
102475;CESAR NUNES PEIXOTO MOREIRA;55058683040;24/12/1992;M;cesar.moreira69@hotmail.com;;Praça das Palmeiras, nº 2587;VILA MARIANA;São Paulo;sp;02862-991;S;27/10/2025
102476;VITÓRIA RIBEIRO;77007781837;19/11/1983;F; VITORIA.RIBEIRO50@BOL.COM.BR ;(11) 97500-4686;Avenida Tiradentes, N. 2457 - Bloco B Apto 104;SANTO ANTÔNIO;São Paulo;SP;6843373;S;31/05/2022
102477;ISABELA ARAUJO;24125355312;29/04/1974;;isabela.araujo749@yahoo.com.br;41 965612261;R. da Liberdade, N. 1959;BOA VISTA;Curitiba;pr;84089-114;S;08/12/2024
102478;LETICIA SILVA RIBEIRO;599.794.045-40;07/07/1990;F;leticia.ribeiro974@uol.com.br;48970165245;Rua Sete de Setembro, nº 1233 - Apto 12;LIBERDADE;florianópolis ;Santa Catarina;82624-152;S;19/06/2022
102479;SÔNIA FERREIRA;703.530.042-27;09/12/1985;F;sonia_fer490@gmail.com;62994158166;AV SÃO JOÃO, Nº 2921;SANTA CECÍLIA;Goiânia;GO;72867718;S;11/11/2019
102480;THIAGO GOMES BARBOSA SOUZA;231.614.642-22;15/04/1976;;thiago.souza472@yahoo.com.br;41 974595525;Rua São João, nº 1498;VILA NOVA;Curitiba;PR;81748504;;02/12/2023
102481;RAQUEL LIMA CARVALHO MACHADO;89125958062;08/08/1981;F;raquelmachado155@bol.com.br;;Av. das Palmeiras, N. 2388;SANTA CECÍLIA;Rio de Janeiro;RJ;23672239;S;13/10/2021
102482;ALINE OLIVEIRA;181.234.201-29;27/11/1995;F;aline.oliveira86@uol.com.br;41985599054;RUA DA LIBERDADE, N. 1868;JARDIM AMÉRICA;Curitiba;PR;86856-747;;03/01/2025
102483;LARISSA ALVES SILVA;371.699.657-20;11/09/1995;F;larissa_sil911@outlook.com;11 975304741;R. Presidente Vargas, N. 2302;LIBERDADE;São Paulo;sp;09383654;S;15/04/2024
102484;GUSTAVO PEREIRA PEREIRA;12776356331;03/02/1974;M;gustavopereira375@outlook.com;11961893951;AV XV DE NOVEMBRO, 392 - BLOCO B APTO 104;SÃO JOSÉ;São Paulo;São Paulo;06368038;S;09/07/2020
102485;HELIO MENDES;1,61182E+10;26/08/1979;M;heliomendes885@bol.com.br;21994401607;Rua São João, N. 697 - Bloco B Apto 104;SÃO JOSÉ;Rio de Janeiro;rj;28882479;S;03/11/2020
102486;PRISCILA ARAUJO ROCHA;5,27052E+10;05/11/1988;I;priscilarocha720@hotmail.com;96703-6984;R XV DE NOVEMBRO, N. 1725;SANTO ANTÔNIO;Belo Horizonte;MG;36368526;S;28/08/2020
102487;NATALIA OLIVEIRA MOREIRA;991.771.832-07;12/09/1995;F;nataliamoreira152@outlook.com;96533-1930;RUA MARECHAL DEODORO, N. 149;JARDIM DAS FLORES;CURITIBA;PR;89133-980;S;16/11/2019
102488;BEATRIZ BRANDAO RIBEIRO;04322300090;22/07/1987;F;beatrizribeiro250@outlook.com;19982777791;PCA XV DE NOVEMBRO, N. 2897;CENTRO;Campinas;SP;13678673;;20/08/2023
102489;JOANA NUNES CARVALHO;793.596.383-58;06/04/1972;F;joana.carvalho4863@uol.com.br;(16) 99232-8204;RUA dos Andradas, nº 260;LIBERDADE;Ribeirão Preto;;19813476;N;27/10/2020
102490;NATALIA GUIMARAES;26319865989;25/10/1989;F;natalia.guimaraes649@bol.con.br;62974318716;Av. das Flores, N. 2815;VILA MARIANA;Goiânia;go;73743401;N;25/06/2023
102491;DEBORA MACHADO SILVA;88266684260;04/11/1996;F;debora_sil231@bol.com.br;2187388683;Rua Marechal Deodoro, N. 116;BOA VISTA;Niterói;RJ;28270146;S;15/12/2021
102492;LUCAS LIMA;823.441.123-32;21/12/1974;M;lucaslima985@outlook.com;11974507942;RUA MARECHAL DEODORO, 1110 - CASA 2;LIBERDADE;São Paulo;SP;08395-391;;05/12/2023
102493;MARCELO ROCHA ANDRADE;83442775906;13/07/1949;M;marcelo_and736@hotmail.com;(11) 98783-4286;PRACA das Flores, 1274 - Apto 31;PARQUE INDUSTRIAL;São Paulo;SP;7584344;S;13/06/2024
102494;EDUARDO CARVALHO FREITAS;78615773769;21/12/1980;M;eduardo_fre21@hotmail.com;11988221963;Rua Dom Pedro II, nº 2541;SÃO JOSÉ;são paulo ;;3052435;S;16/03/2021
102495;WAGNER CONCEICAO;637.354.079-00;28/01/1959;M;wagnerconceicao921@uol.com.br;19 961534320;AV Paulista, nº 2066;CENTRO;Campinas;SP;19432-885;;07/01/2024
102496;LARISSA  M. LIMA ;30916863611;05/12/1998;F;larissa_lim950@yahoo.com.br;62 973102486;RUA BRASIL, Nº 1095 - APTO 31;CENTRO;Goiânia;GO;79486-589;N;13/08/2024
102497;RODRIGO MARQUES PEIXOTO;90673796973;16/06/1978;M;rodrigo.peixoto890@gmail.com;11979041227;PRACA XV de Novembro, 1633;BOA VISTA;São Paulo;SP;08648413;N;18/12/2024
102498;HÉLIO  LIMA ANDRADE ;760.465.473-85;13/07/1995;M;helioandrade508@yahoo.com.br;(11) 97888-7418;Av Presidente Vargas, N. 996;SANTA CECÍLIA;São Paulo;sp;09048-365;S;07/05/2022
102499;OTÁVIO R. MOREIRA CONCEIÇÃO;108.872.550-35;28/09/1972;M;otavioconceicao88925@gmail.com;16975225156;RUA Marechal Deodoro, 2676 - Apto 12;CENTRO;Ribeirão Preto - SP;SP;11217112;S;02/02/2021
102500;VITORIA GUIMARAES MAGALHAES;12461815763;08/01/1998;F;vitoria_mag853@hotmail.com;(11) 96758-8474;Avenida Marechal Deodoro, nº 436;JARDIM DAS FLORES;São Paulo;sp;02076101;N;11/06/2025
102501;LEONARDO MELO OLIVEIRA;85756630747;09/01/1991;M;leonardo.oliveira165@hotmail.com;;RUA DA LIBERDADE, 2742;SANTA CECÍLIA;Brasília;df;73086-843;N;21/01/2023
102502;JOANA MOREIRA NASCIMENTO;601.496.823-79;31/12/1933;F;joana.nascimento7124@bol.com.br;11974125651;Rua das Palmeiras, 1490;SÃO JOSÉ;São Paulo;SP;04250633;S;23/01/2020
102503;MARCELO OLIVEIRA ROCHA;89413005842;30/09/1984;M;marcelo.rocha901@bol.com.br;98076-5556;Rua dos Ipês, N. 978;LIBERDADE;Rio de Janeiro;Rio de Janeiro;22636-368;N;05/08/2023
102504;ISABELA CARVALHO FREITAS PEIXOTO;86442650243;03/09/1946;F;isabelapeixoto965@yahoo.com.br;11 999366977;Av. Santos Dumont, 2994;SANTA CECÍLIA;São Paulo;sp;06678505;S;24/04/2022
102505;PAULO MAGALHAES CARVALHO;486.700.831-16;08/11/1965;M;paulo_car675@outlook.com;;RUA XV DE NOVEMBRO, Nº 1068;JARDIM DAS FLORES;Belo Horizonte;MG;34433001;N;30/12/2022
102506;WAGNER CARVALHO SILVA CARDOSO;99112840505;24/01/1989;M;wagnercardoso48@uol.com.br;21972049148;RUA DAS PALMEIRAS, 340;SANTA CECÍLIA;Rio de Janeiro;rj;29513-577;S;05/02/2024
102507;CECÍLIA GUIMARÃES NUNES CARDOSO;417.706.586-29;07/01/1965;;cecilia.cardoso7@bol.com.br;11 988871428;Trav. das Flores, N. S/N;SANTA CECÍLIA;São Paulo;SP;08492-309;S;23/03/2022
102508;GUSTAVO A. RIBEIRO COSTA;16358082787;05/03/1990;M;;31981125523;R. Santos Dumont, 7;VILA MARIANA;Belo Horizonte;MG;39751-315;S;02/07/2019
102509;MARIANA ROCHA SANTOS;23916003216;30/05/1966;F;mariana_san40@gmail.com;11 969558875;Rua Castro Alves, nº 224 - Apto 31;SANTO ANTÔNIO;São Paulo;SP;09844-562;N;15/02/2020
102510;LEONARDO ARAUJO ARAUJO ARAUJO;42092051334;31/12/1980;M;leonardo_ara953@gmail.com;31 977259337;R. XV de Novembro, nº 2953;SANTA CECÍLIA;Belo Horizonte;MG;34891584;;01/11/2022
102511;ANA ROCHA NASCIMENTO;00337195929;09/03/1964;F;;(61) 8619-4706;RUA XV de Novembro, nº 2310;SÃO JOSÉ;Brasília;df;77212-633;N;05/10/2023
102512;LETICIA OLIVEIRA FREITAS;548.154.774-00;22/03/1985;F; LETICIA.FREITAS149@BOL.COM.BR ;11 976676562;Av. Santos Dumont, 2704;BELA VISTA;São Paulo;São Paulo;05462-902;N;07/11/2020
102513;FABIO OLIVEIRA ROCHA;49350296926;22/10/1979;M;fabiorocha284@uol.com.br;11 81701348;RUA PRESIDENTE VARGAS, Nº 1874;VILA MARIANA;São Paulo;São Paulo;02985-688;N;20/09/2023
102514;EDUARDO MACHADO;113.448.572-72;16/06/1986;M;eduardomachado645@;21 974929598;R DAS PALMEIRAS, Nº 69 - APTO 12;PARQUE INDUSTRIAL;Rio de Janeiro;rj;28106-521;S;05/12/2021
102515;THIAGO CARVALHO MOREIRA;116.833.041-60;15/09/1993;M;thiagomoreira454@yahoo.com.br;11996412720;AV. RIO BRANCO, N. 439;VILA MARIANA;SAO PAULO;SP;5191287;N;14/12/2022
102516;MARCIA MENDES CARDOSO;076.881.215-15;18/02/1962;F;marcia_car714@bol.com.br;62981236971;AVENIDA MARECHAL DEODORO, N. 2514;JARDIM AMÉRICA;Goiânia;GO;75549-607;N;06/09/2025
102517;EDUARDO BARBOSA;299.741.151-32;26/02/1971;;eduardo.barbosa51448@gmail.com;41962047402;Rua Santos Dumont, 2569;BELA VISTA;CURITIBA;PR;86321987;S;25/08/2023
102518;TÂNIA PEREIRA;59613381341;01/04/1978;F;taniapereira201@uol.com.br;48969997925;TRAVESSA BRASIL, N. 340;JARDIM AMÉRICA;Florianópolis;sc;89493328;S;03/05/2020
102519;HELENA FREITAS;161.230.783-30;08/02/1982;F;helena_fre57796@yahoo.com.br;41 88033572;Avenida dos Ipês, 2908;BELA VISTA;Curitiba;PR;85024-160;S;05/06/2019
102520;ISABELA GOMES;857.083.947-22;30/12/1985;F;isabela_gom944@hotmail.com;6294898942;RUA PRESIDENTE VARGAS, N. 1727;SANTA CECÍLIA;Goiânia - GO;go;71701453;S;26/06/2023
102521;SONIA RODRIGUES ARAUJO;59135700815;06/07/1950;F;soniaaraujo631@hotmail.com;11971958165;RUA SETE DE SETEMBRO, Nº 2962 - APTO 31;LIBERDADE;São Paulo;sp;09341-273;S;26/03/2023
102522;LÚCIA CARDOSO NASCIMENTO PEIXOTO;082.015.645-02;30/07/1997;I;lucia.peixoto622@bol.com.br;(41) 96524-8745;RUA PAULISTA, N. 514;SANTO ANTÔNIO;Curitiba;;84320140;N;05/06/2021
102523;JULIA PEIXOTO;632.274.667-75;17/02/1985;;;(61) 99121-8268;RUA DA LIBERDADE, 2274;SANTA CECÍLIA;Brasília;Distrito Federal;71759-510;N;26/05/2021
102524;PATRICIA  NUNES MARQUES ;199.796.390-67;27/10/1972;F;patricia.marques239@outlook.com;11 969695616;Rua das Palmeiras, 1240 - Bloco B Apto 104;VILA MARIANA;São Paulo;SP;03558-360;S;17/09/2021
102525;CLAUDIA SILVA;424.385.766-00;02/01/1971;F;claudia.silva278@outlook.com;11963959776;RUA DA LIBERDADE, Nº 116 - FUNDOS;BOA VISTA;Santo André;São Paulo;08441-672;S;07/04/2025
102526;OTAVIO ANDRADE RODRIGUES;8968712158;11/05/1955;M;;(11) 7584-7233;Travessa dos Andradas, N. 705;BELA VISTA;Guarulhos;São Paulo;07619-044;N;14/08/2019
102527;NATALIA DIAS LIMA CONCEICAO;7,42331E+10;14/06/1958;F;natalia_con808@outlook.com;(21) 97144-6841;AV SÃO JOÃO, Nº 1972 - APTO 12;PARQUE INDUSTRIAL;Rio de Janeiro;;26470912;;26/05/2021
102528;BEATRIZ L. CARDOSO MACHADO;49798362160;06/01/1985;F;beatrizmachado677@yahoo.com.br;51 979459046;R. DAS PALMEIRAS, N. 1017;SANTO ANTÔNIO;porto alegre ;rs;96735502;S;02/07/2024
102529;MÁRCIO RIBEIRO GOMES;763.865.317-36;03/08/1972;M;marciogomes771@yahoo.com.br;11993316498;Rua Santos Dumont, N. 1960 - Apto 12;PARQUE INDUSTRIAL;São Paulo;SP;3246012;N;26/05/2023
102530;BEATRIZ MOREIRA;16438030503;08/10/1993;F;beatrizmoreira205@gmail.com;(11) 99253-4387;RUA BRASIL, 312;LIBERDADE;Santo André - SP;sp;02103-607;N;29/12/2023
102531;MATEUS ROCHA ALVES;999.701.248-89;23/09/1985;M;mateus_alv131@hotmail.com;(11) 8959-7042;Rua São João, N. 2502;JARDIM AMÉRICA;Sampa;;07381-774;;14/06/2019
102532;HENRIQUE  SILVA ;387.692.590-89;26/11/1987;M;;4164862281;AV PRESIDENTE VARGAS, N. 2380;SÃO JOSÉ;Curitiba;;85384979;S;20/04/2024
102533;LUCIA GOMES DIAS LIMA;703.539.372-23;05/06/1993;F;lucia_lim392@outlook.com;(71) 96564-7018;Al. da Liberdade, N. 2087;SÃO JOSÉ;Salvador;BA;49548814;S;16/01/2025
102534;ANA MELO CARVALHO;991.383.473-26;07/02/1999;;ana_car1668@uol.com.br;(11) 99625-4003;R Marechal Deodoro, nº 1443 - Bloco B Apto 104;SANTA CECÍLIA;SAO PAULO;sp;04839-500;S;17/06/2021
102535;RODRIGO BRANDAO;050.676.775-20;19/06/1988;M;rodrigobrandao803@yahoo.com.br;97592-8326;RUA BRASIL, Nº 1382 - BLOCO B APTO 104;JARDIM DAS FLORES;Santo André;sp;03641-575;N;20/02/2025
102536;HÉLIO SILVA;56678680324;14/07/1980;M;heliosilva187@yahoo.com.br;;AVENIDA TIRADENTES, Nº 1391;SANTO ANTÔNIO;São Paulo;SP;07137816;N;13/02/2025
102537;ANDRE MELO GUIMARAES;34550771453;13/03/1979;M;andre.guimaraes282@bol.com.br;(31) 99849-9322;R TIRADENTES, Nº 2964 - APTO 12;JARDIM DAS FLORES;Belo Horizonte;Minas Gerais;37029503;N;20/06/2025
102538;ANA NASCIMENTO;432.470.500-35;30/07/1989;F;ananascimento398@uol.com.br;71 975623665;Praça Sete de Setembro, nº 1806;BOA VISTA;Salvador;ba;42816860;S;28/05/2024
102539;OTAVIO ARAUJO;94060203009;27/11/1998;M;otavio.araujo371@hotmail.com;(11) 8823-3318;RUA dos Ipês, N. 648;SANTO ANTÔNIO;São Paulo;São Paulo;01766-619;S;15/02/2024
102540;BRUNO MENDES;04258865494;03/05/1998;;bruno_men80312@gmail.com;21986645972;Rua São João, nº S/N;VILA MARIANA;RJ;RJ;29844577;N;19/09/2019
102541;SONIA CARVALHO FERREIRA;294.228.590-77;19/02/1985;F;sonia.ferreira306@uol.com.br;11 975132960;RUA DOM PEDRO II, N. 1920;JARDIM DAS FLORES;São Paulo;sp;08639415;S;14/09/2022
102542;ANDRÉ NASCIMENTO;864.599.162-41;28/06/1996;M;andre_nas52@yahoo.com.br;97930-2947;R. XV de Novembro, nº 288;VILA MARIANA;BRASILIA;Distrito Federal;71456-525;N;23/02/2025
102543;VINÍCIUS CONCEIÇÃO MELO;36834970410;30/06/1965;M;vinicius_mel379@uol.com.br;;R RIO BRANCO, N. 709;JARDIM AMÉRICA;Curitiba;Paraná;81604456;N;24/06/2020
102544;LÚCIA ARAÚJO GOMES OLIVEIRA;050.679.231-56;31/12/1933;F;luciaoliveira639@hotmail.com;(11) 96443-3351;Rua das Flores, 1032;CENTRO;Guarulhos;sp;09360537;S;21/03/2023
102545;SONIA  SOUZA ;465.062.259-04;03/02/1964;F;sonia_sou45@yahoo.com.br;(11) 98512-1256;AV. DAS FLORES, Nº 2375;SÃO JOSÉ;São Paulo;SP;06202-754;S;28/02/2024
102546;DANIEL MARTINS SANTOS;881.876.277-00;24/01/1968;M;daniel_san47@bol.com.br;(32) 6479-6465;RUA PAULISTA, 2479;SÃO JOSÉ;Juiz de Fora;MG;33156-279;;18/11/2024
102547;JOSÉ NUNES MARQUES;50332938000;18/08/1975;M; JOSE_MAR976@UOL.COM.BR ;19 983553573;AV SÃO JOÃO, Nº 2044;BOA VISTA;Campinas;São Paulo;13545-303;;12/12/2022
102548;SÔNIA PEIXOTO MARTINS FREITAS;247.382.475-49;12/01/2000;F;sonia.freitas434@yahoo.com.br;41992149992;RUA das Flores, nº 1847 - Bloco B Apto 104;JARDIM DAS FLORES;Curitiba;Paraná;82971755;S;25/04/2022
102549;VINÍCIUS MENDES CARDOSO;52843879531;11/05/2001;M;vinicius.cardoso276@bol.com.br;(21) 98857-4839;RUA Castro Alves, nº 1753;JARDIM AMÉRICA;Rio de Janeiro;RJ;29368-763;N;08/11/2021
102550;LUCIA ANDRADE CARVALHO DIAS;766.450.579-89;24/02/1948;F;luciadias14525@bol.com.br;48 988005918;R. São João, nº 156 - Apto 31;VILA MARIANA;Florianópolis;SC;85637522;N;08/09/2020
102551;FERNANDA RIBEIRO CARVALHO;29364739426;19/07/1991;F;fernandacarvalho673@hotmail.com;11960117785;Rua Dom Pedro II, N. 2594;BELA VISTA;São Paulo;SP;03737777;N;07/08/2020
102552;SÔNIA NUNES CONCEIÇÃO CARVALHO;29942270612;16/09/1989;F;sonia_car740@gmail.com;(21) 97501-5821;R dos Ipês, N. 1356;JARDIM DAS FLORES;Rio de Janeiro;rj;23061824;N;20/06/2024
102553;JOSÉ BARBOSA;89458546818;23/07/1977;M;jose_bar779@bol.com.br;11994082615;Avenida da Liberdade, nº 1329;SANTA CECÍLIA;São Paulo;SP;7537979;N;01/06/2024
102554;FERNANDO SANTOS;209.302.821-24;23/07/1991;M;fernando.santos951@hotmail.com;96603-5746;Rua Paulista, nº 1373 - Bloco B Apto 104;JARDIM AMÉRICA;Rio de Janeiro;RJ;21327-273;N;10/12/2020
102555;LUCAS GOMES;062.084.939-86;03/06/1990;M;lucasgomes276@yahoo.com.br;61 976218964;RUA DOS ANDRADAS, Nº 504;JARDIM AMÉRICA;Brasília;DF;79310-981;;27/07/2024
102556;CAIO CONCEICAO;71361242558;14/08/1963;;caio.conceicao313@bol.com.br;61 999102491;Rua Brasil, nº 635 - Apto 31;SÃO JOSÉ;Brasília;DF;79537351;N;05/01/2021
102557;LETÍCIA  O. OLIVEIRA ;57011686380;15/10/1983;F;leticiaoliveira931@gmail.com;11 976382477;Av Brasil, N. 524 - Fundos;BELA VISTA;São Paulo;São Paulo;05182664;N;12/08/2024
102558;FERANNDO RIBEIRO;00049649698;03/05/1990;M;fernandoribeiro362@hotmail.com;61990923465;Travessa Rio Branco, nº 1606;VILA MARIANA;Brasília;df;72922-869;N;31/03/2022
102559;FERNANDA MOREIRA ARAUJO;60408430710;23/11/1996;F;fernandaaraujo344@yahoo.com.br;21 974688230;RUA DOM PEDRO II, N. 2246 - CASA 2;LIBERDADE;Rio de Janeiro;Rio de Janeiro;26046-095;N;23/04/2023
102560;MATEUS COSTA;61495687929;19/07/1967;M;mateuscosta379@hotmail.com;31 94655800;AVENIDA DA LIBERDADE, 1509 - FUNDOS;BOA VISTA;belo horizonte ;mg;36407696;N;01/05/2020
102561;DANILE MOREIRA CARDOSO;4,33127E+10;09/03/1991;M; DANIELCARDOSO744@HOTMAIL.COM ;51987265552;Av Paulista, 1084;BOA VISTA;Porto Alegre;Rio Grande do Sul;92556194;N;10/12/2020
102562;RENATA ROCHA PEREIRA ARAUJO;054.815.635-25;12/01/1993;F;renata.araujo514@uol.com.br;(11) 97775-5820;AVENIDA RIO BRANCO, Nº 2001 - APTO 31;PARQUE INDUSTRIAL;Guarulhos;sp;03433767;S;14/10/2023
102563;ALINE CARVALHO NUNES;88199687894;12/06/1989;F;aline.nunes47@hotmail.com;(41) 96121-4910;RUA DAS FLORES, Nº 2849;VILA NOVA;Curitiba;PR;83195862;N;23/09/2022
102564;SRA. RAQUEL BRANDÃO PEIXOTO;096.339.559-98;06/01/1972;F;raquel.peixoto173@outlook.com;(11) 98638-2205;RUA Rio Branco, nº 1585 - Bloco B Apto 104;BOA VISTA;Guarulhos;SP;09856-513;S;13/12/2022
102565;SIMONE BARBOSA;84478361185;29/08/1963;F;simonebarbosa343@bol.com.br;11976373176;R. DOS IPÊS, 1469;VILA NOVA;São Paulo;sp;05751-576;S;27/07/2025
102566;MÁRCIO  FREITAS CARDOSO ;60643501487;04/03/1980;M;marciocardoso12692@uol.com.br;(31) 96269-6356;R da Liberdade, N. 849;SANTO ANTÔNIO;Belo Horizonte;MG;34526008;S;09/04/2020
102567;DR. CECILIA ANDRADE;87640389712;06/12/1998;F;cecilia_and648@outlook.com;(11) 99535-5173;RUA CASTRO ALVES, Nº 1506;VILA MARIANA;São Paulo;SP;06544-436;N;03/06/2022
102568;SÉRGIO MARTINS NUNES;64684336654;08/09/1989;M;sergio_nun642@outlook.com;11 975215619;AV SETE DE SETEMBRO, Nº 263;VILA MARIANA;Guarulhos;sp;03936-599;S;24/01/2023
102569;FERNANDA CARDOSO RIBEIRO CARVALHO;644.823.019-06;28/11/1989;F;fernandacarvalho548@hotmail.com;31 962239355;Rua dos Ipês, nº 1213;BOA VISTA;Belo Horizonte;MG;33574-503;N;17/02/2023
102570;MARCIO PEIXOTO BARBOSA;181.467.953-74;26/06/1980;M;marcio.barbosa856@uol.com.br;21977382076;Rua XV de Novembro, 2765;BELA VISTA;RIO DE JANEIRO;RJ;25261-864;N;08/04/2020
102571;CAIO FREITAS SANTOS MARTINS;003.000.884-00;20/06/1980;M;caio.martins330@hotmail.com;(11) 99254-7400;Rua Getúlio Vargas, nº 726;SÃO JOSÉ;São Paulo;SP;08427115;N;09/11/2024
102572;MARCIA MELO PEREIRA;67358014901;21/09/1986;F;marcia.pereira440@uol.com.br;11984926750;R DOM PEDRO II, S/N;SANTA CECÍLIA;Guarulhos;SP;4781991;N;24/01/2020
102573;MARCIO PEREIRA NUNES;31840423080;05/07/1991;M;marcio_nun969@bol.com.br;(41) 96428-8853;Av. XV de Novembro, 1134;PARQUE INDUSTRIAL;Curitiba;pr;81368-515;S;26/02/2019
102574;MARCIA MACHADO MENDES ALVES;13595510186;29/07/1987;F;marciaalves309@uol.com.br;(81) 96728-4910;RUA SÃO JOÃO, N. S/N - CASA 2;BOA VISTA;Recife;pe;56633-641;S;08/03/2021
102575;FERNANDA PEREIRA MENDES;29601928421;04/02/1976;F;fernanda.mendes641@bol.com.br;97615-1000;Rua Dom Pedro II, N. 2998 - Apto 31;PARQUE INDUSTRIAL;Rio de Janeiro;RJ;26245-657;S;26/12/2025
102576;LETICIA GOMES;438.725.742-30;29/04/1999;F;leticia_gom661@@outlook.com;31 83941715;AV das Palmeiras, N. 1799;VILA NOVA;Belo Horizonte;Minas Gerais;38116-828;N;05/12/2023
102577;HELENA MAGALHAES MAGALHAES;709.533.799-30;14/01/1958;F;helena_mag642@outlook.com;61 961428677;Avenida Sete de Setembro, N. 2728;JARDIM AMÉRICA;BRASILIA;DF;74452544;S;23/06/2025
102578;PRISCILA BARBOSA NUNES PEIXOTO;79543133280;25/12/1976;F;priscilapeixoto150@uol.com.br;(16) 99493-5418;R. dos Ipês, 2701 - Apto 31;VILA NOVA;ribeirão preto ;SP;18032-747;N;17/07/2019
102579;EDUARDO SANTOS;27748547254;24/08/1988;M;eduardosantos252@bol.com.br;97585-4651;Av. Santos Dumont, N. 752;BOA VISTA;São Paulo;SP;09354982;S;22/11/2023
102580;CECILIA MOREIRA CARDOSO;701.208.251-80;31/08/1977;F;cecilia_car184@bol.com.br;11 965021498;RUA XV de Novembro, N. 247;PARQUE INDUSTRIAL;São Paulo;SP;08799715;S;07/03/2023
102581;CAIO RODRIGUES RODRIGUES;793.834.222-03;27/05/1958;M;;21 987897676;R CASTRO ALVES, 1595;JARDIM AMÉRICA;Rio de Janeiro;rj;29885-011;S;01/05/2020
102582;HENRIQUE LIMA;54106181142;16/09/1988;M;henrique.lima726@outlook.com;2192349329;Avenida Castro Alves, 1501;LIBERDADE;Rio de Janeiro;RJ;21997513;N;07/03/2019
102583;CAMILA MOREIRA;99304466806;10/07/1944;F;camilamoreira573@gmail.com;61 980561584;RUA SANTOS DUMONT, Nº 671;SANTO ANTÔNIO;Brasília;DF;76928340;N;19/05/2023
102584;MÁRCIO LIMA DIAS FERREIRA;80731331729;25/05/1958;M;marcio.ferreira144@bol.com.br;11 83708902;Rua das Flores, 345 - Fundos;PARQUE INDUSTRIAL;S. Paulo;SP;09974-206;N;18/03/2023
102585;LUCIA COSTA RIBEIRO;031.261.616-34;03/12/1990;;lucia.ribeiro777@uol.com.br;(11) 99385-7996;AVENIDA SÃO JOÃO, N. 1762 - FUNDOS;VILA NOVA;São Paulo;sp;07243-056;S;23/10/2025
102586;RAFAEL ANDRADE MENDES;879.171.469-95;22/04/1995;M;rafaelmendes101@gmail.com;11989224681;RUA DOS ANDRADAS, N. 2469;SÃO JOSÉ;São Paulo;SP;04331-044;S;02/06/2025
102587;CLAUDIA GOMES MOREIRA NASCIMENTO;57068093566;09/04/1979;I;claudia_nas680@outlok.com;21992092059;R Sete de Setembro, nº 2964;LIBERDADE;Rio de Janeiro;RJ;28135028;N;30/05/2022
102588;NATÁLIA OLIVEIRA GOMES;40823171043;16/03/1971;F;nataliagomes59@hotmail.com;11 980616492;R. DOS ANDRADAS, Nº 1173;PARQUE INDUSTRIAL;São Paulo;sp;01915-178;;17/11/2024
102589;LUCAS GOMES;373.576.712-59;24/01/1990;I;;11979464379;Trav. São João, 202;SANTA CECÍLIA;SAO PAULO;sp;02596106;;03/11/2023
102590;THIAGO MARUQES;703.368.116-08;02/03/1992;M;thiago.marques83@hotmail.com;11971997717;AVENIDA RIO BRANCO, N. 2826;CENTRO;SAO PAULO;sp;06496-452;S;30/10/2024
102591;FERNANDO MELO;48488639295;23/09/1993;M;fernandomelo92@outlook.com;11 71119251;R Tiradentes, N. 734 - Apto 31;SÃO JOSÉ;São Paulo;SP;07860800;N;09/11/2025
102592;FERNANDO MACHADO GOMES;47799853077;29/03/1962;M;fernando.gomes9@gmail.com;;RUA DOS IPÊS, N. 606;JARDIM AMÉRICA;São Paulo;SP;6431967;S;23/10/2024
102593;WAGNER CARDOSO NUNES DIAS;855.566.391-16;02/02/1985;M;wagnerdias435@bol.com.br;31990665618;Rua Santos Dumont, nº 853;JARDIM AMÉRICA;Belo Horizonte;MG;33926340;S;14/03/2022
102594;CECILIA PEIXOTO MOREIRA;507.097.792-08;09/10/1976;F;ceciliamoreira737@gmail.com;3183303253;Alameda Getúlio Vargas, nº 1475;JARDIM AMÉRICA;Belo Horizonte;MG;36818376;N;28/02/2019
102595;SRA. EDUARDO MARTINS;10663727138;14/03/1970;M;eduardo_mar171@outlook.com;98628-7692;Rua Presidente Vargas, 226;VILA MARIANA;São Paulo;SP;02188335;N;02/12/2020
102596;RAFAEL FERREIRA;33137753570;04/05/1980;M;rafael_fer377@outlook.com;31 69357967;Rua Marechal Deodoro, N. 469 - Bloco B Apto 104;SÃO JOSÉ;Belo Horizonte;mg;36937-253;S;21/01/2021
102597;LUCIA ROCHA;109.788.128-83;15/12/1952;F;;21 74609986;PRAÇA MARECHAL DEODORO, N. 1859;SANTA CECÍLIA;Rio de Janeiro;rj;25054632;S;23/12/2023
102598;MARIANA MAGALHÃES MOREIRA COSTA;552.618.344-06;09/05/2000;F;mariana_cos95@outlook.com;41991454920;Rua São João, 1087 - Apto 12;LIBERDADE;Curitiba;pr;87013-056;N;30/09/2020
102599;PAULO RIBEIOR ARAUJO MAGALHAES;42081047675;28/11/2000;M; PAULO_MAG747@HOTMAIL.COM ;11 984757717;R Tiradentes, 2765 - Apto 31;JARDIM DAS FLORES;São Paulo;São Paulo;3490821;S;23/08/2025
102600;BEATRIZ ROCHA;43930096226;31/03/1982;F;beatriz.rocha202@gmail.com;(16) 96074-7615;Rua São João, 1643 - Casa 2;SANTA CECÍLIA;Ribeirão Preto;SP;11761-091;S;01/12/2023
102601;MARCELO CARDOSO NUNES;63239038498;05/08/1992;M;marcelo_nun81@gmail.com;(11) 99348-3611;R. DA LIBERDADE, N. 2302 - APTO 31;SANTO ANTÔNIO;São Paulo;sp;06450740;S;15/08/2021
102602;LUIZA SANTOS NUNES;913.415.302-05;31/10/1982;F;luizanunes413@gmail.com;19998288919;R PRESIDENTE VARGAS, 618 - CASA 2;JARDIM AMÉRICA;Campinas;SP;17473-158;S;21/06/2021
102603;LUÍZA ALVES ROCHA;75529209556;03/12/1964;F;eduardo_mar97@hotmail.com;(11) 97724-9841;AVENIDA TIRADENTES, 133;JARDIM DAS FLORES;São Paulo;sp;04350-581;S;30/04/2023
102604;PATRICIA MACHADO ANDRADE;9,76453E+10;08/12/2000;F;patricia.andrade43086@uol.com.br;(31) 98381-1717;Alameda Presidente Vargas, nº 2528 - Bloco B Apto 104;LIBERDADE;BELO HORIZONTE;Minas Gerais;34223070;S;15/01/2020
102605;DÉBORA ALVES DIAS;358.860.853-27;02/07/1983;F;deboradias634@uol.com.br;(41) 98432-3445;Rua Castro Alves, 1478 - Apto 12;BOA VISTA;Curitiba;PR;87602403;S;30/04/2020
102606;FABIO GOMES RIBEIRO;386.308.598-14;13/09/1982;M;fabioribeiro369@hotmail.com;75979463;R TIRADENTES, N. 1332;PARQUE INDUSTRIAL;Rio;Rio de Janeiro;25786474;S;23/07/2020
102607;LUIZA SOUZA OLIVEIRA MELO;571.625.844-11;14/02/1947;F;luiza_mel585@bol.com.br;11988265933;R CASTRO ALVES, 2142 - CASA 2;VILA NOVA;São Paulo;SP;02587-386;S;28/03/2025
102608;FERNANDO BRANDÃO MOREIRA;872.283.700-07;16/01/1989;M;fernando.moreira997@yahoo.com.br;(31) 96459-3772;TRAVESSA DAS PALMEIRAS, N. 1694;SANTO ANTÔNIO;Belo Horizonte;mg;38574-131;S;12/06/2020
102609;MARCIA CARVALHO BRANDAO MACHADO;41356609759;05/03/2002;F;;(11) 96968-2968;RUA MARECHAL DEODORO, Nº 757;SANTO ANTÔNIO;São Paulo;sp;3375949;N;29/03/2022
102610;CECILIA CARVALHO BRANDAO;129.714.039-71;02/03/1995;F;cecilia_bra750@bol.com.br;(19) 9151-9848;Rua dos Ipês, N. 258 - Casa 2;VILA MARIANA;Campinas;SP;13275-909;S;01/12/2020
102611;RODRIGO  F. NASCIMENTO ;16171188344;20/05/1986;M;rodrigo.nascimento462@hotmail.com;(48) 96853-3871;RUA Paulista, 63;VILA NOVA;Florianópolis;SC;85571913;S;23/08/2025
102612;LETICIA  ALVES RODRIGUES ;16489817632;09/02/1973;F;;97626-6003;Rua São João, N. 1671;CENTRO;São Paulo;São Paulo;07588537;S;30/01/2023
102613;JOAO SOUZA PEIXOTO;335.212.290-33;09/08/1994;M;joaopeixoto413@gmail.com;41 994523475;TV. DAS PALMEIRAS, N. 1338;BOA VISTA;Curitiba;PR;82923-447;N;26/09/2020
102614;VINÍCIUS SOUZA;62199625915;06/10/2005;M;vinicius_sou561@uol.com;(11) 96121-5122;AV da Liberdade, 296;SANTO ANTÔNIO;São Paulo - SP;sp;04631751;N;01/06/2025
102615;RENATA NASCIMENTO ANDRADE;01965617603;12/12/1961;F;renataandrade490@uol.com.br;19961045722;R. BRASIL, N. 694;SANTA CECÍLIA;Campinas;sp;15994-323;S;03/09/2020
102616;SRA. SIMONE BRANDAO PEREIRA;370.288.540-43;09/11/1990;F; SIMONEPEREIRA509@BOL.COM.BR ;81962628105;R GETÚLIO VARGAS, 2831;VILA MARIANA;recife ;Pernambuco;52725-814;;24/09/2025
102617;SONIA OLIVEIRA ASSUNCAO;925.114.249-16;17/12/2004;F; SONIA_ASS947@OUTLOOK.COM ;62 986962701;AVENIDA DAS PALMEIRAS, Nº 1585 - APTO 31;PARQUE INDUSTRIAL;Goiânia;GO;73844-522;N;11/10/2022
102618;BEATRIZ  GOMES SOUZA ;55067782447;30/08/1997;;beatriz.souza762@bol.com.br;96283-8897;R DAS PALMEIRAS, Nº 2650 - APTO 12;SANTO ANTÔNIO;brasília ;DF;73751-192;N;10/06/2025
102619;RENATA NASCIMENTO ASSUNCAO;56582809237;03/05/1946;F;renataassuncao952@gmail.com;(21) 7924-5509;Avenida Sete de Setembro, 2012;SANTA CECÍLIA;rio de janeiro ;RJ;23875-084;S;09/10/2021
102620;MARIANA BARBOSA BRANDAO SILVA;66939425047;25/08/1987;F;marianasilva979@uol.com.br;6199207825;Alameda Tiradentes, nº 1486 - Fundos;CENTRO;Brasília - DF;DF;73157567;S;21/11/2023
102621;LETÍCIA FREITAS;52609113005;05/12/1988;F;leticia_fre3651@yahoo.com.br;81 986966467;RUA Santos Dumont, 1687;LIBERDADE;Recife;PE;59923457;N;28/02/2019
102622;DR. MARIANA CARDOSO CARVALHO;222.091.269-83;18/11/1975;; MARIANA_CAR54@OUTLOOK.COM ;11 995655710;Rua Getúlio Vargas, nº 52;SANTA CECÍLIA;São Paulo;sp;06061542;S;22/01/2022
102623;HELENA  OLIVEIRA FERREIRA ;19440060794;05/05/1975;F;helena_fer318@uol.com.br;61989926039;AV. PAULISTA, 251 - FUNDOS;VILA NOVA;Brasília;df;74489-812;;03/02/2020
102624;DRA. PRISCILA GUIMARAES MAGALHAES;61822499003;09/11/1986;F;priscilamagalhaes432@uol.com.br;11 982013037;RUA DOS ANDRADAS, N. 2994;BOA VISTA;SAO PAULO;SP;09756903;S;13/12/2019
102625;RODRIGO ALVES ARAÚJO;39916896267;11/11/1994;M;rodrigo.araujo848@yahoo.com.br;71968082937;R RIO BRANCO, N. 1826;SÃO JOSÉ;Salvador;BA;46957-065;S;04/06/2024
102626;LEONARDO OLIVEIRA MELO;11934861065;24/07/1990;I;leonardo.melo409@uol.com.br;;R. MARECHAL DEODORO, Nº 1656;SANTO ANTÔNIO;São Paulo;sp;09630-210;N;27/11/2022
102627;ANDRE BARBOSA SOUZA;323.649.056-05;31/08/1973;M; ANDRE.SOUZA167@YAHOO.COM.BR ;51 994052870;AVENIDA SETE DE SETEMBRO, 2396;CENTRO;Porto Alegre;;93814-553;S;12/11/2019
102628;CÉSAR FREITAS;32413779701;14/05/1954;M;cesar_fre525@hotmal.com;(61) 96433-1211;Rua Santos Dumont, nº 121 - Apto 31;LIBERDADE;Brasília;DF;78128-771;N;17/04/2022
102629;CAMILA M. NUNES;14922960406;06/12/1981;F;camila.nunes343@hotmail.com;(11) 98978-2764;Rua dos Andradas, 1671;LIBERDADE;São Paulo;SP;04428-917;N;06/01/2020
102630;SÉRGIO DIAS MARQUES;45390992482;21/02/1990;I;sergio.marques891@yahoo.com.br;11 974748874;RUA Rio Branco, nº 2156 - Apto 12;SANTO ANTÔNIO;São Paulo;São Paulo;07339563;S;09/06/2023
102631;RENATA MARTINS;806.335.609-87;02/10/1978;F;renata.martins670@hotmail.com;51 961462230;RUA BRASIL, N. 2669;SÃO JOSÉ;Porto Alegre;rs;99769958;S;04/01/2025
102632;LETICIA GOMES COSTA;60748930981;24/11/1986;F;leticia_cos390@;(21) 7122-7266;RUA XV de Novembro, 620;VILA NOVA;Niterói;rj;25326721;N;26/08/2025
102633;HENRIQUE PEIXOTO MARQUES;66091602365;03/06/1983;M;henrique.marques850@yahoo.com.br;11960253965;AV Tiradentes, nº 375 - Fundos;SANTA CECÍLIA;São Paulo;sp;01451776;N;30/10/2020
102634;CLAUDIA LIMA;34671582503;11/01/1996;F;claudia.lima550@hotmail.com;31998273170;AV XV de Novembro, N. 1823;PARQUE INDUSTRIAL;Belo Horizonte;MG;32536-903;S;07/05/2025
102635;BRUNO PEIXOTO;05153289362;26/03/1983;M;bruno.peixoto871@hotmail.com;(21) 99844-8344;R SETE DE SETEMBRO, Nº 113 - FUNDOS;VILA NOVA;Rio de Janeiro;rj;25554-992;S;06/03/2025
102636;LETICIA  FERREIRA RIBEIRO ;85625550530;16/07/1989;;leticiaribeiro428@yahoo.com.br;11992289711;R BRASIL, 128;PARQUE INDUSTRIAL;São Paulo;SP;06787-203;S;15/07/2025
102637;DANIEL LIMA;72515953034;06/03/1954;M;daniel_lim147@outlook.com;11999687735;R dos Ipês, nº 1064;SANTA CECÍLIA;SP;SP;08574-558;S;11/07/2020
102638;HELENA MARQUES BARBOSA ROCHA;49724283763;12/12/1975;F;helena_roc871@gmail.com;(62) 99539-8167;AVENIDA SÃO JOÃO, 1987 - BLOCO B APTO 104;LIBERDADE;GOIANIA;Goiás;74849116;N;14/02/2025
102639;CLAUDIA SOUZA;637.357.480-66;21/02/1993;;claudia_sou833@gmail.com;(11) 98280-8609;Av Sete de Setembro, 815;SÃO JOSÉ;SANTO ANDRE;SP;9207173;S;04/04/2021
102640;TÂNAI  MELO NUNES ;89242406252;21/08/1958;F;tania_nun417@hotmail.com;31 991266037;Avenida Santos Dumont, nº 1168 - Apto 31;CENTRO;Belo Horizonte;mg;32569-060;S;02/04/2019
102641;RAFAEL GOMES PEREIRA;70304461008;04/09/1979;M;rafael_per29@outlook.com;(11) 97588-2017;RUA dos Andradas, 2663;JARDIM DAS FLORES;São Paulo - SP;São Paulo;08193477;N;06/01/2019
102642;LETICIA  BARBOSA DIAS ASSUNCAO ;80585089426;13/11/1959;F;leticiaassuncao105@yahoo.com.br;1180255363;PRAÇA MARECHAL DEODORO, Nº 2601;SANTO ANTÔNIO;SAO PAULO;SP;02862100;N;25/02/2024
102643;JOANA MENDES COSTA;173.476.829-08;01/03/1984;F;joanacosta34655@hotmail.com;21967523135;Av Getúlio Vargas, N. 1367;JARDIM AMÉRICA;Rio de Janeiro;Rio de Janeiro;27597-830;N;18/08/2020
102644;DEBORA FERREIRA NUNES;97601879496;18/09/1970;F;debora.nunes752@yahoo.com.br;(81) 99105-1080;Avenida Tiradentes, nº 2960;BELA VISTA;Recife;PE;56583-392;N;04/10/2019
102645;CAIO  MARQUES ;349.983.048-52;08/07/1971;M;caiomarques687@bol.com.br;11 963558200;RUA SANTOS DUMONT, N. 2619;CENTRO;Santo André - SP;SP;02239449;N;04/12/2022
102646;TÂNIA ASSUNÇÃO ASSUNÇÃO;94026329054;13/08/2001;F;taniaassuncao766@uol.com.br;(21) 99096-3737;R MARECHAL DEODORO, 801;VILA MARIANA;Rio;RJ;21968-221;S;18/10/2021
102647;RODRIGO SANTOS MOREIRA BARBOSA;233.372.201-00;13/03/1993;;rodrigo_bar435@yahoo.com.br;11 979627805;TRAVESSA DAS FLORES, N. 2731;SANTO ANTÔNIO;São Paulo;São Paulo;03619876;N;12/04/2022
102648;SERGIO NUNES PEREIRA;021.546.544-01;10/12/1953;M; SERGIO_PER311@OUTLOOK.COM ;11974773419;AVENIDA XV DE NOVEMBRO, 1084;CENTRO;SAO PAULO;SP;09967-260;N;25/09/2024
102649;EDUARDO  PEREIRA ;24688986483;16/10/1963;;eduardo_per983@gmail.com;(51) 8793-5612;AVENIDA CASTRO ALVES, N. S/N;VILA MARIANA;Porto Alegre;rs;96212-955;S;03/02/2021
102650;JULIA MOREIRA NUNES;94342118408;27/12/1997;F;julianunes350@yahoo.com.br;98892-5184;Rua Santos Dumont, 1981;LIBERDADE;CURITIBA;PR;84428858;S;16/09/2024
102651;CAMLIA LIMA SANTOS;042.366.078-08;21/07/1974;F;camila_san852@outlook.com;(61) 97775-7793;Rua Dom Pedro II, nº 2770 - Fundos;SÃO JOSÉ;Brasília;df;73005857;;06/11/2024
102652;SRA. THIAGO MENDES MOREIRA;47098368687;02/08/2000;M;thiago_mor451@outlook.com;(11) 97695-1561;RUA da Liberdade, 1008;SANTO ANTÔNIO;São Paulo;SP;03276-345;N;22/11/2021
102653;CECILIA FREITAS;416.753.074-07;07/05/1960;F; CECILIAFREITAS923@UOL.COM.BR ;(11) 98483-2353;Rua Paulista, 802;JARDIM AMÉRICA;S. Paulo;São Paulo;05011-041;N;17/11/2024
102654;FABIO MARTINS MOREIRA;009.054.301-74;16/06/1999;M;fabiomoreira829@yahoo.com.br;41987691417;RUA SÃO JOÃO, Nº 2692;JARDIM DAS FLORES;Curitiba - PR;pr;81450435;N;25/11/2025
102655;MATEUS SILVA SILVA;68840949747;26/09/1994;M;mateussilva498@gmail.com;61973978063;R das Palmeiras, N. 1080 - Bloco B Apto 104;PARQUE INDUSTRIAL;Brasília;DF;79436557;S;07/03/2022
102656;LUIZA S. GOMES;462.366.162-80;06/11/1984;F;luiza_gom820@yahoo.com.br;(11) 98317-3670;Av. Brasil, nº 1904;VILA MARIANA;São Paulo - SP;SP;02289390;N;25/01/2025
102657;HENRIQUE MELO;556.636.958-85;13/02/1967;M;henrique_mel444@bol.com.br;11 981228653;R. RIO BRANCO, Nº 2029;JARDIM AMÉRICA;São Paulo;SP;06453715;N;12/09/2023
102658;DÉBORA SANTOS;949.978.222-21;05/08/1973;F;deborasantos95@gmail.com;(11) 97076-8392;RUA BRASIL, 989 - APTO 31;CENTRO;Santo André;São Paulo;9443918;N;26/12/2023
102659;GABRIELA PEIXOTO;33578515981;24/08/1958;F;;11 979489123;RUA SÃO JOÃO, 2455;LIBERDADE;SAO PAULO;SP;04290-914;N;01/11/2021
102660;ANDRE  RODRIGUES NUNES NUNES ;23415869377;03/02/1938;M;andre_nun953@hotmail.com;(11) 99397-2256;TRAV. DAS PALMEIRAS, N. 595;VILA NOVA;São Paulo;São Paulo;08166329;S;08/04/2025
102661;CLÁUDIA FERREIRA ARAÚJO;79632389530;04/02/1992;F;claudia.araujo627@hotmail.com;31982743839;AV GETÚLIO VARGAS, Nº 949 - CASA 2;BELA VISTA;BELO HORIZONTE;Minas Gerais;33087625;N;26/11/2024
102662;MÁRCIO COSTA MOREIRA;6,75276E+10;09/02/1974;M;marciomoreira875@gmail.com;(19) 98374-1785;Avenida São João, N. 1697;LIBERDADE;Campinas - SP;SP;16027-529;N;22/07/2024
102663;LUÍZA BRANDÃO MARQUES;35864401110;05/04/1987;F; LUIZA.MARQUES322@BOL.COM.BR ;11 969111905;AVENIDA SANTOS DUMONT, 2264 - FUNDOS;VILA NOVA;São Paulo;São Paulo;09118-801;;15/03/2025
102664;GUSTAVO NUNES NUNES;491.342.178-60;19/04/1982;M;gustavo.nunes612@gmail.com;11971895628;RUA MARECHAL DEODORO, N. 2274;BELA VISTA;São Paulo;SP;06411-403;N;27/10/2024
102665;ANA ANDRADE;837.785.951-30;08/04/1982;F;ana_and320@hotmail.com;;RUA PAULISTA, 279;VILA MARIANA;São Paulo;SP;07761-834;N;04/05/2020
102666;ALINE MARTINS SILVA ANDRADE;404.047.953-07;20/12/1968;F;aline_and41@outlook.com;96333-6731;Rua Marechal Deodoro, nº 169;LIBERDADE;Ribeirão Preto;SP;17000-294;N;15/07/2022
102667;JULIA ASSUNCAO RODRIGUES;16865510534;24/03/1981;F;julia.rodrigues229@outlook.com;11998995460;R. São João, N. 284;BOA VISTA;São Paulo;São Paulo;06974602;;05/03/2022
102668;PRISCILA GUIMARAES MOREIRA;56305170312;13/03/1987;F;beatriz.souza150@bol.com.br;31960751924;AV das Flores, 2233 - Apto 31;JARDIM AMÉRICA;Belo Horizonte;MG;34007-082;N;17/12/2022
102669;JOANA CARDOSO;71650480300;25/07/1970;F;joana.cardoso822@uol.com.br;(48) 7069-9785;R GETÚLIO VARGAS, Nº 919;SANTA CECÍLIA;florianópolis ;Santa Catarina;84587826;N;04/12/2021
102670;ISABELA PEREIRA;553.207.217-57;30/09/1977;F;isabelapereira483@hotmail.com;1194651542;RUA DOS ANDRADAS, S/N;SÃO JOSÉ;SAO PAULO;SP;06993-434;S;26/09/2019
102671;LARISSA RIBEIRO MACHADO;76564262485;27/12/1994;F;larissa_mac99@outlook.com;62976216105;Rua XV de Novembro, N. 1334;VILA MARIANA;Goiânia;go;72207-722;S;30/06/2021
102672;CAIO DIAS;820.418.133-77;01/06/1956;M;caio_dia988@hotmail.com;11 61486370;R. PRESIDENTE VARGAS, Nº 1806;VILA NOVA;São Paulo;SP;1915404;S;30/07/2024
102673;MARCELO LIMA ALVES;34419168080;14/11/1973;M;marceloalves48@outlook.com;(11) 6003-6669;Av São João, nº 460;LIBERDADE;São Paulo - SP;São Paulo;05282-258;S;12/05/2025
102674;BRUNO FERREIRA SOUZA;121.825.476-90;09/03/1981;M;bruno_sou218@yahoo.com.br;71998154757;TRAVESSA TIRADENTES, Nº S/N;VILA NOVA;Salvador;BA;41287873;N;13/02/2023
102675;ANDRE DIAS ARAUJO;419.718.221-08;18/01/1981;M;andre.araujo89179@hotmail.com;11 68098590;R. Dom Pedro II, 1967;VILA NOVA;São Paulo;SP;01665-954;N;15/10/2019
102676;PATRICIA  CARVALHO ARAUJO RIBEIRO ;72838258940;30/04/1979;F;patriciaribeiro356@gmail.com;11 997849067;R XV DE NOVEMBRO, 2445;BELA VISTA;São Paulo;São Paulo;09192-287;S;14/12/2023
102677;DRA. LARISSA ASSUNCAO MARTINS;00431697400;13/02/1995;F;larissa.martins170@@yahoo.com.br;31969555771;Rua Getúlio Vargas, N. 1525 - Bloco B Apto 104;VILA MARIANA;Belo Horizonte;MG;37713-797;N;23/07/2020
102678;MARCIA FERREIRA MELO;083.666.441-89;18/10/1985;F;;21 976945199;AV PRESIDENTE VARGAS, N. 1511;SANTO ANTÔNIO;Niterói;RJ;24428662;N;03/03/2020
102679;FERNANDA  RIBEIRO BRANDÃO ;463.756.184-10;13/08/1986;F;fernandabrandao408@gmail.com;;Pca Castro Alves, nº 1991;CENTRO;Brasília;Distrito Federal;77526-927;;18/06/2024
102680;FÁBIO SOUZA;57199155670;22/08/1954;M;fabiosouza945@yahoo.com.br;51 69879519;Rua São João, N. 2829;CENTRO;Porto Alegre;RS;97553-893;N;08/12/2020
102681;MARCIO RODRIGUES SANTOS;48138645547;04/07/1993;M;;99780-4227;RUA TIRADENTES, N. 1644;PARQUE INDUSTRIAL;RJ;RJ;21018115;N;29/11/2025
102682;FERNANDO MARTINS;4,12996E+10;11/12/1965;M;fernando_mar362@hotmail.com;11977339663;Av. Rio Branco, 541;BELA VISTA;são paulo ;SP;08078-347;N;12/11/2020
102683;CECILIA NUNES NASCIMENTO MACHADO;21478321628;06/07/1970;F;cecilia.machado422@gmail.con;(16) 9062-6184;RUA TIRADENTES, 1192;BOA VISTA;Ribeirão Preto - SP;SP;14009891;N;12/05/2023
102684;CECILIA ASSUNCAO NUNES;73186677009;08/12/2000;F;cecilia.nunes781@uol.com.br;99421-2000;R Castro Alves, nº S/N - Bloco B Apto 104;JARDIM AMÉRICA;Guarulhos;sp;04580959;N;23/12/2022
102685;RENATA P. SILVA;03996340613;24/03/1976;F;renata_sil927@uol.com.br;31965694373;TRAV. TIRADENTES, N. 1999;SANTA CECÍLIA;Belo Horizonte;Minas Gerais;32331030;S;08/06/2024
102686;OTAVIO FERREIRA;96028592455;18/09/1950;M;otavioferreira665@@yahoo.com.br;;RUA DOS ANDRADAS, N. 1862;BELA VISTA;São Paulo;SP;07156-165;;28/09/2019
102687;RAQUEL ALVES;42105683339;13/08/1958;F;raquel_alv774@outlook.com;(62) 97697-8293;R das Palmeiras, N. 1066;SÃO JOSÉ;Goiânia;GO;74067921;S;20/05/2025
102688;SIMONE RIBEIRO COSTA ARAÚJO;950.984.306-74;19/03/1954;F;simone.araujo486@yahoo.com.br;7179193914;AVENIDA TIRADENTES, N. 97;VILA MARIANA;Salvador;BA;45214-780;S;21/12/2021
102689;SR. RENATA BRANDAO FREITAS;02564854290;16/05/2002;F;renata.freitas440@uol.com.br;21 975461128;R. Getúlio Vargas, nº 2900 - Fundos;CENTRO;Rio de Janeiro;rj;21700-484;;16/10/2022
102690;ANDRÉ NUNES SANTOS;29265219874;01/08/1997;M;andre_san779@hotmail.com;11 963969239;PRACA CASTRO ALVES, Nº 1506;VILA NOVA;SAO PAULO;sp;02206-448;S;01/05/2020
102691;FERNANDO GOMES CARVALHO;052.238.757-88;11/05/1997;M;fernando.carvalho202@gmail.com;11 968954725;R. XV DE NOVEMBRO, 2834;SANTO ANTÔNIO;São Paulo;SP;09791-148;S;27/08/2023
102692;JOSÉ NUNES;43175457215;24/07/1985;M;jose_nun117@gmail.com;41 967179623;R DOS ANDRADAS, N. 2874;JARDIM AMÉRICA;Curitiba;Paraná;81568-832;N;23/09/2023
102693;FERNANDA RODRIGUES;10782407447;19/05/1989;F;fernanda_rod753@uol.com.br;16 976029333;PRAÇA DOS ANDRADAS, 561 - APTO 12;LIBERDADE;Ribeirão Preto;São Paulo;18502665;N;11/02/2024
102694;NATALIA PEIXOTO RIBEIRO MELO;87200810738;17/05/1997;F;natalia.melo596@gmail.com;;PRACA Santos Dumont, 2321;SÃO JOSÉ;São Paulo;sp;05191786;N;20/04/2019
102695;HÉLIO ALVES ALVES;21266971939;06/02/2002;M;helio_alv176@gmail.com;51 996375455;RUA PAULISTA, N. S/N - CASA 2;VILA NOVA;Porto Alegre;rs;97396-843;N;25/04/2020
102696;LETICIA BRANDAO;63927500372;17/04/1997;F;leticia.brandao454@bol.com.br;1188264529;Rua Paulista, 2671;CENTRO;Sampa;sp;04794501;N;09/12/2023
102697;ALINE ARAUJO GOMES;726.597.590-14;07/03/1970;F;aline.gomes313@bol.com.br;21 968448407;Rua das Palmeiras, N. 1644 - Casa 2;CENTRO;Niterói;rj;25735-815;S;18/10/2019
102698;MATEUS FERREIRA;351.532.309-02;14/05/1974;M;mateus_fer665@yahoo.com.br;(61) 99354-3954;RUA DOS ANDRADAS, 1765;JARDIM DAS FLORES;Brasília;Distrito Federal;77310310;S;18/06/2025
102699;JOSE DIAS MACHADO;44875709641;05/12/1990;M; JOSEMACHADO740@YAHOO.COM.BR ;81 996609047;RUA XV DE NOVEMBRO, N. 1922;SÃO JOSÉ;Recife;PE;52379403;N;17/07/2024
102700;RAQUEL RODRIGUES;22835771107;25/10/1980;F; RAQUEL_ROD244@UOL.COM.BR ;(21) 9222-2394;Travessa São João, N. 423;LIBERDADE;Rio de Janeiro;Rio de Janeiro;27530355;S;13/05/2025
102701;RAQUEL BARBOSA GUIMARAES;2,75344E+10;11/10/1977;F;raquelguimaraes841@hotmail.com;21972826889;AVENIDA DAS PALMEIRAS, Nº 2349 - BLOCO B APTO 104;JARDIM AMÉRICA;Niterói;rj;29547-018;N;24/03/2023
102702;RAQUEL SANTOS MARTINS;33862401359;20/01/1977;F;raquel_mar91653@gmail.com;11991578423;RUA DOM PEDRO II, N. 684;SANTO ANTÔNIO;São Paulo;sp;05529350;N;28/11/2021
102703;CECILIA MOREIRA;16601225380;14/04/1984;F; CECILIAMOREIRA278@OUTLOOK.COM ;4176876471;ALAMEDA DA LIBERDADE, N. 1407;LIBERDADE;Curitiba;PR;83163-545;S;22/07/2025
102704;CLAUDIA PEIXOTO NUNES;47716221248;06/02/1993;F;claudia_nun17896@yahoo.com.br;(51) 6986-1437;Rua XV de Novembro, 1815;SÃO JOSÉ;PORTO ALEGRE;rs;98931524;S;06/05/2019
102705;RENATA COSTA;11823712215;04/10/1989;I;renata_cos184@yahoo.com.br;(48) 99869-5503;AV. GETÚLIO VARGAS, N. 139;JARDIM DAS FLORES;Florianópolis;SC;81456283;S;19/01/2022
102706;FERNANDO CARVALHO;74823122348;25/05/1982;M;fernandocarvalho605@gmail.com;21991115410;RUA MARECHAL DEODORO, N. 1435;CENTRO;NITEROI;Rio de Janeiro;27058352;S;10/07/2021
102707;NATALIA NUNES ALVES;255.012.117-18;27/02/1986;F;nataliaalves485@outlook.com;21964351369;R dos Andradas, nº 2173;BOA VISTA;Rio de Janeiro;RJ;24738753;N;12/02/2019
102708;CAIO ALVES;041.353.644-03;06/06/1986;M;caioalves894@hotmail.com;71 994504799;R. DAS PALMEIRAS, 2724;LIBERDADE;Salvador - BA;Bahia;42431-948;S;20/08/2024
102709;VINICIUS ARAUJO GOMES;974.976.739-04;08/12/1975;M;viniciusgomes402@uol.com.br;(16) 96339-9091;Rua Castro Alves, 1885;VILA MARIANA;Ribeirão Preto;SP;11754-261;S;25/07/2024
102710;DANIEL ROCHA;63304409300;25/10/1976;M;danielrocha221@gmail.com;(11) 98672-1790;Avenida dos Andradas, 2314;JARDIM AMÉRICA;São Paulo - SP;SP;08920638;S;27/08/2019
102711;ALINE GUIMARAES CARDOSO PEIXOTO;57897204804;05/04/1999;F;aline_pei997@gmail.com;(21) 96528-4667;Av Sete de Setembro, nº 197;SANTA CECÍLIA;Rio de Janeiro;RJ;29536-840;N;18/11/2020
102712;ANA FREITAS FERREIRA RODRIGUES;071.294.777-92;11/08/1979;F;anarodrigues608@yahoo.com.br;(21) 96186-5908;PÇ. DA LIBERDADE, N. 999 - FUNDOS;SANTA CECÍLIA;Rio de Janeiro;RJ;21348-301;S;09/11/2023
102713;CECILIA MACHADO MACHADO;673.927.571-80;25/03/1957;F;cecilia.machado772@outlook.com;(11) 98280-9112;AVENIDA RIO BRANCO, Nº S/N;PARQUE INDUSTRIAL;são paulo ;SP;8783479;N;08/12/2024
102714;GABRIELA SOUZA GOMES;10667129219;23/12/1981;F;gabriela_gom179@outlook.com;31976502564;R. PAULISTA, 2267;JARDIM AMÉRICA;Belo Horizonte;Minas Gerais;39377-200;S;05/05/2019
102715;CÉSAR  RODRIGUES ;414.617.059-16;24/12/1966;M; CESAR.RODRIGUES473@YAHOO.COM.BR ;11960349471;RUA Sete de Setembro, nº 2082;LIBERDADE;São Paulo;SP;09433268;S;20/01/2025
102716;JOSE CARDOSO;61010127276;01/06/1963;M;jose_car751@bol.com.br;19994295918;RUA DA LIBERDADE, N. 925;SANTO ANTÔNIO;Campinas;SP;17406267;N;24/10/2021
102717;RODRIGO OLIVEIRA PEREIRA;86043257351;26/03/1987;M;rodrigo.pereira635@hotmail.com;11996744767;R. Tiradentes, nº S/N;PARQUE INDUSTRIAL;SAO PAULO;SP;02556-847;N;11/05/2023
102718;DEBORA FERREIRA BARBOSA;10269136673;13/03/1988;F;debora_bar125@outlook.com;(21) 97555-8302;Rua Paulista, N. 2025 - Bloco B Apto 104;BELA VISTA;Rio de Janeiro;RJ;21603508;;10/10/2020
102719;HELIO  COSTA ANDRADE ;83782728777;11/12/1956;M;helioandrade963@yahoo.com.br;11 976029005;R. Castro Alves, N. 820;BOA VISTA;Santo André;São Paulo;08648-000;S;13/08/2020
102720;CAIO MARQUES;487.169.354-62;30/10/1984;M;;97204-5007;R. São João, 2455;BOA VISTA;são paulo ;SP;06798097;N;24/03/2020
102721;LETICIA PEIXOTO DIAS;217.254.132-05;27/11/2002;F;leticia_dia602@yahoo.com.br;70319088;RUA PAULISTA, Nº S/N - APTO 31;SÃO JOSÉ;Campinas;sp;12220910;S;17/05/2024
102722;JOANA SOUZA ALVES;97737460977;01/01/1900;F;joanaalves609@gmail.com;1181811862;RUA SÃO JOÃO, N. 2098;BOA VISTA;São Paulo;São Paulo;07475625;N;03/09/2022
102723;SIMONE  CONCEICAO ;71925781348;08/02/1991;F;simone_con870@yahoo.com.br;48990027050;RUA Brasil, nº 2186;PARQUE INDUSTRIAL;Florianópolis;Santa Catarina;88730939;S;20/04/2025
102724;THIAGO NUNES FERREIRA;5082262955;06/10/1975;M;thiago.ferreira745@hotmal.com;11 983543373;ALAMEDA PAULISTA, N. 1949;JARDIM AMÉRICA;São Paulo;SP;02725627;;31/08/2024
102725;CAIO ASSUNÇÃO ALVES;75469928500;25/04/2001;M;caioalves472@yahoo.com.br;11 961415275;Rua Dom Pedro II, N. 180;VILA NOVA;santo andré ;SP;09407697;N;10/08/2020
102726;LUIZA FERITAS ROCHA;590.596.806-34;09/04/1988;;luizarocha658@uol.com.br;62 994141088;RUA DAS PALMEIRAS, N. 332;BOA VISTA;GOIANIA;GO;78589-473;N;10/12/2020
102727;ANDRE NASCIMENTO NUNES MENDES;04006853530;28/08/1996;M;andre.mendes82@outlook.com;31 992684073;RUA GETÚLIO VARGAS, Nº 2048 - APTO 12;SANTA CECÍLIA;Belo Horizonte;;37923-690;S;08/07/2024
102728;SRA. HELIO SANTOS;139.364.940-88;18/06/1984;M;helio.santos628@gmail.com;32 977175841;RUA DOM PEDRO II, Nº 47;VILA MARIANA;Juiz de Fora;MG;32737145;S;27/05/2022
102729;FERNANDO MARQUES MACHADO;05085402525;09/12/1992;M;fernando.machado271@hotmail.com;11 978919200;RUA da Liberdade, 1870;SÃO JOSÉ;santo andré ;SP;04347396;N;31/01/2025
102730;ANTONIO SOUZA LIMA;89354882161;27/05/1976;;antoniolima315@uol.com.br;1170012250;Rua Getúlio Vargas, 1148;SANTA CECÍLIA;São Paulo;SP;06028-542;;07/04/2020
102731;ALINE MARTINS FREITAS ALVES;75863869518;21/05/1961;F;alinealves245@outlook.con;(11) 97436-8579;R. Tiradentes, 1959;SÃO JOSÉ;Guarulhos;São Paulo;07749899;S;27/11/2025
102732;LUIS ANDRADE DIAS;13166044525;21/05/1983;M;luisdias920@bol.com.br;21 991735707;PRACA DOM PEDRO II, N. 440;JARDIM DAS FLORES;Niterói;rj;26344749;;09/06/2022
102733;RODRIGO ANDRADE SOUZA;09015283311;22/01/2002;M; RODRIGO.SOUZA402@GMAIL.COM ;(71) 98783-5520;Rua XV de Novembro, nº 2441;JARDIM AMÉRICA;Salvador;Bahia;45463-421;;07/04/2020
102734;MATEUS SILVA SOUZA CARVALHO;268.210.516-58;14/12/1961;M;;41975828675;RUA São João, N. S/N;SANTO ANTÔNIO;Curitiba;Paraná;83671626;S;11/11/2021
102735;CAMILA LIMA MELO;83487646900;31/03/1987;F;camila_mel660@bol.com.br;(31) 98894-7005;Avenida da Liberdade, 1752 - Apto 12;SÃO JOSÉ;B. Horizonte;MG;38051574;;03/12/2022
102736;BEATRIZ CARVALHO;03565873396;23/04/1979;F;beatriz_car381@hotmail.com;11980951314;AL MARECHAL DEODORO, N. 2544;VILA NOVA;Santo André;São Paulo;1832378;S;10/03/2020
102737;ALINE CARVALHO ASSUNCAO;76293387759;18/11/1958;F;alineassuncao709@hotmail.com;11 981518502;AV dos Andradas, N. 317;JARDIM DAS FLORES;GUARULHOS;sp;08500-084;N;02/04/2025
102738;JULIA ROCHA SILVA;70891271414;28/04/1969;F;julia.silva826@outlook.com;11 969625001;Avenida Castro Alves, N. 1484;BOA VISTA;Guarulhos;sp;04476-023;S;17/06/2021
102739;MÁRCIA M. CARVALHO;009.276.487-84;22/07/2001;F;marciacarvalho621@outlook.com;11991166401;RUA CASTRO ALVES, N. 663;SANTA CECÍLIA;São Paulo;São Paulo;01499841;N;08/05/2022
102740;RENATA ARAÚJO RIBEIRO;35662366756;13/12/1974;F;renataribeiro115@uol.com.br;51 995532249;RUA BRASIL, Nº 2234;JARDIM DAS FLORES;P. Alegre;rs;92603-650;N;19/05/2023
102741;ANA ALVES MOREIRA;458.381.943-91;11/09/1992;F;ana.moreira953@hotmail.com;(51) 99541-5602;RUA CASTRO ALVES, N. 1813 - BLOCO B APTO 104;JARDIM DAS FLORES;Porto Alegre - RS;Rio Grande do Sul;91366-664;;26/06/2019
102742;LETICIA SANTOS MELO;54150197580;21/10/1984;F;leticia_mel664@outlook.com;96198-6014;R. Paulista, nº 628;BELA VISTA;Rio de Janeiro;rj;27996654;N;21/04/2020
102743;SIMONE R. BRANDÃO;94193100278;13/10/1991;F;simone_bra122@outlook.com;(21) 7520-6142;RUA DAS FLORES, N. 2544 - APTO 31;VILA NOVA;NITEROI;rj;26691-607;S;04/07/2022
102744;ALINE M. CARDOSO;286.639.382-17;14/03/1997;F;aline_car802@bol.com.br;62 962698407;RUA Dom Pedro II, 2503 - Casa 2;PARQUE INDUSTRIAL;Goiânia;go;77482892;S;05/07/2019
102745;HENRIQUE LIMA ARAÚJO MOREIRA;52599403502;27/01/1983;M; HENRIQUEMOREIRA734@GMAIL.COM ;(51) 97596-5237;Rua Presidente Vargas, N. 292;VILA NOVA;PORTO ALEGRE;RS;95421124;;14/09/2025
102746;LETICIA SILVA FERREIRA;51588989879;29/05/1978;F;leticiaferreira515@hotmail.com;11 986419453;RUA PRESIDENTE VARGAS, 476;SANTO ANTÔNIO;São Paulo;SP;9884707;S;18/11/2021
102747;BRUNO SOUZA MOREIRA NUNES;867.679.799-45;23/03/2003;M;bruno.nunes887@uol.com.br;11979864846;Travessa Dom Pedro II, N. 1354;SANTA CECÍLIA;São Paulo;SP;03974-722;N;22/04/2021
102748;ALINE MAGALHAES NUNES;64580382877;05/05/2003;F;aline.nunes517@gmail.com;19 70674747;AV. SÃO JOÃO, 461 - BLOCO B APTO 104;VILA MARIANA;Campinas;SP;18318932;N;02/10/2020
102749;ISABELA SANTOS;88038670159;20/08/1964;F;isabela.santos48434@uol.com.br;16 68629768;Alameda Castro Alves, nº 1763 - Fundos;SÃO JOSÉ;Ribeirão Preto;sp;11441-516;;27/08/2019
102750;GUSTAVO SILVA;918.842.072-86;02/01/1988;M;gustavosilva684@hotmail.com;(71) 98601-2222;RUA São João, nº 2904;JARDIM DAS FLORES;Salvador;BA;43657968;S;14/08/2019
102751;SÔNIA ASSUNÃÇO CARVALHO;50760430829;19/09/1994;F;soniacarvalho787@hotmial.com;96822-9009;AL Getúlio Vargas, nº 2335 - Apto 31;JARDIM AMÉRICA;Curitiba;pr;81521-975;N;06/11/2025
102752;WAGNER ANDRADE MELO;786.235.044-88;23/06/1976;M;wagnermelo89@outlook.com;11961311470;Avenida São João, N. 589;VILA NOVA;Santo André;SP;06436-091;N;14/12/2020
102753;HENRIQUE NASCIMENTO;144.000.963-51;28/04/1966;M;henriquenascimento181@outlook.com;1178558947;R Dom Pedro II, 1863;VILA NOVA;São Paulo;SP;03191-793;S;08/12/2021
102754;TÂNIA CARDOSO NASCIMENTO CARDOSO;96396091100;14/07/1942;F;taniacardoso478@gmail.com;21981887469;RUA BRASIL, Nº 1585 - APTO 31;BOA VISTA;Rio de Janeiro;rj;27678509;N;03/11/2021
102755;CLAUDIA ANDRADE RIBEIRO;20944030688;16/12/1987;F;claudia.ribeiro538@yahoo.com.bt;(21) 99318-4711;ALAMEDA BRASIL, N. S/N;JARDIM DAS FLORES;Rio de Janeiro;RJ;25267668;S;17/09/2020
102756;FERNANDA MARTINS BRANDAO NUNES;205.735.943-33;23/05/1992;F;;(19) 96095-3353;AVENIDA GETÚLIO VARGAS, Nº 691;CENTRO;Campinas;sp;14806-208;S;06/05/2022
102757;ALINE ORDRIGUES;517.182.784-20;22/04/1971;;;61 964631375;RUA São João, 2734 - Bloco B Apto 104;BOA VISTA;Brasília;DF;77498-545;S;05/08/2025
102758;RAFAEL LIMA;71601894260;24/03/1989;M;rafaellima919@uol.com.br;4170547543;AV GETÚLIO VARGAS, Nº 1270;VILA NOVA;Curitiba;Paraná;81966-217;N;17/01/2023
102759;RAQUEL SILVA NASCMIENTO;877.556.649-45;19/10/1990;F;;(19) 6617-5739;Rua Paulista, 2100;BOA VISTA;Campinas;sp;18192984;S;17/01/2023
102760;LUCAS MENDES;55595903040;31/08/1969;M;lucas_men587@hotmail.com;(19) 98205-3936;RUA TIRADENTES, N. 2964;VILA MARIANA;CAMPINAS;SP;15936394;N;16/04/2019
102761;FERNANDA MAGALHAES ANDRADE GUIMARAES;611.138.165-20;20/05/1979;F;fernandaguimaraes379@hotmail.com;19970459332;RUA DOM PEDRO II, 1625;BELA VISTA;Campinas;São Paulo;15153860;S;29/11/2023
102762;ANTONIO  RODRIGUES ;2,97898E+10;13/01/1993;M; ANTONIO.RODRIGUES710@BOL.COM.BR ;31 965612227;RUA DOS IPÊS, 1898 - FUNDOS;JARDIM DAS FLORES;BELO HORIZONTE;MG;35869054;S;16/10/2022
102763;GUSTAVO ANDRADE;261.703.290-68;02/07/1987;M;gustavoandrade829@bol.com.br;51 978292467;R DAS PALMEIRAS, 418;JARDIM DAS FLORES;Porto Alegre;rs;94175876;S;13/04/2020
102764;ANA RIBEIRO GUIMARÃES;7,18263E+10;01/01/1900;F;ana.guimaraes1@yahoo.com.br;11992891819;PRAÇA GETÚLIO VARGAS, Nº 1821;CENTRO;São Paulo;SP;3781723;N;17/09/2025
102765;BRUNO M. CARVALHO MOREIRA;60721418899;14/05/1969;M;bruno.moreira932@gmail.com;11994439292;Alameda Santos Dumont, N. 2581 - Bloco B Apto 104;JARDIM DAS FLORES;Santo André;SP;4211366;N;17/05/2020
102766;JOSE PEIXOTO NUNES;94774729809;02/07/1982;I;jose.nunes213@outlook.com;11999838389;AV SETE DE SETEMBRO, Nº 2940 - CASA 2;VILA NOVA;SAO PAULO;São Paulo;05569-824;S;19/08/2024
102767;CÉSAR SILVA ARAÚJO;98002173120;28/06/1976;M;cesararaujo1814@outlook.com;31989212855;R DOS ANDRADAS, Nº 443;BELA VISTA;Belo Horizonte;Minas Gerais;33874-245;S;04/06/2020
102768;NATALIA NASCIMENTO NUNES CARDOSO;21009239430;07/11/1983;F;natalia_car526@outlook.com;(71) 97024-1991;R. DA LIBERDADE, Nº 847;LIBERDADE;salvador ;BA;47612204;S;08/04/2025
102769;DR. SIMONE RODRIGUES PEREIRA;507.663.863-92;06/05/1999;F;simone_per320@gmail.com;(11) 6246-6862;Avenida Presidente Vargas, N. 2343 - Bloco B Apto 104;SÃO JOSÉ;São Paulo;sp;07557618;S;05/05/2025
102770;SIMONE C. ROCHA;254.754.301-01;30/09/1989;F;simone.rocha936@hotmail.com;(51) 8695-9134;RUA SETE DE SETEMBRO, Nº 2839;SANTA CECÍLIA;Porto Alegre;;93867824;N;27/01/2023
102771;JOSE GUIMARAES RODRIGUES;49763451574;20/06/1997;;joserodrigues146@uol.com.br;31987422064;RUA RIO BRANCO, 649;BOA VISTA;belo horizonte ;MG;31634-958;N;09/10/2024
102772;PATRÍCIA CARDOSO;57756866088;12/01/1988;F;patricia_car256@hotmail.com;32975523145;R. Tiradentes, nº S/N;BOA VISTA;Juiz de Fora;MG;39611-591;N;16/05/2025
102773;MARCIO NASCIMENTO MAGALHAES;882.105.441-10;25/03/1993;M;marcio.magalhaes766@hotmail.com;61 982369877;PRACA XV de Novembro, 1873;JARDIM AMÉRICA;BRASILIA;Distrito Federal;72793-374;S;18/10/2020
102774;GUSTAVO GUIMARÃES;98450349427;24/05/1986;M;gustavo.guimaraes275@outlook.com;(21) 98156-3890;Rua Paulista, 160;PARQUE INDUSTRIAL;Niterói;rj;24025081;N;02/12/2022
102775;PATRICIA BARBOSA LIMA;73437905287;07/05/2000;F;patricia.lima434@bol.com.br;1187516352;R. DA LIBERDADE, 1641;BELA VISTA;São Paulo;SP;05286-182;S;18/06/2024
102776;ANA LIMA;23292317681;17/02/1977;F;analima146@outlook.com;81 93256744;Rua XV de Novembro, nº 2131;PARQUE INDUSTRIAL;Recife;PE;54152872;S;01/08/2020
102777;LARISSA SILVA DIAS;03077223503;09/08/1997;F;larissa.dias750@hotmail.com;(21) 98844-4838;Av. Presidente Vargas, nº 803;JARDIM DAS FLORES;Rio de Janeiro;RJ;27439751;N;05/11/2020
102778;GUSTAVO ROCHA MELO;99912796950;04/06/1961;M;gustavo.melo778@bol.com.br;51 973787934;RUA DOS IPÊS, Nº 1672;VILA NOVA;porto alegre ;Rio Grande do Sul;98974-793;;17/05/2020
102779;CLAUDIA ALVES ASSUNCAO;53987551020;18/09/1975;F;claudiaassuncao218@hotmail.com;;R BRASIL, Nº 2790 - APTO 12;JARDIM DAS FLORES;São Paulo;São Paulo;02373154;S;03/06/2023
102780;VINICIUS B. SOUZA RIBEIRO;86605194187;08/09/1957;M;vinicius_rib974@uol.com.br;(21) 97670-9597;AV. DA LIBERDADE, N. 1893;SANTO ANTÔNIO;Rio de Janeiro;rj;28221-670;S;31/07/2021
102781;WAGNER PEIXOTO LIMA;83430011256;06/06/1990;M; WAGNER.LIMA100@UOL.COM.BR ;;AVENIDA BRASIL, N. 841;VILA NOVA;São Paulo;São Paulo;04354775;N;16/02/2022
102782;PRISCILA PEREIRA MAGALHAES;23735248489;24/07/1959;F;priscilamagalhaes592@gmail.com;11974897373;RUA Marechal Deodoro, nº 2887 - Casa 2;JARDIM DAS FLORES;São Paulo;SP;04568-831;N;09/12/2023
102783;BEATRIZ MOREIRA PEREIRA;38029096828;27/02/1936;F;beatriz_per40282@gmail.com;(41) 96495-7532;AVENIDA SÃO JOÃO, Nº 2096;BELA VISTA;CURITIBA;pr;86868019;N;07/03/2021
102784;FERNANDO MOREIRA;228.563.239-87;12/11/1982;M;fernandomoreira752@hotmail.com;(71) 98545-4216;RUA DOM PEDRO II, N. 1005;SÃO JOSÉ;Salvador - BA;BA;42774-160;N;24/09/2021
102785;BRUNO PREEIRA BARBOSA;45066932135;14/02/1981;M;;6175766268;RUA XV DE NOVEMBRO, 1535 - BLOCO B APTO 104;VILA NOVA;Brasília - DF;DF;71926-309;S;02/07/2023
102786;FERNANDO SILVA;401.624.039-50;31/12/1933;;fernando_sil160@hotmail.com;19987981201;Av. das Flores, 1935;VILA MARIANA;Campinas;SP;13980315;S;31/12/2021
102787;HELENA SOUZA;215.564.489-29;29/05/1984;F;helena.souza76657@bol.com.br;99005-7142;Praça dos Andradas, 1998 - Casa 2;VILA NOVA;Rio de Janeiro;RJ;22194375;S;19/01/2021
102788;RODRIGO ASSUNÇÃO NASCIMENTO;29909450917;28/05/1953;M;rodrigonascimento596@uol.com.br;99774-7251;RUA BRASIL, N. 2432;VILA NOVA;Rio de Janeiro;RJ;23069911;;05/07/2024
102789;CAIO  MACHADO BARBOSA ;26922593782;05/11/1976;M;caio.barbosa193@uol.com.br;61 988002951;R TIRADENTES, Nº S/N;BELA VISTA;Brasília;;79977194;N;01/04/2019
102790;TÂNIA GOMES MOREIRA;183.177.871-84;10/05/1982;F;taniamoreira398@uol.com.br;11 962111185;R. Paulista, 2421;JARDIM AMÉRICA;São Paulo;SP;06784-728;S;25/02/2022
102791;LARISSA A. ALVES;996.747.425-49;26/08/1976;F;larissa_alv296@outlook.com;11999055425;AVENIDA GETÚLIO VARGAS, Nº 552;BOA VISTA;Santo André;SP;07754-603;N;17/01/2022
102792;MARCELO PEREIRA BRANDAO;55313207930;11/10/1996;M;marcelo.brandao208@hotmail.com;11963767071;Alameda Rio Branco, 1394;SANTO ANTÔNIO;Guarulhos;São Paulo;04951-737;S;24/02/2025
102793;ANA DIAS;39300348248;25/04/1997;I;ana_dia896@hotmail.com;11979099943;Avenida Rio Branco, N. 289;SANTA CECÍLIA;Guarulhos;SP;07381-749;S;14/09/2019
102794;JOANA RODRIGUES;27708518024;10/03/1999;F;joanarodrigues348@uol.com.br;21 963931592;Rua XV de Novembro, nº 1251;VILA NOVA;Rio de Janeiro;RJ;23422-531;S;30/12/2020
102795;RAQUEL CARVALHO RODRIGUES;62662488832;31/07/1985;F;raquelrodrigues918@uol.com.br;81997263654;AVENIDA DOS IPÊS, N. 95;JARDIM AMÉRICA;Recife;PE;56261554;N;31/01/2025
102796;JOANA MARQUES;4,61501E+10;13/11/2000;F;joana_mar309@yahoo.com.br;11967038087;AV Santos Dumont, nº 2184;CENTRO;São Paulo;SP;01038-470;S;19/06/2025
102797;ISABELA MENDES OLIVEIRA;50412669480;09/10/1980;F;isabela_oli751@bol.com.br;11962642295;Rua das Palmeiras, nº 108 - Bloco B Apto 104;BELA VISTA;São Paulo;SP;03902-648;S;01/10/2025
102798;RAQUEL GUIMARÃES;079.237.856-35;17/04/1990;F;raquelguimaraes348@gmail.com;(71) 97897-9744;Avenida dos Ipês, N. 2312 - Apto 12;CENTRO;Salvador;BA;47756-152;S;22/10/2020
102799;CECILIA FREITAS NASCIMENTO;97697699320;16/10/1986;F;cecilia_nas640@yahoo.com.br;11 970277021;R PRESIDENTE VARGAS, Nº 2171;BELA VISTA;São Paulo;sp;02728-551;;23/01/2024
102800;LUÍS SANTOS ROCHA;152.523.060-36;14/09/1993;M;luis_roc512@uol.com.br;41 962412051;RUA DOS IPÊS, N. 2623;LIBERDADE;Curitiba - PR;pr;85002-366;S;04/05/2019
102801;CLAUDIA MENDES SANTOS MARQUES;55096943607;28/05/1971;I;;71962007733;RUA São João, N. 1284;BOA VISTA;Salvador;Bahia;43953-843;N;25/10/2022
102802;MARCIA CONCEICAO ARAUJO;565.376.592-99;26/07/1990;F;marciaaraujo561@gmail.com;11 98424914;RUA Getúlio Vargas, N. 102;SANTA CECÍLIA;São Paulo;sp;02789-938;N;25/02/2024
102803;RENATA MELO;602.226.031-00;05/09/2001;F;renata.melo489@yahoo.com.br;62 967249596;Rua Rio Branco, 1842;SÃO JOSÉ;Goiânia;Goiás;72645-373;S;19/11/2019
102804;RENATA MACHADO GUIMARAES;52882949847;03/05/1986;F;renata.guimaraes789@hotmail.com;48 992354062;RUA MARECHAL DEODORO, N. 1128;LIBERDADE;Florianópolis - SC;SC;82039824;S;24/02/2024
102805;LUCAS ROCHA;5,27279E+10;27/06/1999;M;lucasrocha298@yaho.com.br;16974892100;R. Brasil, nº 2265;BOA VISTA;Ribeirão Preto;SP;19316795;S;24/06/2021
102806;LUCAS ARAÚJO;85046179636;20/01/1999;M;lucas_ara29@bol.com.br;41 60348111;Avenida Dom Pedro II, N. 752;SANTO ANTÔNIO;Curitiba;PR;87425446;N;10/12/2024
102807;DÉBORA SILVA MAGALHÃES;41796702242;28/08/1963;F;debora.magalhaes340@gmail.com;96209174;R. Dom Pedro II, nº 170;BOA VISTA;São Paulo;SP;04561543;N;03/04/2023
102808;HENRIQUE GOMES CARVALHO;973.367.279-30;09/08/1993;M; HENRIQUE_CAR825@GMAIL.COM ;;RUA Tiradentes, N. 2297;JARDIM DAS FLORES;CAMPINAS;sp;13474-572;S;07/11/2019
102809;LARISSA CARVALHO FERREIRA;384.598.341-82;13/09/2000;F;;(41) 99281-6527;RUA DOM PEDRO II, 1393;JARDIM AMÉRICA;Curitiba;Paraná;86154-806;S;04/11/2025
102810;GUSTAVO MENDES SANTOS;230.852.831-10;09/02/2003;M;gustavo.santos828@uol.com.br;91637443;Rua das Palmeiras, nº 2059;CENTRO;São Paulo;sp;4969580;S;08/03/2025
102811;ANDRE RODRIGUES;29118352804;18/01/1986;M;andrerodrigues669@outlook.com;96043-3859;Avenida São João, N. 1181 - Apto 12;JARDIM AMÉRICA;São Paulo;sp;04479468;S;14/05/2025
102812;PRISCILA SILVA ROCHA;1623797225;01/11/1984;F;priscilarocha414@outlook.com;11 965436030;Rua São João, nº 662 - Apto 31;VILA NOVA;São Paulo;SP;03135913;N;23/05/2021
102813;LUCIA GUIMARAES;38843657623;14/07/1935;F;luciaguimaraes544@hotmail.com;21 972603162;RUA XV de Novembro, 1375;CENTRO;Rio de Janeiro;Rio de Janeiro;22527-694;S;15/03/2019
102814;DRA. GUSTAVO NASCIMENTO MENDES;36254850010;18/12/1980;M;gustavomendes633@hotmail.com;21 92467199;AVENIDA PAULISTA, Nº 611;BOA VISTA;Rio de Janeiro;rj;28065403;N;08/05/2020
102815;FABIO MOREIRA;951.972.585-78;31/10/1947;M; FABIO.MOREIRA9887@YAHOO.COM.BR ;(16) 98539-8962;RUA das Palmeiras, S/N;SÃO JOSÉ;Ribeirão Preto;São Paulo;13871160;S;08/05/2020
102816;ISABELA RIBEIRO GOMES;78103580732;01/12/1964;F;;11998001045;R. DOM PEDRO II, Nº 2780 - FUNDOS;SANTO ANTÔNIO;São Paulo;SP;04699-709;;29/11/2023
102817;HELENA CARDOSO FREITAS GUIMARAES;93426339439;19/01/1993;F;helena_gui915@yahoo.com.br;16 998304698;R BRASIL, Nº 2530;BELA VISTA;RIBEIRAO PRETO;SP;14101-837;S;17/08/2019
102818;NATALIA BRANDAO SANTOS;497.924.978-70;06/03/1992;F;nataliasantos609@uol.com.br;(21) 98093-8479;Avenida das Palmeiras, nº 1572 - Fundos;SANTA CECÍLIA;Rio de Janeiro;rj;22971-470;N;25/11/2021
102819;LUCAS GOMES;062.084.939-86;03/06/1990;M;lucasgomes276@yahoo.com.br;61976218964;RUA DOS ANDRADAS, N. 504;JARDIM AMÉRICA;Brasília;df;79310-981;S;24/01/2022
102820;OTÁVIO COSTA GUIMARÃES ANDRADE;51912405709;10/08/1990;M;otavio_and3033@yahoo.com.br;(41) 99367-7923;Avenida das Flores, N. 1472;JARDIM AMÉRICA;Curitiba;Paraná;83519328;N;20/03/2019
102821;PATRÍCIA LIMA;43351900856;25/07/1977;F;patricia_lim419@outlook.com;97068-7881;RUA RIO BRANCO, N. 62 - APTO 12;BOA VISTA;rio de janeiro ;RJ;22196320;S;08/10/2022
102822;GABRIELA FREIATS GUIMARAES;12387487672;25/04/1998;F;gabriela_gui365@gmail.com;11976716953;AVENIDA SANTOS DUMONT, Nº 1888;SANTO ANTÔNIO;Guarulhos;sp;08999-796;S;26/01/2023
102823;BEATRIZ SOUZA BARBOSA;93381237233;05/05/1990;F;beatrizbarbosa660@yahoo.com.br;(31) 9391-1628;Avenida da Liberdade, nº 90;BELA VISTA;Belo Horizonte;mg;35321-918;N;25/07/2021
102824;JOANA MOREIRA SANTOS FERREIRA;67395901258;11/05/1996;F;joanaferreira768@yahoo.com.br;19 963974926;RUA SÃO JOÃO, Nº 637;JARDIM AMÉRICA;Campinas;SP;15926317;N;15/10/2022
102825;RAFAEL ASSUNÇÃO BRANDÃO BRANDÃO;20128865407;04/05/1982;M;rafael_bra847@yahoo.com.br;;AV CASTRO ALVES, Nº 269;JARDIM AMÉRICA;Belo Horizonte;MG;37042578;N;12/05/2022
102826;LUÍZA GUIMARÃES SOUZA;96844280300;19/12/1974;F;luiza.souza330@yahoo.com.br;41 992194067;RUA dos Andradas, nº 2261;JARDIM AMÉRICA;Curitiba;pr;88536-449;S;15/11/2023
102827;CAMILA DIAS BRANDÃO;32457975871;04/12/1977;F;camila_bra384@yahoo.com.br;41986731456;TRAVESSA PRESIDENTE VARGAS, N. 2176;BELA VISTA;Curitiba;PR;81687748;S;25/01/2021
102828;ANTÔNIO MENDES CARDOSO;00518847047;06/08/1988;M;;31 962003277;R TIRADENTES, 1930;CENTRO;Belo Horizonte;Minas Gerais;38026-122;;08/01/2022
102829;MARCIA SILVA MAGALHAES;937.940.854-42;21/01/1984;I;marcia_mag914@outlook.com;11 968593869;RUA SETE DE SETEMBRO, 69;VILA NOVA;SP;São Paulo;08850-227;S;16/07/2023
102830;ALINE LIMA ROCHA;80737211121;26/11/1990;F;aline.rocha200@yahoo.com.br;32993545021;R. DAS PALMEIRAS, Nº 234;SÃO JOSÉ;Juiz de Fora;MG;33343033;N;26/10/2019
102831;EDUARDO COSTA LIMA;77968772113;15/01/1985;M;eduardo.lima50@gmail.com;(11) 97387-5040;Av. São João, nº 880;VILA MARIANA;Guarulhos - SP;São Paulo;05912902;N;05/07/2019
102832;ANA PEIXOTO;60216962200;19/11/1992;; ANAPEIXOTO76@YAHOO.COM.BR ;1189441552;R SÃO JOÃO, Nº 2304 - FUNDOS;SÃO JOSÉ;São Paulo;sp;09609-085;;30/11/2019
102833;JULIA ASSUNCAO BARBOSA;658.504.222-00;15/02/1987;F;julia.barbosa468@outlook.com;31981491475;Av. Dom Pedro II, 2257 - Casa 2;SANTA CECÍLIA;B. Horizonte;MG;39500822;N;20/09/2020
102834;VINICIUS ARAUJO;83142024794;22/09/1995;M;vinicius.araujo682@hotmail.com;11964632143;AVENIDA TIRADENTES, Nº 2278 - APTO 12;BELA VISTA;São Paulo;São Paulo;04036-416;S;25/09/2022
102835;SERGIO CONCEICAO BARBOSA;13945715504;25/11/1964;M;sergio_bar757@bol.com.br;51993343972;TRAVESSA BRASIL, Nº 1334 - FUNDOS;PARQUE INDUSTRIAL;Porto Alegre;RS;91770225;S;20/11/2025
102836;MÁRCIA ARAÚJO ROCHA GOMES;77106527432;04/03/1997;F;marcia_gom393@yahoo.com.br;1687771670;RUA São João, N. 587;JARDIM AMÉRICA;Ribeirão Preto;SP;15450587;N;21/07/2024
102837;HELENA FERREIRA GOMES;76929088692;31/12/1933;F;helena_gom90@bol.com.br;51966566254;RUA DOS IPÊS, 2618;SANTA CECÍLIA;Porto Alegre;rs;96111161;S;31/12/2021
102838;BRUNO  FREITAS ;81972117602;18/06/2001;M;bruno.freitas994@uol.com.br;19 962442967;RUA DAS FLORES, Nº 1553;VILA NOVA;Campinas;SP;11446192;S;11/08/2023
102839;MARCELO GOMES GUIMARAES MARQUES;934.848.196-77;25/11/1976;M;marcelomarques20@bol.com.br;1984059950;RUA BRASIL, Nº 886;BELA VISTA;Campinas;SP;12607-172;S;20/03/2024
102840;FÁBIO MACHADO MACHADO;787.572.810-09;26/04/1990;M;fabiomachado717@yahoo.com.br;(21) 97676-7098;Rua Santos Dumont, nº 792;PARQUE INDUSTRIAL;Rio de Janeiro - RJ;rj;28272-813;N;02/04/2023
102841;SIMONE  PEIXOTO CARVALHO ;6,52993E+10;05/09/1980;F; SIMONE.CARVALHO474@HOTMAIL.COM ;11970585312;R DAS FLORES, 2651;JARDIM AMÉRICA;são paulo ;SP;04185-358;N;16/01/2024
102842;MARIANA MELO NUNES;312.597.296-56;10/12/2000;F;mariana.nunes511@uol.com.br;51 978597187;AV CASTRO ALVES, Nº 2303;JARDIM DAS FLORES;Porto Alegre;RS;98342-971;S;25/03/2020
102843;PATRÍCIA PEREIRA;30390883190;29/11/1993;F;patriciapereira791@yahoo.com.br;61985495851;Av. Castro Alves, 947;JARDIM DAS FLORES;Brasília;Distrito Federal;76986888;N;12/04/2021
102844;PATRICIA MELO CARVALHO;518.604.690-60;24/10/1998;F; PATRICIACARVALHO164@OUTLOOK.COM ;41981682065;R. DOM PEDRO II, 129;SANTA CECÍLIA;CURITIBA;PR;83497971;N;27/02/2019
102845;HELIO NUNES SILVA;37568589447;11/12/1991;M;heliosilva764@yahoo.com.br;;AVENIDA DAS PALMEIRAS, 2813;VILA NOVA;São Paulo;sp;08387-656;N;04/11/2025
102846;VITORIA FERREIRA ALVES;31708947140;28/10/1985;F;;11 78662400;R. das Flores, 1362;JARDIM DAS FLORES;Guarulhos;São Paulo;01237-421;S;29/01/2019
102847;MARCIA MACHADO OLIVEIRA;950.797.779-15;18/03/1993;F; MARCIAOLIVEIRA460@OUTLOOK.COM ;96847-6429;Avenida XV de Novembro, nº 2993;LIBERDADE;Curitiba;Paraná;83596370;N;23/12/2022
102848;MARCELO PEREIRA BRANDAO;553.139.079-30;11/10/1996;M;marcelo.brandao20859@yahoo.com.br;11963767071;ALAMEDA RIO BRANCO, N. 1394;SANTO ANTÔNIO;Guarulhos;São Paulo;04951-737;S;16/05/2022
102849;LARISSA  OLIVEIRA MENDES ;59876496760;12/06/1984;F;larissa.mendes825@outlook.com;;RUA XV DE NOVEMBRO, 1386;VILA MARIANA;São Paulo;SP;01924866;;03/01/2023
102850;MATEUS RIBEIRO PEIXOTO MELO;47055948860;06/08/1978;M;mateus_mel513@hotmail.com;(31) 99895-2315;R. Paulista, nº 2852;BELA VISTA;Belo Horizonte;Minas Gerais;32013638;S;31/05/2020
102851;DEBORA MARTINS NUNES;19768599138;31/05/1971;F;deboranunes533@outlook.com;31 92853223;ALAMEDA PRESIDENTE VARGAS, N. 638;BELA VISTA;Belo Horizonte;MG;34446902;N;18/08/2022
102852;SR. GUSTAVO ASSUNÇÃO ARAÚJO;40433964650;31/12/1933;M;gustavo.araujo824@hotmail.com;11 997116535;Rua XV de Novembro, N. 1278;BOA VISTA;São Paulo;SP;04259801;N;23/06/2025
102853;ALINE  MELO CONCEICAO ;465.519.895-86;16/03/1992;;alineconceicao830@yahoo.com.br;(61) 98319-6612;AV. PRESIDENTE VARGAS, Nº 2011;VILA NOVA;Brasília;DF;73782-886;N;28/08/2025
102854;LUIS FERREIRA;88992316801;28/03/1978;M;luis_fer494@yahoo.com.br;(21) 96585-8307;TRAVESSA PRESIDENTE VARGAS, 2497 - CASA 2;BELA VISTA;Niterói;rj;29339865;N;21/07/2021
102855;VITÓRIA  FERREIRA CARDOSO ;63517857238;27/06/1975;F;vitoriacardoso88@gmail.com;11 967937449;R MARECHAL DEODORO, 1257 - APTO 31;JARDIM DAS FLORES;Guarulhos;São Paulo;01366-919;N;04/01/2023
102856;HENRIQUE PEIXOTO CARVALHO;20813521173;30/05/2001;M;henrique.carvalho115@bol.com.br;(71) 99613-2311;R Brasil, nº 1692;CENTRO;Salvador;Bahia;42672-378;S;02/05/2020
102857;DRA. FERNANDA MELO ASSUNÇÃO CONCEIÇÃO;30040120309;17/11/1983;F;fernanda.conceicao586@outlook.com;19 961377640;Rua Dom Pedro II, nº 2213;BELA VISTA;Campinas;SP;19580823;N;27/12/2023
102858;BRUNO BRANDAO RIBEIRO;315.665.274-14;01/10/1989;M;bruno.ribeiro642@uol.com.br;(11) 99858-6779;R SETE DE SETEMBRO, N. 16 - APTO 31;CENTRO;São Paulo;SP;04586604;N;03/06/2020
102859;JÚLIA ALVES;4,05617E+09;11/09/1951;F;julia_alv931@bol.com.br;94903479;R. DOS IPÊS, Nº 272;SANTO ANTÔNIO;São Paulo;SP;06626226;S;16/01/2025
102860;BRUNO GOMES;042.473.017-05;01/08/1990;M;fernanda.rocha873@outlook.com;98131-8143;Av. Dom Pedro II, N. 1640 - Casa 2;BOA VISTA;Guarulhos;SP;01375675;N;17/03/2022
102861;ISABELA MARTINS;979.569.585-12;05/05/1995;F;isabelamartins751@yahoo.com.br;31983861020;Rua Sete de Setembro, nº 1370 - Fundos;JARDIM AMÉRICA;belo horizonte ;MG;34891816;S;05/10/2022
102862;JOANA ARAÚJO CARDOSO;347.066.821-34;16/04/1965;F;joana_car273@gmail.com;(51) 98702-3722;R PAULISTA, 802;PARQUE INDUSTRIAL;PORTO ALEGRE;rs;97614359;S;07/01/2025
102863;CECILIA PEREIRA NUNES;34859382544;20/05/1995;F;cecilia_nun726@hotmail.com;41 977582883;Rua Castro Alves, N. 1691 - Casa 2;CENTRO;curitiba ;pr;89808270;S;22/03/2021
102864;MATEUS SILVA FREITAS ALVES;222.117.221-30;01/03/1999;M;;31 990294268;Rua Presidente Vargas, N. 653;CENTRO;Belo Horizonte;Minas Gerais;32920-438;N;09/03/2024
102865;HELIO BRANDAO FERREIRA;92911444957;26/05/1961;M;helio_fer611@gmail.com;(11) 97408-5308;Avenida das Palmeiras, 311;BOA VISTA;guarulhos ;SP;06004328;S;20/06/2021
102866;CECILIA OLIVEIRA ANDRADE;60792248520;19/05/1980;F;cecilia_and642@hotmail.com;11960314613;AV dos Andradas, nº 1296;SÃO JOSÉ;Guarulhos;SP;05647974;N;28/01/2021
102867;HENRIQUE MENDES MENDES;094.686.031-99;30/03/1997;M;henriquemendes29@hotmail.com;(19) 97229-4175;Rua Sete de Setembro, N. 1022;SÃO JOSÉ;campinas ;SP;11881184;S;14/11/2019
102868;VITÓRIA MENDES;29126523833;07/11/1985;F;vitoria_men596@gmail.com;41976996292;R DOS IPÊS, Nº 265 - APTO 31;VILA NOVA;Curitiba;PR;83924186;S;31/08/2019
102869;JOSE PEREIRA GOMES;94430377006;01/01/1900;M;josegomes43@gmail.com;11 999873867;RUA DOS ANDRADAS, N. 730;BELA VISTA;São Paulo - SP;São Paulo;01406398;S;19/10/2025
102870;RAQUEL LIMA OILVEIRA;59604004565;19/05/1993;F;raqueloliveira845@hotmail.com;(48) 97135-2716;Rua Paulista, 2530 - Apto 12;BOA VISTA;Florianópolis;SC;81080670;S;25/01/2022
102871;DÉBORA ARAÚJO FREITAS MARQUES;975.587.865-33;15/10/1982;F;debora_mar528@bol.com.br;99460-2500;AV Dom Pedro II, N. 1542 - Apto 12;VILA MARIANA;São Paulo;SP;04788-507;N;15/09/2024
102872;DR. GUSTAVO SILVA;71467418269;25/02/1978;M;gustavo_sil532@bol.com.br;(31) 97813-4653;PRAÇA GETÚLIO VARGAS, 824;VILA MARIANA;Belo Horizonte;mg;32587104;S;02/01/2023
102873;ALINE RODRIGUES BRANDAO;33705170783;19/05/2005;F; ALINEBRANDAO125@HOTMAIL.COM ;;AV da Liberdade, nº 921;CENTRO;Curitiba;Paraná;83804280;S;05/01/2019
102874;OTÁVIO MARQUES FERREIRA;980.934.761-80;03/11/1969;M; OTAVIO.FERREIRA622@UOL.COM.BR ;(11) 9876-7768;Rua Presidente Vargas, N. 62 - Bloco B Apto 104;VILA NOVA;São Paulo;sp;01247126;S;22/12/2021
102875;HENRIQUE ARAUJO;6561245121;11/05/1934;M;henrique_ara939@uol.com.br;51 984896021;AV. XV DE NOVEMBRO, 620;LIBERDADE;Porto Alegre - RS;RS;93610-354;;13/10/2023
102876;SONIA MARQUES MOREIRA;482.041.431-33;05/08/1989;F;sonia_mor279@bol.com.br;(11) 99662-1198;RUA DA LIBERDADE, 1988;CENTRO;São Paulo;sp;05854027;N;29/07/2024
102877;MÁRCIO ASSUNÇÃO LIMA ALVES;26009845505;17/06/1977;M;marcioalves158@yahoo.com.br;81976057225;Alameda Paulista, 731;BOA VISTA;Recife;PE;57885-242;S;20/12/2022
102878;PRISCILA ASSUNCAO PEREIRA;51934649988;02/12/1976;F; PRISCILA.PEREIRA511@YAHOO.COM.BR ;51 962077009;RUA TIRADENTES, 1422;SANTO ANTÔNIO;Porto Alegre - RS;RS;93534-467;N;20/10/2025
102879;WAGNER  GOMES RODRIGUES ;36468262480;20/01/1991;M;;(19) 99127-7875;Rua Marechal Deodoro, 2799 - Fundos;VILA MARIANA;Campinas;São Paulo;19532002;N;11/10/2019
102880;CESAR MACHADO;166.078.610-08;23/04/1981;M;cesarmachado207@yahoo.com.br;(31) 99332-6613;AVENIDA PAULISTA, N. 2135;LIBERDADE;BELO HORIZONTE;MG;39370-222;S;10/09/2025
102881;TÂNIA SOUZA DIAS;96456920400;19/03/1990;F;tania_dia104@yahoo.com.br;87307262;RUA DOS ANDRADAS, N. S/N;LIBERDADE;Guarulhos;São Paulo;09835-015;S;29/11/2021
102882;HELIO ASSUNCAO;91738341909;17/07/1968;M;helioassuncao987@yahoo.com.br;(19) 99081-7142;RUA MARECHAL DEODORO, N. 2302;JARDIM DAS FLORES;Campinas;SP;18641547;;14/05/2019
102883;LEONARDO  ANDRADE GUIMARAES ;143.620.331-73;29/12/1967;M;leonardo_gui152@yahoo.com.br;31964919486;R SÃO JOÃO, Nº 2044 - FUNDOS;CENTRO;Belo Horizonte;mg;39022-376;;01/03/2019
102884;GABRIELA SOUZA;71520357923;21/06/1964;F;gabriela_sou57348@hotmail.con;41 980868590;RUA TIRADENTES, Nº 722;VILA MARIANA;CURITIBA;PR;87770797;S;30/09/2019
102885;CESAR DIAS ROCHA;31804087823;06/01/1974;M; CESAR.ROCHA524@GMAIL.COM ;;R. Marechal Deodoro, nº 2827;LIBERDADE;São Paulo;SP;07129414;S;04/09/2024
102886;CAMILA RIBEIRO;46777611874;25/10/1952;I;camilaribeiro869@gmail.com;(61) 99735-3964;RUA GETÚLIO VARGAS, N. S/N;JARDIM AMÉRICA;Brasília;Distrito Federal;78764254;S;07/03/2022
102887;CAIO RODRIGUES RODRIGUES;42324550512;17/12/1986;M;caiorodrigues469@outlook.com;11980021891;Avenida XV de Novembro, N. S/N - Apto 31;JARDIM DAS FLORES;Santo André - SP;SP;02882-430;S;22/05/2022
102888;VITORIA SANTOS;94106509768;10/11/1953;F;vitoria_san515@outlook.com;(11) 97947-5333;Rua Sete de Setembro, 2601 - Apto 12;SÃO JOSÉ;São Paulo;São Paulo;04290182;N;08/07/2020
102889;PATRICIA ANDRADE RODRIGUES;38962535188;12/03/1971;F;patricia.rodrigues6904@hotmail.com;21974779584;R. SETE DE SETEMBRO, N. 2131;PARQUE INDUSTRIAL;Rio de Janeiro;Rio de Janeiro;26177-684;S;22/06/2019
102890;LARISSA NUNES;84764861704;31/12/1963;F;larissa.nunes928gmail.com;11 62407907;Rua Presidente Vargas, N. 2591 - Apto 31;VILA NOVA;São Paulo;São Paulo;02143-839;S;21/11/2025
102891;JOAO PEIXOTO FERREIRA GUIMARAES;09535284800;31/03/1994;M;joao.guimaraes292@yahoo.com.br;(48) 6534-2660;RUA das Flores, nº 2032;SÃO JOSÉ;Florianópolis;SC;87973-299;S;26/08/2020
102892;LETICIA GOMES CONCEICAO;87221569339;06/10/1968;F;leticia_con803@yahoo.com.br;81 85337452;RUA RIO BRANCO, N. 1809;JARDIM AMÉRICA;Recife;PE;53692611;S;29/04/2021
102893;JOANA ROCHA MOREIRA RIBEIRO;83080676629;01/05/1987;F; JOANA.RIBEIRO361@GMAIL.COM ;97329-9140;R. RIO BRANCO, N. 582;JARDIM AMÉRICA;SAO PAULO;sp;02404315;S;03/11/2021
102894;NATALIA MOREIRA NUNES;599.499.305-02;03/09/1998;F;natalia.nunes569@outlook.com;11 965248616;Av das Flores, N. 264;BOA VISTA;São Paulo;SP;05077610;N;14/07/2025
102895;JÚLIA MAGALHÃES BRANDÃO NASCIMENTO;295.860.795-03;16/04/1982;F;julia.nascimento433@uol.com.br;(21) 98899-3776;AVENIDA DOS ANDRADAS, 389;BELA VISTA;Niterói;Rio de Janeiro;28954-931;S;14/08/2019
102896;LUIS MARTINS;32874241571;20/12/1987;M;luis_mar491@uol.combr;51988581596;RUA da Liberdade, 2655;JARDIM AMÉRICA;Porto Alegre;RS;96967072;N;19/12/2022
102897;SONIA NASCIMENTO COSTA;53227274779;16/05/1985;F; SONIA_COS14@OUTLOOK.COM ;31 962749724;Rua Tiradentes, N. 415;VILA MARIANA;Belo Horizonte;Minas Gerais;38708-861;S;14/05/2020
102898;LUIZA PEIXOTO NASCIMENTO MOREIRA;50925216518;30/07/1978;F;luiza_mor68@gmail.com;(11) 96704-4933;Travessa Dom Pedro II, N. 1920;JARDIM DAS FLORES;São Paulo;SP;03047888;N;07/06/2025
102899;MARCIA CARAVLHO PEREIRA;04856632957;15/08/1997;F;marcia.pereira657@hotmail.com;11964157041;RUA PRESIDENTE VARGAS, N. 1271;SANTO ANTÔNIO;São Paulo;sp;07844773;N;29/11/2021
102900;VITÓRIA COSTA SOUZA;24403230636;10/09/1962;F; VITORIA_SOU667@HOTMAIL.COM ;11989147103;RUA BRASIL, S/N - APTO 31;BOA VISTA;Guarulhos;SP;06039-474;N;01/03/2019
102901;ISABELA COSTA SANTOS;73649377900;03/04/1982;F;isabelasantos691@yahoo.com.br;11995153125;RUA SETE DE SETEMBRO, Nº S/N - FUNDOS;SÃO JOSÉ;Santo André;sp;07242800;N;23/12/2021
102902;PATRICIA MACHADO;55771777234;30/08/1958;F;patricia_mac649@hotmail.com;51 75594601;R. SANTOS DUMONT, 610;JARDIM AMÉRICA;Porto Alegre;RS;91138024;N;07/08/2023
102903;ANTÔNIO RODRIGUES ALVES;694.269.748-65;07/07/2001;M;antonioalves928@hotmail.com;11975272231;Rua Paulista, nº 231;SANTA CECÍLIA;são paulo ;São Paulo;08258003;N;16/03/2025
102904;RAQUEL GOMES;75718382409;06/03/1961;F;raquel_gom207@hotmail.com;32 997072524;Alameda dos Ipês, 743 - Bloco B Apto 104;VILA NOVA;Juiz de Fora;mg;33114899;N;04/10/2023
102905;OTÁVIO FREITAS;14625854776;31/12/1933;M;otavio.freitas15028@uol.com.br;41 971513604;RUA SETE DE SETEMBRO, Nº 171;SÃO JOSÉ;Curitiba;pr;81161272;S;16/07/2021
102906;FERNANDA RIBEIRO;57439672887;06/09/1985;F;fernandaribeiro806@yahoo.com.br;21 995568736;R. da Liberdade, 1669;VILA MARIANA;Rio de Janeiro;Rio de Janeiro;22781-621;S;18/07/2019
102907;LUCIA ROCHA RODRIGUES ARAUJO;158.235.560-63;21/04/1996;F;luciaaraujo138@outlook.com;;RUA RIO BRANCO, Nº 1794;VILA NOVA;Santo André;São Paulo;04024988;N;10/08/2019
102908;DRA. CAMILA CARDOSO ROCHA;3,07956E+10;26/02/1963;I;camilarocha80@bol.com.br;(21) 99704-1404;Rua Castro Alves, N. 766 - Casa 2;JARDIM DAS FLORES;Niterói;RJ;27182767;S;23/01/2022
102909;RENATA ARAUJO MENDES;84474241380;14/05/1985;F; RENATA_MEN512@GMAIL.COM ;11 82383755;TV. SETE DE SETEMBRO, Nº 1461;SANTA CECÍLIA;São Paulo;sp;05267-348;N;12/01/2021
102910;LEONARDO COSTA;738.546.636-25;04/01/1987;M;leonardo_cos338@yahoo.com.br;21961237340;RUA dos Andradas, N. 1606 - Fundos;JARDIM DAS FLORES;rio de janeiro ;rj;21746093;S;01/05/2021
102911;VINÍCIUS PEREIRA RODRIGUES;190.350.406-60;07/07/1996;M;viniciusrodrigues965@hotmail.com;(11) 6780-1235;AVENIDA XV DE NOVEMBRO, N. 2638;VILA MARIANA;São Paulo;São Paulo;09539660;S;08/10/2024
102912;BEATRIZ MAGALHAES;77473943812;04/04/1985;F;beatrizmagalhaes94@yahoo.com.br;98339-7248;RUA GETÚLIO VARGAS, Nº 25;JARDIM AMÉRICA;Rio de Janeiro - RJ;rj;22359872;N;27/03/2024
102913;SIMONE FERREIRA SILVA FREITAS;16879858201;25/08/1989;F;simone_fre641@gmail.com;32964653852;ALAMEDA DA LIBERDADE, N. 1926;JARDIM DAS FLORES;Juiz de Fora - MG;mg;35782-911;S;01/12/2022
102914;RODRIGO ARAUJO;433.759.494-99;03/05/1994;M;rodrigo.araujo138@outlook.com;(11) 96557-6267;R. das Flores, S/N;VILA MARIANA;Guarulhos;São Paulo;05785-515;S;22/03/2021
102915;SRA. LUÍZA MACHADO SANTOS LIMA;48489929076;02/12/1974;F;luizalima941@yahoo.com.br;(11) 99067-6953;Rua Castro Alves, N. 1543;SANTO ANTÔNIO;São Paulo;sp;07936097;N;09/04/2019
102916;VINICIUS CONCEICAO MARQUES;38680719544;17/11/1989;M;vinicius_mar344@outlook.com;11970072442;AV. DOM PEDRO II, Nº 1525;BELA VISTA;São Paulo;sp;09512-372;N;18/12/2019
102917;LETICIA N. MAGALHAES GOMES;03954842432;13/07/1996;F; LETICIA_GOM961@OUTLOOK.COM ;11964728566;Av das Flores, 2888;BELA VISTA;SAO PAULO;SP;05405-036;;10/11/2021
102918;MATEUS NASCIMENTO;69924112172;08/03/1978;M;mateus.nascimento363@uol.com.br;41973791596;Travessa da Liberdade, nº 455;BOA VISTA;Curitiba;PR;81673510;N;06/08/2024
102919;MATEUS  GUIMARAES SANTOS ;82094755410;31/08/1968;I;mateus_san468@uol.com.br;11968469494;RUA SANTOS DUMONT, Nº 576;JARDIM DAS FLORES;São Paulo;São Paulo;03783780;S;02/02/2020
102920;FERNANDA NUNES;38277277822;19/05/2000;F;fernandanunes330@outlook.com;81 62855895;RUA XV DE NOVEMBRO, Nº 1499 - APTO 31;SANTA CECÍLIA;Recife;PE;59491705;S;26/04/2025
102921;THIAGO MARQUES;016.821.661-20;11/01/1989;I;;21 975375045;R Dom Pedro II, 126;SÃO JOSÉ;Rio de Janeiro;RJ;28623-041;S;20/08/2019
102922;FERNANDO MENDES ALVES;348.484.947-96;05/08/1964;M;fernando.alves652@uol.com.br;11960049563;AVENIDA DAS FLORES, N. 426 - BLOCO B APTO 104;SANTO ANTÔNIO;São Paulo;sp;07647-553;;03/09/2023
102923;LEONARDO BRANDAO PEIXOTO;56352491363;29/12/1994;M;leonardo_pei965@outlook.com;61 981477243;R das Flores, nº 557;SANTA CECÍLIA;Brasília;DF;77445826;S;11/12/2024
102924;VITORIA PEIXOTO MACHADO;309.628.447-48;30/01/1983;F;vitoria.machado405@bol.com.br;19 987958856;Alameda XV de Novembro, 663;JARDIM DAS FLORES;CAMPINAS;SP;12520-912;S;03/08/2022
102925;GUSTAVO FERREIRA ANDRADE PEIXOTO;44578964892;21/10/1964;M;gustavopeixoto141@yahoo.com.bt;51978653048;R. Sete de Setembro, N. 1833;SÃO JOSÉ;Porto Alegre;rs;98470-415;S;15/09/2024
102926;DR. SÔNIA NASCIMENTO ROCHA;98427182201;12/02/1975;F;sonia_roc923@outlook.com;;AV. MARECHAL DEODORO, 450;BOA VISTA;São Paulo;sp;6677892;N;10/09/2023
102927;ALINE PEREIRA;15601041806;04/06/1990;F;aline_per915@uol.com.br;(11) 99332-1956;RUA SÃO JOÃO, N. 1919 - APTO 31;VILA NOVA;Santo André;SP;09927-879;N;06/10/2022
102928;TANIA GOMES MOREIRA;18317787184;10/05/1982;F;taniamoreira39882@hotmail.com;11985345618;RUA PAULISTA, N. 2421;JARDIM AMÉRICA;São Paulo;SP;06784-728;S;23/02/2021
102929;LUIS SANTOS ASSUNCAO RODRIGUES;44797649682;18/08/1968;M;luis_rod493@uol.com.br;(11) 96928-9474;Alameda Sete de Setembro, nº 506;PARQUE INDUSTRIAL;São Paulo;sp;05963-699;;04/04/2021
102930;RENATA GUIMARAES;73498716948;15/05/1970;F;renataguimaraes311@bol.com.br;(11) 98707-7809;RUA TIRADENTES, 448;BELA VISTA;Sampa;São Paulo;4044928;S;23/08/2022
102931;LARISSA  SOUZA ;50138305919;01/01/1900;F;larissa.souza484@hotmail.com;4869415807;AVENIDA TIRADENTES, N. 891;BELA VISTA;Florianópolis;Santa Catarina;87791-125;N;23/01/2024
102932;CAMILA MARQUES CARDOSO;580.678.984-56;04/11/1967;F;camila.cardoso105@yahoo.com.br;71 998647620;RUA TIRADENTES, 1258;SANTO ANTÔNIO;Salvador;ba;46976015;S;28/03/2022
102933;HELENA MACHADO GOMES;86232263642;11/11/1980;F;helena.gomes258@uol.com.br;61974584230;RUA DAS PALMEIRAS, Nº 459 - APTO 12;SANTO ANTÔNIO;BRASILIA;df;72750-868;N;02/08/2025
102934;HENRIQUE MENDES MENDES;27089080307;22/08/1983;M; HENRIQUE.MENDES900@GMAIL.COM ;(41) 99925-1227;R. das Palmeiras, 1470 - Fundos;PARQUE INDUSTRIAL;Curitiba;PR;82977-295;N;16/11/2025
102935;CLÁUDIA NASCIMENTO SANTOS;37267691021;07/12/1991;F;claudia.santos162@yahoo.com.br;87214796;PRAÇA PRESIDENTE VARGAS, Nº 626;SANTO ANTÔNIO;rio de janeiro ;rj;23505839;N;07/04/2023
102936;ALINE  GOMES ;54888761973;23/09/1970;F;aline.gomes94593@outlook.com;48 991934746;AL DOS ANDRADAS, Nº 714 - APTO 31;JARDIM AMÉRICA;FLORIANOPOLIS;SC;88376546;N;17/12/2021
102937;TÂNIA  OLIVEIRA PEREIRA ;888.837.848-04;05/07/1993;F;;81974923131;RUA DOS IPÊS, 2806;JARDIM DAS FLORES;Recife;pe;55918901;;10/08/2022
102938;RODRIGO GUIMARAES CONCEICAO;97081171028;25/01/1963;M;rodrigoconceicao502@outlook.com;21 78139818;Rua das Flores, S/N - Bloco B Apto 104;SANTO ANTÔNIO;rio de janeiro ;RJ;23542-135;N;27/02/2025
102939;ANA CONCEICAO NASCIMENTO;360.721.171-04;24/03/1999;F;ana_nas380@gmail.com;(11) 9372-9886;AVENIDA DOS ANDRADAS, Nº 1618;VILA MARIANA;Guarulhos;sp;2738672;N;24/06/2020
102940;SÔNIA SOUZA ALVES;07295140050;02/08/1968;F;sonia_alv735@gmail.com;(41) 99694-5339;RUA GETÚLIO VARGAS, 2556;BOA VISTA;Curitiba;pr;87608685;S;06/07/2025
102941;TANIA M. SILVA;052.090.164-98;22/09/1973;F;taniasilva849@outlook.com;11960847069;Rua Presidente Vargas, N. 971 - Apto 12;VILA NOVA;Santo André;SP;08758-291;S;10/06/2020
102942;LETICIA SANTOS MAGALHAES MELO;739.687.167-01;13/01/1984;F;leticia_mel299@bol.com.br;11 66141215;AV TIRADENTES, N. 245;JARDIM DAS FLORES;SP;SP;03473414;S;27/04/2022
102943;HELENA DIAS;836.081.651-42;21/03/1986;F;helenadias46@hotmail.com;(16) 96886-4200;AVENIDA PAULISTA, Nº 1897;VILA MARIANA;Ribeirão Preto;SP;13926-996;;19/09/2025
102944;DRA. MÁRCIO MACHADO FERREIRA;08912954105;21/04/1986;;marcioferreira212@outlook.com;11983964815;AV DOS IPÊS, 829;SANTO ANTÔNIO;Guarulhos;sp;01794-694;S;24/02/2020
102945;LUCIA MOREIRA SANTOS;392.238.820-52;03/06/1959;F;luciasantos474@yahoo.com.br;(11) 97175-4571;RUA DA LIBERDADE, Nº 2925;SANTO ANTÔNIO;Guarulhos;São Paulo;08086-754;S;08/11/2023
102946;RAQUEL M. NUNES GUIMARAES;13997062846;13/06/1949;F;raquel_gui646@gmail.com;(11) 96758-5182;Rua da Liberdade, 504;SANTO ANTÔNIO;SAO PAULO;SP;04726267;N;15/12/2022
102947;MARIANA SILVA PEREIRA;92073441068;05/11/1960;F; MARIANAPEREIRA120@UOL.COM.BR ;(11) 6089-9151;R PAULISTA, N. 528 - APTO 12;VILA NOVA;São Paulo;SP;03105-493;N;20/08/2023
102948;EDUARDO COSTA DIAS;41847931774;03/02/1988;M;eduardo_dia825@uol.com.br;19 73612923;Avenida das Palmeiras, nº 2093 - Apto 12;VILA MARIANA;Campinas;São Paulo;16741-576;N;12/02/2024
102949;RAQUEL DIAS;50352720522;15/12/1985;;raqueldias623@yahoo.com.br;4882071460;RUA DAS PALMEIRAS, Nº 2553;SANTO ANTÔNIO;Florianópolis;Santa Catarina;85949510;S;24/11/2025
102950;LUIZA SOUZA ARAUJO;07046512035;01/01/1969;F;luizaaraujo551@uol.com.br;(21) 99484-7579;Rua Presidente Vargas, N. 1459 - Fundos;VILA NOVA;Rio de Janeiro;RJ;26937030;S;04/02/2025
102951;RODRIGO ROCHA;648.332.547-94;29/03/1998;M;rodrigo.rocha922@outlook.com;81 80677986;Rua Paulista, N. 663;SANTA CECÍLIA;Recife;;55400-933;N;11/09/2020
102952;ANTÔNIO MARQUES COSTA;80890967390;05/06/1986;M;antonio.costa693@gmail.com;;AVENIDA SÃO JOÃO, Nº 2304;VILA NOVA;Brasília;DF;76481-354;N;04/06/2023
102953;BEATIRZ CARDOSO NUNES;06100745046;02/03/1990;F;beatriznunes898@outlook.com;4892139582;AL XV DE NOVEMBRO, N. 2301 - APTO 31;PARQUE INDUSTRIAL;FLORIANOPOLIS;SC;87424824;N;05/11/2019
102954;PAULO MAGALHÃES MARQUES;95450960980;04/05/1984;M;paulomarques760@gmail.com;(11) 99163-6338;Rua das Flores, N. 587 - Bloco B Apto 104;LIBERDADE;São Paulo;São Paulo;08516-633;N;14/08/2023
102955;RODRIGO MAGALHAES LIMA;53677821592;01/01/1900;I;rodrigo.lima56191@yahoo.com.br;;PRAÇA SÃO JOÃO, N. 2189 - APTO 12;SANTA CECÍLIA;Rio de Janeiro;rj;21600802;N;07/02/2020
102956;CECILIA  MENDES SOUZA ;67209916393;19/01/1994;F;ceciliasouza575@outlook.com;(31) 99810-7040;Rua Paulista, 664;JARDIM AMÉRICA;Belo Horizonte;MG;35997284;S;09/05/2019
102957;RENATA  MARQUES ARAUJO ;00030250803;01/05/1999;F;renata.araujo85@bol.com.br;11 968928680;Rua Castro Alves, 854;BELA VISTA;São Paulo;sp;7028769;;28/08/2025
102958;BRUNO MARTINS;24469274811;27/08/1996;M;brunomartins44126@bol.com.br;31 97305855;Rua das Flores, N. S/N;BOA VISTA;Belo Horizonte;MG;39490-249;S;09/08/2019
102959;TÂNIA PEIXOTO MARTINS RIBEIRO;28715437809;13/08/1976;F; TANIA_RIB976@HOTMAIL.COM ;61 983195885;Al. Marechal Deodoro, 924;JARDIM DAS FLORES;Brasília;df;71312456;N;19/06/2019
102960;TANIA SANTOS;5787095626;21/04/2000;F;tania_san9258@bol.com.br;41 972575654;R Sete de Setembro, nº 2214;JARDIM AMÉRICA;Curitiba;Paraná;88415362;S;01/10/2019
102961;MARIANA GUIMARÃES;40061890014;02/08/1978;F;mariana_gui925@gmail.com;81963813793;Rua Tiradentes, nº 1423 - Casa 2;BELA VISTA;Recife - PE;pe;51080-640;S;04/07/2020
102962;MARCIA CARDOSO MOREIRA MOREIRA;51176513834;09/04/1989;F; MARCIAMOREIRA237@UOL.COM.BR ;(11) 97251-9216;R. DOS ANDRADAS, N. 2371;SÃO JOSÉ;São Paulo;SP;03263-213;;22/08/2023
102963;FÁBIO PEREIRA;055.870.852-87;30/08/2004;M;fabio.pereira734@uol.com.br;11 967933321;RUA SETE DE SETEMBRO, Nº 2470 - APTO 31;BOA VISTA;São Paulo;sp;2430265;N;31/12/2020
102964;RENATA MARQUES MOREIRA;153.638.347-31;01/01/1900;F;renata.moreira382@yahoo.com.br;32 982249038;RUA PAULISTA, 123;SANTA CECÍLIA;Juiz de Fora;MG;35106027;N;21/11/2022
102965;CECILIA ALVES MELO;889.868.811-36;26/06/2001;I;cecilia_mel438@gmail.com;(41) 98326-8476;Rua Presidente Vargas, nº 1865 - Casa 2;VILA NOVA;Curitiba;Paraná;86312-134;N;12/05/2024
102966;EDUARDO  SOUZA NASCIMENTO CARVALHO ;88493197629;13/03/1972;M;eduardo_car736@hotmail.com;11 963919987;Av. Sete de Setembro, N. 1837;LIBERDADE;São Paulo;sp;04266-869;N;17/06/2022
102967;LUCIA GUIMARAES CARVALHO;691.486.101-35;27/11/1989;F;lucia.carvalho67898@bol.com.br;7178381170;TRAVESSA SANTOS DUMONT, Nº 2344;JARDIM AMÉRICA;Salvador;Bahia;47564-251;S;06/10/2020
102968;SONIA PEREIRA;656.984.306-08;14/04/1987;F;soniapereira207@gmail.com;21981011284;R. Dom Pedro II, nº 2426 - Bloco B Apto 104;VILA NOVA;Rio de Janeiro;Rio de Janeiro;25817436;S;10/09/2021
102969;FABIO CONCEICAO ARAUJO;02896891714;28/01/1976;M;fabio.araujo255@hotmail.com;21 976987045;AV Marechal Deodoro, nº 2230;CENTRO;Rio de Janeiro;RJ;25915-962;;07/06/2025
102970;RAQUEL FREITAS ANDRADE;81860586996;11/01/1990;F;raquelandrade496@hotmail.com;(11) 97393-7269;RUA XV DE NOVEMBRO, 177 - APTO 12;BOA VISTA;São Paulo;São Paulo;5858532;N;11/09/2023
102971;BRUNO  ANDRADE MENDES ;854.876.546-11;11/01/1999;M;brunomendes725@uol.com.br;11973303191;RUA MARECHAL DEODORO, 403;SÃO JOSÉ;Guarulhos;SP;05785-136;N;28/02/2022
102972;GABRIELA GOMES DIAS;590.339.878-21;26/03/1988;F;gabrieladias986@outlook.com;11 990949262;RUA das Flores, N. 2576;VILA NOVA;São Paulo;SP;05507-586;N;03/08/2023
102973;FERNANDO COSTA FERREIRA;316.985.302-34;30/07/1988;M;;;Avenida Getúlio Vargas, 1720 - Apto 31;JARDIM DAS FLORES;Ribeirão Preto - SP;;14216-842;S;24/03/2023
102974;ISABELA GUIMARÃES RODRIGUES;83844915001;29/06/1971;F;;(21) 98822-3633;Avenida Castro Alves, nº 1767 - Apto 31;SANTO ANTÔNIO;Rio de Janeiro;Rio de Janeiro;25698476;S;29/07/2024
102975;NATÁLIA ALVES;5,13691E+10;18/01/1986;F;natalia.alves369@outlook.com;21 962069850;AV Getúlio Vargas, nº 2809 - Casa 2;JARDIM AMÉRICA;Rio de Janeiro;rj;24445217;N;19/11/2019
102976;BRUNO BRANDAO;670.696.451-47;30/04/1990;M;bruno_bra984@bol.com.br;41 974919042;Alameda da Liberdade, N. 830;SANTA CECÍLIA;Curitiba - PR;PR;88855-281;N;03/07/2024
102977;SERGIO SOUZA NASCIMENTO;69519512450;03/08/1974;M;sergio_nas675@uol.com.br;11973294867;Praça dos Ipês, 2087 - Apto 12;SANTA CECÍLIA;Santo André;SP;5601276;N;16/02/2022
102978;LEONARDO ALVES DIAS FERREIRA;770.939.221-04;22/05/1980;M;leonardo.ferreira186@yahoo.com.br;11985375771;R São João, 354;BOA VISTA;Santo André;sp;09694-937;S;20/06/2022
102979;LUCAS PEREIRA;85578083560;14/06/1993;M;lucas.pereira31@outlook.com;41977997628;RUA Brasil, 900;SÃO JOSÉ;CURITIBA;PR;89248975;N;27/09/2022
102980;HENRIQUE CARVALHO COSTA;56680638364;01/06/1970;M;;11970706555;Travessa Tiradentes, 2185;BOA VISTA;São Paulo;São Paulo;05837441;S;12/01/2019
102981;MATEUS MARTINS GOMES;78019491295;17/12/1985;M;mateusgomes602@outlook.com;(71) 98833-2268;AVENIDA DA LIBERDADE, N. 1245;JARDIM AMÉRICA;Salvador;BA;43747-082;S;04/09/2025
102982;JOSÉ SOUZA NASCIMENTO;442.261.021-00;15/10/1982;M; JOSE.NASCIMENTO358@HOTMAIL.COM ;(11) 96797-2787;Al. Castro Alves, 1955;VILA MARIANA;S. Paulo;sp;04290-864;S;15/03/2025
102983;GUSTAVO SANTOS;60751879010;19/04/1995;M;gustavo_san40311@yahoo.com.br;(62) 97370-6997;RUA SÃO JOÃO, Nº 2798;JARDIM DAS FLORES;Goiânia - GO;Goiás;71179470;N;16/08/2020
102984;FÁBIO ALVES;275.417.453-24;28/01/1988;M;fabio_alv180@outlook.com;61 976836139;AVENIDA DOS IPÊS, Nº 14;SÃO JOSÉ;Brasília;DF;78892844;N;12/07/2025
102985;VINICIUS PEREIRA;81347586067;16/05/1992;M;vinicius.pereira971@hotmail.com;11 987272671;ALAMEDA GETÚLIO VARGAS, Nº 1120;JARDIM AMÉRICA;São Paulo;sp;09756154;N;28/02/2021
102986;MATEUS RIBEIRO BARBOSA RODRIGUES;50057385254;03/10/1947;M;mateus_rod955@hotmail.com;21 74396726;R. PRESIDENTE VARGAS, 2460;BOA VISTA;Niterói;Rio de Janeiro;23293-920;S;21/05/2024
102987;FÁBIO MACHADO;312.712.372-88;11/09/1988;I; FABIOMACHADO16@HOTMAIL.COM ;31 994612580;RUA SANTOS DUMONT, Nº 2910;CENTRO;Belo Horizonte;mg;33651263;S;26/07/2020
102988;ALINE RODRIGUES BARBOSA;103.685.880-41;26/01/1949;F;aline_bar374@hotmail.com;61977821517;Avenida Marechal Deodoro, N. 353;PARQUE INDUSTRIAL;BRASILIA;DF;73233501;S;04/04/2022
102989;SR. PAULO LIMA ALVES;46664012375;23/04/1983;M;pauloalves785@yahoo.com.br;(11) 7175-4041;TRAVESSA PRESIDENTE VARGAS, N. 1206;BELA VISTA;São Paulo;SP;01618-131;;15/12/2019
102990;ISABELA FREITAS;32176466144;22/05/1977;F;isabela_fre686@hotmail.com;(31) 9748-1023;R SÃO JOÃO, N. 543;VILA NOVA;Belo Horizonte;MG;33040-499;S;16/10/2020
102991;ANTONIO  OLIVEIRA MACHADO BARBOSA ;607.662.411-65;18/12/1979;M; ANTONIOBARBOSA72@UOL.COM.BR ;32 988814998;Travessa dos Ipês, N. 1866;BOA VISTA;Juiz de Fora - MG;mg;36191944;S;07/02/2023
102992;CLAUDIA FERREIRA MELO BRANDAO;983.698.973-04;30/04/1981;F;claudiabrandao740@outlook.con;71 979186855;R. DOS IPÊS, Nº 1879;SÃO JOSÉ;Salvador;Bahia;46319-220;S;18/10/2021
102993;FABIO LIMA MELO;97215380785;15/09/1973;M;fabiomelo133@outlook.com;19 998393005;R Paulista, nº 535 - Apto 12;VILA MARIANA;CAMPINAS;SP;12062-212;N;26/08/2021
102994;FABIO MARQUES NASCIMENTO;510.338.760-38;21/01/1995;M;fabio_nas1958@outlook.com;11 983746404;RUA DAS FLORES, S/N;SANTO ANTÔNIO;São Paulo;São Paulo;05601-144;N;29/07/2019
102995;MÁRCIA M. ARAÚJO BRANDÃO;716.136.550-37;12/05/1964;F; MARCIABRANDAO194@YAHOO.COM.BR ;62 92218303;Avenida Tiradentes, N. 640;CENTRO;Goiânia - GO;GO;71335-055;N;10/06/2022
102996;CÉSAR PEIXOTO MARTINS NASCIMENTO;61817974165;02/06/1967;M;cesarnascimento642@@outlook.com;11 975734434;RUA CASTRO ALVES, 1114;SANTO ANTÔNIO;São Paulo;;02881887;S;03/06/2021
102997;MARIANA CARVALHO BARBOSA;532.188.029-89;19/08/1984;F;mariana.barbosa473@bol.com.br;32982484857;Alameda dos Ipês, 1788;VILA MARIANA;Juiz de Fora;MG;37738-123;N;08/04/2019
102998;LETÍCIA ASSUNÇÃO;80152772219;16/02/1992;I;leticia_ass610@@hotmail.com;(19) 99010-4643;Rua Castro Alves, 735 - Casa 2;SÃO JOSÉ;Campinas;SP;12187932;S;31/03/2024
102999;HENRIQUE  MARTINS FREITAS ;18757016897;03/03/1992;M;henriquefreitas285@uol.com.br;41995301120;RUA TIRADENTES, N. 1052;JARDIM AMÉRICA;Curitiba;PR;83338556;S;31/05/2023
103000;FERNANDO SILVA RIBEIRO;07081744628;28/06/1988;M;fernando.ribeiro756@outlook.com;(11) 6754-5046;R Rio Branco, nº 857;SANTO ANTÔNIO;São Paulo;sp;02502-445;S;09/12/2024
103001;GUSTAVO ROCHA MACHADO FERREIRA;73583145143;30/11/1988;M;gustavo.ferreira85@outlook.com;(81) 98999-6837;RUA Getúlio Vargas, N. 2620 - Bloco B Apto 104;PARQUE INDUSTRIAL;Recife;Pernambuco;59005711;N;20/08/2020
103002;MARIANA CONCEICAO MELO;88233273775;20/06/1935;F;mariana_mel109@hotmail.com;51 968169472;RUA MARECHAL DEODORO, 2235;LIBERDADE;Porto Alegre - RS;RS;96906837;;23/10/2021
103003;LÚCIA SOUZA NUNES LIMA;150.647.557-40;19/11/1994;F;lucia.lima662@outlook.com;(16) 8095-8815;R Paulista, N. 375;LIBERDADE;Ribeirão Preto;SP;13677775;N;24/10/2025
103004;PRISCILA BARBOSA GOMES;080.032.476-59;18/12/1998;F;priscilagomes528@bol.com.br;11 984869874;RUA DAS PALMEIRAS, 58 - APTO 31;SANTA CECÍLIA;São Paulo;SP;02034-883;S;08/11/2021
103005;LEONARDO  GUIMARAES ;38290116608;08/05/1959;M;leonardo_gui902@outlook.com;11 973415709;RUA DOS ANDRADAS, 1560;VILA MARIANA;São Paulo;São Paulo;07049264;S;17/06/2024
103006;JOANA FERREIRA ANDRADE;611.140.728-77;01/02/1993;F;larissasouza148@uol.com.br;(11) 9681-1400;Pca Brasil, 89;BELA VISTA;São Paulo;SP;09022-931;N;06/10/2023
103007;BRUNO C. CARVALHO;513.932.785-66;20/12/1963;M;bruno_car870@bol.com.br;11 83957487;RUA DAS PALMEIRAS, Nº 2089;PARQUE INDUSTRIAL;São Paulo;sp;02179763;;16/09/2024
103008;RENATA PEIXOTO FREITAS;378.436.044-05;30/05/1967;F;renata.freitas658@uol.com.br;11 962452455;R. Marechal Deodoro, N. 1999 - Casa 2;LIBERDADE;São Paulo;SP;04427-312;N;10/02/2019
103009;FERNANDA NASCIMENTO ANDRADE;741.430.834-00;26/08/1976;F;fernanda_and585@bol.com.br;11965471716;TV. SANTOS DUMONT, N. S/N;PARQUE INDUSTRIAL;Guarulhos;SP;03775-293;N;13/09/2025
103010;SIMONE SILVA;63565141409;02/09/1994;F;simone_sil567@@hotmail.com;51 87144010;R SANTOS DUMONT, 222;SANTA CECÍLIA;Porto Alegre;RS;97339187;;14/03/2023
103011;SIMONE COSTA MELO;97696082205;24/02/1984;F;;7191215403;Travessa Paulista, N. 1308;CENTRO;Salvador;BA;48660540;N;23/02/2022
103012;RAQUEL ASSUNÇÃO MENDES SANTOS;16156157506;17/08/1985;F;raquel_san146@gmail.com;32987353375;RUA DOS ANDRADAS, Nº 1073;BOA VISTA;Juiz de Fora;MG;36697-685;S;28/04/2025
103013;ANA MARQUES;698.049.617-41;16/01/1988;F;ana.marques17@gmail.com;97258-5586;Rua Dom Pedro II, N. 1959;VILA NOVA;Goiânia;GO;79748119;S;16/01/2025
103014;BRUNO PEREIRA;96992954814;31/07/1987;M;brunopereira524@uol.com.br;75777601;AV. XV DE NOVEMBRO, N. 764;BOA VISTA;Guarulhos;São Paulo;05820093;S;05/03/2020
103015;VINICIUS GOMES OLIVEIRA SOUZA;41761002902;22/09/1996;M;vinicius_sou275@outlook.com;11 994389153;R. dos Andradas, 1317;JARDIM DAS FLORES;São Paulo;SP;08309-193;S;09/06/2023
103016;WAGNER ANDRADE;345.200.906-87;12/02/1969;M; WAGNER.ANDRADE908@BOL.COM.BR ;11 991885589;RUA DA LIBERDADE, Nº 1209;VILA NOVA;Guarulhos;SP;01618575;;22/06/2022
103017;PAULO MARQUES ANDRADE;13892054282;07/08/1997;M;pauloandrade814@uol.com.br;(41) 98473-7025;Rua São João, 1435 - Bloco B Apto 104;SANTO ANTÔNIO;Curitiba;pr;83405567;;21/09/2025
103018;SIMONE A. MACHADO;66777263713;29/10/1985;F; SIMONE.MACHADO288@UOL.COM.BR ;81966945188;RUA DAS FLORES, 101;JARDIM AMÉRICA;Recife;PE;59376052;S;14/04/2023
103019;THIAGO DIAS;783.088.569-93;18/12/1958;M;thiagodias281@uol.com.br;11 968144034;Avenida das Flores, 609;CENTRO;São Paulo;SP;07119116;;07/07/2021
103020;LEONARDO BRANDAO LIMA;58749663948;23/01/2002;M;leonardo_lim765@yahoo.com.br;(11) 98735-5173;R dos Andradas, N. 958;BOA VISTA;São Paulo;SP;08780297;S;15/05/2021
103021;HELIO SOUZA MELO;68513506885;27/01/1986;M; HELIO.MELO541@HOTMAIL.COM ;21 997502208;RUA SANTOS DUMONT, Nº 938;BOA VISTA;Rio de Janeiro;Rio de Janeiro;25957-409;N;29/08/2019
103022;JOSÉ RIBEIRO MACHADO;434.100.305-49;04/09/1989;M;jose_mac508@@uol.com.br;(81) 99160-1245;R DA LIBERDADE, Nº 786 - CASA 2;SANTA CECÍLIA;Recife - PE;PE;51778-138;S;10/02/2025
103023;JOANA RIBEIRO SANTOS;162.001.652-46;15/07/1987;F;joanasantos209@hotmail.com;(41) 99032-9972;RUA SETE DE SETEMBRO, N. 2442;BELA VISTA;Curitiba;Paraná;87626812;S;04/10/2023
103024;VITÓRIA ARAÚJO;94994084521;24/09/1987;F;vitoria.araujo493@uol.com.br;32 999829130;Avenida Castro Alves, nº 1007;VILA NOVA;Juiz de Fora;MG;38941-072;S;19/11/2025
103025;HENRIQUE OLIVEIRA;42435106602;05/03/1999;M;henrique_oli507@hotmail.com;19977043842;RUA Getúlio Vargas, 234;SÃO JOSÉ;Campinas;São Paulo;17803129;N;28/09/2019
103026;FERNANDO FREITAS UGIMARAES;079.657.563-07;05/03/1998;M;fernando.guimaraes518@outlook.com;21 981734507;RUA SÃO JOÃO, N. 1631;JARDIM DAS FLORES;Rio de Janeiro;Rio de Janeiro;21799434;S;02/09/2020
103027;MARCIA ALVES PEIXOTO;25815049352;14/10/1988;F;marciapeixoto652@hotmail.com;31 990703404;AVENIDA XV DE NOVEMBRO, N. 2323;SÃO JOSÉ;Belo Horizonte;MG;31685730;S;11/10/2022
103028;TANIA MOREIRA ARAUJO;39216134690;23/08/1998;F;tania_ara873@yahoo.com.br;62 964712890;AVENIDA TIRADENTES, 43 - APTO 31;LIBERDADE;Goiânia;GO;75396695;S;08/06/2023
103029;LARISSA RIBEIRO;2,45963E+10;29/04/1984;F;larissa_rib66@gmail.com;11 973231486;RUA SETE DE SETEMBRO, 45 - FUNDOS;CENTRO;São Paulo;sp;05888-737;N;21/10/2022
103030;HENRIQUE NUNES;26633895879;20/11/1981;M;henrique.nunes328@bol.com.br;11 983136929;AV PRESIDENTE VARGAS, Nº 855;BOA VISTA;SAO PAULO;;06146-728;S;23/04/2022
103031;WAGNER ANDRADE ALVES;96745552264;23/01/1994;M;wagneralves50@;11965493055;Avenida Marechal Deodoro, nº 2544;VILA MARIANA;São Paulo;sp;07512761;S;19/05/2025
103032;SIMONE ARAUJO SILVA;058.839.385-15;15/06/1971;F;simone_sil334@bol.com.br;71987105239;RUA XV DE NOVEMBRO, 688;SANTA CECÍLIA;Salvador;BA;42776217;S;25/10/2022
103033;NATALIA SILVA ANDRADE;403.658.142-29;26/10/1959;F;natalia_and128@yahoo.com.br;(61) 98568-5119;AV. BRASIL, N. 2420;VILA MARIANA;Brasília;DF;77731371;S;07/09/2022
103034;SR.  MARCIO LIMA SOUZA ;69007396609;20/04/1992;I;marciosouza102@gmail.com;(41) 96921-3727;RUA Presidente Vargas, nº 974;SANTO ANTÔNIO;curitiba ;PR;87000-923;S;01/10/2024
103035;GUSTAVO DIAS;8,65539E+10;29/04/1989;M;gustavo_dia723@outlook.com;11 965583171;R DOS ANDRADAS, N. 235;VILA MARIANA;Guarulhos;São Paulo;04441507;S;05/05/2024
103036;PRISCILA  ANDRADE ;67531785463;11/08/1994;F;priscila_and532@;11 976213130;R TIRADENTES, 1529;SANTO ANTÔNIO;São Paulo;sp;03809094;S;06/11/2025
103037;ANA  CARVALHO PEIXOTO ;54537887478;01/12/1982;F;ana_pei669@uol.com.br;11 998794976;R. TIRADENTES, 1607;VILA NOVA;são paulo ;SP;02510639;;13/07/2020
103038;ALINE OLIVEIRA CARVALHO;067.506.830-45;27/10/1990;F;aline.carvalho254@outlook.com;97382-4661;RUA XV DE NOVEMBRO, N. 681;CENTRO;São Paulo;SP;09869-470;N;29/08/2019
103039;JOANA MENDES NASCIMNETO;31924188937;30/12/1981;;;;R. BRASIL, 2996;JARDIM AMÉRICA;São Paulo;SP;09462306;S;19/03/2023
103040;SIMONE NASCIMENTO MOREIRA;27819318619;06/09/2004;;;;RUA MARECHAL DEODORO, Nº 1333;LIBERDADE;Guarulhos;SP;4225608;S;22/08/2019
103041;VINÍCIUS LIMA;81735254479;08/12/1981;M; VINICIUS.LIMA239@UOL.COM.BR ;51 993471466;ALAMEDA PAULISTA, Nº 2646;PARQUE INDUSTRIAL;PORTO ALEGRE;RS;96145-311;N;21/08/2019
103042;PATRICIA PEIXOTO MARQUES SILVA;266.496.442-93;25/09/1975;F;patricia_sil984@hotmail.com;;Av. da Liberdade, N. 2670;SÃO JOSÉ;Belo Horizonte;Minas Gerais;36124294;N;06/08/2024
103043;JOANA DIAS BARBOSA;579.622.086-19;12/05/1987;F;joanabarbosa482@bol.com.br;(11) 6048-1769;RUA DOM PEDRO II, N. 2187 - CASA 2;VILA NOVA;Guarulhos;SP;9880858;N;04/07/2025
103044;SÉRGIO CARDOSO MELO CARVALHO;77748770530;19/10/1959;M;sergiocarvalho552@hotmail.com;11 986363727;AV. CASTRO ALVES, Nº 2831;JARDIM DAS FLORES;são paulo ;sp;05626317;S;22/05/2020
103045;PATRICIA LIMA;823.706.978-14;21/11/1979;F;patricia_lim526@uol.com.br;(16) 96415-2531;RUA BRASIL, N. 83 - BLOCO B APTO 104;JARDIM DAS FLORES;Ribeirão Preto - SP;sp;17320663;S;13/11/2022
103046;RAFAEL SILVA SOUZA;603.534.445-37;02/12/1978;M;rafael.souza52681@hotmail.com;(19) 97152-2896;RUA SETE DE SETEMBRO, 313 - FUNDOS;VILA MARIANA;Campinas;SP;16829368;S;09/12/2022
103047;CAMILA CARVALHO RIBEIRO;51884586678;17/11/1992;F;camila_rib199@outlook.com;(21) 96991-1040;RUA DAS PALMEIRAS, Nº 1012;JARDIM AMÉRICA;Niterói;RJ;25177-784;;24/11/2022
103048;JOSE ASSUNCAO SANTOS;91242481931;19/02/1985;M;josesantos221@hotmail.com;19 96992084;R. DAS FLORES, N. 606 - BLOCO B APTO 104;PARQUE INDUSTRIAL;Campinas - SP;SP;16586422;;07/07/2021
103049;LUCIA RODRIGUES MELO PEIXOTO;27160955315;24/03/1972;F;;11976874169;Avenida Marechal Deodoro, N. 1604 - Casa 2;CENTRO;São Paulo;São Paulo;04557834;N;31/01/2024
103050;GUSTAVO PEXIOTO;84327526142;11/03/1993;M;gustavopeixoto193@yahoo.com.br;21966463748;RUA DAS FLORES, Nº 1154;LIBERDADE;Rio de Janeiro - RJ;RJ;22890-382;N;05/07/2023
103051;ALINE MAGALHAES;680.596.049-53;14/11/1989;F;aline.magalhaes548@bol.com.br;;RUA TIRADENTES, N. 2092;CENTRO;Niterói;rj;29554508;N;25/05/2024
103052;LUIZA RODRIGUES GUMIARAES;13302670362;23/05/1996;F;luiza_gui385@hotmail.com;11 961919168;R XV DE NOVEMBRO, 2147;VILA NOVA;Guarulhos;São Paulo;04971527;S;31/07/2021
103053;OTÁVIO FERREIRA;39964098340;27/02/1969;M;otavio_fer78389@yahoo.com.br;32 971089878;RUA São João, 489 - Fundos;SANTO ANTÔNIO;Juiz de Fora;MG;34537286;N;18/02/2023
103054;LUCIA RODRIGUES PEREIRA;689.462.996-06;15/10/1971;F;luciapereira185@hotmail.com;(81) 96248-7144;Rua Getúlio Vargas, nº 10;VILA MARIANA;Recife;pe;57994-950;S;02/03/2025
103055;CAIO CARDOSO MOREIRA;58466587299;18/09/1998;M;caio.moreira11779@gmail.com;(61) 98534-9306;Avenida Sete de Setembro, nº 366 - Apto 31;BELA VISTA;Brasília;Distrito Federal;73292946;S;15/08/2019
103056;MÁRCOI SOUZA ASSUNÇÃO;63726531920;19/04/1988;M;marcio.assuncao232@gmail.com;48 963885648;RUA Dom Pedro II, nº 387 - Bloco B Apto 104;JARDIM AMÉRICA;Florianópolis - SC;SC;89887-224;;22/09/2023
103057;LUCIA P. FERREIRA;224.802.453-30;31/12/1981;F;lucia_fer963@uol.com.br;19 86019856;R. das Flores, 1031;PARQUE INDUSTRIAL;Campinas;sp;13841608;S;18/01/2023
103058;ANDRE MENDES;510.230.563-80;21/09/1949;M;andre.mendes372@@yahoo.com.br;;ALAMEDA DAS PALMEIRAS, N. 1137 - BLOCO B APTO 104;VILA NOVA;São Paulo;SP;06254-210;;16/01/2022
103059;LUIZA  GUIMARAES MACHADO OLIVEIRA ;54640807830;18/01/1991;F; LUIZA.OLIVEIRA135@HOTMAIL.COM ;21 972552740;Rua dos Andradas, 1204;SANTO ANTÔNIO;Rio de Janeiro;Rio de Janeiro;29563542;;19/04/2023
103060;SIMONE PEREIRA SOUZA;11342898710;17/02/1972;F;simone.souza230@yahoo.com.br;(51) 9701-5173;AVENIDA SANTOS DUMONT, Nº 44 - APTO 31;SÃO JOSÉ;Porto Alegre;RS;97584111;;05/09/2024
103061;LARISSA  NUNES RIBEIRO ;93119887668;11/02/1992;F;larissa.ribeiro954@yahoo.com.br;(16) 99461-6163;R São João, 1250 - Fundos;BOA VISTA;RIBEIRAO PRETO;São Paulo;15215233;N;04/07/2020
103062;EDUARDO NUNES GUIMARAES;338.975.280-37;12/06/1969;M; EDUARDO.GUIMARAES549@GMAIL.COM ;21 983859680;AV Sete de Setembro, N. 2928;SÃO JOSÉ;Rio de Janeiro;Rio de Janeiro;26503-012;N;01/11/2025
103063;HELENA MELO;550.958.542-01;02/06/1973;F;helena_mel32435@hotmail.com;51992198750;PRACA São João, N. 1945 - Apto 12;JARDIM AMÉRICA;Porto Alegre;RS;93010275;S;01/06/2021
103064;DEBORA MAGALHAES ROCHA FREITAS;995.614.463-08;08/04/1973;F;debora_fre421@uol.com.br;11 987506671;R. Marechal Deodoro, 2694;VILA NOVA;Guarulhos - SP;São Paulo;03321860;S;11/07/2021
103065;CAMILA  RODRIGUES MAGALHÃES ;39453774200;08/02/1977;F;camila_mag140@bol.com.br;96469-5165;R. das Palmeiras, nº 2013 - Fundos;SÃO JOSÉ;Belo Horizonte;MG;32571632;S;01/01/2022
103066;RODRIGO OLIVEIRA;31523259400;10/08/1985;M;rodrigo_oli486@yahoo.com.br;21 975942928;R. Dom Pedro II, nº 2653;JARDIM DAS FLORES;Rio de Janeiro;Rio de Janeiro;26353077;S;05/09/2020
103067;SIMONE BRANDAO MACHADO;011.671.270-80;25/12/1967;F;simone_mac695@bol.com.br;11 991903124;ALAMEDA DA LIBERDADE, Nº 2598;CENTRO;São Paulo;sp;04997330;N;21/08/2020
103068;MATEUS ARAÚJO RIBEIRO;00487952677;06/10/1985;M;mateus_rib2@outlook.com;51988152225;R BRASIL, N. 2499 - CASA 2;VILA MARIANA;Porto Alegre - RS;RS;92372-137;N;27/01/2023
103069;HEELNA OLIVEIRA;950.813.457-76;07/11/1969;F;helena.oliveira783@uol.com.br;71 998191013;Avenida Dom Pedro II, N. 384;BOA VISTA;Salvador;Bahia;46216-908;N;01/06/2022
103070;SONIA CARVALHO ARAUJO FERREIRA;87993575346;05/07/1976;F;sonia_fer679@uol.com.br;62970536429;AL dos Andradas, 1003;SANTA CECÍLIA;Goiânia;go;74333941;;19/12/2020
103071;FERNANDA GOMES;539.841.111-00;28/04/1981;F;fernandagomes598@gmail.com;97647-9420;RUA SÃO JOÃO, Nº 1076;LIBERDADE;Campinas - SP;SP;12636642;S;24/07/2024
103072;ANDRE MENDES;84011791300;21/02/1991;M;andre_men457@uol.com.br;21 87554355;Av Sete de Setembro, nº 2337;CENTRO;Rio de Janeiro;Rio de Janeiro;29284-633;S;29/10/2025
103073;ANA ANDRADE MELO;561.817.283-68;20/02/1968;F;ana.melo298@yahoo.com.br;51 984877999;Av Santos Dumont, 915;PARQUE INDUSTRIAL;POA;RS;97184656;S;14/03/2021
103074;PRISCILA MELO ALVES;390.768.244-01;13/04/1964;F;priscila.alves593@gmail.com;32 977353211;R GETÚLIO VARGAS, N. 1487;SANTA CECÍLIA;Juiz de Fora - MG;Minas Gerais;35341094;S;17/01/2020
103075;CAMILA MELO RIBEIRO;536.731.457-03;02/10/1988;F;camila.ribeiro350@yahoo.com.br;19 961031115;AV. DAS FLORES, N. 2734;VILA MARIANA;campinas ;sp;17168045;N;18/03/2019
103076;RAQUEL MARTINS;93723430724;03/10/1967;F;raquelmartins504@hotmail.com;(31) 6708-1897;R. da Liberdade, 323 - Apto 31;JARDIM AMÉRICA;Belo Horizonte;Minas Gerais;32202651;N;13/05/2022
103077;CAIO LIMA RODRIGUES;41163747335;31/12/1933;M;caiorodrigues48@bol.com;11 974869443;Rua Castro Alves, 1691 - Casa 2;CENTRO;Santo André;SP;03864641;;26/01/2021
103078;HELIO NASCIMENTO;48217051330;21/12/1988;M;helio_nas530@gmail.com;(21) 99185-9868;RUA MARECHAL DEODORO, N. 851;PARQUE INDUSTRIAL;Niterói;RJ;24895965;N;27/11/2019
103079;CECILIA COSTA;44436163571;27/09/1978;F;cecilia_cos557@bol.com.br;;Rua Rio Branco, N. 618 - Apto 12;PARQUE INDUSTRIAL;Guarulhos;SP;4107213;S;26/09/2025
103080;LUCAS MENDES;34239477050;12/05/1982;M; LUCAS.MENDES397@YAHOO.COM.BR ;(31) 99460-6460;R Santos Dumont, 547;VILA NOVA;Belo Horizonte;MG;34919694;N;05/08/2025
103081;CAIO  NUNES MARTINS ;30301231621;08/12/1984;M;caiomartins923@yahoo.com.br;;R MARECHAL DEODORO, N. 2213 - FUNDOS;JARDIM AMÉRICA;Brasília;Distrito Federal;73234-230;N;24/03/2023
103082;THIAGO NASCIMENTO FERREIRA;54711816119;25/04/1985;M;;(11) 96201-7335;AVENIDA GETÚLIO VARGAS, N. 468;BOA VISTA;São Paulo;sp;03458-778;N;12/10/2025
103083;PRISCILA CARDOSO ASSUNCAO;25027930178;18/12/1958;F;priscila_ass204@uol.com.br;11 94957844;RUA DAS PALMEIRAS, Nº 1450 - APTO 31;JARDIM AMÉRICA;São Paulo;SP;04618-209;N;16/10/2021
103084;MARIANA OLIVEIRA MARQUES;81125396008;30/04/1965;F;mariana.marques907@uol.com.br;(81) 8432-3646;Rua dos Ipês, nº 2018 - Casa 2;VILA MARIANA;Recife;PE;54681-946;N;10/04/2019
103085;ALINE SUOZA;711.677.768-79;31/07/1990;F;;48 991759265;Pca XV de Novembro, nº 120 - Casa 2;BELA VISTA;florianópolis ;;88089490;S;09/01/2024
103086;LARISSA ALVES PEREIRA;34372505159;01/03/1976;F;larissa_per260@gmail.com;11996495867;Avenida Dom Pedro II, N. S/N;BOA VISTA;SAO PAULO;São Paulo;04588194;S;22/02/2024
103087;LÚCIA GUIMARÃES COSTA;81385186348;09/04/1973;F;lucia.costa814@bol.com.br;21 62341651;Rua Brasil, N. 997 - Apto 31;CENTRO;Rio de Janeiro;Rio de Janeiro;22972-950;N;29/11/2019
103088;JOSE ASSUNCAO BRANDAO;63034777205;21/05/1955;M;josebrandao921@outlook.com;11981151739;Av das Palmeiras, 2358;LIBERDADE;São Paulo;São Paulo;05508-141;S;04/04/2021
103089;MATEUS MACHADO MELO MARTINS;27395423054;20/08/1987;;mateus_mar377@uol.com.br;81 984858280;Av. Rio Branco, N. 624 - Apto 31;CENTRO;Recife - PE;PE;57503-069;N;25/06/2021
103090;CECILIA GUIMARAES;516.610.111-10;14/08/1983;F;cecilia_gui420@uol.com.br;11960786458;RUA São João, nº 2095 - Casa 2;LIBERDADE;Santo André - SP;SP;07070845;S;29/06/2024
103091;CAIO ARAUJO;13081297184;19/02/1989;M;caioaraujo8@yahoo.com.br;51978403477;RUA SETE DE SETEMBRO, Nº 2468;VILA NOVA;Porto Alegre;Rio Grande do Sul;96725286;S;28/01/2025
103092;LUIS COSTA MARTINS;43069592368;19/02/1983;M;luismartins569@outlook.com;(21) 8345-1329;Avenida Presidente Vargas, nº 793;SÃO JOSÉ;Rio de Janeiro;Rio de Janeiro;23350003;N;16/08/2022
103093;SÉRGIO DIAS;06431843924;05/03/1971;M;sergio_dia27@gmail.com;61 993647610;RUA das Flores, nº 1272 - Apto 31;VILA NOVA;Brasília;df;79694462;;15/12/2020
103094;LÚCIA MENDES ANDRADE;476.966.893-71;03/11/1953;F; LUCIA.ANDRADE964@HOTMAIL.COM ;41988572217;Avenida Presidente Vargas, nº 1534 - Apto 12;SÃO JOSÉ;Curitiba;PR;88324-531;N;24/08/2023
103095;CAMILA NUNES SOUZA SANTOS;481.333.605-10;05/04/1990;F;;11980324257;R. das Flores, 211;SANTO ANTÔNIO;São Paulo;SP;07365937;N;07/10/2022
103096;BEATRIZ MARTINS;928.626.934-05;04/07/1947;F; BEATRIZ.MARTINS860@YAHOO.COM.BR ;41968949810;TV. MARECHAL DEODORO, N. 2001;VILA MARIANA;curitiba ;PR;83302134;S;18/03/2020
103097;LETICIA SILVA MELO;27973339850;02/12/1976;F;leticia.melo910@uol.com.br;1172651448;RUA Rio Branco, N. 921;BOA VISTA;São Paulo - SP;;1727927;S;09/09/2023
103098;SONIA GOMES;05565761956;27/09/1989;F;;90411706;Avenida das Flores, 2028;BOA VISTA;São Paulo;SP;01233093;S;19/05/2023
103099;TÂNIA MELO CARDOSO;87705264609;26/03/1975;F;taniacardoso475@yahoo.com.br;(19) 98306-1578;RUA Dom Pedro II, nº 368;CENTRO;campinas ;sp;13813391;;28/07/2022
103100;FERNANDO FREITAS FREITAS;077.895.424-27;06/02/1989;M;fernandofreitas877@outlook.com;11991634760;AVENIDA XV DE NOVEMBRO, N. S/N;SANTA CECÍLIA;São Paulo - SP;SP;6196052;N;08/07/2025
103101;HELENA MELO MAGALHAES COSTA;356.024.713-67;11/11/1954;F;helena_cos359@uol.com.br;11968092832;Av São João, 1989 - Casa 2;JARDIM DAS FLORES;Guarulhos;SP;05806204;S;14/05/2022
103102;ALINE M. SANTOS OLIVEIRA;94357668700;09/04/1994;F;aline.oliveira589@uol.com.br;11977027237;RUA XV DE NOVEMBRO, N. 1652;PARQUE INDUSTRIAL;São Paulo;SP;08677300;N;06/01/2021
103103;HELIO PEREIRA;6,87496E+09;17/06/1971;M;helio.pereira284@yahoo.com.br;19 961448579;Rua Dom Pedro II, nº 620 - Casa 2;JARDIM AMÉRICA;Campinas;sp;13646885;S;29/06/2019
103104;JOANA PEIXOTO PEIXOTO;033.917.535-44;15/05/1994;F;joana_pei153@outlook.com;98131-5089;Rua das Flores, N. 221;JARDIM DAS FLORES;Ribeirão Preto;sp;17222742;S;02/09/2025
103105;SIMONE PEREIRA ROCHA;415.232.681-66;23/05/1992;F;simonerocha109@uol.com.br;11 984273293;Av Marechal Deodoro, nº 1769;BOA VISTA;Guarulhos;SP;09301896;S;02/09/2024
103106;LUIZA  RIBEIRO LIMA ;01677715940;05/02/1991;F;luizalima113@outlook.com;11997141832;RUA XV de Novembro, N. 1497;PARQUE INDUSTRIAL;são paulo ;SP;01432-696;N;21/03/2025
103107;VITÓRIA ANDRADE;13029422801;17/09/2000;F;vitoria_and9054@bol.com.br;51984442926;AVENIDA XV DE NOVEMBRO, N. 2356;PARQUE INDUSTRIAL;PORTO ALEGRE;rs;97148-278;N;23/11/2021
103108;BEATRIZ BRANDAO BARBOSA;49069232910;27/11/1953;F;beatrizbarbosa33@hotmail.com;;R. Brasil, nº 2068;BOA VISTA;Rio de Janeiro;rj;29627-528;;05/05/2025
103109;WAGNER RIBEIRO;84894050420;09/11/2001;;wagner.ribeiro393@yahoo.com.br;(11) 98933-5981;AV. TIRADENTES, N. 920;JARDIM DAS FLORES;São Paulo;sp;01312583;;30/04/2023
103110;SRA. FERNANDA PEIXOTO OLIVEIRA;30907159613;22/01/1981;F;fernanda_oli242@uol.com.br;(16) 97754-5566;Rua Presidente Vargas, 231;VILA MARIANA;Ribeirão Preto - SP;SP;17019012;;27/08/2023
103111;GABRIELA RODRIGUES MENDES;99686386092;08/10/2002;F;gabrielamendes81@yahoo.com.br;21 962905507;AV XV DE NOVEMBRO, Nº 1958;SÃO JOSÉ;Rio de Janeiro;RJ;22679231;S;16/07/2021
103112;RAFAEL LIMA NASCIMENTO;976.715.192-35;20/05/2003;M;rafael_nas98@yahoo.com.br;51 972335704;RUA DAS PALMEIRAS, 2177 - APTO 31;JARDIM DAS FLORES;Porto Alegre;Rio Grande do Sul;97003575;S;12/10/2021
103113;ANA RODRIGUES SANTOS;51324317043;01/07/1981;F;anasantos21@bol.com.br;(21) 96627-3003;TRAVESSA DOS IPÊS, 1261;JARDIM DAS FLORES;Rio de Janeiro;Rio de Janeiro;23705240;N;23/07/2019
103114;VINÍCIUS MACHADO;043.779.685-05;17/03/1982;M;viniciusmachado16@outlook.com;(11) 8287-4284;Rua São João, N. 1358 - Apto 12;CENTRO;Guarulhos;SP;03135-902;S;13/10/2023
103115;GUSTAVO PEREIRA MENDES MARQUES;8709349022;26/02/1984;M;gustavomarques773@yahoo.com.br;(11) 97299-2806;Avenida Paulista, 1675;BOA VISTA;Santo André;São Paulo;02221718;N;02/10/2020
103116;BEATRIZ PEIXOTO;85942642915;15/10/1998;F;beatriz.peixoto64@outlook.com;81 988459052;AV DAS PALMEIRAS, Nº 582 - APTO 31;VILA NOVA;Recife;PE;58625-518;N;17/08/2020
103117;MARCIA  SANTOS MACHADO PEREIRA ;638.349.778-29;06/06/1982;F;marcia_per381@bol.com.br;21968145400;R. DAS PALMEIRAS, N. 249 - BLOCO B APTO 104;JARDIM AMÉRICA;Rio de Janeiro;rj;29724-366;S;31/01/2022
103118;PAULO GOMES SANTOS;06637458457;01/02/1977;M;paulo.santos978@gmail.com;(21) 98999-3410;TRAVESSA TIRADENTES, N. 2113;CENTRO;RIO DE JANEIRO;RJ;26286490;S;15/07/2021
103119;LARISSA GUIMARÃES BRABOSA;39736122930;07/07/2000;F;larissa_bar751@bol.com.br;(11) 98398-3789;R. DAS FLORES, Nº 2203;BOA VISTA;Guarulhos - SP;SP;6442415;S;26/09/2024
103120;PAULO SILVA FREITAS;39544176500;12/03/1987;M;paulo_fre875@bol.com.br;(31) 99455-5706;R. Dom Pedro II, nº 2676;CENTRO;Belo Horizonte;Minas Gerais;37549997;;07/03/2019
103121;MARIANA GUIMARÃES;89977238391;03/01/1985;F; MARIANA_GUI822@OUTLOOK.COM ;11 963196598;RUA DOS IPÊS, 612;JARDIM DAS FLORES;São Paulo;São Paulo;2911373;S;17/07/2021
103122;RODRIGO MARTINS;201.649.580-45;26/08/2001;M;rodrigo_mar797@outlook.com;(41) 99763-5400;RUA TIRADENTES, Nº 1885;JARDIM DAS FLORES;Curitiba;pr;83391557;S;05/10/2024
103123;JÚLIA NUNES;520.066.281-86;10/03/2000;F;julianunes940@gmail.com;19 995328661;Rua dos Ipês, nº 2043;JARDIM AMÉRICA;Campinas;São Paulo;16096232;N;26/02/2025
103124;CAMILA MENDES OLIVEIRA;95970272752;01/05/1976;F;camila_oli75959@hotmail.com;11 75445327;Rua Presidente Vargas, N. 2574 - Casa 2;JARDIM DAS FLORES;Santo André;SP;02113-604;S;07/06/2021
103125;ALINE M. DIAS SANTOS;51866724169;04/02/1989;F;alinesantos204@hotmail.com;11975259978;R PRESIDENTE VARGAS, Nº 2839 - CASA 2;CENTRO;São Paulo;São Paulo;07486945;S;01/10/2021
103126;DEBORA  BRANDAO MELO ;052.918.957-72;03/08/1964;F;wagnerpeixoto283@outlook.com;(48) 96689-8521;Av das Palmeiras, 57;CENTRO;Florianópolis;SC;88488-832;S;14/11/2020
103127;CLAUDIA BARBOSA;13359919645;30/10/1980;F;claudia.barbosa751@bol.com.br;99088-6442;PRAÇA MARECHAL DEODORO, 2419;VILA NOVA;São Paulo;sp;09102851;S;18/12/2021
103128;MARIANA ASSUNCAO SANTOS;70529535521;19/03/1987;F;mariana_san692@bol.com.br;(11) 98299-6291;R. DAS PALMEIRAS, 479;CENTRO;SP;São Paulo;6648711;N;04/06/2024
103129;PRISCILA MELO MACHADO SANTOS;45236989108;26/02/1988;F;priscila.santos852@hotmail.com;11 963781123;AV. DAS FLORES, 2224;SÃO JOSÉ;São Paulo;SP;01428701;N;17/04/2022
103130;TANIA SILVA MARTINS;740.557.998-10;12/08/1996;F;;11985489257;Rua Rio Branco, nº 1525;SANTA CECÍLIA;Guarulhos;São Paulo;01579-949;N;26/04/2022
103131;HELIO MAGALHAES;75713275043;03/05/1990;M;heliomagalhaes351@gmail.com;(41) 97324-6649;R. PAULISTA, Nº 623 - BLOCO B APTO 104;SÃO JOSÉ;Curitiba;pr;84617769;N;10/09/2023
103132;ANÔTNIO PEIXOTO;491.188.035-04;30/12/1993;M;antoniopeixoto630@hotmail.com;16989282865;AVENIDA CASTRO ALVES, 1907;PARQUE INDUSTRIAL;Ribeirão Preto - SP;SP;13578996;N;08/09/2020
103133;THIAGO MAGALHÃES ROCHA;733.232.971-99;12/07/1971;M;thiago.rocha493@outlook.com;31970359804;R Rio Branco, nº 2833;BELA VISTA;Belo Horizonte;mg;39082-333;N;31/07/2019
103134;FERNANDA MARQUES GUIMARAES RIBEIRO;24210270806;19/04/1971;;fernanda_rib224@bol.com.br;48 976741847;Av. Dom Pedro II, nº 2087;SANTO ANTÔNIO;Florianópolis;Santa Catarina;81039-830;S;05/04/2025
103135;LUÍZA CONCEIÇÃO SOUZA DIAS;11760182567;09/06/1984;F;luizadias549@yahoo.com.bt;11 977898739;Avenida Tiradentes, N. 2424;VILA MARIANA;Santo André;sp;8697238;N;05/07/2025
103136;DR. MARIANA ALVES FERREIRA;91296132137;22/06/1996;F;marianaferreira433@outlook.com;(21) 98197-4772;Al. Marechal Deodoro, nº 1670 - Bloco B Apto 104;PARQUE INDUSTRIAL;Rio de Janeiro;RJ;28996471;S;03/06/2024
103137;CAMILA RIBEIRO;57707239202;23/10/1994;;camilaribeiro904@hotmail.com;41 968398878;PCA DOS ANDRADAS, Nº 1595 - CASA 2;SANTO ANTÔNIO;Curitiba;;87547628;N;12/07/2024
103138;MARCIA M. ALVES NUNES;68059172885;16/03/1976;F;marcia_nun445@gmail.com;19971279707;Av. Rio Branco, nº 2410;BELA VISTA;Campinas;SP;15022629;;07/04/2020
103139;BRUNO NASCIMENTO FERREIRA;143.331.605-61;06/02/1974;;brunoferreira3987@uol.com.br;97256-3703;RUA SÃO JOÃO, N. 1813;SÃO JOSÉ;São Paulo;São Paulo;04517110;S;05/12/2022
103140;HELIO MENDES OLIVEIRA;54116733482;25/02/1969;M;helio_oli667@yahoo.com.br;31 996945054;R. Tiradentes, nº 2925;VILA MARIANA;Belo Horizonte;Minas Gerais;38405562;N;01/12/2021
103141;GABRIELA MOREIRA GOMES;58869135560;01/06/1970;F;gabriela_gom913@bol.com.br;(21) 96789-2538;R. PRESIDENTE VARGAS, Nº 363 - FUNDOS;LIBERDADE;Rio de Janeiro;RJ;24316825;S;20/06/2022
103142;CECILIA GUIMARAES;9,58126E+10;12/07/2000;F;;11 999283227;AV. MARECHAL DEODORO, N. 2524;VILA MARIANA;São Paulo;SP;06709-464;S;10/01/2020
103143;HENRIQUE GUIMARÃES;76222159451;17/10/1967;M;henrique.guimaraes378@bol.com.br;3179768177;RUA BRASIL, N. 713;JARDIM AMÉRICA;Belo Horizonte;mg;32774-699;;04/08/2023
103144;GUSTAVO ANDRADE SANTOS;25601728100;25/07/1968;;gustavosantos407@uol.com.br;61 61989780;Av. São João, N. 806;SANTO ANTÔNIO;Brasília;DF;74932-880;N;29/08/2021
103145;SERGIO MOREIRA ROCHA;51752027663;25/12/1992;M;sergiorocha148@hotmail.com;;R. Castro Alves, nº 118;BELA VISTA;rio de janeiro ;Rio de Janeiro;24248061;N;20/07/2023
103146;PATRICIA FREITAS RODRIGUES;822.918.139-00;02/11/1988;F;patricia_rod499@outlook.com;11981512069;RUA XV DE NOVEMBRO, 2071 - CASA 2;BELA VISTA;são paulo ;SP;8569604;;21/07/2022
103147;ANTONIO ARAUJO MAGALHAES;67150906613;25/05/1989;M; ANTONIO.MAGALHAES587@HOTMAIL.COM ;(31) 98843-9662;Rua das Flores, nº 2054;BOA VISTA;BELO HORIZONTE;MG;31793959;S;23/11/2025
103148;ISABELA C. MOREIRA;465.739.966-74;29/12/1998;F; ISABELA_MOR374@OUTLOOK.COM ;(71) 99922-3958;R. XV de Novembro, N. 623;BOA VISTA;Salvador - BA;ba;41683646;;25/02/2021
103149;LARISSA NASCIMENTO;367.411.455-08;30/03/1996;F;larissa_nas464@hotmail.com;11 999828000;Rua das Flores, nº 2934 - Fundos;BOA VISTA;SAO PAULO;SP;04627-692;N;26/04/2023
103150;HELENA OLIVEIRA ASSUNÇÃO;350.249.779-63;17/10/1983;F;helenaassuncao846@gmail.com;(61) 97847-8521;Avenida Brasil, 451;PARQUE INDUSTRIAL;BRASILIA;Distrito Federal;77784089;N;10/10/2019
103151;EDUARDO MAGALHÃES SANTOS;84208327316;27/01/1989;M;eduardosantos367@uol.com.br;31990308043;Av dos Andradas, N. 1520;SANTO ANTÔNIO;Belo Horizonte;Minas Gerais;36549-310;N;17/09/2022
103152;RENATA OLIVEIRA LIMA LIMA;91125889977;31/10/1979;F;renata_lim706@uol.com.br;11 970438606;R. CASTRO ALVES, Nº 174;VILA MARIANA;são paulo ;sp;04726-503;S;26/02/2021
103153;FERNANDA DIAS MARTINS;899.496.071-67;12/12/1993;F;fernandamartins512@hotmail.com;48997987821;R. Marechal Deodoro, 1150;JARDIM DAS FLORES;Florianópolis;Santa Catarina;89338573;N;28/10/2022
103154;MARCELO MOREIRA SOUZA;15779840725;24/01/1976;;marcelo.souza608@gmail.com;16 979018811;Rua Rio Branco, N. 2602;SANTO ANTÔNIO;RIBEIRAO PRETO;SP;19572477;N;16/05/2023
103155;RAQUEL A. ANDRADE;3,46521E+10;23/11/1995;F;raquel_and800@uol.com.br;48973565643;TV. CASTRO ALVES, N. 831;BELA VISTA;Florianópolis;;89417669;S;23/05/2021
103156;JÚLIA CARVALHO;80637161750;11/01/1999;F;julia_car145@yahoo.com.br;;PÇ. PAULISTA, N. 2183;SANTA CECÍLIA;Brasília;DF;73193300;S;13/06/2020
103157;JOSE  CARDOSO ;60943827221;20/12/1978;M;josecardoso265@outlook.com;81997066723;PRACA XV DE NOVEMBRO, 2905 - BLOCO B APTO 104;PARQUE INDUSTRIAL;recife ;PE;52142783;N;10/06/2025
103158;BEATRIZ RODRIGUES;252.729.137-60;03/09/1960;F;beatriz_rod653@outlook.com;(51) 97987-3523;R MARECHAL DEODORO, N. 2116;PARQUE INDUSTRIAL;POA;RS;97255598;;29/12/2021
103159;MARCIO FERREIRA ARAUJO PEIXOTO;337.775.586-13;01/03/1957;;marcio_pei5@gmail.com;(51) 96076-7931;RUA TIRADENTES, N. 621;VILA NOVA;Porto Alegre;RS;99337918;N;27/07/2023
103160;TANIA M. DIAS;371.030.959-06;13/12/1995;F;taniadias766@bol.com.br;11987646739;RUA DOM PEDRO II, Nº 1430;JARDIM DAS FLORES;Guarulhos;São Paulo;04538379;S;10/10/2020
103161;SÔNIA FREITAS BRANDÃO;510.170.416-44;29/09/1969;F;sonia_bra222@bol.com.br;96501-6019;RUA DOS IPÊS, Nº 1223;SÃO JOSÉ;Guarulhos;SP;07203-198;N;14/06/2021
103162;BRUNO ARAÚJO;15187275062;21/06/1984;M;bruno.araujo470@hotmail.com;11984183434;R. dos Andradas, 2469 - Fundos;BELA VISTA;São Paulo;SP;04484625;;07/01/2025
103163;BRUNO  NUNES PEIXOTO ;683.066.155-22;23/07/1981;M;brunopeixoto97@outlook.com;(21) 99407-3758;PRAÇA PAULISTA, 2345 - CASA 2;CENTRO;Rio de Janeiro;rj;25710903;N;24/01/2024
103164;LUCAS MORERIA RIBEIRO COSTA;339.067.390-31;30/01/1985;M;lucas_cos349@uol.com.br;71 982103826;Avenida Tiradentes, N. 1131;VILA NOVA;Salvador;ba;44864-184;S;26/06/2019
103165;THIAGO SILVA ALVES MOREIRA;100.817.995-78;04/02/1968;I;thiago_mor453@outlook.com;(61) 98571-4218;R SANTOS DUMONT, N. 2374;LIBERDADE;Brasília;DF;76353-650;N;06/11/2020
103166;GUSTAVO PEREIRA MENDES MARQUES;087.093.490-22;26/02/1984;M;gustavomarques773@yahoo.com.br;;Av. Paulista, nº 1675;BOA VISTA;Santo André;São Paulo;02221-718;N;08/12/2022
103167;HENRIQUE PEIXOTO ALVES;306.030.748-20;13/03/1976;M;henrique_alv153@outlook.com;41985469286;RUA SÃO JOÃO, Nº 479;CENTRO;Curitiba;pr;86630492;N;27/03/2020
103168;VITORIA  GUIMARAES MAGALHAES ;124.618.157-63;08/01/1998;F;vitoria_mag853@hotmail.com;11 967588474;Avenida Marechal Deodoro, nº 436;JARDIM DAS FLORES;SAO PAULO;São Paulo;02076101;N;09/04/2019
103169;JOANA ALVES MARTINS;424.180.123-44;08/01/1980;F; JOANA_MAR216@UOL.COM.BR ;(32) 97717-2751;RUA CASTRO ALVES, N. 2697;VILA NOVA;Juiz de Fora;mg;37983770;N;16/05/2021
103170;ISABELA GOMES DIAS;64584300194;07/03/1944;F;isabela_dia570@yahoo.com.br;11988842264;RUA DOM PEDRO II, 2086;PARQUE INDUSTRIAL;São Paulo;sp;07294-325;S;12/06/2021
103171;DR. JÚLIA CONCEIÇÃO;516.761.120-22;15/11/1993;F;julia_con13@outlook.com;11 961386072;Rua São João, nº 2952;SÃO JOSÉ;São Paulo;SP;02163-649;N;25/11/2021
103172;LUCAS NUNES MACHADO ANDRADE;82088032436;24/07/1985;M; LUCAS_AND491@YAHOO.COM.BR ;31960462758;Rua Presidente Vargas, 1795;BELA VISTA;belo horizonte ;MG;39812-012;S;26/04/2023
103173;NATALIA MARQUES;806.775.899-99;10/01/2001;F;nataliamarques299@outlook.com;(11) 96789-1219;Rua Santos Dumont, nº 2925;PARQUE INDUSTRIAL;Santo André;SP;05754-218;N;29/06/2022
103174;HENRIQUE ROCHA ASSUNCAO;415.702.360-97;19/06/1967;M;henrique.assuncao433@bol.com.br;11976976237;Rua Presidente Vargas, nº 2393;JARDIM AMÉRICA;Guarulhos - SP;sp;01794379;N;29/11/2023
103175;JULIA MACHADO ANDRADE;947.218.818-43;10/12/1944;F;julia_and527@bol.com.br;(41) 97032-9324;R. SÃO JOÃO, Nº 2552;VILA NOVA;Curitiba;Paraná;82132375;N;15/02/2022
103176;ANDRE BRANDAO ASSUNCAO;87351917752;03/10/1991;M;andreassuncao640@bol.com.br;97748-8331;Avenida das Palmeiras, 2447;VILA MARIANA;Rio de Janeiro;rj;27579978;S;26/08/2019
103177;BEATRIZ GUIMARAES OLIVEIRA;68355728173;05/05/1999;F;beatriz_oli27@gmail.com;11998291392;Rua Sete de Setembro, 190 - Apto 31;JARDIM AMÉRICA;Guarulhos;São Paulo;01318-744;N;24/08/2019
103178;DRA. JOÃO MACHADO SILVA;65260668103;19/04/1987;M;joaosilva193@outlook.com;(11) 99765-2999;ALAMEDA BRASIL, Nº 2425;PARQUE INDUSTRIAL;Santo André;São Paulo;02374-900;S;21/10/2021
103179;MARCIO  BARBOSA ;97448753487;30/06/1976;M;marcio_bar564@yahoo.com.br;11 965567823;RUA SANTOS DUMONT, Nº 756 - BLOCO B APTO 104;SÃO JOSÉ;São Paulo;São Paulo;07566129;S;26/11/2021
103180;MARCELO OLIVEIRA MARTINS;15572992003;12/12/1982;M;marcelo.martins806@outlook.com;(51) 98401-8705;RUA BRASIL, Nº 1702;VILA MARIANA;Porto Alegre;RS;93306-884;S;13/11/2021
103181;MARCELO DIAS;06258823181;04/04/1993;;marcelo.dias914@hotmail.com;11964148547;RUA XV de Novembro, nº 1341;SANTO ANTÔNIO;SAO PAULO;SP;03936267;;26/08/2021
103182;VITORIA MENDES GUIMARAES;87668912053;02/05/1986;F;vitoriaguimaraes732@gmail.com;31 998255816;AVENIDA MARECHAL DEODORO, Nº 1476;SÃO JOSÉ;Belo Horizonte;MG;39994-163;N;02/04/2025
103183;HELENA RIBEIRO;749.267.347-70;12/08/1945;F;helenaribeiro708@bol.com.br;;R. RIO BRANCO, 2187 - APTO 12;JARDIM DAS FLORES;Sampa;São Paulo;06634-913;;21/08/2021
103184;SIMONE GOMES FERREIRA;380.367.365-86;27/11/1999;F;simoneferreira351@uol.com.br;11982693933;Rua Presidente Vargas, 2972 - Casa 2;BELA VISTA;São Paulo - SP;SP;03418183;;03/12/2023
103185;MARCIO  ROCHA ;40391132334;02/10/1974;;;51 97135281;R. DOS ANDRADAS, 2542;CENTRO;Porto Alegre;Rio Grande do Sul;96578-891;S;28/07/2022
103186;LEONARDO BRANDAO ARAUJO;2,56492E+10;03/01/1987;M; LEONARDO_ARA462@OUTLOOK.COM ;51 995216930;Rua Paulista, N. 1206;SANTO ANTÔNIO;Porto Alegre;RS;99173572;S;07/07/2023
103187;CAMILA ASSUNÇÃO MARTINS;16296763735;20/03/1990;F;camilamartins562@bol.com.br;21 62865500;RUA RIO BRANCO, N. 468 - CASA 2;JARDIM AMÉRICA;Rio de Janeiro;rj;21939733;S;15/01/2025
103188;ANA MAGALHAES;11276423756;26/08/1990;F;ana.magalhaes152@hotmail.com;1198858857;PRACA XV DE NOVEMBRO, 2274;CENTRO;Guarulhos;SP;05376382;S;05/12/2024
103189;VITÓRIA MENDES;989.370.014-03;05/08/1951;F; VITORIA.MENDES399@UOL.COM.BR ;96489-2272;AV Rio Branco, 1037;SÃO JOSÉ;Recife;PE;57808834;N;17/07/2020
103190;DRA. MARCIO MELO SOUZA;49142890594;24/10/1995;M;marcio.souza612@bol.com.br;97024-6509;AV das Flores, nº 2500 - Casa 2;SANTA CECÍLIA;SAO PAULO;São Paulo;03161-049;N;22/07/2021
103191;THIAGO  MENDES COSTA ;69329231810;28/05/1950;I;thiagocosta233@uol.com.br;11 997366385;RUA Getúlio Vargas, N. 455 - Fundos;VILA MARIANA;Sampa;SP;08339-628;S;01/02/2021
103192;PRISCILA GUIMARÃES PEIXOTO;688.375.244-71;16/11/1966;F;priscilapeixoto93@gmai.com;21 91511784;AVENIDA DA LIBERDADE, N. 657;SÃO JOSÉ;Rio;Rio de Janeiro;29403589;S;06/04/2024
103193;VINÍCIUS NUNES;992.496.425-04;05/12/1949;M;vinicius.nunes858@hotmail.com;51 988367344;Rua Tiradentes, nº 1665;JARDIM AMÉRICA;Porto Alegre;rs;94659018;N;26/09/2023
103194;SIMONE ARAÚJO MAGALHÃES;553.553.122-76;26/09/1973;F;simonemagalhaes817@gmail.com;11 980922063;R Getúlio Vargas, nº 59 - Apto 12;SÃO JOSÉ;São Paulo;sp;05298853;N;02/05/2025
103195;FÁBIO MACHADO;602.797.764-70;17/12/1993;M;fabiomachado202@gmail.com;(11) 97536-8149;Avenida Dom Pedro II, 2042 - Fundos;PARQUE INDUSTRIAL;São Paulo;sp;08879798;N;13/07/2020
103196;MARCELO  MAGALHÃES CARDOSO SANTOS ;89460194095;24/01/1981;M;marcelo.santos954@yahoo.com.bt;21 67262155;Av Presidente Vargas, N. 1494;JARDIM DAS FLORES;RIO DE JANEIRO;Rio de Janeiro;27652-249;S;21/11/2024
103197;MARIANA MARTINS ARAUJO;324.674.769-52;12/02/1982;F;mariana.araujo286@gmail.com;(11) 99017-3865;R PRESIDENTE VARGAS, Nº 451;JARDIM AMÉRICA;São Paulo;São Paulo;02955827;N;17/01/2025
103198;EDUARDO GUIAMRAES;94665254842;05/07/1964;M;eduardo.guimaraes889@hotmail.com;19 992835880;R TIRADENTES, N. 2812 - CASA 2;PARQUE INDUSTRIAL;CAMPINAS;sp;18587-738;N;14/11/2024
103199;OTAVIO PEIXOTO FERREIRA;513.590.933-89;13/12/1982;M;otavioferreira86232@outlook.com;(41) 97275-8571;R. DAS PALMEIRAS, N. 977;BOA VISTA;Curitiba;PR;86254745;N;10/01/2020
103200;DANIEL DIAS OLIVEIRA;361.890.756-73;16/02/1988;M;;11 964532200;RUA DOM PEDRO II, Nº 2723;JARDIM AMÉRICA;São Paulo;sp;03707-352;N;25/09/2019
103201;JOÃO MOREIRA MELO;535.331.273-20;26/10/1981;M;joao_mel901@yahoo.com.br;11982729973;Avenida XV de Novembro, 334;SANTO ANTÔNIO;São Paulo;sp;2437933;S;19/03/2019
103202;VINÍCIUS RIBEIRO CARVALHO GOMES;94904020529;24/03/1976;M;viniciusgomes429@gmail.com;41 970763664;Rua Marechal Deodoro, 650;JARDIM DAS FLORES;curitiba ;pr;87926998;S;04/10/2020
103203;MATEUS M. CARDOSO;68452936989;22/09/1989;M;;(41) 6154-5840;RUA PAULISTA, Nº 1034 - BLOCO B APTO 104;JARDIM DAS FLORES;Curitiba;PR;81268-566;S;02/02/2022
103204;TANIA LIMA MARQUES;81753371333;28/11/1968;F;tania.marques57476@bol.com.br;(16) 98676-5407;Tv. Marechal Deodoro, nº 1049;LIBERDADE;Ribeirão Preto;sp;11946877;N;17/09/2024
103205;CLÁUDIA ARAÚJO;74903148521;08/11/1964;F; CLAUDIA_ARA357@YAHOO.COM.BR ;(11) 99130-9581;AVENIDA DA LIBERDADE, N. 395 - APTO 31;JARDIM DAS FLORES;São Paulo;SP;07164884;S;21/06/2025
103206;ANA NUNES GOMES;418.246.564-40;07/04/1985;F;ana.gomes437yahoo.com.br;21 967433518;AV. SETE DE SETEMBRO, Nº 1756;VILA MARIANA;Rio de Janeiro;RJ;29415773;S;12/06/2022
103207;PATRICIA BARBOSA MARTINS;82226679049;02/04/1981;F;patricia.martins533@hotmail.com;11991682139;AVENIDA DA LIBERDADE, N. S/N;SANTA CECÍLIA;São Paulo;SP;05154-337;S;22/03/2019
103208;SIMONE ANDRADE ROCHA SILVA;953.064.902-98;09/01/1976;F; SIMONE_SIL990@HOTMAIL.COM ;97938-3593;RUA RIO BRANCO, N. 2621;CENTRO;Rio de Janeiro;RJ;26122-888;;14/07/2025
103209;LARISSA MARTINS OLIVEIRA;897.411.546-82;14/07/1972;F;larissaoliveira671@bol.com.br;31 79172366;Rua dos Ipês, 2255;SÃO JOSÉ;Belo Horizonte;Minas Gerais;39285828;N;29/07/2019
103210;VITORIA FREITAS PEREIRA SILVA;93576773134;30/12/1993;F;vitoria_sil197@outlook.com;11971838453;PRACA RIO BRANCO, 1389 - APTO 12;LIBERDADE;São Paulo;SP;09887841;S;07/07/2023
103211;HELIO COSTA;49119275501;18/11/1968;M; HELIO.COSTA681@UOL.COM.BR ;81963483467;AV TIRADENTES, 2778 - APTO 12;SÃO JOSÉ;Recife;pe;52974-777;S;27/04/2019
103212;CLAUDIA BARBOSA CARDOSO;627.980.771-17;29/12/1980;F;claudiacardoso380@uol.com.br;61989949075;Rua Rio Branco, N. 2807;PARQUE INDUSTRIAL;Brasília;df;73921026;N;20/12/2025
103213;LUÍS DIAS;72003670289;05/04/1968;M;luisdias141@hotmail.com;11 999586707;RUA GETÚLIO VARGAS, 2989;BELA VISTA;Sampa;SP;8583622;S;15/01/2024
103214;CLÁUDIA GUIMARÃES RODRIGUES;09273533698;18/01/1997;F;claudia.rodrigues319@outlook.com;11976272123;RUA XV de Novembro, nº 2367;SÃO JOSÉ;São Paulo;São Paulo;05540692;S;08/05/2019
103215;GUSTAVO RODRIGUES MACHADO;29317029515;13/08/1981;M;gustavo.machado412@outlook.com;96292-9345;RUA DA LIBERDADE, Nº 1902;BELA VISTA;Campinas;São Paulo;13317207;S;26/10/2020
103216;JOAO ANDRADE MOREIRA;753.348.719-26;31/12/1933;M;joaomoreira830@hotmail.com;48 999774710;AV TIRADENTES, 244;CENTRO;Florianópolis;SC;85201036;S;25/04/2019
103217;LARISSA  MOREIRA BRANDAO OLIVEIRA ;918.028.055-24;02/11/1986;F;larissa.oliveira117@bol.com.br;(62) 9656-9784;Travessa Getúlio Vargas, N. 1569;BOA VISTA;Goiânia;GO;73452720;N;27/04/2023
103218;SRA. RAQUEL CARDOSO ASSUNCAO;669.094.110-80;09/12/1970;F;raquel.assuncao45748@;21989013361;Rua Paulista, nº 1072;SÃO JOSÉ;Rio de Janeiro;rj;29087118;N;14/01/2024
103219;VINÍCIUS BARBOSA EFRREIRA;774.568.153-72;05/03/1980;M;vinicius_fer294@uol.com.br;11996856395;Av Dom Pedro II, 1769;PARQUE INDUSTRIAL;são paulo ;sp;01216-685;S;31/01/2019
103220;HELENA GOMES NASCIMENTO;304.350.563-87;31/07/1980;F;helena.nascimento805hotmail.com;11 985519316;RUA SETE DE SETEMBRO, 745;SANTA CECÍLIA;São Paulo;sp;08225248;S;04/02/2024
103221;GUSTAVO NASCIMENTO MARTINS;68307800471;01/02/1994;M;gustavo_mar96@outlook.com;11 986955837;Avenida São João, nº 191;JARDIM DAS FLORES;São Paulo;;03921486;S;22/10/2022
103222;JOANA LIMA LIMA;624.223.774-16;16/10/1998;I; JOANA_LIM992@UOL.COM.BR ;21 962917085;RUA CASTRO ALVES, N. 2912;PARQUE INDUSTRIAL;RIO DE JANEIRO;RJ;25690776;N;27/09/2023
103223;PRISCILA DIAS;071.691.919-20;02/12/1988;F;priscila_dia715@uol.com.br;;Avenida XV de Novembro, 944 - Apto 12;BOA VISTA;Recife - PE;PE;52740-268;S;24/09/2019
103224;CECILIA  GUIMARAES ;10200131923;29/12/1991;F; CECILIA_GUI465@YAHOO.COM.BR ;19 976215842;RUA XV DE NOVEMBRO, N. 2913;SANTO ANTÔNIO;CAMPINAS;SP;15532616;S;11/05/2022
103225;ISABELA  MARTINS MARTINS DIAS ;593.854.151-40;23/07/1976;F;;51995093942;ALAMEDA CASTRO ALVES, Nº 211;PARQUE INDUSTRIAL;porto alegre ;Rio Grande do Sul;91056-657;S;29/04/2025
103226;BEATRIZ NUNES NSACIMENTO;96255240100;02/10/1974;F;beatriznascimento998@uol.com.br;81 982371300;R. DOS ANDRADAS, N. S/N;JARDIM AMÉRICA;Recife - PE;Pernambuco;53448-284;S;20/04/2019
103227;LÚICA OLIVEIRA PEIXOTO CARDOSO;15460357969;02/08/1986;F;luciacardoso413@hotmail.com;96547-7526;R. Santos Dumont, nº 1600;SANTA CECÍLIA;Rio de Janeiro;RJ;24817-985;S;12/04/2020
103228;MARCELO  OLIVEIRA ROCHA OLIVEIRA ;768.198.746-00;18/05/1970;M;;32975702244;Rua Marechal Deodoro, 1250;VILA MARIANA;JUIZ DE FORA;MG;35930936;N;14/09/2022
103229;VINÍCIUS MOREIRA ARAÚJO;34644792187;14/12/1977;M;vinicius.araujo486@uol.com.br;(21) 7811-9231;Rua Santos Dumont, nº 1430;JARDIM DAS FLORES;Rio de Janeiro;RJ;21683529;N;16/08/2023
103230;ANTONIO  B. BARBOSA ;438.753.329-38;12/07/1940;M;antonio.barbosa828@bol.com.br;11980931288;AV MARECHAL DEODORO, N. 1737;LIBERDADE;São Paulo;São Paulo;07927175;S;11/06/2022
103231;ANA BRANDAO;152.052.371-80;05/01/1968;F;ana.brandao257@hotmail.com;(11) 6123-8256;ALAMEDA CASTRO ALVES, 1771 - APTO 12;VILA MARIANA;São Paulo;sp;3641606;N;03/12/2023
103232;CESAR OLIVEIRA MELO;696.559.654-65;03/11/1999;M; CESAR.MELO873@OUTLOOK.COM ;51972068199;Rua das Palmeiras, nº 1296;PARQUE INDUSTRIAL;Porto Alegre;Rio Grande do Sul;96672818;S;30/04/2019
103233;LUIZA BARBOSA MAGALHAES FERREIRA;244.280.390-93;16/12/1985;;luiza.ferreira754@yahoo.com.br;71 994468954;RUA CASTRO ALVES, N. 2707 - BLOCO B APTO 104;PARQUE INDUSTRIAL;Salvador - BA;ba;49810-808;N;09/10/2023
103234;PAULO PEREIRA;61731755848;19/05/1974;M;paulo.pereira320@outlook.com;(31) 99762-1633;Rua Tiradentes, 637 - Bloco B Apto 104;CENTRO;Belo Horizonte;Minas Gerais;34791-501;N;06/01/2024
103235;OTAVIO MACHADO ANDRADE;513.001.731-57;06/09/1989;M;otavioandrade213@hotmail.com;1176593487;Rua XV de Novembro, N. 1326 - Apto 31;JARDIM AMÉRICA;São Paulo - SP;sp;2213042;S;22/04/2023
103236;PATRICIA ANDRADE;075.039.088-31;02/06/1987;;patricia_and307@hotmail.com;11 70321327;AV DA LIBERDADE, N. 20 - BLOCO B APTO 104;SANTA CECÍLIA;São Paulo;sp;04652002;N;10/07/2025
103237;ANA MACHADO FERREIRA;751.434.912-07;28/09/1987;F;anaferreira578@uol.com.br;6169259330;RUA DAS PALMEIRAS, N. 2517;JARDIM AMÉRICA;Brasília;Distrito Federal;79747-579;N;10/10/2021
103238;LUCIA MARTINS BARBOSA;216.359.745-85;07/09/1950;F;luciabarbosa379@yahoo.com.bt;(11) 99869-6968;RUA SÃO JOÃO, 520;PARQUE INDUSTRIAL;são paulo ;sp;04978-200;;17/11/2022
103239;MÁRCIA CONCEIÇÃO ANDRADE ANDRADE;261.084.843-90;16/04/1991;F;marcia_and507@yahoo.com.br;61973797645;AL. RIO BRANCO, N. 2362;JARDIM DAS FLORES;Brasília - DF;DF;78552-289;S;24/06/2025
103240;GABRIELA RIBEIRO NASCIMENTO SOUZA;645.149.482-84;12/11/1987;F;gabriela_sou492@uol.com.br;31 973843214;RUA PAULISTA, Nº 2142;LIBERDADE;Belo Horizonte;mg;31088340;S;05/03/2022
103241;GUSTAVO GUIMARÃES LIMA;712.625.507-18;07/05/1992;M;gustavo_lim62884@yahoo.com.br;31998662095;Praça dos Andradas, nº 2270;PARQUE INDUSTRIAL;Belo Horizonte - MG;;39446142;S;18/05/2021
103242;CLAUDIA MOREIRA;9493470865;06/11/1960;F;claudia.moreira531@outlook.com;41990666914;RUA DOS IPÊS, Nº 1253 - APTO 12;BOA VISTA;Curitiba;Paraná;87777007;N;07/06/2023
103243;LUÍZA MOREIRA;82702258433;28/04/1983;F;luiza.moreira718@bol.com;11 87382757;RUA DA LIBERDADE, 2045;PARQUE INDUSTRIAL;São Paulo;SP;5984539;N;09/09/2023
103244;GUSTAVO CARVALHO ASSUNCAO;33975331550;21/12/1991;M;gustavo_ass207@outlook.com;31 77937485;Avenida Castro Alves, 1668;SÃO JOSÉ;BH;mg;39139134;N;17/10/2022
103245;RAQUEL MACHADO;31207910678;14/10/1973;F;raquel_mac683@outlook.com;;AV dos Ipês, 3;BOA VISTA;BELO HORIZONTE;MG;36871-436;S;12/11/2019
103246;PRISCILA FERREIRA ALVES;799.811.068-60;01/05/1991;F;priscila.alves694@yahoo.com.br;31 98501126;RUA BRASIL, N. 981;SANTO ANTÔNIO;Belo Horizonte;MG;37620344;S;14/02/2024
103247;SIMONE NUNES ASSUNÇÃO;81944240543;09/08/1989;F;simoneassuncao503@hotmail.com;11965497652;AVENIDA SÃO JOÃO, 2846;CENTRO;SANTO ANDRE;SP;8993728;;25/01/2019
103248;LUIZA ROCHA GUIMARAES;968.349.899-00;28/07/1984;F;luiza_gui140@yahoo.com.br;(11) 9098-4966;RUA XV DE NOVEMBRO, Nº 755 - FUNDOS;PARQUE INDUSTRIAL;São Paulo;SP;06356-794;S;19/12/2025
103249;LUCAS GUIMARAES;40297337947;06/09/1957;M;lucas.guimaraes400@hotmail.com;32976593243;RUA PAULISTA, Nº 1657 - CASA 2;PARQUE INDUSTRIAL;Juiz de Fora - MG;MG;38186254;S;03/12/2025
103250;RAFAEL RODRIGUES MARQUES;09116385470;31/05/1979;M;;21 93421120;Rua Dom Pedro II, 1125;LIBERDADE;Rio de Janeiro - RJ;RJ;21744483;S;28/06/2022
103251;MARIANA  P. SILVA PEIXOTO ;16660924604;24/12/1987;F;;61970205878;AV DOS ANDRADAS, N. 2946;VILA MARIANA;Brasília;Distrito Federal;78781-347;S;16/10/2019
103252;MARCIA PEIXOTO PEREIRA;098.361.102-59;20/07/1966;F;marciapereira336@uol.com;;R. DOS ANDRADAS, 104 - FUNDOS;SANTO ANTÔNIO;RJ;RJ;28365097;N;09/03/2019
103253;MARCIA RIBEIRO;55756632808;26/12/1988;F;marciaribeiro476@outlook.com;98201-5182;Av da Liberdade, 651;SANTO ANTÔNIO;SAO PAULO;SP;08357-134;N;29/07/2024
103254;MARIANA BARBOSA GOMES;82515100406;19/08/1985;F;mariana.gomes10668@outlook.com;99029-4871;Avenida das Palmeiras, 1111;JARDIM DAS FLORES;Rio de Janeiro;RJ;21298-176;S;24/08/2019
103255;CAMILA ROCHA;30268635560;07/01/1995;F;camila.rocha914@uol.com.br;11 973206108;Rua Castro Alves, 1083;BOA VISTA;São Paulo;SP;06541540;N;13/03/2020
103256;GUSTAVO BARBOSA ANDRADE;43923531419;20/01/1950;M;gustavo_and308@bol.com.br;(51) 97245-3427;AVENIDA RIO BRANCO, N. 30;VILA MARIANA;POA;RS;93053-308;S;16/06/2019
103257;LÚCIA MARTINS;83435174234;22/08/1988;F;lucia.martins987@yahoo.com.br;31 968358700;RUA CASTRO ALVES, N. 1991;BELA VISTA;Belo Horizonte;MG;34118232;N;01/07/2022
103258;SIMONE ARAÚJO;2,56690E+10;08/02/1990;F;simonearaujo17@bol.com.br;(21) 97675-1152;R XV de Novembro, 2801 - Apto 12;SANTA CECÍLIA;Rio de Janeiro;Rio de Janeiro;29501486;S;19/03/2023
103259;PRISCILA  MENDES ;38766097711;12/02/1995;F;priscila.mendes820@outlook.com;19964514111;Praça dos Ipês, 209;JARDIM DAS FLORES;Campinas;SP;19648139;S;24/07/2020
103260;FERNANDO ASSUNÇÃO ASSUNÇÃO;601.425.211-83;22/02/1996;M;fernando.assuncao737@outlok.com;21985048800;Rua da Liberdade, N. 441 - Apto 31;BOA VISTA;Rio de Janeiro;Rio de Janeiro;23631-943;N;14/01/2022
103261;CAMILA  PEREIRA ;320.366.098-99;19/07/1983;F;camila.pereira97@yahoo.com.br;11972969151;R. Castro Alves, 2121;JARDIM DAS FLORES;São Paulo;SP;05902940;N;16/06/2020
103262;LUCIA LIMA;57049588261;20/05/1991;;lucia_lim560@uol.com.br;48 976593879;RUA SÃO JOÃO, Nº 1033;VILA NOVA;Florianópolis;SC;85994-044;S;20/11/2020
103263;JOSE CONCEICAO PEIXOTO ROCHA;55119145507;07/04/1972;M; JOSE.ROCHA277@OUTLOOK.COM ;41990085265;Rua Marechal Deodoro, 2980;SÃO JOSÉ;curitiba ;Paraná;84705635;N;08/08/2025
103264;GUSTAVO CONCEIÇÃO NUNES;787.842.721-63;23/11/1961;M;gustavo.nunes882@bol.com.br;11 984044324;RUA TIRADENTES, Nº 1162 - CASA 2;JARDIM DAS FLORES;São Paulo;São Paulo;04749887;N;21/11/2020
103265;CLAUDIA ASSUNCAO BARBOSA BRANDAO;248.300.080-08;30/07/1982;F;claudia_bra13784@bol.com.br;(11) 96073-1598;RUA DOS ANDRADAS, 2254 - APTO 12;SANTO ANTÔNIO;Santo André - SP;sp;06074-090;N;29/09/2019
103266;SONIA MARQUES MACHADO;348.570.802-06;06/09/1989;F;sonia.machado8430@bol.con.br;11 988359280;Pca Santos Dumont, N. 907;BOA VISTA;SAO PAULO;SP;02577-121;S;01/12/2022
103267;OTAVIO MAGALHAES;218.127.462-29;16/06/1993;M;;74082412;Avenida Presidente Vargas, 2534;BOA VISTA;Goiânia - GO;GO;71447526;N;11/06/2022
103268;RODRIGO  MENDES PEREIRA ;17350941455;29/12/2000;M;rodrigopereira406@yahoo.com.br;1183796309;Rua Paulista, N. 619;BELA VISTA;São Paulo;São Paulo;04338794;N;12/11/2024
103269;ALINE ARAUJO RIBEIRO;38044398619;18/07/1990;F;alineribeiro395@bol.com.br;11 972511056;R Getúlio Vargas, 769;VILA MARIANA;São Paulo - SP;São Paulo;02781-586;S;31/05/2023
103270;MARCELO CONCEICAO;59928276412;17/02/1950;M;marceloconceicao368@hotmail.com;11960031708;AVENIDA DOS IPÊS, N. 1961 - APTO 12;VILA NOVA;São Paulo;sp;03663-422;;27/11/2019
103271;RENATA MACHADO;61751688100;31/12/1933;F;renatamachado773@hotmail.com;(21) 96286-3414;RUA PAULISTA, Nº 1045 - APTO 31;SANTA CECÍLIA;Rio de Janeiro;;25825190;S;14/11/2022
103272;MARCIO ASSUNCAO;90567017206;18/09/1984;M; MARCIO.ASSUNCAO455@GMAIL.COM ;(11) 98972-2063;AV XV DE NOVEMBRO, Nº 2860;SÃO JOSÉ;São Paulo;sp;07187-905;S;25/01/2020
103273;LUIZA ROCHA CARVALHO;16562415446;17/01/1975;F;;31968424617;RUA das Palmeiras, 1700;SANTO ANTÔNIO;BELO HORIZONTE;MG;35092-006;N;14/03/2025
103274;CAIO DIAS SILVA;11459980549;01/07/1965;M;caio_sil495@bol.com.br;31 80161583;Avenida XV de Novembro, N. 2581;VILA NOVA;Belo Horizonte;MG;33288688;S;23/02/2025
103275;MRACIO GUIMARAES;775.860.487-03;20/08/1985;M;marcio_gui17893@bol.com.br;11 981878579;RUA Santos Dumont, nº 2314;SÃO JOSÉ;Santo André;SP;09849-150;;29/09/2020
103276;SRA. JOAO RIBEIRO FERREIRA MACHADO;35431921955;29/11/1971;M;joao.machado518@uol.com.br;11 979271389;Rua Brasil, N. 919;VILA MARIANA;SAO PAULO;São Paulo;02444675;S;17/01/2022
103277;MARCELO RIBEIRO;521.128.550-69;14/11/1963;M;marcelo_rib39030@uol.com.br;(41) 96905-9906;R Brasil, N. 2178;BOA VISTA;Curitiba;PR;88313-812;S;03/06/2020
103278;TANIA GOMES ALVES;86162474240;31/03/1995;F;tania.alves838@outlook.com;(62) 97051-6039;Rua das Palmeiras, N. 497 - Apto 12;JARDIM DAS FLORES;Goiânia;go;71373-225;S;05/02/2019
103279;ALINE FERREIRA;580.757.427-37;19/01/1974;F;aline.ferreira583@yahoo.com.br;1179363057;RUA CASTRO ALVES, N. 1406;SANTA CECÍLIA;São Paulo;São Paulo;05914270;S;31/08/2025
103280;RNEATA ALVES RIBEIRO;347579531;21/11/2000;F;renata.ribeiro738@uol.com.br;11 974176714;AV. CASTRO ALVES, 186;JARDIM AMÉRICA;São Paulo;São Paulo;09142-030;;26/08/2021
103281;SÉRGIO GUIMARÃES;46098896925;21/12/1956;M;sergioguimaraes162@@yahoo.com.br;(11) 96362-6661;TRAVESSA PRESIDENTE VARGAS, N. 1039 - FUNDOS;JARDIM DAS FLORES;SANTO ANDRE;sp;02125-604;N;28/02/2024
103282;CLÁUDIA FERREIRA MARTINS CONCEIÇÃO;91929591136;19/02/1983;F;;(71) 97343-6325;TRAVESSA MARECHAL DEODORO, Nº 79 - APTO 12;CENTRO;Salvador;ba;49588-115;S;08/10/2021
103283;FERNANDO C. RODRIGUES;338.408.904-97;29/05/1970;M;fernandorodrigues785@outlook.com;;AV. DOS ANDRADAS, 1161 - APTO 12;SANTA CECÍLIA;Rio de Janeiro;rj;22607374;;06/06/2023
103284;BRUNO SOUZA CARVALHO;63929397250;21/04/1989;M;bruno.carvalho260@bol.com.br;11960723021;TV. BRASIL, Nº 1871;LIBERDADE;São Paulo;SP;02082-701;S;20/11/2021
103285;HELENA SILVA MARTINS RODRIGUES;622.082.549-70;27/03/1991;F;helena.rodrigues579@hotmail.com;11965362929;R GETÚLIO VARGAS, N. 243 - APTO 31;SANTO ANTÔNIO;São Paulo;SP;01903609;S;23/11/2022
103286;PRISCILA GMOES PEREIRA;439.226.439-49;30/01/1999;I;priscila.pereira7854@gmail.com;(21) 96496-6899;RUA PRESIDENTE VARGAS, N. 572 - CASA 2;JARDIM DAS FLORES;Niterói - RJ;rj;24906792;S;26/01/2025
103287;FERNANDO MAGALHAES MENDES;46495446373;05/04/1986;M;;21 971382218;R. Marechal Deodoro, N. 1283 - Bloco B Apto 104;SANTO ANTÔNIO;RIO DE JANEIRO;;28498978;N;24/02/2025
103288;JOANA FERREIRA MOREIRA;527.075.738-92;25/11/1990;F;joanamoreira924@hotmail.com;(11) 98053-9158;Praça Castro Alves, nº 1479;VILA MARIANA;São Paulo;SP;3608539;N;14/03/2022
103289;SR. VITORIA FERREIRA NASCIMENTO;95369310360;15/05/1993;F;vitorianascimento781@yahoo.com.br;11992611269;Rua da Liberdade, nº 1055;VILA MARIANA;são paulo ;sp;05928-265;;09/04/2019
103290;OTAVIO A. LIMA;987.746.402-08;27/11/1988;M;otavio.lima794@outlook.com;11 979966097;Avenida Tiradentes, nº 802;BOA VISTA;Santo André;São Paulo;07041-191;N;11/11/2023
103291;RENATA ASSUNÇÃO;37479258550;03/03/1974;F;renata.assuncao858@gmail.com;(11) 99988-5742;Av Brasil, nº 2107;BOA VISTA;São Paulo;SP;3874854;S;07/11/2024
103292;RODRIGO COSTA ASSUNCAO;736.591.420-34;28/03/1974;M;rodrigo.assuncao821@bol.com.br;31 86272201;AL. DOS IPÊS, 2130;VILA MARIANA;Belo Horizonte;MG;37222915;N;01/09/2024
103293;ALINE  PEIXOTO ANDRADE ;32122415860;03/12/1969;;aline.andrade21@gmail.com;97634-5060;RUA SANTOS DUMONT, 2757;PARQUE INDUSTRIAL;São Paulo;sp;08485-138;N;08/11/2023
103294;DANIEL COSTA MARTINS;658.132.357-87;04/12/1973;M;daniel_mar77@yahoo.com.br;(62) 99335-2541;TRAVESSA SANTOS DUMONT, Nº 2931;LIBERDADE;Goiânia;GO;71200-704;N;04/01/2020
103295;BEATRIZ MARTINS LIMA;694.299.828-18;05/06/1968;F;beatrizlima393@bol.com.br;(16) 6712-2427;R São João, nº 1583;SANTA CECÍLIA;ribeirão preto ;sp;14104309;N;26/07/2022
103296;MARCELO RIBEIRO ALVES;952.828.277-60;14/12/1959;M;marceloalves335@uol.com.br;11981383819;R RIO BRANCO, Nº 2150;LIBERDADE;SAO PAULO;sp;02220816;S;06/08/2024
103297;SRA. MARCELO MENDES DIAS;3629092020;27/02/1980;M;marcelo.dias846@yahoo.com.br;62 965992401;R. Rio Branco, 2468 - Apto 31;BOA VISTA;Goiânia;GO;78962508;N;17/10/2023
103298;LUIZA BARBOSA MARQUES;688.896.983-57;12/12/1984;F;luizamarques899@hotmal.com;21 971948132;AVENIDA RIO BRANCO, N. 2764 - FUNDOS;JARDIM AMÉRICA;Rio de Janeiro;rj;29075287;N;01/03/2021
103299;HELIO MELO MARQUES MARQEUS;623.612.049-83;25/09/1972;M;heliomarques863@outlook.com;(71) 96777-9057;Av. Dom Pedro II, nº 125;SANTA CECÍLIA;SALVADOR;Bahia;48917299;S;18/07/2019
103300;THIAGO  SANTOS MARQUES GOMES ;81753194962;04/07/1975;M;thiago.gomes758@gmail.com;(31) 97098-8149;AVENIDA MARECHAL DEODORO, N. 536;JARDIM AMÉRICA;Belo Horizonte;Minas Gerais;34271-146;N;14/04/2019
103301;HELIO MACHADO SOUZA;905.358.655-54;24/01/1972;M;helio.souza19446@bol.com.br;62 994994757;TV. SETE DE SETEMBRO, 2859 - APTO 12;JARDIM AMÉRICA;Goiânia;GO;79030-093;S;13/02/2022
103302;ISABELA  F. CARDOSO ;9603890081;12/06/1964;F;isabelacardoso131@hotmail.com;(21) 99982-6681;AV Sete de Setembro, N. 1090;LIBERDADE;Rio de Janeiro;RJ;22428331;S;02/05/2025
103303;DEBORA MENDES MAGALHAES;111.436.357-01;19/06/1955;F;debora.magalhaes888@bol.com.br;31986639863;RUA BRASIL, N. 1183;JARDIM DAS FLORES;BELO HORIZONTE;Minas Gerais;34843-994;S;07/02/2022
103304;SÔNIA RODRIGUES;233.325.087-92;27/08/1978;I;soniarodrigues516@outlook.con;32988736720;R SANTOS DUMONT, 2163;VILA NOVA;Juiz de Fora - MG;mg;32847-137;N;07/07/2021
103305;CESAR LIMA;07909411553;08/04/1965;M;cesar_lim932@gmail.com;19972502045;AV SETE DE SETEMBRO, 2047;VILA MARIANA;Campinas;SP;13164-545;S;23/03/2022
103306;FERNANDA PEREIRA;58506883075;16/07/1987;F; FERNANDA.PEREIRA846@GMAIL.COM ;(16) 99829-5678;RUA Brasil, nº 2899;SANTA CECÍLIA;Ribeirão Preto;São Paulo;18540101;S;20/12/2024
103307;GABRIELA ANDRADE MACHADO;97312408966;03/09/2000;F;gabriela.machado67076@uol.com.br;11 961505790;RUA DAS PALMEIRAS, Nº S/N;JARDIM DAS FLORES;Guarulhos;SP;05427-548;S;02/09/2022
103308;PAULO GOMES CARDOSO;27394139476;15/01/1999;M;paulo_car248@yahoo.com.br;8188139047;Av. Marechal Deodoro, 867;BELA VISTA;Recife;PE;57042-267;S;18/06/2022
103309;SÉRGIO FREITAS ROCHA COSTA;014.673.603-68;22/06/1975;M;sergio_cos742@outlook.com;21 980028872;RUA RIO BRANCO, N. 1681;BOA VISTA;Rio de Janeiro;Rio de Janeiro;23881-306;S;20/06/2024
103310;LUÍS MACHADO PEREIRA SANTOS;810.792.276-01;28/06/1979;M;luis.santos623@bol.com.br;21 967818850;RUA DAS FLORES, 2067 - APTO 31;VILA MARIANA;rio de janeiro ;RJ;22961641;;26/12/2020
103311;BEATIRZ GOMES ARAÚJO;776.056.693-05;27/11/1947;F;beatrizaraujo725@bol.com.br;11982903818;RUA Getúlio Vargas, N. 2126 - Casa 2;SANTA CECÍLIA;São Paulo;São Paulo;04012-842;S;05/12/2023
103312;LEONARDO COSTA MAGALHAES;927.086.642-47;15/12/1989;M;leonardo.magalhaes103@gmail.com;11 79726397;AV. DOM PEDRO II, Nº 1119;SANTA CECÍLIA;Guarulhos;São Paulo;07301-987;S;13/05/2022
103313;MATEUS GOMES ROCHA;132.539.259-60;28/07/1972;M;mateusrocha693@gmail.con;(11) 96657-3542;Avenida Marechal Deodoro, nº 184;BELA VISTA;São Paulo;São Paulo;09672222;N;23/03/2020
103314;DEBORA NUNES;119.438.484-67;05/04/1967;F;debora_nun511@uol.com.br;21992411627;RUA MARECHAL DEODORO, 2647;BELA VISTA;Rio de Janeiro;rj;23296349;N;28/10/2023
103315;CAMILA BRANDAO MARQUES;241.978.302-62;10/12/1967;F;camilamarques188@uol.com.br;(61) 99915-7683;AV Presidente Vargas, N. 627 - Apto 31;LIBERDADE;Brasília;df;77555-070;N;06/05/2023
103316;LUIS CARVALHO ARAUJO;48061697572;19/09/1995;M;luis_ara431@uol.com.br;41 83411892;RUA TIRADENTES, 2821;SÃO JOSÉ;Curitiba;PR;81419338;S;01/07/2023
103317;MATEUS  SOUZA ;46880830412;09/05/2001;M;mateus_sou801@gmail.com;1178724204;RUA SÃO JOÃO, N. 1360;VILA NOVA;São Paulo;SP;07908274;N;21/02/2023
103318;LARISSA ROCHA SILVA SOUZA;768.535.185-43;26/01/1980;F;larissa.souza46813@gmail.com;11972974925;R. dos Andradas, 2219;PARQUE INDUSTRIAL;SAO PAULO;sp;07595-592;N;01/10/2023
103319;ANDRE SANTOS RODRIGUES;49960094111;22/09/1978;M;andrerodrigues252@hotmail.com;(62) 96919-7036;RUA DAS PALMEIRAS, N. 2734 - BLOCO B APTO 104;SÃO JOSÉ;GOIANIA;GO;71647-939;S;26/04/2025
103320;JOAO MAGALHAES ROCHA;19039606498;13/02/1961;M;joao_roc43@outlook.com;;R das Flores, 515 - Apto 12;JARDIM AMÉRICA;São Paulo;São Paulo;08062509;N;04/05/2020
103321;CESAR PEREIRA LIMA;33377244344;21/04/1993;M;cesarlima112@uol.com.br;(21) 96729-5259;AV Presidente Vargas, nº 2084 - Bloco B Apto 104;SANTA CECÍLIA;Rio de Janeiro;rj;26264909;N;16/12/2021
103322;VITÓRIA PEREIRA FREITAS;406.504.633-58;25/07/1981;F;vitoriafreitas256@bol.com.br;41982147222;Avenida dos Ipês, 1855;SANTA CECÍLIA;Curitiba - PR;Paraná;89171859;S;17/07/2019
103323;LUCAS  MELO ;00807508853;11/09/1975;M;lucas_mel192@outlook.com;11984555549;RUA TIRADENTES, 689 - BLOCO B APTO 104;JARDIM DAS FLORES;São Paulo;SP;07261660;N;12/12/2020
103324;PATRICIA MENDES MARQUES;62147261035;10/06/1981;F;patriciamarques953@outlook.com;(32) 99461-3795;Rua Presidente Vargas, nº 456 - Bloco B Apto 104;JARDIM AMÉRICA;JUIZ DE FORA;mg;31233-479;S;29/11/2019
103325;ANA FERREIRA GUIMARAES;204.694.993-54;01/01/1900;F;anaguimaraes54@outlook.com;2194468327;AV. PRESIDENTE VARGAS, N. 179;SANTA CECÍLIA;Rio de Janeiro;Rio de Janeiro;21308-167;N;15/03/2020
103326;BEATRIZ BRANDÃO SANTOS;85137301736;21/10/1977;F;beatrizsantos484@yahoo.com.br;62968231223;RUA DAS FLORES, Nº 376;JARDIM AMÉRICA;Goiânia;Goiás;74241636;;01/01/2019
103327;LUIS FERREIRA GOMES;135.974.138-03;03/08/1981;M;luis_gom554@yahoo.com.br;71994205811;TRAVESSA DOS ANDRADAS, 1675;BOA VISTA;Salvador;BA;46897-963;N;04/11/2025
103328;RODRIGO OMREIRA CARDOSO;844.964.413-57;12/08/1981;M;rodrigo_car654@outlook.com;11 982059847;Travessa dos Andradas, nº 1269 - Apto 12;LIBERDADE;São Paulo;SP;08482300;S;13/12/2022
103329;DRA. PATRÍCIA BARBOSA;009.094.866-11;07/10/1994;F;patricia.barbosa231@hotmail.com;;Rua Tiradentes, N. 319 - Apto 31;SANTO ANTÔNIO;SAO PAULO;SP;02355-240;S;17/03/2023
103330;ISABELA MOREIRA ANDRADE;9,53177E+10;29/10/2000;F;isabela_and993@bol.com.br;(11) 98264-7178;AVENIDA SANTOS DUMONT, Nº 2421;JARDIM DAS FLORES;São Paulo;São Paulo;06617930;S;09/11/2021
103331;JULIA GOMES ASSUNCAO;342.929.707-93;24/11/1993;F;julia_ass832@gmail.com;(11) 96698-3332;AVENIDA CASTRO ALVES, 2272;JARDIM AMÉRICA;São Paulo;sp;06013-294;S;16/03/2023
103332;VINICIUS PEREIRA;634.048.952-40;27/02/1994;M;vinicius.pereira910@outlook.com;(32) 99479-4502;Rua Presidente Vargas, 32;VILA NOVA;Juiz de Fora;mg;34077966;S;09/12/2025
103333;ALINE NUNES SANTOS ASSUNÇÃO;482.830.853-95;10/06/1994;F;;32 91244896;RUA PAULISTA, N. 722 - BLOCO B APTO 104;SANTO ANTÔNIO;Juiz de Fora;mg;35439933;S;10/11/2019
103334;RAQUEL  FERREIRA GUIMARAES ;29645692580;10/07/1960;F;raquel.guimaraes953@outlook.com;(11) 98933-2290;RUA DAS FLORES, N. 596;CENTRO;São Paulo;São Paulo;06115-038;;16/01/2023
103335;SERGIO RODRIGUES;57141989803;24/03/1974;M;sergiorodrigues483@yahoo.com.br;51 995821380;RUA DOS ANDRADAS, N. 259;SANTA CECÍLIA;Porto Alegre;Rio Grande do Sul;99931936;N;16/12/2021
103336;FERNANDA OLIVEIRA DIAS;685.133.214-00;27/06/1984;F;fernandadias95@bol.com.br;48 986758269;RUA TIRADENTES, 1124;BOA VISTA;Florianópolis;Santa Catarina;86103-003;S;26/04/2023
103337;MÁRCIA ANDRADE CARDOSO;16701043895;30/07/1966;F;marcia.cardoso776@outlook.com;(32) 99883-5522;RUA DAS PALMEIRAS, Nº S/N;VILA NOVA;Juiz de Fora;Minas Gerais;39826-291;;13/10/2024
103338;ANDRE CARDOSO ASSUNCAO;113.011.196-28;22/06/2000;M;andre.assuncao96@uol.com.br;11 975365360;AV Paulista, 2562;BOA VISTA;São Paulo;SP;09296-450;S;22/10/2022
103339;LUCIA BRANDAO COSTA GOMES;736.685.273-26;05/10/1974;I;;2166174946;PCA DOS ANDRADAS, N. 656 - CASA 2;JARDIM DAS FLORES;Rio de Janeiro;RJ;28345-086;;25/06/2023
103340;JOANA A. COSTA;218.968.236-37;28/10/1964;F;joana_cos251@uol.com.br;99185599;AVENIDA DAS PALMEIRAS, Nº 2429 - FUNDOS;BELA VISTA;Salvador;ba;41348-932;N;04/06/2019
103341;FERNANDA DIAS MELO;107.302.675-20;31/07/1968;F;fernanda.melo888@hotmail.com;19 985722944;Rua São João, nº S/N;VILA MARIANA;CAMPINAS;sp;18561-477;N;03/07/2023
103342;SERGIO BARBOSA SOUZA;41556435886;09/02/1995;M;sergio_sou357@hotmail.com;31986468153;RUA CASTRO ALVES, 1840;CENTRO;BELO HORIZONTE;MG;37122923;;17/07/2019
103343;MARCELO ROCHA;27279225403;27/11/1998;M;marcelorocha177@bol.com.br;(11) 96227-2477;R das Palmeiras, N. 676 - Apto 31;SANTO ANTÔNIO;São Paulo;sp;03667-246;;07/01/2021
103344;BEATRIZ ANDRADE SOUZA;49463443304;03/03/1977;F;beatriz.souza417@outlook.com;(81) 98745-1356;RUA SÃO JOÃO, 2097;SÃO JOSÉ;RECIFE;PE;55075-751;N;01/06/2021
103345;LUIZA  PEREIRA ;95811158629;12/03/1990;F;luizapereira853@hotmail.com;11970425741;RUA MARECHAL DEODORO, Nº 1548;PARQUE INDUSTRIAL;São Paulo;São Paulo;04560-436;N;13/06/2022
103346;RAQUEL ANDRADE GOMES;676.021.497-85;20/07/1990;F;raquel_gom133@yahoo.com.br;;PRACA Presidente Vargas, N. 321 - Fundos;LIBERDADE;Porto Alegre;rs;91027580;S;04/04/2025
103347;MATEUS PEIXOTO ALVES LIMA;27626669029;11/11/1971;M; MATEUSLIMA476@BOL.COM.BR ;11 970024506;Avenida Tiradentes, nº 651 - Bloco B Apto 104;CENTRO;São Paulo;SP;03000128;S;23/07/2019
103348;HELENA ANDRADE;12523999528;19/04/1991;F;helena.andrade898@hotmail.com;19 968384021;R. dos Andradas, N. 2516;SANTO ANTÔNIO;Campinas;São Paulo;17639-803;N;06/11/2019
103349;EDUARDO OMREIRA;11163352551;20/11/1937;M;eduardomoreira796@outlook.com;21 95088081;R. CASTRO ALVES, 1679;BELA VISTA;Rio de Janeiro;Rio de Janeiro;22774-116;N;01/02/2024
103350;JOANA COSTA GOMES;88615427356;23/11/1964;F;joana_gom971@hotmail.com;;R MARECHAL DEODORO, N. 1369;BELA VISTA;Recife;PE;53796704;N;27/01/2025
103351;OTAVIO NASCIMENTO;049.035.645-17;02/09/1992;M;otavionascimento656@bol.com.br;11 997988138;Rua da Liberdade, N. 1791 - Apto 31;PARQUE INDUSTRIAL;Guarulhos;sp;3767510;N;11/12/2025
103352;JULIA GUIMARAES NASCIMENTO;781.841.348-00;05/10/1964;F;julia.nascimento547@hotmial.com;62 979174138;RUA Paulista, nº 1590;PARQUE INDUSTRIAL;Goiânia;Goiás;73461-093;S;08/05/2019
103353;ANA NASCIMENTO ASSUNCAO;007.864.025-39;08/11/1973;F;ana.assuncao761@gmail.com;(31) 99984-1419;Avenida Dom Pedro II, 424 - Casa 2;PARQUE INDUSTRIAL;Belo Horizonte;MG;35186948;S;16/02/2024
103354;FERNANDO  SOUZA CONCEICAO ;46492414217;01/04/1976;;fernando_con486@outlook.com;11992606418;Av. das Flores, N. 217;LIBERDADE;Guarulhos;SP;09776074;N;30/05/2022
103355;LÚCIA ROCHA RODRIGUES;324.091.003-92;05/08/1997;F;lucia.rodrigues330@bol.com.br;;RUA SETE DE SETEMBRO, 2183;VILA MARIANA;Rio de Janeiro;rj;22307-412;N;19/01/2022
103356;PATRICIA DIAS;79709734261;01/01/1900;F;patricia_dia446@outlook.com;11 969637835;R. CASTRO ALVES, Nº 1608;BOA VISTA;São Paulo;SP;08219-785;S;16/10/2023
103357;RODRIGO ARAJUO RIBEIRO;07003917467;16/07/1997;M;rodrigo.ribeiro160@hotmail.com;1176408364;RUA RIO BRANCO, Nº 1435;PARQUE INDUSTRIAL;Guarulhos;SP;08565608;S;22/10/2022
103358;BRUNO COSTA FERREIRA CARDOSO;076.844.039-40;03/07/1987;M;brunocardoso4@bol.com.br;(11) 99074-6703;R PAULISTA, Nº 2322;VILA MARIANA;São Paulo;SP;02998-963;S;23/10/2019
103359;HELENA  CARDOSO BARBOSA SILVA ;06423562466;16/04/1994;F; HELENA_SIL670@GMAIL.COM ;;AV. TIRADENTES, N. 1932;LIBERDADE;Salvador;BA;48631-301;S;24/09/2022
103360;DEBORA M. MELO;48879274015;30/05/1980;F;;31 61187920;RUA XV DE NOVEMBRO, Nº 2455;VILA MARIANA;BELO HORIZONTE;MG;38360878;N;29/04/2022
103361;VINICIUS ALVES;339.354.185-40;13/06/1942;M;vinicius_alv950@uol.com.br;11966145503;RUA SANTOS DUMONT, 1968 - APTO 12;VILA NOVA;São Paulo;São Paulo;06736-636;S;27/02/2025
103362;LUIS SOUZA BRANDAO;181.463.888-17;14/02/1982;;luis.brandao27@gmail.com;31 972063131;AVENIDA PRESIDENTE VARGAS, N. 2086;VILA NOVA;Belo Horizonte;mg;39409644;N;28/02/2020
103363;DANIEL MOREIRA FERREIRA;835.982.006-68;03/02/1986;M;daniel_fer206@uol.com;11 999414265;TRAVESSA DOS IPÊS, N. 2325;VILA MARIANA;São Paulo;SP;09623582;N;09/04/2023
103364;RODRIGO MAGALHÃES PEIXOTO;66603507560;21/06/1985;M;rodrigo_pei48927@outlook.com;(21) 98134-2578;Avenida Castro Alves, N. 277;JARDIM DAS FLORES;Niterói;RJ;23117294;S;10/07/2019
103365;EDUARDO  SILVA MOREIRA ASSUNCAO ;853.242.946-75;14/10/1956;M;eduardo.assuncao448@outlook.com;;R. Presidente Vargas, N. 1871 - Apto 31;SANTO ANTÔNIO;São Paulo;SP;03891-318;N;07/02/2020
103366;VITORIA SANTOS;091.525.123-04;24/08/1990;F; VITORIA.SANTOS265@GMAIL.COM ;48999894886;RUA MARECHAL DEODORO, Nº 2602;PARQUE INDUSTRIAL;Florianópolis;SC;89236014;;09/06/2020
103367;PRISCILA GOMES PEIXOTO;64958024980;02/10/1980;F;priscila_pei278@bol.com.br;(41) 7549-6159;R RIO BRANCO, 1206;SANTA CECÍLIA;curitiba ;pr;81181193;;07/02/2022
103368;JOSÉ OLIVEIRA ASSUNÇÃO;771.219.146-89;01/10/1971;M;joseassuncao208@bol.com.br;11962682451;AVENIDA SÃO JOÃO, N. 1489;JARDIM AMÉRICA;São Paulo;sp;06532-400;S;04/10/2020
103369;MARIANA FREITAS OLIVEIRA ROCHA;29580848416;02/01/1965;F;mariana_roc652@gmail.com;5179471540;RUA SÃO JOÃO, N. 1437;BELA VISTA;PORTO ALEGRE;rs;92480867;;21/11/2022
103370;LEONARDO CONCEICAO NASCIMENTO;56620972403;31/01/2002;M;leonardo_nas284@hotmail.com;11 85204125;RUA MARECHAL DEODORO, N. 1973 - APTO 31;JARDIM AMÉRICA;São Paulo;São Paulo;02018-983;N;25/02/2020
103371;LUIZA CARDOSO CARVALHO;81425923127;27/01/1998;F;luizacarvalho717@outlook.com;;AV dos Ipês, 1173;JARDIM AMÉRICA;São Paulo;São Paulo;01139-690;S;09/05/2019
103372;DÉBORA MARTINS ROCHA;56101532712;12/11/1973;F; DEBORA_ROC981@UOL.COM.BR ;(21) 96921-2694;Avenida Rio Branco, nº 291;JARDIM AMÉRICA;Rio de Janeiro;RJ;25536719;S;10/06/2021
103373;CECILIA MACHADO;56654486803;16/08/1981;F;ceciliamachado835@yahoo.com.bt;97888-7817;R. SÃO JOÃO, Nº 596;VILA NOVA;São Paulo;SP;08505-644;S;16/12/2020
103374;SÉRGIO SOUZA NASCIMENTO;69519212450;03/08/1974;M;sergio_nas675@uol.com.br;11973294867;RUA Sete de Setembro, nº 39;BOA VISTA;Santo André;sp;05668-330;N;25/11/2022
103375;RAQUEL SOUZA OLIVEIRA;68321653316;25/03/1996;F;raquel.oliveira354@uol.com.br;31 996769286;RUA SETE DE SETEMBRO, N. S/N;SANTA CECÍLIA;Belo Horizonte;mg;36814-122;S;02/10/2022
103376;BRUNO OLIVEIRA ROCHA;3671310057;13/11/1964;M;brunorocha64@outlook.com;(19) 7728-7742;R. Brasil, nº 2083;PARQUE INDUSTRIAL;CAMPINAS;SP;15108106;N;20/04/2022
103377;WAGNER  BARBOSA OLIVEIRA ;13567594400;11/04/1974;M;wagneroliveira95@hotmail.com;11978397577;RUA XV DE NOVEMBRO, 861;BELA VISTA;GUARULHOS;SP;02099-020;N;25/11/2023
103378;JOAO OLIVEIRA;029.115.341-07;25/02/1982;M;joao_oli11@hotmail.com;(31) 7056-3204;RUA PRESIDENTE VARGAS, N. 2738 - APTO 12;JARDIM DAS FLORES;belo horizonte ;mg;39406-339;S;11/02/2023
103379;MARCELO COSTA RIBEIRO;133.312.091-55;02/10/1968;M;marcelo.ribeiro221@uol.com.br;11 988047633;TRAVESSA DOM PEDRO II, 1520;VILA MARIANA;Guarulhos;SP;08726434;N;12/06/2019
103380;BRUNO MARTINS MACHADO NASCIMENTO;64831246271;23/12/1995;M;bruno_nas368@yahoo.com.br;21 976797996;Praça Dom Pedro II, N. 1114 - Fundos;VILA NOVA;Rio;RJ;29693233;S;08/03/2025
103381;SERGIO ASSUNCAO MARQUES;220.045.453-80;24/06/1983;M;sergio_mar820@gmail.com;1175751195;R. das Flores, nº 2056;VILA NOVA;Guarulhos - SP;sp;09727-155;N;17/03/2020
103382;PRISCILA GUIMARAES;15877194879;19/11/1977;F;priscila_gui704@uol.com;;Rua Paulista, 2392 - Bloco B Apto 104;SÃO JOSÉ;Niterói;rj;25374211;S;23/03/2025
103383;CESAR OLIVEIRA NUNES MARTINS;18010354236;20/04/1980;M; CESAR_MAR820@UOL.COM.BR ;(62) 96414-8241;RUA PRESIDENTE VARGAS, Nº 1198;VILA MARIANA;Goiânia;Goiás;78947-537;S;01/02/2022
103384;RAFAEL  FREITAS RIBEIRO ;471.745.392-11;26/08/1971;M;rafael_rib430@uol.combr;(21) 97546-1973;Rua Tiradentes, 2538 - Bloco B Apto 104;CENTRO;Niterói;rj;26928301;S;26/01/2019
103385;LEONARDO DIAS ANDRADE;11488435740;14/07/1990;M;;(11) 97778-5250;R. SETE DE SETEMBRO, Nº 2205;SANTO ANTÔNIO;Guarulhos;SP;07065146;S;27/10/2025
103386;PRISCILA BRANDAO BRANDAO;74681409529;29/07/1983;F;priscila.brandao340@bol.com.br;(32) 96403-6484;R Presidente Vargas, nº 262 - Casa 2;PARQUE INDUSTRIAL;Juiz de Fora;mg;38112-303;S;16/03/2019
103387;SONIA MELO ROCHA;24238274156;13/01/1990;F;soniarocha17@uol.com.br;(71) 98586-5141;R Santos Dumont, N. 838 - Apto 12;SANTA CECÍLIA;Salvador;BA;42435972;N;22/06/2022
103388;SERGIO MACHADO;056.748.683-44;13/08/1999;;sergio.machado764@hotmail.com;97110-7650;Rua Marechal Deodoro, 1106;JARDIM DAS FLORES;São Paulo;sp;02932439;N;30/01/2024
103389;CECILIA CARDOSO;39288665404;07/05/2005;F;cecilia_car845@gmail.com;11978448944;R Paulista, N. 859;LIBERDADE;Santo André;sp;6977648;S;24/11/2025
103390;FÁBIO OLIVEIRA MENDES;32948726158;17/05/1993;M; FABIOMENDES411@GMAIL.COM ;31998521295;Av. XV de Novembro, N. 1303;SÃO JOSÉ;Belo Horizonte;Minas Gerais;32007967;S;26/01/2023
103391;FERNANDO FREITAS FREITAS;07789542427;06/02/1989;M;fernandofreitas87794@yahoo.com.br;(11) 99163-4760;Avenida XV de Novembro, nº S/N;SANTA CECÍLIA;São Paulo;São Paulo;06196-052;N;13/03/2019
103392;JOAO NUNES;465.748.474-51;16/04/1973;M;joao_nun269@yahoo.com.br;;PRACA XV DE NOVEMBRO, N. 2194;LIBERDADE;Porto Alegre;Rio Grande do Sul;99943-771;S;27/01/2025
103393;CAMILA GUIMARAES;7128126872;24/05/1970;F;camila.guimaraes336@uol.com.br;21967181348;Rua Paulista, 809 - Fundos;VILA MARIANA;Rio de Janeiro;RJ;21780-637;N;06/06/2024
103394;HELENA ARAUJO;29997182413;14/04/1989;F;helenaaraujo953@hotmail.com;(11) 7558-8565;RUA DAS FLORES, Nº 627;JARDIM AMÉRICA;São Paulo;SP;06902-792;S;03/06/2024
103395;BRUNO CARDOSO ASSUNCAO;70154699132;05/01/1977;M;bruno.assuncao975@yahoo.com.br;11 996433653;PRACA CASTRO ALVES, Nº 1528;BOA VISTA;SAO PAULO;SP;06154-335;N;21/02/2021
103396;PATRICIA MENDES ALVES;72880322480;29/09/1982;F;patricia_alv14613@yahoo.com.br;62 982805953;RUA SANTOS DUMONT, 1134;PARQUE INDUSTRIAL;Goiânia;Goiás;71662-230;N;30/05/2019
103397;THIAGO MOERIRA;23772548377;12/09/1980;M;;21 968591638;Rua Paulista, 2266;BOA VISTA;Rio de Janeiro;RJ;23653844;S;30/05/2020
103398;FÁBIO OLIVEIRA;67656679111;13/11/1978;M;fabio_oli35@yahoo.com.br;11 979701014;R. dos Andradas, nº 1314;BELA VISTA;São Paulo;SP;01051-862;N;14/06/2019
103399;LARISSA ANDRADE;827.813.339-56;26/08/1984;F;larissa_and436@hotmail.com;11 998943178;RUA DOM PEDRO II, 1839 - APTO 12;SÃO JOSÉ;São Paulo;SP;01340286;S;10/02/2020
103400;ALINE MENDES NASCIMENTO BRANDAO;231.997.637-07;15/06/1968;F;aline_bra946@bol.com.br;41 96287472;RUA Rio Branco, nº 507;VILA MARIANA;Curitiba;PR;86155-428;;13/12/2019
103401;MARCIA PEREIRA MELO;13956795687;31/05/1970;F;marcia.melo789@bol.com.br;11989055646;Rua Tiradentes, 2949 - Fundos;BOA VISTA;SAO PAULO;SP;07151142;S;25/06/2025
103402;EDUARDO MENDES CARDOSO;370.621.871-27;01/08/1983;M;eduardo_car841@;(51) 99550-5960;RUA GETÚLIO VARGAS, 348;JARDIM AMÉRICA;Porto Alegre;Rio Grande do Sul;96715539;;31/05/2021
103403;HÉLIO CARVALHO;170.677.781-74;27/05/1978;M;helio.carvalho812@outlook.com;1981715611;Rua XV de Novembro, N. 98;PARQUE INDUSTRIAL;Campinas;SP;16219-241;S;09/05/2019
103404;DRA. NATALIA DIAS MELO;87008010117;30/03/1975;;natalia_mel141@yahoo.com.br;81995571216;Av. Dom Pedro II, N. 1871 - Apto 12;JARDIM AMÉRICA;Recife;;58641674;;22/12/2023
103405;RAFAEL PEREIRA ARAUJO CONCEICAO;36941464909;21/07/1974;;rafael.conceicao291@yahoo.com.br;;RUA TIRADENTES, 1339;SANTA CECÍLIA;Campinas;SP;17526-512;N;06/09/2019
103406;BEATRIZ  PEIXOTO SANTOS ;60895251205;21/08/1980;F;beatriz_san137@outlook.com;;R Marechal Deodoro, nº 2316;JARDIM AMÉRICA;Campinas;SP;18306440;S;21/11/2023
103407;LUIZA DIAS;68652464111;15/01/1961;F;luiza.dias687@gmail.com;(11) 99404-5499;RUA RIO BRANCO, 2904;VILA MARIANA;Santo André;São Paulo;04612564;N;29/10/2025
103408;LETÍCIA MARQUES;152.064.167-20;16/10/1977;F;leticiamarques641@uol.com.br;(11) 99063-5800;RUA DOS IPÊS, Nº 1253;BELA VISTA;São Paulo - SP;SP;09442-083;N;28/09/2024
103409;ANTONIO MARQUES ASSUNCAO;68421665430;04/12/1975;M;antonio_ass63@yahoo.com.br;98541-8695;R Dom Pedro II, nº 86;BOA VISTA;Santo André - SP;São Paulo;05360079;S;19/08/2019
103410;NATALIA PEIXOTO MARQUES;28462019869;06/07/1969;F;natalia.marques512@yahoo.com.br;(31) 97894-3698;R. Dom Pedro II, N. S/N;SÃO JOSÉ;Belo Horizonte;mg;37370-944;S;05/11/2022
103411;JOANA F. MAGALHÃES;603.244.066-49;01/07/1961;F;joana.magalhaes821@uol.com.br;3295987478;Rua XV de Novembro, 553;VILA NOVA;Juiz de Fora - MG;MG;37737-092;;19/01/2021
103412;LARISSA GOMES FREITAS;59352328477;17/07/1989;F;larissa_fre881@uol.com;(11) 99356-1819;AV Getúlio Vargas, N. 2670;JARDIM DAS FLORES;Sampa;São Paulo;06434325;S;30/03/2024
103413;BEATRIZ  SANTOS MOREIRA ;199.932.812-47;22/04/1987;F;beatrizmoreira100@yahoo.com.br;(11) 99428-9604;Avenida Castro Alves, N. 938;CENTRO;São Paulo;SP;09779-105;S;13/06/2022
103414;SERGIO MAGALHAES;044.005.310-23;13/02/2002;M;;11 966104017;AVENIDA XV DE NOVEMBRO, N. 2797;BELA VISTA;Santo André;SP;08269845;N;16/06/2025
103415;CAIO MARTINS FREITAS;81672430526;08/07/1958;M;caio.freitas110@outlook.com;(11) 99466-3193;PÇ. PRESIDENTE VARGAS, N. 1319;BOA VISTA;São Paulo;SP;07747247;S;12/03/2024
103416;VINICIUS PEREIRA PEIXOTO BRANDAO;824.933.001-30;03/06/1957;M;vinicius.brandao154@bol.com.br;32 979684518;Rua Getúlio Vargas, N. 1228;CENTRO;Juiz de Fora;MG;33327431;N;18/05/2019
103417;CAIO SILVA;03081128579;15/04/1988;M;caio_sil955@hotmail.com;11 65876216;AV. DAS FLORES, Nº 501;VILA NOVA;São Paulo;SP;01016074;N;23/04/2023
103418;CAMILA  NUNES DIAS ;32825137634;16/03/1984;F;camila_dia902@bol.com.br;21964962139;RUA DA LIBERDADE, N. 2735;BELA VISTA;niterói ;RJ;26646-804;S;27/05/2025
103419;HELIO ASSUNCAO ANDRADE;902.979.300-79;28/07/1998;M;helio.andrade181@outlook.com;(21) 96480-6981;Rua das Palmeiras, 2563;CENTRO;Niterói;rj;27739086;N;17/08/2023
103420;DRA. TÂNIA OLIVEIRA GOMES;022.890.052-23;19/06/1989;F;taniagomes35bol.com.br;31999649408;Trav. XV de Novembro, nº 827 - Apto 12;SANTA CECÍLIA;Belo Horizonte;mg;35646-356;N;26/09/2021
103421;LETICIA MENDES CARVALHO MOREIRA;90411320319;20/06/1992;F;leticia_mor51627uol.com.br;4172418191;Av da Liberdade, 2689;LIBERDADE;Curitiba;PR;84521-459;N;08/03/2020
103422;JOAO  MOREIRA CARVALHO ;240.796.546-93;14/07/1959;M;joao_car900@uol.com.br;(21) 99089-2536;AL CASTRO ALVES, Nº 2631 - APTO 31;BELA VISTA;Rio de Janeiro;rj;26247473;S;15/06/2021
103423;CLAUDIA CARVALHO COSTA;140.890.874-30;23/08/1953;F;claudia.costa877@uol.com.br;11994178269;R. Santos Dumont, nº 2475;LIBERDADE;São Paulo;SP;02451-725;S;01/04/2020
103424;WAGNER CONCEICAO BRANDAO;56267938441;19/05/1951;M;;(21) 97439-8539;Rua Brasil, N. 1874 - Fundos;JARDIM AMÉRICA;Rio de Janeiro;RJ;29352-938;S;01/11/2020
103425;PRISCILA MARTINS GOMES;838.469.333-17;22/12/1958;F;priscila.gomes98321@bol.com.br;99303-4596;Praça São João, N. 1501 - Fundos;VILA MARIANA;Salvador;ba;47915-024;S;20/05/2024
103426;LUIZA RIBEIRO CARDOSO;39481864138;20/10/1957;F;luiza.cardoso895@outlok.com;41 973915031;Rua Santos Dumont, 2345 - Casa 2;JARDIM AMÉRICA;Curitiba - PR;PR;88106-267;S;17/05/2020
103427;TÂNIA SILVA;49734406809;10/02/1980;F;taniasilva750@bol.com;11 975797339;R DOM PEDRO II, Nº 1038 - APTO 12;LIBERDADE;São Paulo;;07888190;;06/07/2019
103428;MARCIA BRANDAO;116.740.548-07;01/10/1993;F;marcia.brandao683@bol.com.br;61 974219129;AVENIDA DAS PALMEIRAS, Nº 2997;JARDIM AMÉRICA;Brasília - DF;DF;73768881;N;28/11/2021
103429;FERNANDO  SOUZA GOMES BARBOSA ;706.548.936-16;14/05/1992;M;fernando.barbosa539@uol.com.br;(81) 96296-1985;Rua Rio Branco, 2685 - Bloco B Apto 104;CENTRO;Recife;pe;54383171;N;22/04/2025
103430;RAQUEL GOMES OLIVEIRA;79592277486;01/08/1991;F;raqueloliveira396@uol.com.br;11 975173441;Av Santos Dumont, N. 720 - Bloco B Apto 104;JARDIM AMÉRICA;São Paulo;SP;08667331;S;01/01/2024
103431;ANA MACHADO;37104100377;30/04/1997;F;;11 993634038;R. Santos Dumont, nº 1339;BELA VISTA;SAO PAULO;SP;09875961;N;05/04/2022
103432;RENATA R. COSTA;55640730374;29/03/2000;F;renata.costa77464@uol.com.br;41 974617928;Rua Presidente Vargas, nº 468 - Apto 12;JARDIM DAS FLORES;Curitiba;PR;86679694;S;21/07/2019
103433;FERNANDA  MENDES MOREIRA ;29378706475;05/07/1990;F;fernandamoreira983@uol.com.br;11974382393;R. Paulista, nº 2363 - Casa 2;CENTRO;São Paulo;SP;7775836;N;19/04/2022
103434;CÉSAR COSTA SOUZA;49905218114;25/04/1956;M;cesar.souza213@bol.com.br;11 992632041;Alameda da Liberdade, N. 360;PARQUE INDUSTRIAL;São Paulo;sp;06027-387;S;07/05/2023
103435;PRISCILA DIAS;44459535556;04/03/1961;I;priscila.dias296@outlook.com;(11) 99064-8655;R DA LIBERDADE, Nº 1811 - BLOCO B APTO 104;VILA NOVA;São Paulo;São Paulo;01144-109;S;24/05/2024
103436;VITORIA FREITAS;88651050895;02/06/1944;F;vitoria.freitas742@hotmail.com;(21) 8000-6787;Rua Getúlio Vargas, nº 539;BOA VISTA;Rio de Janeiro;RJ;25939191;S;10/12/2023
103437;SONIA PEREIRA SILVA;77539626631;21/05/1977;F;sonia_sil343@gmail.com;(41) 96952-3015;AV DA LIBERDADE, 1083 - BLOCO B APTO 104;SANTO ANTÔNIO;Curitiba - PR;PR;86444388;S;11/02/2024
103438;MARIANA PEIXOTO CARDOSO;889.178.830-95;08/12/1992;F;marianacardoso295@gmail.com;(11) 97258-7934;Alameda dos Ipês, N. 2627;JARDIM DAS FLORES;Santo André;São Paulo;03116828;S;02/04/2024
103439;RODRIGO GUIMARÃES GOMES;00415021162;03/08/1987;M;;(11) 96339-5012;AVENIDA DOS IPÊS, Nº 2357;VILA NOVA;São Paulo - SP;SP;4134350;N;19/06/2024
103440;FERNANDO CARDOSO PEIXOTO;64072963232;10/06/1992;M;fernando.peixoto687@gmail.com;96941-6071;R DOM PEDRO II, 321;SANTA CECÍLIA;Santo André;SP;01941-094;S;19/07/2021
103441;FERNANDA LIMA MELO;397.205.217-08;20/12/1985;F;;(11) 98628-4925;AV das Palmeiras, 698;SÃO JOSÉ;São Paulo;sp;4299720;S;17/01/2025
103442;WAGNER  CONCEICAO ;86645376405;02/05/1989;M;wagnerconceicao404@outlook.com;(11) 99540-6858;Rua das Palmeiras, nº 837;BELA VISTA;São Paulo - SP;São Paulo;05525786;S;28/05/2022
103443;GUSTAVO RODRIGUES DIAS;674.481.679-95;16/04/1982;M;gustavo.dias334@bol.com.br;(71) 97086-5236;R. PAULISTA, Nº 970 - FUNDOS;CENTRO;salvador ;BA;42365-382;;10/01/2025
103444;LÚCIA COSTA MACHADO ROCHA;206.054.848-99;05/12/1987;F;luciarocha995@hotmail.com;11 968027418;Travessa Rio Branco, nº 2938;BELA VISTA;São Paulo - SP;SP;01207-819;S;28/12/2020
103445;VITORIA  SILVA ROCHA ;34145498089;07/04/1975;F;vitoria.rocha32@yahoo.com.br;62 977697558;RUA RIO BRANCO, N. 2653;SÃO JOSÉ;Goiânia;GO;77314-386;S;07/07/2025
103446;GABRIELA  MAGALHAES FERREIRA LIMA ;82112839802;13/11/1970;F;gabriela.lima93388@hotmail.com;21981173742;Rua Tiradentes, 2809 - Apto 12;CENTRO;Rio de Janeiro;RJ;25713844;S;11/08/2020
103447;LUCAS FERREIRA;37806182578;22/04/1984;M;lucasferreira776@bol.com.br;32 97322433;TRAV. TIRADENTES, Nº 835;VILA MARIANA;Juiz de Fora - MG;MG;32565465;S;06/06/2022
103448;LUCIA RODRIGUES PEREIRA;28340431161;05/11/1971;F; LUCIAPEREIRA395@BOL.COM.BR ;11960402284;R. PRESIDENTE VARGAS, Nº 2637;BELA VISTA;São Paulo;sp;07619412;N;15/04/2022
103449;ANTONIO RIBEIRO CONCEICAO ALVES;28178090333;03/11/1973;M;antonioalves314@bol.con.br;(11) 98853-6243;Rua das Flores, nº 171 - Bloco B Apto 104;VILA MARIANA;Guarulhos;São Paulo;01688-156;S;16/09/2021
103450;JOÃO COSTA GUIMARÃES;86368452030;11/06/1966;;joao.guimaraes681@uol.com.br;(21) 99944-1501;R Santos Dumont, 2960;PARQUE INDUSTRIAL;RJ;rj;29090-072;N;22/05/2025
103451;RENATA NASCIMENTO ALVES;694.146.437-29;20/04/1998;F;renataalves839@hotmail.com;31992051914;RUA São João, 50 - Casa 2;SÃO JOSÉ;BH;;34793-686;S;22/06/2020
103452;MARCIO FERREIRA RIBEIRO;17895492055;24/05/1998;;marcio_rib96outlook.com;;Al. Marechal Deodoro, N. 640 - Bloco B Apto 104;JARDIM AMÉRICA;Goiânia;GO;79774-241;S;31/01/2025
103453;GABRIELA ROCHA;989.614.326-99;28/07/1993;F;;61 80464530;Rua da Liberdade, N. 1219;LIBERDADE;Brasília;Distrito Federal;74586800;N;03/12/2023
103454;HENRIQUE COSTA;48036983095;15/01/1978;M;henrique.costa3@outlook.com;(21) 98237-6958;Al. Sete de Setembro, S/N;SÃO JOSÉ;Rio de Janeiro;rj;22918661;N;15/03/2021
103455;PRISCILA OLIVEIRA SANTOS;57872182998;01/01/1900;F;priscila_san901@hotmail.com;(31) 97260-5075;Av. dos Andradas, N. 1155;SANTA CECÍLIA;Belo Horizonte;MG;32344-691;S;21/05/2022
103456;GABRIELA ARAÚJO ANDRADE FERREIRA;091.491.736-69;01/09/2002;F;gabriela.ferreira801@outlook.com;(31) 98721-9916;Avenida Getúlio Vargas, 1790;LIBERDADE;B. Horizonte;Minas Gerais;36909956;S;10/08/2022
103457;LARISSA ALVES MELO ASSUNÇÃO;53927802964;29/11/1973;F;larissa_ass209@gmail.com;(11) 97320-8368;RUA RIO BRANCO, Nº 2732;VILA NOVA;Santo André - SP;SP;01547869;N;03/01/2021
103458;MARIANA MARTINS BARBOSA;063.359.230-76;12/02/1998;F;mariana.barbosa444@yahoo.com.br;41974337619;AV PAULISTA, Nº 2264;PARQUE INDUSTRIAL;Curitiba;PR;89873110;N;27/07/2021
103459;LUIS COSTA;37539355140;03/05/1997;M;luis.costa43@bol.com.br;(11) 99367-8405;R. DAS FLORES, N. 1730;VILA NOVA;Guarulhos;sp;08036631;S;11/06/2020
103460;LÚCIA ASSUNÇÃO;42092944703;07/12/1979;F;luciaassuncao171@hotmail.com;62965527360;Av dos Andradas, N. 640 - Bloco B Apto 104;SÃO JOSÉ;Goiânia;go;78200-513;;29/09/2022
103461;CAMILA A. RIBEIRO;575.605.517-77;15/11/1986;F;camilaribeiro972@yahoo.com.br;71 965368994;AVENIDA SÃO JOÃO, 1886;SANTO ANTÔNIO;Salvador - BA;ba;43507839;S;06/01/2025
103462;RAFAEL  ALVES SOUZA ;78067628505;03/11/1977;M;rafael.souza74326@yahoo.com.br;62 989186385;R. Getúlio Vargas, nº 1662 - Casa 2;BELA VISTA;Goiânia;GO;76574057;S;09/05/2022
103463;CECILIA GOMES CARDOSO;16585523342;20/06/1997;F;cecilia.cardoso249@gmail.com;(11) 98080-8020;RUA DOS IPÊS, Nº 1887 - APTO 31;JARDIM AMÉRICA;São Paulo;SP;02071-536;;04/01/2020
103464;HELENA NUNES SANTOS;075.952.032-10;03/10/1969;F;helena.santos370@yahoo.com.br;41960807139;TRAV. RIO BRANCO, 2179;PARQUE INDUSTRIAL;Curitiba;Paraná;84547-237;N;22/07/2019
103465;LUÍZA SILVA GOMES;4,62366E+10;06/11/1984;F;luiza_gom820@yahoo.com.br;11983173670;RUA GETÚLIO VARGAS, N. 2675 - FUNDOS;LIBERDADE;São Paulo;sp;04147474;N;09/03/2019
103466;ANTONIO LIMA MOREIRA;115.341.528-30;04/02/2001;M;antonio.moreira690@uol.com.br;62964094022;R. TIRADENTES, Nº 1801;SÃO JOSÉ;Goiânia;GO;74961729;S;14/05/2024
103467;SIMONE MAGALHAES ROCHA;548.753.342-30;08/09/1974;F;simone.rocha208@yahoo.com.br;(16) 99406-9391;RUA MARECHAL DEODORO, 2628;SÃO JOSÉ;RIBEIRAO PRETO;sp;11576492;N;22/05/2025
103468;FERNANDO SUOZA;290.024.902-32;22/01/1992;M;fernando_sou32232@bol.com.br;11 966399757;Rua São João, nº 124;SÃO JOSÉ;Sampa;SP;08304984;N;11/06/2023
103469;MARCELO PEREIRA CARVALHO;637.934.502-79;08/09/1985;M;marcelo.carvalho887@gmail.com;;RUA RIO BRANCO, 1067;VILA MARIANA;Campinas;sp;11230920;N;03/04/2019
103470;MARCIO MARTINS;942.855.793-59;01/02/1972;M; MARCIOMARTINS673@HOTMAIL.COM ;;RUA PAULISTA, N. S/N - CASA 2;BOA VISTA;CAMPINAS;;18564-730;N;28/06/2025
103471;JOANA RIBEIRO;104.361.719-10;13/07/1967;F;;(71) 98455-7273;R. SÃO JOÃO, N. 643;PARQUE INDUSTRIAL;Salvador;BA;47359195;N;22/12/2020
103472;VITORIA NASCIMENTO MACHADO;82746254808;20/12/1970;F;vitoria_mac820@hotmail.com;(32) 97998-1385;Av. da Liberdade, 2604 - Casa 2;JARDIM AMÉRICA;JUIZ DE FORA;MG;35459594;N;07/10/2025
103473;CECILIA MARQUES GUIMARAES;89229120227;07/02/1971;F;cecilia.guimaraes499@@bol.com.br;21 979884691;RUA DOM PEDRO II, Nº 452;PARQUE INDUSTRIAL;Niterói;RJ;22448-036;S;31/03/2021
103474;TANIA ROCHA MAGALHAES;48609965775;21/04/1995;F;tania_mag871@yahoo.com.br;21981411043;AVENIDA SANTOS DUMONT, N. 2642;VILA NOVA;Rio de Janeiro;RJ;21904796;N;28/02/2022
103475;PATRÍCIA RIBEIRO SANOTS;605.207.105-25;10/12/1998;F;patricia.santos490@gmail.com;11 86388519;Avenida das Palmeiras, N. 559;BELA VISTA;SAO PAULO;SP;04024827;N;02/06/2022
103476;OTAVIO ANDRADE SANTOS;419.967.610-48;25/08/1987;M;otavio.santos962@hotmail.com;16976812185;RUA DAS FLORES, N. 1293;BOA VISTA;Ribeirão Preto;SP;15456785;N;12/10/2020
103477;CLAUDIA GUIMARAES MARQUES;14719686508;23/08/1951;F;claudia.marques447@bol.com.br;61 73937455;Rua das Palmeiras, nº 1236;SANTA CECÍLIA;Brasília;df;71450630;;22/04/2022
103478;GABRIELA RIBEIRO MARQUES;28474820910;31/05/1990;F;gabrielamarques48062@bol.com.br;11 69508818;R. SANTOS DUMONT, N. 1600 - APTO 12;JARDIM AMÉRICA;São Paulo;São Paulo;06843384;S;04/05/2022
103479;RAQUEL MELO LIMA;43027713728;20/01/1983;F;debora_gui430@uol.com.br;41 68942978;Avenida dos Ipês, 1654;VILA MARIANA;CURITIBA;Paraná;89306019;N;08/03/2025
103480;BRUNO RIBEIRO ROCHA;933.958.714-60;15/02/1977;;brunorocha854@uol.com.br;96308-5927;Rua Brasil, N. 2989 - Fundos;JARDIM AMÉRICA;Ribeirão Preto;São Paulo;13673-696;S;17/02/2019
103481;RAFAEL P. SOUZA;7,31528E+10;08/12/1977;M;rafael_sou37@outlook.com;(71) 99655-6596;R. SÃO JOÃO, N. 200;BELA VISTA;Salvador - BA;ba;48180-373;N;13/12/2020
103482;HELENA ARAÚJO CARVALHO RIBEIRO;16926939306;26/03/1960;F;;41 69904506;Rua Getúlio Vargas, 2408;SANTO ANTÔNIO;Curitiba;pr;87651279;S;18/07/2022
103483;CAMILA LIMA;22965617647;15/01/1979;F;camilalima240@bol.com.br;61 975281336;AL PAULISTA, 1267;SÃO JOSÉ;Brasília;Distrito Federal;72582-825;N;18/06/2020
103484;BRUNO NUNES SANTOS;485.714.697-50;18/04/1991;M;bruno.santos469@bol.com.br;48999262492;RUA MARECHAL DEODORO, N. 2228 - FUNDOS;SÃO JOSÉ;Florianópolis;sc;85620-246;;06/11/2020
103485;MATEUS NASCIMENTO;699.241.121-72;08/03/1978;M; MATEUS.NASCIMENTO363@UOL.COM.BR ;41 973791596;TRAVESSA DA LIBERDADE, 455;BOA VISTA;Curitiba;PR;81673-510;N;03/09/2024
103486;LUCAS DIAS BRANDAO;637.491.702-23;28/09/1978;M;;51976818048;RUA MARECHAL DEODORO, 2586;SANTO ANTÔNIO;Porto Alegre;rs;91009-212;S;19/07/2021
103487;RODRIGO CARVALHO;76764633637;21/06/1965;M;rodrigocarvalho21218@yahoo.com.br;(11) 97619-1349;AV Marechal Deodoro, nº 2723 - Apto 12;VILA MARIANA;SP;sp;08026-118;N;03/04/2019
103488;RAQUEL  NUNES ;9098164927;09/11/1966;F;raquel_nun734@yahoo.com.br;(19) 97967-3415;RUA DAS FLORES, N. 1100;SÃO JOSÉ;Campinas;SP;19505-953;S;02/02/2020
103489;CESAR FREITAS GUIMARAES;238.511.572-73;27/02/1995;M;cesar.guimaraes914@outlook.com;32 967621723;Avenida Dom Pedro II, nº 2855;SÃO JOSÉ;Juiz de Fora;Minas Gerais;32920903;;20/06/2019
103490;LARISSA ROCHA SILVA;6,93163E+10;29/04/1991;; LARISSASILVA18@GMAIL.COM ;31979948559;Rua São João, 2783;JARDIM DAS FLORES;Belo Horizonte;MG;36709066;S;30/06/2023
103491;ISABELA MENDES ALVES;061.956.185-86;29/05/1973;F;isabela_alv592@gmail.com;11968295340;Rua São João, nº 2956 - Bloco B Apto 104;BOA VISTA;SAO PAULO;sp;04951-410;S;08/09/2025
103492;TAINA DIAS GOMES;29405926756;18/09/1965;F;tania.gomes963@bol.com;71 967932184;PRAÇA SÃO JOÃO, 2857;SANTO ANTÔNIO;Salvador;ba;46535-244;S;04/06/2023
103493;PAULO  FERREIRA ;36851754673;18/07/1997;M;paulo.ferreira677@outlook.com;62 988295408;AV MARECHAL DEODORO, 2664 - APTO 12;BOA VISTA;Goiânia;go;78369533;S;24/12/2019
103494;LETÍCIA  ANDRADE MENDES ;076.009.385-70;31/01/1976;F;leticia_men597@uol.com.br;11 989636089;Rua Dom Pedro II, nº 814 - Casa 2;SANTO ANTÔNIO;São Paulo;São Paulo;6206003;;12/08/2020
103495;JÚLIA PEREIRA;35161722746;27/04/1979;I;julia.pereira672@outlook.com;21987264558;AV dos Andradas, nº 533;PARQUE INDUSTRIAL;Rio de Janeiro;;29697-476;S;16/01/2023
103496;PARTÍCIA SANTOS BRANDÃO;39994613308;29/09/1959;F;patricia_bra398@gmail.com;(11) 97353-4063;Avenida Castro Alves, nº 2100 - Apto 12;BOA VISTA;são paulo ;sp;02064185;S;02/06/2024
103497;JOSÉ BARBOSA ALVES;35190940454;18/09/1999;M;jose.alves38@gmail.com;(51) 99851-5603;Rua Brasil, nº 1156;BELA VISTA;Porto Alegre;RS;98458368;S;25/11/2021
103498;MARCIO NUNES LIMA;414.728.624-06;18/12/1985;M;marcio.lima636@uol.com.br;11 967373321;RUA TIRADENTES, Nº 2710 - CASA 2;SÃO JOSÉ;Sampa;SP;1964887;;18/08/2021
103499;SRA. ANTÔNIO MENDES;210.396.370-94;01/03/1959;M;antonio_men900@gmail.com;(21) 98228-6896;Avenida Marechal Deodoro, nº 743;VILA NOVA;Rio de Janeiro;RJ;28147-738;N;26/12/2019
103500;LUCIA COSTA OLIVEIRA;962.577.914-05;09/12/1955;;lucia.oliveira246@hotmail.com;(48) 99356-1620;R São João, 718;BELA VISTA;Florianópolis;SC;84190-740;N;01/04/2019
103501;LARISSA CARVALHO;30614977657;28/01/1980;F;larissacarvalho668@hotmail.com;(19) 99297-3202;R BRASIL, N. 2114;CENTRO;Campinas;SP;19311473;;14/12/2024
103502;LEONARDO LIMA;51857656903;13/03/1969;M;leonardolima804@gmail.com;;Travessa Tiradentes, N. 1029 - Bloco B Apto 104;PARQUE INDUSTRIAL;Brasília;DF;75644210;N;25/10/2023
103503;VINÍCIUS SOUZA;02917667222;03/08/1983;M;vinicius_sou55@hotmail.com;71976423191;Avenida da Liberdade, N. 2428;PARQUE INDUSTRIAL;Salvador;ba;45547955;S;16/12/2020
103504;FABIO CARVALHO GOMES BRANDAO;11153566079;07/03/1985;M;fabiobrandao127@yahoo.com.br;32987427023;AVENIDA GETÚLIO VARGAS, 2525;VILA MARIANA;Juiz de Fora;Minas Gerais;33887555;S;25/05/2021
103505;ANTONIO RODRIGUES;297.897.713-20;13/01/1993;M;antonio.rodrigues710@bol.com.br;31 965612227;RUA DOS IPÊS, Nº 1578 - FUNDOS;JARDIM AMÉRICA;Belo Horizonte;MG;38175783;S;18/11/2020
103506;CLAUDIA  DAIS ;17845348112;22/01/1991;F;claudiadias466@yaho.com.br;62961416819;PÇ. DOS ANDRADAS, N. 413;VILA MARIANA;Goiânia;GO;75803-118;;12/11/2020
103507;DANIEL  MELO SOUZA MARTINS ;74949600583;04/02/1984;M;daniel.martins68@hotmail.com;11999556652;Rua Marechal Deodoro, 2612;SANTA CECÍLIA;São Paulo;sp;08650085;;26/10/2021
103508;ANTONIO NASCIMENTO;67441996414;19/09/1977;M;antonionascimento937@outlook.com;11996935699;Rua das Palmeiras, N. 468;JARDIM AMÉRICA;São Paulo;SP;04338-437;S;13/03/2021
103509;GABRIELA FREITAS BARBOSA LIMA;69162408909;31/03/1977;F;gabrielalima533@bol.com.br;11 961689359;Avenida XV de Novembro, 2514;JARDIM DAS FLORES;São Paulo;sp;06010-150;S;27/07/2024
103510;EDUARDO GOMES;70777647613;21/02/1995;M;;19981039129;AL. TIRADENTES, Nº 1922;JARDIM DAS FLORES;CAMPINAS;;15197-734;N;14/05/2021
103511;FABIO SILVA MARTINS;74760005790;27/01/2002;M;fabio.martins10@gmail.com;4181337972;Avenida Sete de Setembro, N. 1911 - Fundos;CENTRO;Curitiba;pr;85445-784;S;08/06/2025
103512;BEATRIZ SANTOS MELO;392.199.777-10;14/12/1961;F;beatrizmelo23482@bol.com.br;(61) 99474-2381;RUA PRESIDENTE VARGAS, Nº 2305;VILA NOVA;Brasília;DF;71817-056;S;17/02/2019
103513;CAMILA FERREIAR MARTINS;03777223575;01/01/1988;F;camila.martins901@outlook.com;(21) 98119-6867;R Rio Branco, 2637;VILA NOVA;Rio de Janeiro;RJ;25304874;S;02/04/2020
103514;JOAO SOUZA MARQUES OLIVEIRA;49245663655;12/04/1988;I;joaooliveira663@outlook.com;(71) 8040-8506;Rua dos Ipês, nº 2358;SÃO JOSÉ;Salvador;BA;43386-771;S;02/01/2021
103515;ANDRÉ SOUZA MELO SANTOS;585.285.339-99;03/03/1991;M;andre.santos63335@gmail.com;(31) 98544-4411;R Sete de Setembro, N. 2481;SANTA CECÍLIA;Belo Horizonte;MG;36898529;N;09/07/2019
103516;LUÍZA RODRIGUES;753.947.373-80;10/01/1970;F;luizarodrigues1@hotmail.com;81 982889442;RUA XV DE NOVEMBRO, Nº 1259;CENTRO;Recife;PE;51097-770;S;20/09/2020
103517;GABRIELA RIBEIRO GUIMARAES;55292825204;06/04/1960;F;gabrielaguimaraes617@gmail.com;99992-6490;Avenida Paulista, nº 14;BOA VISTA;São Paulo;sp;04515249;S;08/08/2020
103518;SIMONE OLIVEIRA ARAÚJO;48931127596;07/02/1934;F;simone.araujo259@yahoo.com.br;(71) 96464-3329;R. Presidente Vargas, 325;VILA MARIANA;salvador ;BA;47410-251;S;23/12/2023
103519;MARCELO FREITAS;9,12284E+10;26/07/1991;M;marcelofreitas45227@bol.com.br;41 984196113;PRACA Rio Branco, 2549;SANTO ANTÔNIO;Curitiba;pr;82292-410;;15/05/2021
103520;LETÍCIA CARVALHO ALVES;668.369.946-18;19/08/1986;F;leticiaalves71@hotmail.com;32 970727497;AV BRASIL, Nº 1860;JARDIM DAS FLORES;Juiz de Fora;MG;33949842;S;07/01/2023
103521;SÔNIA CARDOSO MENDES;641.730.349-70;09/01/1974;;sonia.mendes357@yahoo.com.br;11994416688;R. Paulista, nº 1127;LIBERDADE;São Paulo;SP;01430839;S;13/08/2021
103522;WAGNER GOMES;58660761103;16/11/1986;M;wagner.gomes179@hotmail.com;11993622324;RUA SETE DE SETEMBRO, Nº 219;JARDIM AMÉRICA;São Paulo;sp;5496011;;14/04/2024
103523;LEONARDO MACHADO;557.560.177-39;31/12/1933;;leonardo_mac487@yahoo.com.br;21980786212;R Tiradentes, nº 1224;JARDIM AMÉRICA;Rio de Janeiro;RJ;25415-167;S;05/08/2019
103524;HELIO ANDRADE MAGALHAES MARQUES;219.794.617-08;15/02/1997;M;helio.marques307@yahoo.com.br;11 996033346;R Presidente Vargas, nº 2831;BELA VISTA;São Paulo;SP;01861556;N;03/07/2022
103525;SIMONE  ARAUJO MENDES ;194.385.449-17;03/03/1971;F;simonemendes647@outlook.com;11 987595992;R CASTRO ALVES, 317;LIBERDADE;São Paulo;sp;6090615;S;16/06/2025
103526;LUIZA FREITAS OLIVEIRA;11309550794;19/11/1981;F;luiza_oli926@gmail.com;(11) 97054-4248;RUA da Liberdade, 2118;BELA VISTA;Santo André;São Paulo;06621-880;S;26/04/2024
103527;CECÍLIA NUNES ASSUNÇÃO;22089431989;28/06/1980;F;cecilia_ass692@uol.com.br;11 972484543;RUA CASTRO ALVES, N. 1107;JARDIM AMÉRICA;São Paulo;SP;9960686;N;01/11/2023
103528;JÚLIA RODRIGUES ANDRADE RIBEIRO;698.408.385-04;18/01/1998;F;julia_rib577@bol.com.br;51970175283;RUA Marechal Deodoro, 1048;PARQUE INDUSTRIAL;PORTO ALEGRE;Rio Grande do Sul;98812098;N;17/11/2023
103529;CAMILA MAGALHÃES DIAS;829.824.516-46;05/01/1983;F; CAMILA.DIAS84@HOTMAIL.COM ;21978593113;AV BRASIL, 2052;VILA MARIANA;Rio de Janeiro;Rio de Janeiro;21516710;N;15/02/2023
103530;LÚCIA OLIVEIRA GOMES;41594486239;24/09/1984;F;lucia.gomes101@hotmail.com;(11) 96551-9585;Rua XV de Novembro, N. 1864;VILA MARIANA;são paulo ;sp;06046-396;N;26/04/2022
103531;CECÍLIA LIMA MAGALHÃES PEREIRA;46981290952;09/10/1972;F;cecilia.pereira247@bol.com.br;2162822956;AV São João, nº 1611;JARDIM AMÉRICA;NITEROI;Rio de Janeiro;24155121;S;31/12/2024
103532;BRUNO ROCHA FERREIRA;3,18798E+10;18/04/1986;M;brunoferreira941@outlook.com;11962987622;R. Sete de Setembro, 830 - Casa 2;SÃO JOSÉ;SANTO ANDRE;São Paulo;07561338;N;12/08/2022
103533;HÉLIO PEREIRA PEIXOTO;89256389592;15/04/1993;M;helio.peixoto608@gmail.com;1165777459;R DOM PEDRO II, N. 1405;JARDIM AMÉRICA;São Paulo;São Paulo;06192-590;N;19/01/2024
103534;MARCELO OLIVEIRA SOUZA;80510359337;23/11/1961;M;marcelo_sou184@gmail.com;;Rua dos Ipês, 2079;VILA NOVA;Belo Horizonte;MG;34601-879;S;28/07/2025
103535;THIAGO MELO CARDOSO;63708472403;01/02/2000;M;thiago.cardoso975@hotmail.com;(11) 96915-4822;Rua Castro Alves, 1328 - Casa 2;LIBERDADE;São Paulo;sp;02155615;S;31/01/2025
103536;CAIO SILVA NUNES;29614310774;31/01/1942;M;caio.nunes187@outlook.com;11966115578;R Tiradentes, nº 1734;BELA VISTA;São Paulo;SP;02994675;;26/03/2025
103537;JOAO MELO RIBEIRO LIMA;651.082.944-41;20/12/1988;; JOAO_LIM296@GMAIL.COM ;21964272152;Rua Castro Alves, nº S/N;SANTA CECÍLIA;RIO DE JANEIRO;Rio de Janeiro;22531462;N;27/08/2023
103538;CAIO SANTOS COSTA;269.749.622-07;11/05/1977;M;caio_cos620@bol.com.br;5189607797;Av. das Flores, 36;VILA MARIANA;PORTO ALEGRE;Rio Grande do Sul;94182868;N;22/12/2021
103539;NATALIA MELO;237.639.495-34;16/06/1985;F;nataliamelo733@uol.com.br;(21) 96336-6379;R. XV DE NOVEMBRO, Nº 1400;SANTA CECÍLIA;NITEROI;RJ;25534-102;N;21/12/2024
103540;BEATRIZ OLIVEIRA GOMES;690.860.812-31;24/05/1980;F;beatriz_gom143@hotmail.com;19 981639695;Rua Rio Branco, N. 2613;CENTRO;CAMPINAS;SP;17662255;S;16/01/2019
103541;LUCAS MACHADO FERREIRA;828.681.550-57;11/05/1970;M;lucas_fer61392@outlook.con;2160879376;Avenida das Flores, 1882;BOA VISTA;niterói ;rj;27170592;S;13/08/2024
103542;RAQUEL ALVES;67396952530;19/01/1985;F;raquel.alves864@@yahoo.com.br;71 990995530;R SÃO JOÃO, N. 1047;BOA VISTA;Salvador;BA;48308223;N;02/11/2019
103543;HELENA FREITAS FERREIRA;94988887790;25/03/1986;F;helena_fer803@gmail.com;48 964141262;R Santos Dumont, 1763;BOA VISTA;Florianópolis;SC;89484813;N;01/02/2023
103544;TANIA DIAS COSTA;66541748608;08/11/1993;I;tania.costa9@outlook.com;(31) 97359-5415;RUA MARECHAL DEODORO, 639;SANTA CECÍLIA;Belo Horizonte;MG;37686-133;S;18/04/2020
103545;CLAUDIA MENDES DIAS;95891939041;11/01/1989;F;claudia_dia618@uol.com.br;(61) 97506-9952;R. das Flores, nº 327;CENTRO;Brasília;Distrito Federal;71732693;N;08/09/2025
103546;DANIEL FREITAS MELO MENDES;7,48763E+10;17/02/1966;M;daniel.mendes362@;(11) 8291-6380;RUA RIO BRANCO, N. 1485;CENTRO;São Paulo;SP;04896-523;S;04/11/2020
103547;LETICIA MAGALHAES MOREIRA;878.568.576-33;19/10/1986;F;leticiamoreira920@outlook.com;11 981183507;AVENIDA DAS FLORES, N. 2623;JARDIM AMÉRICA;Guarulhos;sp;03912150;N;30/10/2019
103548;LUCIA SOUZA CARDOSO;93720467104;06/06/1995;F;lucia.cardoso814@uol.com.br;51 975038381;Travessa Brasil, 301 - Bloco B Apto 104;SANTO ANTÔNIO;Porto Alegre;rs;91731320;N;16/02/2019
103549;CECÍLIA FREITAS SANTOS;22367146292;08/10/1975;F;cecilia_san716@uol.com.br;(11) 96791-4130;Rua dos Andradas, 1689;SÃO JOSÉ;São Paulo;SP;01302-527;N;06/04/2021
103550;BEATRIZ COSTA BRANDAO;455.569.368-03;10/03/1999;F; BEATRIZ_BRA659@BOL.COM.BR ;11 969208182;RUA DOM PEDRO II, N. 1889 - CASA 2;LIBERDADE;São Paulo;São Paulo;02146999;N;06/05/2022
103551;LUIS SILVA CARVALHO CARDOSO;73082530311;02/03/1999;M;luiscardoso871@outlook.com;(19) 98351-3301;RUA BRASIL, 675;VILA MARIANA;Campinas;SP;16725947;S;03/09/2022
103552;THIAGO ARAUJO;563.708.103-47;25/04/1975;I;thiago.araujo157@uol.com.br;11 980942014;RUA DAS FLORES, N. 383 - BLOCO B APTO 104;LIBERDADE;SAO PAULO;SP;04880-760;S;16/01/2024
103553;ISABELA MOREIRA BARBOSA MOREIRA;509.304.432-68;23/03/1988;F;isabela.moreira989@uol.com.br;(11) 98422-9652;RUA DOS IPÊS, N. 1151;CENTRO;São Paulo;São Paulo;8137595;S;18/11/2021
103554;ISABELA R. SANTOS;71598002570;26/03/1993;F;isabelasantos956@bol.com.br;(41) 96565-9105;Avenida Paulista, nº 1903;BOA VISTA;Curitiba;Paraná;87163-640;S;11/07/2024
103555;PATRICIA FERREIRA PEREIRA;43636771981;10/06/1959;F;patricia.pereira257@gmail.com;(11) 97886-8827;Rua Rio Branco, N. 1136;LIBERDADE;São Paulo;São Paulo;09026-751;N;26/09/2025
103556;CAIO P. ANDRADE;92099298297;09/06/1987;M;caioandrade676@outlook.com;5180319521;AVENIDA SÃO JOÃO, Nº 1019;JARDIM DAS FLORES;Porto Alegre;rs;99857919;N;15/02/2025
103557;JOSE CARVALHO;567.359.930-71;09/09/2002;M;jose_car469@uol.com.br;11 89339191;RUA Paulista, 2414 - Bloco B Apto 104;SANTO ANTÔNIO;São Paulo;sp;4555943;N;26/02/2024
103558;DANIEL MOREIRA BRANDAO MENDES;85698096031;18/03/2001;M;danielmendes644@hotmail.com;(81) 97425-2634;Rua da Liberdade, N. 228 - Apto 12;JARDIM DAS FLORES;Recife;;52359-604;N;06/02/2022
103559;GABRIELA  MARQUES ;121.559.682-05;12/02/1960;F;gabriela_mar242@hotmail.com;11 991149977;Rua XV de Novembro, 1871;CENTRO;São Paulo - SP;São Paulo;06252-058;N;16/07/2024
103560;WAGNER GUIMARAES DIAS;241.387.059-88;07/03/1987;M; WAGNER_DIA774@HOTMAIL.COM ;(41) 96180-9796;Rua das Flores, nº 249;BELA VISTA;Curitiba;pr;85199389;N;13/08/2019
103561;SIMONE NASCIMENTO SANTOS;032.427.430-08;05/11/1984;F;simonesantos662@hotmail.com;41 973403886;AV MARECHAL DEODORO, Nº 1274 - FUNDOS;CENTRO;Curitiba;Paraná;89815734;N;18/07/2019
103562;THIAGO MAGALHAES;388.151.950-50;01/01/1900;M;thiagomagalhaes640@outlook.com;21984007586;AVENIDA PAULISTA, 1809;BOA VISTA;Rio de Janeiro;Rio de Janeiro;21564-865;N;19/12/2025
103563;MARIANA MACHADO ANDRADE GUIMARÃES;13985989176;10/12/2000;F;mariana_gui71@gmail.com;(51) 98332-7040;R. Getúlio Vargas, 653;SANTA CECÍLIA;Porto Alegre;Rio Grande do Sul;98314577;S;19/12/2019
103564;VITÓRIA ROCHA SOUZA;150.920.228-50;22/09/1991;F;vitoria.souza269@bol.com.br;(21) 99025-5758;Rua das Flores, nº 196;VILA MARIANA;Niterói;rj;25201888;N;04/08/2024
103565;MATEUS  BRANDAO CARDOSO ;210.918.825-17;04/07/1979;M;mateus.cardoso532@yahoo.com.bt;31970229146;AVENIDA SANTOS DUMONT, N. 587;JARDIM AMÉRICA;Belo Horizonte;MG;31917813;N;30/07/2019
103566;FERNANDA ROCHA LIMA RIBEIRO;64342305674;02/03/1971;F;luiza_mel585@bol.com.br;11985676002;AVENIDA XV DE NOVEMBRO, S/N;BELA VISTA;São Paulo;SP;02544333;S;25/10/2021
103567;MATEUS M. CARVALHO;42419958292;23/05/1991;M;mateus.carvalho522@bol.com.br;11 975228925;R. SANTOS DUMONT, 2603;JARDIM AMÉRICA;São Paulo;SP;1210327;S;10/12/2022
103568;MÁRCIO  NASCIMENTO ;321.286.733-72;14/08/1969;M;marcio_nas863@uol.com.br;(51) 99984-2331;Avenida Rio Branco, nº 2657;JARDIM AMÉRICA;Porto Alegre;rs;98985892;S;12/11/2019
103569;DEBORA ROCHA LIMA;943.551.928-81;17/03/1985;F;deboralima239@bol.com.br;(19) 99960-5752;RUA BRASIL, N. 1844;JARDIM AMÉRICA;Campinas;sp;17619595;S;18/12/2023
103570;VINICIUS NUNES;06947494273;01/03/1959;M;viniciusnunes174@bol.com.br;(21) 98428-9737;TRAVESSA XV DE NOVEMBRO, Nº 670;SANTO ANTÔNIO;Rio de Janeiro;Rio de Janeiro;23648887;S;17/07/2020
103571;GUSTAVO RODRIGUES DIAS;674.481.679-95;16/04/1982;M;gustavo.dias334@bol.com.br;(71) 97467-2194;R PAULISTA, 970 - FUNDOS;CENTRO;Salvador - BA;BA;42365382;N;06/09/2021
103572;ISABELA GUIMARÃES COSTA PEIXOTO;02031515973;06/06/1989;F;isabelapeixoto873@gmail.com;2162024758;RUA Paulista, 243 - Apto 31;SANTO ANTÔNIO;Rio de Janeiro;RJ;25280198;S;06/02/2019
103573;DR.  DEBORA ANDRADE MAGALHAES ;032.317.135-44;24/05/1997;;debora.magalhaes662@hotmail.com;31979867112;Rua Marechal Deodoro, N. 2176;LIBERDADE;Belo Horizonte - MG;MG;33012-976;N;24/12/2025
103574;WAGNER CONCEICAO;49844204569;18/04/1999;M; WAGNER.CONCEICAO277@UOL.COM.BR ;71 993246123;TRAVESSA PRESIDENTE VARGAS, N. 1509;SÃO JOSÉ;Salvador;BA;45610528;S;02/06/2019
103575;WAGNER NUNES;530.689.711-87;30/09/1987;M;wagnernunes799@gmail.com;71979878927;RUA DA LIBERDADE, 524;SANTA CECÍLIA;Salvador;BA;48059-666;S;31/07/2021
103576;RENATA  NUNES RODRIGUES ;595.995.507-57;08/10/1994;F;renatarodrigues6353@gmail.com;7178385388;PÇ. TIRADENTES, 89;BELA VISTA;Salvador;ba;45175487;S;09/09/2023
103577;RAQUEL ALVES MELO;64969780773;05/01/1982;F;raquel.melo18565@gmail.com;32966294171;Travessa dos Ipês, N. 986;BELA VISTA;JUIZ DE FORA;MG;32439-781;N;06/03/2023
103578;GUSTAVO NUNES;71983546704;15/04/1988;;gustavo_nun539@yahoo.com.br;(21) 96470-7372;Travessa dos Ipês, nº 2050;BOA VISTA;Rio de Janeiro;Rio de Janeiro;23836581;S;31/07/2022
103579;SÉRGIO ASSUNÇÃO MAGALHÃES;949.957.602-96;23/03/1976;M;sergio.magalhaes775@hotmail.com;11 70733741;R. Tiradentes, 2786;SÃO JOSÉ;São Paulo;SP;03119880;N;12/12/2023
103580;RENATA MENDES GOMES;41971579246;31/01/1986;F;renata.gomes1@yahoo.com.br;11 63525721;RUA DOM PEDRO II, Nº 226 - APTO 31;VILA MARIANA;São Paulo;SP;03222588;N;08/12/2020
103581;LUCAS MENDES GUIMARAES;54659416267;31/07/1968;M;lucasguimaraes63679@outlook.com;51 983865197;Trav. Marechal Deodoro, nº 1585;VILA MARIANA;Porto Alegre;Rio Grande do Sul;91927516;N;13/03/2022
103582;SIMONE RODRIGUES;067.028.364-90;08/04/1997;;simonerodrigues939@gmail.com;(21) 96027-2021;PRAÇA SANTOS DUMONT, Nº 2348;PARQUE INDUSTRIAL;Rio de Janeiro;rj;21987545;S;17/12/2025
103583;TANIA MOREIRA GUIMARAES;22140254562;06/06/1992;F;tania.guimaraes951@bol.com.br;48983797383;RUA SETE DE SETEMBRO, Nº 1082;VILA MARIANA;Florianópolis;;89502015;S;28/10/2022
103584;CLAUDIA SOUZA;560.763.635-68;03/12/1970;F;;(62) 97800-7869;R. DOS IPÊS, N. 2312;CENTRO;Goiânia;GO;72191708;N;17/11/2024
103585;NATÁLIA NASCIMENTO FREITAS;784.399.222-72;24/03/1969;F;natalia.freitas237@hotmail.com;21 74938788;R TIRADENTES, 2767;LIBERDADE;Rio de Janeiro;Rio de Janeiro;21216-247;;05/11/2022
103586;LARISSA CONCEICAO CONCEICAO;010.081.604-58;16/11/1990;F;larissa_con371@hotmail.com;(62) 7756-1933;Rua Paulista, N. 1836;VILA MARIANA;Goiânia;Goiás;78229-647;S;15/03/2025
103587;MARCIA  NUNES ;921.921.515-27;17/04/1978;F;marcia_nun399@gmail.com;(11) 98942-7860;R. BRASIL, N. 2201;BELA VISTA;Guarulhos;SP;1594590;S;08/04/2024
103588;HELENA  LIMA ;28754352720;20/09/1978;F;helena.lima73570@uol.com.br;(11) 97546-9970;AV. DOS IPÊS, Nº 1323;VILA NOVA;Guarulhos;São Paulo;01229-740;S;25/04/2020
103589;JOSE COSTA PEIXOTO BRANDAO;35204616411;27/02/1965;M;josebrandao238@uol.com.br;(11) 97655-2798;Av. das Palmeiras, N. 2151;JARDIM AMÉRICA;SAO PAULO;SP;06249-542;S;02/07/2025
103590;HENRIQUE DIAS OLIVEIRA;421.439.332-58;30/04/1987;M;;21999967061;Rua Getúlio Vargas, nº 759;SANTA CECÍLIA;Rio de Janeiro;RJ;26486483;N;12/09/2021
103591;GUSTAVO LIMA;42412240590;22/11/1987;M;gustavo.lima220@bol.com.br;;Rua Marechal Deodoro, N. 1645 - Apto 12;VILA NOVA;Belo Horizonte;MG;31397810;S;11/05/2023
103592;HENRIQUE ALVES DIAS;28821068900;27/12/1975;M;henrique_dia571@hotmail.com;31 984256742;AV SETE DE SETEMBRO, N. 861 - FUNDOS;SANTA CECÍLIA;Belo Horizonte;mg;39702970;S;06/10/2019
103593;GABRIELA OLIVEIRA MARQUES;44396406487;10/12/1984;F;;32971903746;RUA SETE DE SETEMBRO, Nº 2575 - APTO 12;SANTA CECÍLIA;Juiz de Fora;Minas Gerais;36520688;S;28/03/2022
103594;THIAGO MACHADO BARBOSA ALVES;157.393.516-69;22/10/1969;M;thiagoalves46@hotmail.com;(61) 96203-9110;Avenida das Palmeiras, 2278;JARDIM DAS FLORES;BRASILIA;DF;79580773;S;22/09/2023
103595;LUIZA BARBOSA RIBEIRO;70375670009;03/03/1990;F;luiza.ribeiro800@hotmail.com;21995916827;Rua Castro Alves, 2081;CENTRO;Rio de Janeiro;RJ;21525-766;S;14/04/2024
103596;MARCIA FERREIRA MELO;083.666.441-89;18/10/1985;F;marciamelo922@outlook.com;21 980573327;AVENIDA PRESIDENTE VARGAS, 1511;SANTO ANTÔNIO;Niterói;Rio de Janeiro;24428662;N;19/02/2020
103597;MARCELO MELO ALVES FREITAS;935.351.646-30;25/05/1998;M;marcelo.freitas149@uol.com.br;1189741675;Travessa das Flores, N. 2842;BOA VISTA;são paulo ;São Paulo;6137943;N;20/06/2022
103598;RAFAEL MAGALHÃES;35241454691;06/08/1998;M;rafaelmagalhaes372@;98067-2290;Avenida Dom Pedro II, nº 954;BOA VISTA;Curitiba;Paraná;81706-464;N;05/01/2024
103599;OTÁVIO NASCIMENTO GOMES;80132250896;17/08/1977;M;otaviogomes826@outlook.com;96746-9174;AV XV de Novembro, N. 2067;JARDIM DAS FLORES;SAO PAULO;São Paulo;9016432;S;16/12/2020
103600;NAATLIA MOREIRA COSTA;48668501321;29/07/1995;F;natalia_cos885@bol.com.br;11 999238833;Rua da Liberdade, 753;BELA VISTA;São Paulo;sp;06135730;S;22/01/2021
103601;CAMILA LIMA BARBOSA;186.216.796-63;16/11/1987;F;camila.barbosa948@hotmail.com;81 960715445;RUA Castro Alves, N. 1444 - Apto 12;BELA VISTA;Recife;pe;57206916;S;01/11/2024
103602;VINICIUS MARQUES;74044250774;17/04/1956;M;vinicius.marques776@bol.com.br;(19) 96754-9488;RUA DOM PEDRO II, 2871;VILA MARIANA;Campinas;SP;18433784;N;01/07/2025
103603;TANIA GUIMARAES NUNES;35746493988;05/01/1977;F;tanianunes406@bol.com.br;(21) 99992-7872;R São João, N. S/N;SANTA CECÍLIA;Rio de Janeiro;Rio de Janeiro;23305852;S;16/08/2025
103604;MARIANA BRANDAO MELO MELO;306.610.423-08;07/07/1977;F;;31 961003758;AV RIO BRANCO, N. 2711;JARDIM DAS FLORES;belo horizonte ;MG;37323-638;;27/05/2024
103605;NATALIA CARDOSO COCNEICAO;33232534856;10/05/2003;;;11 978326289;RUA TIRADENTES, N. 2665;CENTRO;São Paulo;SP;09994218;N;19/06/2021
103606;TÂNIA ANDRADE MACHADO;47749827684;16/01/1994;F;taniamachado291@gmail.com;(41) 96393-2292;RUA XV DE NOVEMBRO, Nº 638;JARDIM DAS FLORES;CURITIBA;Paraná;87075-619;N;07/07/2019
103607;ISABELA ALVES ROCHA;65640602465;26/04/1989;;isabela.rocha682@bol.com.br;11970335958;Rua Dom Pedro II, N. 794 - Casa 2;SANTA CECÍLIA;São Paulo;SP;7824346;N;08/03/2022
103608;CLÁUDIA BRANDÃO ALVES;264.155.098-96;29/06/1979;F;claudia.alves989@bol.con.br;96565-1555;Rua Getúlio Vargas, nº 411;VILA MARIANA;Ribeirão Preto;SP;14794728;N;03/11/2022
103609;MARCIA PEREIRA MOREIRA;695.487.008-08;22/07/1967;F; MARCIA_MOR51669@UOL.COM.BR ;11 76394410;RUA Dom Pedro II, 1530;BELA VISTA;Santo André;sp;06185-576;N;06/01/2022
103610;SR. HELENA MOREIRA RIBEIRO ARAUJO;91783860472;28/07/2000;F;helenaaraujo707@bol.com.br;62 75728897;AV TIRADENTES, N. 2482;VILA MARIANA;Goiânia;Goiás;78119006;N;08/06/2022
103611;RAFAEL FERREIRA;22152472667;27/01/1972;M;rafael.ferreira83@yahoo.com.br;(71) 96475-3166;Rua da Liberdade, nº 574;BELA VISTA;Salvador;Bahia;48205262;S;12/04/2022
103612;HÉLIO BRANDÃO OLIVEIRA;53745143000;11/06/1997;M;helio.oliveira515@gmail.con;(11) 99105-4100;AVENIDA BRASIL, Nº 69;CENTRO;SAO PAULO;São Paulo;7366265;N;30/04/2020
103613;CLAUDIA MELO MAGALHAES;62541587104;24/07/1981;F;claudia_mag700@yahoo.com.br;11993192444;Rua Marechal Deodoro, nº 112;BELA VISTA;São Paulo;SP;04719011;N;10/01/2023
103614;DÉBORA GOMES COSTA BARBOSA;941.622.502-94;26/04/1977;F;debora_bar370@outlook.com;(32) 97517-3158;Avenida Getúlio Vargas, nº 479;BOA VISTA;Juiz de Fora;MG;34159-711;S;23/09/2021
103615;PRISCILA CARDOSO GOMES;085.621.709-33;24/07/1997;F;priscilagomes929@yahoo.com.br;41989977477;RUA Dom Pedro II, nº 2767;SANTO ANTÔNIO;curitiba ;Paraná;89288-770;S;28/06/2024
103616;MARIANA MELO DIAS;07442018963;08/11/1979;F;mariana_dia170@gmail.com;11 968536105;RUA DOS IPÊS, N. 514;JARDIM DAS FLORES;SAO PAULO;SP;01766-396;;18/11/2023
103617;FÁBIO OLIVEIRA;45310972897;18/05/1940;M;fabio_oli539@gmail.com;48993677496;Avenida Rio Branco, N. 2658;JARDIM DAS FLORES;Florianópolis;SC;83221-426;S;29/08/2021
103618;BEATRIZ PEREIRA MACHADO BARBOSA;037.881.820-16;02/09/1997;F;beatriz.barbosa865@outlook.com;11970636413;Travessa Tiradentes, N. 1484;CENTRO;Santo André;SP;05502142;S;04/05/2025
103619;BEATRIZ RIBEIRO;23285672153;24/10/1968;F;beatriz_rib853@bol.com.br;11 976783536;AV. DOM PEDRO II, N. 2329;JARDIM DAS FLORES;Santo André;SP;08071041;S;07/06/2024
103620;OTAVIO MARTINS MOREIRA;33522845471;27/06/1992;M;otavio_mor301@outlok.com;(11) 98542-2668;Rua das Flores, 2434;VILA NOVA;Guarulhos - SP;SP;06350752;S;04/07/2024
103621;HELENA CONCEICAO RIBEIRO;61177882310;15/07/1992;F;helenaribeiro88@outlook.com;(21) 99586-2248;RUA SANTOS DUMONT, Nº S/N;SANTO ANTÔNIO;Niterói;RJ;27358910;S;27/03/2025
103622;LEONARDO ANDRADE;62165045843;13/01/1964;M;;21968627149;PÇ. RIO BRANCO, 2054;VILA MARIANA;Niterói;Rio de Janeiro;25751694;N;29/08/2021
103623;CAMILA LIMA MELO;10628702639;15/08/1992;F;camila_mel606@hotmail.com;21 989195649;Rua Dom Pedro II, nº 2042;SÃO JOSÉ;Rio de Janeiro;Rio de Janeiro;26716-818;S;25/03/2024
103624;LUIZA FREITAS MAGALHAES;384.058.446-94;05/10/1977;F;luizamagalhaes122@gmail.com;(11) 99865-8466;Av XV de Novembro, N. 2056;SÃO JOSÉ;Santo André;SP;03043115;N;13/11/2021
103625;BEATRIZ MARQUES SILVA;48120193466;29/04/1976;F;beatriz.silva831@bol.com.br;11 963323017;RUA DOS IPÊS, N. 362;SÃO JOSÉ;São Paulo;;08142-860;N;03/11/2024
103626;ALINE GOMES GOMES;934.010.300-94;31/12/1933;F;alinegomes655@gmail.com;;Praça Presidente Vargas, N. 706;JARDIM AMÉRICA;Campinas;SP;12171334;N;15/04/2021
103627;VITORIA MARQUES FREITAS;80882233939;04/09/1965;F;vitoria_fre732@uol.com.br;(81) 98836-8907;Rua Santos Dumont, N. 2448;CENTRO;Recife;Pernambuco;52251086;N;06/04/2021
103628;CESAR PEREIRA;957.729.020-59;26/10/1961;M;cesar.pereira104@bol.com.br;41 81589889;AL São João, N. 2378;LIBERDADE;Curitiba;;89927676;N;22/09/2024
103629;GABRIELA MELO;82558306340;21/01/1965;F;gabriela.melo469@uol.com.br;98816392;TV. GETÚLIO VARGAS, N. 1550;PARQUE INDUSTRIAL;SANTO ANDRE;São Paulo;07481-885;N;22/07/2022
103630;ALINE MACHADO;176.017.126-30;30/07/1965;F;aline_mac938@hotmail.con;(11) 99511-2251;TRAVESSA DOS IPÊS, 841;JARDIM DAS FLORES;São Paulo;São Paulo;02775720;S;11/01/2022
103631;CAMILA B. NASCIMENTO CARVALHO;517.751.231-20;19/01/1997;;camilacarvalho345@uol.com.br;19 971928000;Rua Presidente Vargas, N. 196 - Apto 31;SANTA CECÍLIA;Campinas;SP;18527421;S;06/08/2021
103632;GABRIELA ARAUJO ALVES;922.333.938-30;19/02/1989;F;gabriela_alv496@gmail.com;(11) 98044-3082;Praça dos Andradas, N. 743;PARQUE INDUSTRIAL;São Paulo - SP;São Paulo;01238-663;S;14/04/2022
103633;VINICIUS SANTOS DIAS;74173812949;20/07/1971;M;viniciusdias430@outlook.com;(32) 6914-6443;RUA São João, nº 1153;CENTRO;Juiz de Fora;Minas Gerais;31245-136;N;04/12/2020
103634;SIMONE DIAS GUIMARÃES;1,79689E+10;24/01/1992;F; SIMONE.GUIMARAES543@HOTMAIL.COM ;62 977113700;R. SÃO JOÃO, 1138;SANTA CECÍLIA;Goiânia;go;75944-177;S;18/06/2024
103635;JOANA GUIMARAES ANDRADE;20912104120;15/12/1968;F;joana.andrade597@bol.com.br;11976108809;Rua Getúlio Vargas, nº 927;SANTO ANTÔNIO;Santo André;SP;07334-690;S;27/07/2020
103636;RAFAEL M. BRANDÃO SILVA;18091847203;02/01/1988;M;rafael.silva990@yahoo.com.br;11983644147;R Marechal Deodoro, 1193 - Apto 31;SANTO ANTÔNIO;Guarulhos;SP;3397403;S;24/03/2022
103637;RENATA COSTA MELO;983.083.744-09;19/12/2001;F; RENATA_MEL77@UOL.COM.BR ;19977687048;Rua Tiradentes, 699 - Fundos;SÃO JOSÉ;Campinas;sp;15008-363;S;23/04/2023
103638;EDUARDO LIMA;61670660273;13/09/1988;;;61981056072;TRAVESSA DOM PEDRO II, Nº 857 - BLOCO B APTO 104;VILA NOVA;Brasília;df;78183-298;S;02/09/2022
103639;ISABELA ARAUJO;671.099.632-84;11/07/1985;F;isabelaaraujo555@uol.com.br;96480-4996;RUA MARECHAL DEODORO, Nº 2123;BOA VISTA;Salvador;BA;43732-222;N;12/10/2021
103640;SERGIO GOMES;79854927474;16/05/1975;M;sergiogomes727@uol.com.br;19 87852151;RUA MARECHAL DEODORO, 1178;VILA NOVA;CAMPINAS;SP;18857-978;S;25/06/2021
103641;PATRICIA NASCIMENTO;563.975.919-48;12/12/1962;F;patricianascimento668@bol.com.br;11960368640;AVENIDA PAULISTA, Nº 1607;LIBERDADE;São Paulo;sp;01548-569;S;07/06/2022
103642;CLAUDIA  BRANDAO FERREIRA ;874.099.218-70;15/10/1979;F;claudia_fer152@uol.com.br;11 69483664;Av Dom Pedro II, nº 2266;SANTO ANTÔNIO;são paulo ;SP;04456610;N;19/09/2022
103643;VINICIUS FREITAS;309.437.542-16;01/07/1953;M;viniciusfreitas251@outlook.com;(21) 98546-6696;Av Sete de Setembro, N. 1041;JARDIM DAS FLORES;Niterói;Rio de Janeiro;23727582;N;27/05/2025
103644;GUSTAVO OLIVEIRA COSTA;55717878990;05/06/1977;M;gustavo.costa72691@gmail.com;21970099251;R. DOS ANDRADAS, Nº 67;VILA NOVA;Niterói;rj;26712238;;19/11/2021
103645;WAGNER BARBOSA PEIXOTO CARDOSO;686.636.268-78;11/11/2000;M;wagner.cardoso113@;71990858807;R. Sete de Setembro, nº 1028;BELA VISTA;Salvador - BA;Bahia;48608-778;S;07/10/2023
103646;CAIO BARBOSA MARQUES;833.163.447-05;01/01/1900;M;caio.marques124@@gmail.com;31967679112;AV SÃO JOÃO, Nº 2296;LIBERDADE;Belo Horizonte;Minas Gerais;32863051;S;23/10/2024
103647;LARISSA PEREIRA;543.821.811-00;27/02/1987;F;;11973818687;R. DOS ANDRADAS, N. 2878 - BLOCO B APTO 104;VILA MARIANA;São Paulo - SP;SP;08106616;S;30/03/2024
103648;JOANA RIBEIRO BRANDAO;23571786041;22/12/2001;F;joana_bra826@hotmail.com;(31) 99298-1475;Pca Santos Dumont, N. 188;SÃO JOSÉ;Belo Horizonte;MG;39353689;S;27/08/2019
103649;RODRIGO MELO GUIMARÃES;04177059641;04/09/1985;; RODRIGO.GUIMARAES308@UOL.COM.BR ;21 992114946;RUA SÃO JOÃO, 2880;JARDIM DAS FLORES;Rio de Janeiro;rj;25373192;S;22/03/2021
103650;VITORIA MENDES SILVA;455.955.837-03;29/02/2004;F;vitoria_sil74657@uol.com.br;11 985695523;R. BRASIL, N. 1151 - FUNDOS;VILA NOVA;SAO PAULO;São Paulo;09865930;S;18/05/2022
103651;RODRIGO RODRIGUES GUIMARAES;395.489.636-20;31/05/1963;M; RODRIGOGUIMARAES681@OUTLOOK.COM ;31 996445262;AV das Palmeiras, N. 2623;LIBERDADE;Belo Horizonte;MG;32847-297;S;03/12/2020
103652;MARCIO CARDOSO;92925211100;09/04/1997;M;marcio_car222@uol.com.br;(11) 8000-4570;PRACA SANTOS DUMONT, 1948 - BLOCO B APTO 104;SANTA CECÍLIA;São Paulo;sp;07235527;S;12/02/2022
103653;LUCAS GUIMARAES;894.025.921-13;07/12/1996;M;;6191394298;RUA PAULISTA, N. 2128;JARDIM DAS FLORES;Brasília;df;71993771;;10/07/2022
103654;LEONARDO RODRIGUES;72515952658;01/04/1999;M;leonardo_rod71441@outlook.com;(11) 97121-9074;AV Brasil, nº 1844 - Casa 2;JARDIM DAS FLORES;São Paulo;SP;05470-276;N;13/01/2025
103655;LETICIA OLIVEIRA CARDOSO;02176153847;06/08/1999;F;leticia.cardoso43@uol.com.br;(21) 97051-1448;RUA TIRADENTES, Nº 1776;BOA VISTA;Rio de Janeiro;RJ;22374948;S;16/04/2021
103656;JOSÉ PEREIRA;560.498.187-70;02/07/1977;M;josepereira243@hotmail.com;62 991675939;R. das Flores, N. 987;VILA MARIANA;Goiânia;GO;79311-785;S;06/04/2022
103657;CAMILA MENDES NASCIMENTO;462.943.960-93;20/08/1997;F;camila_nas73@gmail.com;(62) 96830-3903;R Tiradentes, 526;BELA VISTA;Goiânia;GO;73092590;S;19/02/2020
103658;TANIA MARTINS;139.452.288-67;10/07/1983;F;tania_mar21063@outlook.com;21965512365;RUA MARECHAL DEODORO, N. 484;JARDIM AMÉRICA;Rio de Janeiro;RJ;23206-768;S;18/11/2022
103659;THIAGO NASCIMENTO;83355855804;06/02/1987;M;thiagonascimento846@uol.com.br;(11) 98913-1694;RUA CASTRO ALVES, 2746 - CASA 2;BOA VISTA;São Paulo - SP;;05764303;;21/01/2025
103660;VITÓRIA CONCEIÇÃO MARTINS MENDES;175.042.643-93;08/08/1978;F;vitoria_men854@gmail.com;1993114667;RUA DOS ANDRADAS, N. 248 - APTO 31;SANTO ANTÔNIO;Campinas;sp;16442-771;N;10/04/2024
103661;NATALIA  MACHADO FERREIRA ;070.743.712-11;20/06/1970;I;nataliaferreira375@gmail.com.br;(11) 97240-8464;Rua Sete de Setembro, nº 1989 - Bloco B Apto 104;SANTO ANTÔNIO;Guarulhos;sp;07633136;N;17/12/2019
103662;LEONARDO ASSUNCAO ANDRADE;03392064890;07/12/1987;M;leonardoandrade218@yahoo.com.br;21977847926;RUA PAULISTA, 2271;CENTRO;Niterói;RJ;22012-708;N;12/06/2023
103663;DANIEL MARTINS;795.258.754-40;18/12/1986;M;danielmartins71@yahoo.com.br;(19) 98672-2481;R. Castro Alves, 65;SANTA CECÍLIA;campinas ;sp;15522560;N;10/01/2025
103664;RODRIGO  MELO FERREIRA COSTA ;6,50207E+10;27/01/1948;M;rodrigo_cos520@yahoo.com.br;74254889;R Brasil, N. 1329;SÃO JOSÉ;Rio de Janeiro;Rio de Janeiro;28142-518;N;17/05/2025
103665;VINÍCIUS  PEIXOTO ;261.581.597-00;17/01/1969;M;viniciuspeixoto577@uol.com.br;21989972825;AVENIDA DA LIBERDADE, Nº 630 - CASA 2;JARDIM AMÉRICA;Rio de Janeiro;RJ;21288025;S;15/05/2022
103666;JOANA ARAUJO FREITAS;401.657.602-49;23/07/1939;F;joana.freitas40@yahoo.com.br;41 968698355;Rua Rio Branco, 390 - Casa 2;SANTO ANTÔNIO;Curitiba;;84394082;S;26/12/2019
103667;EDUARDO M. COSTA MENDES;1551930587;20/02/1978;M;eduardomendes364@hotmail.com;(11) 7582-3436;R Brasil, nº 310;JARDIM DAS FLORES;São Paulo;São Paulo;07416-415;N;29/01/2025
103668;ANTÔNIO PEIXOTO MENDES MARTINS;42342699484;17/01/1988;M;antoniomartins891@yahoo.com.br;8183538082;RUA Tiradentes, nº 2791;JARDIM AMÉRICA;Recife;PE;55479429;S;14/02/2025
103669;BRUNO CARVALHO ASSUNCAO FERREIRA;192.647.242-06;15/08/1968;M;bruno.ferreira421@bol.com.br;11971845302;AV das Flores, nº 1022 - Fundos;SANTA CECÍLIA;Guarulhos;SP;03363-119;;29/12/2020
103670;CESAR ANDRADE DIAS;71439116156;19/04/1985;;cesar_dia585@outlook.com;71 979871150;Avenida Brasil, 2133 - Apto 12;JARDIM AMÉRICA;Salvador;ba;48205261;N;15/03/2024
103671;CAIO PEIXOTO SOUZA CARDOSO;68631634972;15/01/1980;M;caiocardoso761@outlook.com;(11) 9661-4248;RUA Sete de Setembro, 310;VILA NOVA;São Paulo;sp;03914-496;N;24/04/2024
103672;CAMILA FERREIRA BRANDAO;32484421907;30/10/1981;F;camila_bra572@bol.com.br;11992496213;Rua Presidente Vargas, N. 2388 - Apto 12;VILA NOVA;Guarulhos;sp;04587641;N;15/06/2020
103673;ANTONIO CONCEICAO MARQUES;968.747.575-71;25/11/1988;M;antoniomarques706@uol.com.br;(31) 96604-9849;AV. PRESIDENTE VARGAS, N. 906;SANTA CECÍLIA;BELO HORIZONTE;MG;36713535;N;16/10/2021
103674;RENATA NUNES;020.954.396-51;24/09/1961;F;renata.nunes118@gmail.com;(21) 97038-6970;Travessa Santos Dumont, nº 1127;SANTO ANTÔNIO;Rio de Janeiro;Rio de Janeiro;23402-863;S;08/11/2021
103675;RAQUEL  MAGALHAES ;36177049976;14/02/1980;F; RAQUEL_MAG994@OUTLOOK.COM ;51969253508;R. dos Ipês, N. 1382 - Apto 12;BOA VISTA;Porto Alegre;RS;93796590;S;13/12/2019
103676;WAGNER  GOMES ;847.510.846-66;22/01/1970;M;wagnergomes615@bol.com.br;89167993;R. Brasil, 1182;VILA NOVA;Belo Horizonte;Minas Gerais;34384823;;08/08/2019
103677;CAMILA  MACHADO ;690.384.528-37;02/11/1984;F;camilamachado405@gmail.com;31 969123452;RUA CASTRO ALVES, Nº 967 - BLOCO B APTO 104;LIBERDADE;Belo Horizonte;MG;37459082;S;08/06/2024
103678;PATRICIA MENDES;86599636365;28/10/1955;F; PATRICIAMENDES339@UOL.COM.BR ;62976885844;RUA XV DE NOVEMBRO, N. S/N - BLOCO B APTO 104;JARDIM DAS FLORES;Goiânia;GO;74150095;S;20/10/2020
103679;GUSTAOV MENDES;343.136.353-94;01/08/1973;I;gustavo.mendes48@hotmail.com;(11) 97132-9970;RUA SANTOS DUMONT, N. 2378;SANTA CECÍLIA;São Paulo - SP;SP;03086-938;S;20/04/2021
103680;RODRIGO MOREIRA SILVA;69572406302;25/01/1996;M;rodrigosilva46@yahoo.com.br;(11) 96941-5042;Trav. Marechal Deodoro, nº 2203;PARQUE INDUSTRIAL;Guarulhos;SP;01997107;N;25/08/2025
103681;PRISCILA ROCHA GUIMARÃES;291.265.055-09;13/06/1968;;priscilaguimaraes669@uol.com.br;(11) 6043-5965;RUA Tiradentes, N. 541 - Apto 12;JARDIM AMÉRICA;São Paulo;SP;09562144;N;05/10/2019
103682;LUIS FREITAS RIBEIRO;484.686.645-96;18/08/1991;M;luis.ribeiro553@uol.com.br;11 972102880;Rua Sete de Setembro, 1034;SANTO ANTÔNIO;São Paulo - SP;SP;06772423;S;25/05/2021
103683;PAULO GUIMARÃES SOUZA;00749241411;16/10/2000;I; PAULO.SOUZA212@GMAIL.COM ;(11) 96473-5551;R. CASTRO ALVES, 755;VILA MARIANA;São Paulo;SP;01229-866;S;23/12/2022
103684;BEATRIZ BRANDAO;37314103461;17/10/1992;F;beatrizbrandao34@gmail.com;(11) 97579-7614;AVENIDA DAS PALMEIRAS, 2571;SÃO JOSÉ;São Paulo - SP;sp;02380-291;S;22/08/2022
103685;MARCELO PEREIRA CARVALHO;637.934.502-79;08/09/1985;M;marcelo.carvalho887@gmail.com;19 965219066;RUA RIO BRANCO, Nº 1067;VILA MARIANA;CAMPINAS;SP;11230920;N;02/02/2022
103686;GABRIELA N. BRANDAO;97946639210;24/01/1973;F;gabriela_bra67@uol.com.br;69569740;Alameda XV de Novembro, N. 2398;LIBERDADE;São Paulo;São Paulo;09447241;N;13/06/2023
103687;DEBORA ALVES DIAS CONCEICAO;92479479790;10/10/1983;F;debora.conceicao852@outlook.con;62 75585403;R. Santos Dumont, nº 2613;VILA MARIANA;GOIANIA;Goiás;73804157;N;03/07/2024
103688;BRUNO GOMES ALVES;69088415102;30/04/1984;M; BRUNO.ALVES77@YAHOO.COM.BR ;1185272019;RUA BRASIL, 1392 - APTO 12;PARQUE INDUSTRIAL;São Paulo - SP;São Paulo;5775002;S;10/01/2022
103689;LUCIA  GUIMARAES MARQUES ;61423199162;17/03/1963;F;lucia_mar693@gmail.com;21991841057;Avenida dos Andradas, 722;PARQUE INDUSTRIAL;RJ;Rio de Janeiro;24489137;S;29/10/2019
103690;RAFAEL DIAS;34929651301;08/04/1987;M;;51962741972;Rua Dom Pedro II, nº 1483 - Apto 31;BELA VISTA;Porto Alegre;Rio Grande do Sul;94775-560;S;11/12/2020
103691;FERNANDO MAGALHAES;87505331850;11/02/1968;M;fernando.magalhaes809@gmail.com;11977234663;R GETÚLIO VARGAS, 2735 - APTO 31;SANTO ANTÔNIO;S. Paulo;São Paulo;04330-247;N;01/07/2019
103692;RAQUEL  MELO GUIMARAES ;64851488920;16/05/1982;F;raquel_gui374@outlook.com;97652-3654;RUA SETE DE SETEMBRO, N. 829;CENTRO;Santo André - SP;SP;8324556;S;23/11/2020
103693;TANIA SOUZA;04869217600;14/02/1985;F;tania_sou364@gmail.com;(21) 99648-8917;Av Brasil, nº 1407;CENTRO;Rio;Rio de Janeiro;29087358;N;19/06/2020
103694;RENATA CARVALHO SILVA;765.403.226-90;26/05/1974;F;renata_sil381@uol.com;11993974877;PRAÇA BRASIL, Nº 2736;SÃO JOSÉ;S. Paulo;São Paulo;08004709;S;04/07/2021
103695;ANDRÉ ALVES;8904414130;12/10/1995;M;andre.alves43@yahoo.com.br;61 998964535;Avenida Presidente Vargas, N. 2397 - Fundos;SANTO ANTÔNIO;Brasília;df;75880-857;S;02/01/2022
103696;CECÍLIA SANTOS MARQUES;343.293.913-25;20/02/1984;F;cecilia.marques554@hotmail.com;41 975556045;AVENIDA SANTOS DUMONT, N. 316;JARDIM DAS FLORES;Curitiba;pr;87406742;N;18/05/2021
103697;FABIO MARQUES;39226269718;09/10/1989;M; FABIOMARQUES276@YAHOO.COM.BR ;51991098183;RUA PRESIDENTE VARGAS, N. 1897 - CASA 2;VILA MARIANA;PORTO ALEGRE;RS;95997079;S;27/09/2020
103698;VINÍCIUS NUNES MENDES CARVALHO;760.308.877-18;30/03/1983;M; VINICIUS.CARVALHO733@OUTLOOK.COM ;11 62406677;PRAÇA PAULISTA, N. S/N;SANTA CECÍLIA;São Paulo;;9872369;N;12/02/2024
103699;LUCAS PEIXOTO;53192815876;25/11/1990;M;lucas_pei69827@bol.com.br;(41) 97722-4379;AL dos Andradas, N. 774;PARQUE INDUSTRIAL;Curitiba;PR;85530863;;27/02/2019
103700;ANDRE NUNES;91675538859;14/11/1960;M; ANDRE.NUNES503@OUTLOOK.COM ;31 988926178;RUA RIO BRANCO, 933 - CASA 2;PARQUE INDUSTRIAL;B. Horizonte;mg;39371374;N;08/10/2022
103701;VINÍCIUS  ASSUNÇÃO NASCIMENTO ;16424981810;10/12/1948;M;viniciusnascimento230@hotmail.com;(19) 99476-2710;Avenida da Liberdade, N. 1488;LIBERDADE;CAMPINAS;SP;16474210;N;13/04/2020
103702;DÉBORA BRANDÃO GOMES;07922999425;15/06/1967;F; DEBORAGOMES279@YAHOO.COM.BR ;(31) 97120-1396;Avenida da Liberdade, N. 2140;LIBERDADE;Belo Horizonte;mg;33017-352;S;29/01/2024
103703;LUCIA ALVES BRANDAO;992.690.740-72;21/05/1971;F;lucia.brandao292@gmail.com;(11) 99543-5296;Rua Castro Alves, 616 - Bloco B Apto 104;JARDIM DAS FLORES;Guarulhos;sp;08141-565;S;04/12/2024
103704;RODRIGO BRANDAO;77594063201;13/05/1991;M;rodrigobrandao288@bol.com.br;21 997222818;RUA SETE DE SETEMBRO, N. 589;VILA NOVA;Niterói;RJ;22955-869;N;18/12/2020
103705;CLAUDIA GOMES;58236155668;19/08/1960;F;claudia.gomes177@hotmail.com;19962558531;RUA PAULISTA, 1444;PARQUE INDUSTRIAL;CAMPINAS;São Paulo;13723410;N;27/07/2020
103706;MARCELO ALVES;23836437180;28/01/1996;M;marceloalves985@gmail.com;21983716121;RUA DOM PEDRO II, 180;BOA VISTA;Rio de Janeiro;RJ;25702374;;17/04/2019
103707;LETICIA ANDRADE;844.826.582-35;12/04/1941;F;leticiaandrade322@bol.com.br;21960972255;R Presidente Vargas, N. 728;SÃO JOSÉ;Rio de Janeiro;rj;26624030;S;04/12/2023
103708;HELENA ROCHA DIAS;403.822.260-89;31/12/1996;F;helenadias220@outlook.com;11 62308879;R. Santos Dumont, nº 2701;BOA VISTA;São Paulo;sp;05343172;;06/11/2019
103709;GABRIELA DIAS CARVALHO MELO;48017357389;27/07/1995;F;gabriela_mel597@gmail.com;(31) 96271-5002;AVENIDA GETÚLIO VARGAS, N. 865 - BLOCO B APTO 104;SANTO ANTÔNIO;Belo Horizonte;MG;35139-440;S;18/05/2019
103710;JOAO LIMA FERREIRA;22835283722;16/12/1977;M;joao_fer796@yaho.com.br;61 989395252;R Getúlio Vargas, N. 558 - Fundos;SÃO JOSÉ;Brasília;df;78270-877;N;25/10/2025
103711;HENRIQUE MELO SOUZA;05504316839;19/10/1939;M;;(31) 96216-9238;Rua das Flores, nº 674;BOA VISTA;Belo Horizonte;mg;32531863;;07/06/2023
103712;PATRÍCIA  GOMES ;071.037.737-18;09/03/1993;F;patricia.gomes854@gmail.com.br;11 992292915;R. dos Andradas, 788 - Casa 2;VILA MARIANA;São Paulo;sp;9082704;S;22/03/2024
103713;ANA  CARDOSO ;297.392.225-95;09/10/1954;F;anacardoso806@outlok.com;11967149146;RUA DOM PEDRO II, Nº 482;SÃO JOSÉ;São Paulo;SP;05511787;N;16/07/2021
103714;CAMILA MENDES;83630714390;01/02/1983;F;camilamendes698@uol.com.br;(21) 96748-7270;Av. Marechal Deodoro, 2299 - Casa 2;VILA NOVA;Rio de Janeiro;rj;26846215;N;24/02/2024
103715;SRA. BEATRIZ MOREIRA BRANDÃO;67795690548;27/10/1984;F;beatriz_bra252@bol.com.br;31998206221;R. PAULISTA, N. 695;SANTA CECÍLIA;Belo Horizonte;MG;38347463;S;24/06/2021
103716;CAMILA  SOUZA ;212.506.116-36;03/06/2001;F;camila.souza235@hotmail.com;1173889629;RUA Sete de Setembro, S/N;PARQUE INDUSTRIAL;São Paulo;SP;09323-176;S;22/12/2021
103717;JULIA MARQUES COSTA;61853396508;19/02/1961;F;julia_cos553@gmail.com;96640-1280;RUA PAULISTA, 1563;JARDIM AMÉRICA;são paulo ;sp;02941675;S;04/09/2023
103718;MÁRCIA ANDRADE MELO;93884608207;21/11/2000;F;marciamelo965@uol.com.br;71976469271;R Paulista, N. 2186;JARDIM DAS FLORES;Salvador;Bahia;41267691;S;02/12/2022
103719;LUCAS MELO GOMES;697.166.724-70;28/07/1973;M;lucasgomes553@uol.com.br;51 972073812;RUA das Flores, nº 662 - Bloco B Apto 104;BOA VISTA;Porto Alegre;RS;97032-879;S;03/12/2020
103720;ANTONIO RIBEIRO;56412683488;25/02/1963;M;antonio.ribeiro899@yahoo.com.br;(11) 7903-3392;RUA TIRADENTES, Nº 1242 - FUNDOS;VILA NOVA;Santo André;SP;04539-219;N;04/05/2021
103721;MARCELO GUIMARAES RODRIGUES;25222634124;20/02/1980;M;marcelo.rodrigues51@hotmail.com;48987817273;R. Brasil, nº 2904;JARDIM DAS FLORES;FLORIANOPOLIS;sc;84935-152;N;17/12/2025
103722;SIMONE DIAS BARBOSA;977.699.130-04;23/06/1978;F;simone_bar496@outlook.com;(11) 97818-5724;R. Sete de Setembro, S/N - Apto 12;CENTRO;São Paulo;SP;01916-167;S;22/11/2023
103723;CESAR ANDRADE;246.937.122-80;22/07/1990;M;cesar.andrade599@hotmail.com;(11) 97359-1824;Rua Brasil, nº 1890 - Bloco B Apto 104;CENTRO;São Paulo - SP;São Paulo;04231277;S;01/01/2019
103724;VITORIA OLIVEIRA;433.864.453-22;05/05/1954;F;vitoria.oliveira422@hotmail.com;(11) 98072-6333;Alameda Getúlio Vargas, nº 2990 - Fundos;SANTA CECÍLIA;São Paulo;SP;04070-608;S;12/01/2024
103725;CÉSAR NASCIMENTO;271.255.028-57;22/06/1984;M;cesar_nas927@hotmail.com;83077093;RUA XV DE NOVEMBRO, N. 1580;VILA NOVA;Santo André;SP;04330930;N;22/12/2020
103726;GBARIELA ASSUNCAO SANTOS;39924692802;19/01/1991;F;gabriela_san719@hotmail.com;;AV. GETÚLIO VARGAS, 1816;JARDIM AMÉRICA;Salvador;Bahia;43992-492;S;08/04/2022
103727;FERNANDA ASSUNÇÃO ROCHA;888.293.561-23;31/03/1963;F;fernanda_roc100@bol.com.br;61 964716395;R XV de Novembro, 1859;SANTO ANTÔNIO;Brasília;DF;77807-961;S;17/05/2023
103728;DEBORA  CARDOSO NASCIMENTO ;366.253.863-67;28/07/1985;F;debora_nas213@outlook.com;(11) 9533-5642;RUA PAULISTA, 109 - APTO 31;CENTRO;São Paulo;São Paulo;08013790;N;30/05/2024
103729;SERGIO ASSUNCAO BARBOSA;57922553501;11/12/1972;M;sergiobarbosa205@yahoo.com.br;21 73586041;RUA DAS PALMEIRAS, 547;VILA NOVA;Rio de Janeiro;RJ;25433-314;S;10/11/2023
103730;EDUARDO MARQUES MELO;51338427679;04/02/1965;M;eduardo.melo737@bol.com.br;11 98171498;Avenida Dom Pedro II, N. 1448;VILA NOVA;São Paulo;SP;06937111;N;13/06/2022
103731;SERGIO ROCHA PEIXOTO;937.095.561-55;13/06/1992;M;;41993671007;TRAVESSA PRESIDENTE VARGAS, Nº 939 - APTO 12;PARQUE INDUSTRIAL;Curitiba;pr;84241855;S;19/12/2023
103732;LUCIA MENDES;962.167.561-84;26/01/1980;F;luciamendes749@outlook.com;(71) 96427-3616;RUA DA LIBERDADE, N. 2335;BOA VISTA;SALVADOR;BA;41794522;N;18/10/2022
103733;TÂNIA NASCIMENTO;96072458572;30/04/1981;F;tania.nascimento685@gmail.com;(11) 97977-4660;RUA DOS IPÊS, N. 2058 - BLOCO B APTO 104;VILA MARIANA;São Paulo;SP;01131-229;N;06/06/2025
103734;CLÁUDIA NUNES ANDRADE;91009464000;14/09/2003;F;claudia.andrade548@uol.com.br;(62) 96741-5772;RUA SANTOS DUMONT, N. 528;SANTO ANTÔNIO;Goiânia;Goiás;79304-008;N;30/08/2022
103735;SRA. FERNANDA MAGALHÃES;95663314440;06/07/1974;F;fernanda_mag55@uol.com.br;21970298397;R XV DE NOVEMBRO, Nº 372;JARDIM DAS FLORES;NITEROI;RJ;28024871;N;11/02/2024
103736;TANIA BARBOSA SILVA MAGALHAES;45260046340;30/01/1952;F;taniamagalhaes739@uol.com.br;11961175608;AV das Palmeiras, nº 70;CENTRO;SAO PAULO;sp;7643726;S;25/12/2019
103737;JOÃO BARBOSA NASCIMENTO ROCHA;20960207279;05/12/1990;M;joao.rocha713@gmail.com;41 975036822;R Marechal Deodoro, 1515;PARQUE INDUSTRIAL;Curitiba;PR;87547-404;S;03/03/2021
103738;WAGNER  MENDES ARAUJO ;22181223408;03/09/1969;M;wagner_ara982@yahoo.com.br;51964597209;Rua Getúlio Vargas, N. 661 - Casa 2;SANTA CECÍLIA;Porto Alegre;Rio Grande do Sul;95729557;S;02/02/2024
103739;BEATRIZ GOMES GOMES;57691797249;31/12/1986;F;beatrizgomes163@uol.com.br;71994555813;RUA SÃO JOÃO, N. 1674 - CASA 2;BELA VISTA;Salvador;;44681-068;S;11/07/2025
103740;JOANA SILVA MELO;846.443.793-52;25/04/1986;F;joana_mel919@hotmail.com;1193411066;RUA DOS ANDRADAS, N. 1076;JARDIM AMÉRICA;Guarulhos;SP;05267430;;22/07/2020
103741;DANIEL SANTOS MAGALHAES;299.592.942-69;25/03/1985;M;danielmagalhaes665@bol.com.br;(19) 97103-3995;RUA SANTOS DUMONT, 2611;VILA NOVA;CAMPINAS;São Paulo;19854-021;S;27/07/2021
103742;CECÍLIA OLIVEIRA NASCIMENTO;755.411.324-01;10/02/1984;F;cecilianascimento342@hotmail.com;16993329286;R SÃO JOÃO, N. 711;CENTRO;Ribeirão Preto;SP;17420-515;S;09/12/2022
103743;LEONARDO NASCIMENTO;904.783.072-50;20/07/1991;M;leonardonascimento963@uol.com.br;(11) 99753-9786;AVENIDA DA LIBERDADE, 2650;JARDIM AMÉRICA;SAO PAULO;SP;06574-081;;24/05/2019
103744;PRISCILA MARTINS;70100532780;18/07/1953;F;priscila.martins904@bol.com.br;(41) 98539-6156;RUA PAULISTA, 1030;SÃO JOSÉ;Curitiba;pr;87705-217;S;23/07/2022
103745;MATEUS CONCEIÇÃO;50044193963;22/08/1993;M;mateusconceicao493@hotmail.con;51 966206633;AV Presidente Vargas, 851 - Apto 31;PARQUE INDUSTRIAL;Porto Alegre;Rio Grande do Sul;97118407;S;22/01/2019
103746;DR.  GUSTAVO MARTINS SANTOS NUNES ;78582281455;09/01/1989;M;gustavo.nunes536@hotmail.com;41 993814045;RUA Dom Pedro II, N. 1926;VILA NOVA;Curitiba;Paraná;81373459;S;14/04/2019
103747;ANA  CARDOSO ;38714028778;11/10/1995;F; ANA.CARDOSO567@HOTMAIL.COM ;21 988491585;Travessa Getúlio Vargas, N. 2111 - Apto 31;VILA MARIANA;Rio de Janeiro;Rio de Janeiro;27652-496;S;22/01/2019
103748;LUCAS MELO ALVES;39817839648;19/06/1984;M;lucas.alves102@hotmail.com;(21) 98490-7195;R RIO BRANCO, Nº 207;VILA MARIANA;Rio de Janeiro;RJ;29349392;N;02/02/2025
103749;LÚCIA FREITAS CARVALHO;793.442.060-90;08/07/1991;F;luciacarvalho163@yahoo.com.br;41987489633;Avenida Marechal Deodoro, nº 1039;VILA MARIANA;Curitiba;PR;84961-183;N;07/01/2023
103750;LUCAS OLIVEIRA OLIVEIRA;422.655.395-03;16/04/1980;M;lucasoliveira904@uol.com.br;(11) 99329-7458;AV SETE DE SETEMBRO, 1165;JARDIM DAS FLORES;São Paulo;sp;01824704;S;01/03/2021
103751;GABRIELA MENDES;89694638607;15/06/1978;F; GABRIELA.MENDES612@OUTLOOK.COM ;2180494119;R DOS ANDRADAS, N. 335 - CASA 2;LIBERDADE;rio de janeiro ;Rio de Janeiro;24252200;N;09/03/2019
103752;FABIO ROCHA ARAUJO;57990561751;02/11/1977;M;fabio_ara313@outlook.com;;AV Brasil, 756 - Fundos;BELA VISTA;RIO DE JANEIRO;;25602845;S;08/06/2023
103753;MÁRCIA SOUZA;425.633.667-20;30/07/1949;F;marciasouza479@uol.com.br;3167776087;RUA DAS FLORES, Nº 1945;VILA NOVA;belo horizonte ;MG;32402-696;N;28/08/2025
103754;WAGNER  ANDRADE ;34520090687;12/02/1969;I;wagner.andrade90877@yahoo.com.br;11991885589;Rua da Liberdade, nº 1209;VILA NOVA;Guarulhos;SP;1618575;S;12/08/2021
103755;LUIZA COSTA NUNES;61442049111;03/04/1972;F;luizanunes181@bol.com.br;(11) 96684-6628;AVENIDA SANTOS DUMONT, 750 - APTO 31;VILA NOVA;Santo André;São Paulo;04536-115;S;22/07/2019
103756;DANIEL FERREIRA ROCHA BRANDAO;78026663330;22/04/1972;M;danielbrandao301@yahoo.com.br;48 961088782;R. Marechal Deodoro, N. 1318;JARDIM DAS FLORES;Florianópolis;SC;82433481;N;16/10/2024
103757;CÉSAR SILVA ANDRADE;39697873275;27/04/1998;M;cesar_and685@uol.com.br;51987254300;RUA DAS FLORES, 2781 - FUNDOS;PARQUE INDUSTRIAL;PORTO ALEGRE;Rio Grande do Sul;95657-838;S;18/07/2020
103758;RODRIGO CARVALHO COSTA;07153685910;23/07/1987;M;rodrigo_cos233hotmail.com;71961277813;RUA GETÚLIO VARGAS, N. 213;CENTRO;Salvador;BA;42785-286;S;12/06/2024
103759;LEONARDO NASCIMENTO DIAS;41543637604;20/07/1992;M;leonardo_dia35171@uol.com;31 79662310;Rua Tiradentes, 1394 - Apto 12;VILA NOVA;belo horizonte ;Minas Gerais;37196790;S;23/05/2021
103760;CESAR GUIMARAES PEREIRA;356.586.994-10;29/05/1992;M;cesar_per52486@yahoo.com.br;21993634104;Praça Dom Pedro II, nº 2358 - Casa 2;LIBERDADE;Rio de Janeiro;rj;26667413;N;13/07/2020
103761;CAIO MARQUES;96642376803;02/05/1961;M; CAIOMARQUES114@GMAIL.COM ;98547-9007;R. SÃO JOÃO, Nº 218 - APTO 12;SANTO ANTÔNIO;Rio de Janeiro;Rio de Janeiro;21925-424;S;14/05/2019
103762;MARCELO RIBEIRO SILVA CARVALHO;086.304.563-45;11/02/1992;M;marcelo.carvalho380@hotmail.com;31 975776606;PRAÇA BRASIL, Nº 2998 - BLOCO B APTO 104;BELA VISTA;BELO HORIZONTE;MG;38499760;S;29/07/2020
103763;RENATA GOMES ANDRADE;88233756903;09/06/1980;F;renata_and114@bol.com.br;41993566401;R SETE DE SETEMBRO, 1124;VILA MARIANA;Curitiba;Paraná;84649389;N;20/10/2021
103764;MARCIO SANTOS;63628183911;27/01/1991;M; MARCIO_SAN978@HOTMAIL.COM ;41 990781662;AVENIDA TIRADENTES, N. 1332;VILA MARIANA;Curitiba;pr;86441248;S;29/01/2023
103765;SR. RODRIGO MARTINS;46880045243;25/12/1994;M;rodrigo_mar264@gmail.com;(11) 96845-3971;AVENIDA DA LIBERDADE, N. 1427;JARDIM DAS FLORES;São Paulo;SP;3858634;N;20/10/2025
103766;PATRICIA LIMA;96839154262;04/09/1953;F;patricialima190@bol.com.br;;Rua São João, 1581;PARQUE INDUSTRIAL;Recife;Pernambuco;52149885;N;27/09/2020
103767;MARIANA MARQUES MAGALHÃES;11018496220;07/12/1972;;mariana.magalhaes893@uol.com.br;98438-8378;Rua Sete de Setembro, nº 327;BELA VISTA;Santo André;SP;07730-598;S;16/11/2024
103768;FERNANDA MELO LIMA SOUZA;10513697543;24/12/1977;F;fernanda_sou63@outlook.com;98682-3740;RUA Santos Dumont, nº 2922;SANTA CECÍLIA;Brasília;DF;72882-352;N;12/05/2025
103769;RAQUEL MENDES MOREIRA;11586752324;10/10/1985;F;raquel_mor879@yahoo.com.br;(11) 99443-6209;R PAULISTA, N. 1566;VILA MARIANA;São Paulo;São Paulo;08158-790;N;22/05/2021
103770;RAFAEL MENDES FREITAS CONCEIÇÃO;32895652031;21/10/1970;M; RAFAELCONCEICAO755@GMAIL.COM ;21966593583;RUA DAS PALMEIRAS, N. 754;CENTRO;Rio de Janeiro;RJ;28081418;N;15/12/2025
103771;LUCAS MACHADO CARVALHO MENDES;89113005863;19/08/1983;M;lucasmendes362@gmail.com;(11) 98482-1072;AVENIDA SETE DE SETEMBRO, Nº 477 - CASA 2;BELA VISTA;São Paulo;SP;09567421;S;24/05/2021
103772;SÔNIA GUIMARÃES NASCIMENTO BRANDÃO;85970972649;28/07/1980;F;sonia_bra533@uol.com.br;11 996926455;Trav. XV de Novembro, N. 1400 - Casa 2;PARQUE INDUSTRIAL;São Paulo;SP;08071306;N;20/10/2025
103773;NATALIA MENDES;023.529.985-57;24/02/1995;F;natalia_men413@outlook.com;81 994988498;Avenida das Palmeiras, 542;BELA VISTA;Recife;PE;54222896;S;24/03/2021
103774;EDUARDO GOMES;707.776.476-13;21/02/1995;M;eduardo_gom15378@outlook.com;1981039129;RUA Marechal Deodoro, nº 1249;JARDIM AMÉRICA;Campinas;SP;17919544;N;27/10/2019
103775;CESAR BARBOSA MENDES;598.609.010-15;02/06/1989;M;cesar_men489@uol.com.br;97109-2673;R. Tiradentes, N. 153;CENTRO;Juiz de Fora;Minas Gerais;36136309;N;01/12/2021
103776;LUIS FREITAS ARAUJO;616.928.563-08;15/07/1980;M;luis.araujo358@uol.com.br;51997802924;ALAMEDA DAS FLORES, 2658;BOA VISTA;Porto Alegre;RS;91291-997;N;11/10/2022
103777;LETICIA SOUZA CONCEICAO;10026143500;22/05/1970;F;leticia_con90872@bol.com.br;19 971157177;RUA São João, 1282;BELA VISTA;Campinas;sp;14297921;S;06/07/2020
103778;EDUARDO MARQUES;684.781.146-37;16/09/1993;M;eduardomarques855@hotmail.com;2178954167;R. SÃO JOÃO, Nº 2339 - APTO 31;CENTRO;RIO DE JANEIRO;RJ;27984179;S;12/04/2020
103779;SR. LARISSA FERREIRA CARVALHO;951.748.200-08;25/10/1999;F;larissa_car133@outlok.com;11 962934550;AL XV de Novembro, nº 1595 - Casa 2;LIBERDADE;São Paulo;SP;02877964;S;09/10/2023
103780;DR. MÁRCIO RODRIGUES LIMA;17887958733;08/04/1941;M;marcio_lim736@uol.com.br;81966262584;Pca Brasil, 1507;JARDIM DAS FLORES;Recife;Pernambuco;55232-291;S;10/09/2024
103781;PRISCILA PEIXOTO;40613190432;28/11/1990;;priscilapeixoto348@bol.com.br;;RUA MARECHAL DEODORO, Nº 1363;BELA VISTA;São Paulo;SP;02257337;N;28/09/2023
103782;EDUARDO RODRIGUES PEIXOTO;69854532607;20/08/1978;M;eduardo_pei85259@uol.com.br;71969367604;RUA PRESIDENTE VARGAS, 2064;SANTA CECÍLIA;Salvador;BA;48281077;N;24/12/2023
103783;MARIANA FREITAS CONCEICAO;03910074081;16/10/1989;F;;(11) 96363-4762;Av. Tiradentes, nº 2406;JARDIM AMÉRICA;São Paulo;São Paulo;07812-653;S;26/06/2022
103784;FERNANDO CARDOSO ANDRADE;43422517367;07/10/1967;M;fernando_and695@uol.com.br;11 986041983;Tv. Castro Alves, 546;SÃO JOSÉ;São Paulo - SP;SP;04772-375;;10/06/2021
103785;OTAVIO CARDOSO MAGALHAES CARVALHO;551.833.776-00;17/08/1971;M; OTAVIO.CARVALHO522@HOTMAIL.COM ;(31) 99458-2952;Travessa Marechal Deodoro, 1242;SANTO ANTÔNIO;Belo Horizonte;mg;32060893;S;07/04/2022
103786;MÁRCIO SOUZA SILVA;57894114448;07/06/1987;M;marciosilva879@hotmail.con;;RUA GETÚLIO VARGAS, 2312;PARQUE INDUSTRIAL;FLORIANOPOLIS;SC;87352676;;04/01/2020
103787;JOAO SANTOS MARTINS;552.923.558-10;31/01/1992;M;joaomartins42950@bol.com.br;(11) 9782-4175;RUA CASTRO ALVES, 2841 - BLOCO B APTO 104;PARQUE INDUSTRIAL;S. Paulo;SP;04765-422;N;26/07/2020
103788;MATEUS GUIMARAES;403.625.897-47;19/03/1965;M;mateusguimaraes672@uol.com.br;51988018801;R. Getúlio Vargas, nº 2865;VILA MARIANA;Porto Alegre;Rio Grande do Sul;92999-576;S;07/02/2025
103789;PAULO RODRIGUES;141.128.429-10;18/05/1996;M;paulorodrigues31@uol.com.br;11 71495271;R Sete de Setembro, nº S/N;CENTRO;São Paulo;SP;02507471;S;20/05/2024
103790;LARISSA MENDES NASCIMENTO;74576360647;18/02/1979;;larissa_nas198@bol.com.br;11 88841455;Rua Tiradentes, N. 393;BOA VISTA;São Paulo;São Paulo;09403278;S;02/12/2024
103791;ISABELA MAGALHAES;78008185511;17/08/1983;F;isabela_mag791@outlook.com;1193132057;Rua Rio Branco, N. 321 - Apto 31;CENTRO;Guarulhos;SP;09129918;N;20/12/2021
103792;JOSE NUNES FREITAS;84472789213;14/02/1988;M;jose_fre127@gmail.com;(71) 96310-8817;Rua Tiradentes, nº S/N - Casa 2;VILA MARIANA;Salvador - BA;BA;49689-006;N;30/05/2019
103793;FABIO RODRIGUES DIAS;645.241.100-46;03/12/1993;M;fabio.dias669@gmail.com;(31) 99708-4610;ALAMEDA MARECHAL DEODORO, 817;SANTA CECÍLIA;Belo Horizonte;mg;35766904;;16/09/2020
103794;CAMILA CARDOSO ROCHA;307.955.789-11;26/02/1963;F; CAMILAROCHA80@BOL.COM.BR ;21 997041404;RUA CASTRO ALVES, 766 - CASA 2;JARDIM DAS FLORES;Niterói;RJ;27182767;S;10/06/2024
103795;DR. JOAO RODRIGUES GUIMARAES;68686192432;24/08/1979;M;joao.guimaraes100@uol.com.br;(11) 99978-3490;R Santos Dumont, 2744;SÃO JOSÉ;São Paulo;SP;06015-927;S;02/02/2019
103796;MARIANA NUNES CARVALHO FREITAS;496.571.227-75;22/11/1988;F;marianafreitas81@uol.com.br;(11) 99850-1249;Rua Tiradentes, nº 310;JARDIM DAS FLORES;São Paulo;São Paulo;06982-327;N;13/07/2020
103797;LEONARDO ROCHA;851.135.125-67;22/05/1980;M;leonardo.rocha507@yahoo.com.br;(11) 99664-9510;ALAMEDA SANTOS DUMONT, 826 - FUNDOS;JARDIM DAS FLORES;São Paulo;SP;9235688;S;14/04/2021
103798;SÔNIA DIAS OLIVEIRA ARAÚJO;38347169284;03/12/1982;F;soniaaraujo139@outlook.com;41 991141040;AVENIDA DOS ANDRADAS, Nº 2419;VILA NOVA;Curitiba;PR;88214-356;N;18/10/2020
103799;DEBORA MAGALHAES ROCHA;53130620699;27/10/1999;F;deborarocha652@bol.com.br;31 968672738;Travessa São João, 180;VILA NOVA;Belo Horizonte;mg;38977-174;S;28/05/2022
103800;TANIA OLIVEIRA CONCEICAO;250.764.512-10;15/06/1992;F;taniaconceicao215@yahoo.com.br;31 975553328;Rua dos Ipês, nº 1314 - Apto 31;LIBERDADE;Belo Horizonte;Minas Gerais;35604-646;S;21/05/2019
103801;RENATA GUIMARAES PEIXOTO;90561992690;26/01/1996;F;renata_pei59@gmail.com;19998326507;Avenida XV de Novembro, 1762;SÃO JOSÉ;Campinas;SP;18686603;N;19/07/2021
103802;SERGIO BARBOSA RODRIGUES;38004412688;31/01/1991;M;sergio.rodrigues772@hotmail.com;(21) 96674-5848;RUA DAS PALMEIRAS, 788;BOA VISTA;Rio de Janeiro;rj;26536427;N;14/03/2024
103803;VINÍCIUS MELO ARAÚJO GOMES;69221165183;23/04/1964;M;vinicius_gom894@gmail.com;(11) 98982-8537;Avenida Tiradentes, nº 1815 - Bloco B Apto 104;SÃO JOSÉ;São Paulo;sp;01448814;;28/10/2021
103804;TANIA CARVALHO SANTOS;22299674365;27/02/1983;F;tania.santos27@yahoo.com.br;11990319833;RUA SANTOS DUMONT, Nº 2421;SÃO JOSÉ;São Paulo;São Paulo;03294577;S;07/11/2023
103805;NATÁLIA CARDOSO;823.449.001-01;22/01/1966;F;natalia_car162@yahoo.com.br;(11) 9984-3031;RUA BRASIL, Nº 1901;VILA MARIANA;São Paulo;sp;05766-920;S;29/11/2023
103806;SIMONE SANTOS LIMA;49956542911;05/11/1990;F; SIMONELIMA97@OUTLOOK.COM ;(19) 98350-7489;RUA DAS PALMEIRAS, N. 1985 - FUNDOS;VILA MARIANA;Campinas;;16693-387;;21/09/2024
103807;PATRICIA RIBEIRO CARVALHO;870.206.470-73;02/05/1998;F;patriciacarvalho207@gmail.com;5180466708;Pca das Flores, 1328;SANTA CECÍLIA;Porto Alegre;RS;91096-838;N;24/11/2022
103808;SONIA SILVA;77571169291;28/06/1993;F; SONIA.SILVA74@HOTMAIL.COM ;11 968974310;TRAVESSA SETE DE SETEMBRO, 1224;CENTRO;SANTO ANDRE;São Paulo;01440363;S;28/07/2021
103809;FERNANDO ANDRADE MENDES;563.417.282-98;09/02/1971;I;fernandomendes336@uol.com.br;(41) 99397-3031;Avenida da Liberdade, nº 2822;CENTRO;CURITIBA;PR;81684557;N;08/03/2020
103810;SNÔIA ANDRADE;423.019.148-01;14/02/1990;F;soniaandrade594@bol.com.br;21 93905585;AL. SETE DE SETEMBRO, N. 2711;SANTA CECÍLIA;RIO DE JANEIRO;RJ;28291-977;S;06/08/2021
103811;PATRÍCIA P. CONCEIÇÃO;245.883.659-32;25/09/1953;F;patricia.conceicao195@bol.com.br;11983325010;RUA DA LIBERDADE, N. 700;BELA VISTA;São Paulo;SP;09397-495;N;11/08/2020
103812;DRA. PAULO NASCIMENTO BRANDAO;93483878475;20/04/1995;M;paulobrandao609@uol.com.br;11 991448125;R DAS PALMEIRAS, N. 56 - BLOCO B APTO 104;SANTA CECÍLIA;Santo André;SP;5116120;S;18/08/2023
103813;FABIO ANDRADE ALVES SANTOS;690.668.563-51;09/04/1995;I;fabiosantos798@yahoo.com.br;71973138150;Avenida Paulista, nº 2476;JARDIM DAS FLORES;Salvador;ba;42995-645;S;25/12/2019
103814;FERNANDA LIMA MELO;69688852805;02/11/1998;F;fernandamelo627@uol.com.br;(31) 97399-6369;Av. das Palmeiras, nº 1244;BOA VISTA;B. Horizonte;MG;35071-611;S;02/10/2025
103815;SRA. OTAVIO FERREIRA;399.121.333-82;04/03/1972;M;otavio.ferreira627@hotmail.com;11975667192;Rua das Flores, N. 2639;JARDIM DAS FLORES;São Paulo;SP;05284-922;S;08/07/2022
103816;PATRÍCIA RODRIGUES;35287337132;13/07/1973;F;patriciarodrigues464@gmail.com;;RUA GETÚLIO VARGAS, Nº 1701;VILA NOVA;Guarulhos;SP;06471-505;S;26/08/2019
103817;NATALIA GUIMARAES;26319865989;25/10/1989;F;natalia.guimaraes649@bol.com.br;(62) 97431-8716;AVENIDA DAS FLORES, N. 2815;VILA MARIANA;Goiânia;GO;73743401;N;25/01/2025
103818;LARISSA BARBOSA SILVA;45228960180;29/06/1975;F;larissa.silva962@outlook.com;1177947393;RUA SANTOS DUMONT, Nº 2015 - APTO 31;SANTA CECÍLIA;SAO PAULO;São Paulo;04737-321;S;04/09/2019
103819;VITÓRIA DIAS;61321386095;31/12/1933;F;vitoriadias248@gmail.com;11 996937861;RUA DOM PEDRO II, 2619;PARQUE INDUSTRIAL;São Paulo;São Paulo;02768-153;S;14/03/2021
103820;THIAGO  BRANDAO ;321.297.736-13;29/01/1982;M;thiago.brandao508@uol.com.br;11 985111074;RUA PAULISTA, Nº 290;VILA MARIANA;Sampa;SP;04930932;S;24/08/2019
103821;SÔNIA  CARDOSO CARDOSO ;53890644961;05/01/1966;I;sonia_car980@hotmail.com;11 999941543;Praça dos Ipês, N. 2860;JARDIM AMÉRICA;Guarulhos - SP;SP;07151-843;S;23/02/2019
103822;ALINE RIBEIRO MELO;05068874051;06/10/1960;F;aline_mel612@hotmail.com;(71) 98552-6172;Rua das Palmeiras, nº 2712;BOA VISTA;Salvador;ba;41318-876;;27/04/2022
103823;SIMONE MOREIRA;64414535689;17/09/1967;F;simone_mor21@outlook.com;41 67387946;AL MARECHAL DEODORO, 2541;JARDIM DAS FLORES;Curitiba;pr;83964-457;N;11/02/2023
103824;NATÁLIA ASSUNÇÃO;631.676.276-38;29/12/1987;F;natalia.assuncao218@hotmail.com;11 968025451;RUA SANTOS DUMONT, Nº 926;SÃO JOSÉ;Guarulhos;São Paulo;4455388;N;13/01/2020
103825;LETICIA  SANTOS GOMES ;42220106934;04/04/1992;F;leticia_gom90126@bol.com.br;41 966139102;Rua das Palmeiras, nº 1986;BELA VISTA;Curitiba;pr;84869651;N;06/09/2019
103826;NATALIA FERREIRA BRANDAO;50914004271;15/06/1978;F;nataliabrandao48794@uol.com.br;3285267216;Rua das Palmeiras, N. S/N - Bloco B Apto 104;VILA MARIANA;Juiz de Fora;MG;38892-378;N;07/06/2019
103827;ANTONIO CARDOSO RIBEIRO;454.942.015-46;04/11/1976;M;antonioribeiro251@hotmail.com;61 966968252;Rua Santos Dumont, 1372;JARDIM AMÉRICA;Brasília;DF;78894553;N;21/05/2025
103828;JOANA  FREITAS PEIXOTO ;452.325.980-15;19/10/1972;F; JOANA.PEIXOTO49946@GMAIL.COM ;(11) 97374-4858;AV DOS ANDRADAS, Nº 468 - APTO 12;JARDIM AMÉRICA;SAO PAULO;SP;07340833;S;09/03/2021
103829;RAQUEL  ROCHA ;82079010290;29/01/1972;F;raquel.rocha964@outlook.com;99957-5802;RUA Santos Dumont, nº 526;SANTO ANTÔNIO;Campinas;sp;17371-029;S;28/02/2020
103830;ANA ROCHA;11416322337;07/12/1979;F;ana_roc906@outlook.com;;R XV de Novembro, nº 566;SANTO ANTÔNIO;Brasília;DF;77828-547;S;25/06/2022
103831;JÚLIA FREITAS OLIVEIRA;464.886.029-26;12/11/1985;F;julia.oliveira742@hotmail.com;11 983884859;Avenida Brasil, 2114;SANTO ANTÔNIO;São Paulo;sp;3360673;N;15/09/2022
103832;LUIZA LIMA MARTINS;30687124832;08/07/1970;F;luiza.martins267@bol.com.br;21 993807818;Travessa XV de Novembro, 1965 - Casa 2;VILA MARIANA;Rio de Janeiro;Rio de Janeiro;27360910;N;03/02/2020
103833;WAGNER ANDRADE SANTOS;523.925.951-86;13/04/1983;M;wagnersantos390@bol.com.br;11995915013;R DAS FLORES, N. 2774;VILA NOVA;São Paulo;SP;7407895;N;09/07/2024
103834;LETÍCIA RIBEIRO GOMES;01905008163;21/08/1989;;leticia.gomes660gmail.com;21 970769401;Av Santos Dumont, nº 201 - Fundos;VILA MARIANA;Rio de Janeiro;RJ;24091-594;N;18/05/2020
103835;SÔNIA MELO;252.790.301-04;12/10/1980;F;sonia_mel135@gmail.com;;AV Castro Alves, nº 1111;LIBERDADE;São Paulo;São Paulo;06294915;N;11/07/2021
103836;LETICIA  MENDES CARVALHO MOREIRA ;904.113.203-19;20/06/1992;F;leticia_mor516@hotmail.com;41 93199906;Avenida da Liberdade, nº 2689;LIBERDADE;Curitiba;Paraná;84521459;N;16/12/2020
103837;GUSTAVO GUIMARAES;32536007693;05/04/1951;M;gustavoguimaraes808@hotmail.com;11 987982345;AV XV de Novembro, N. 501 - Casa 2;SANTA CECÍLIA;São Paulo;SP;09530-836;S;25/10/2019
103838;BRUNO BRANDAO NUNES MAGALHAES;6509233169;18/03/1943;M; BRUNO.MAGALHAES220@HOTMAIL.COM ;61 978426395;TRAVESSA SÃO JOÃO, Nº 568;BELA VISTA;Brasília;Distrito Federal;79864-099;S;04/03/2023
103839;CESAR NASCIMENTO;87071263019;29/08/1967;M;cesar_nas58298@gmail.com;11973853968;R. MARECHAL DEODORO, N. 969 - FUNDOS;CENTRO;São Paulo;SP;02062497;S;29/02/2020
103840;FABIO MELO RIBEIRO PEIXOTO;01148157042;21/10/1992;M;luis_car326@bol.com.br;(32) 96617-5604;Rua Brasil, nº 789;SANTA CECÍLIA;JUIZ DE FORA;mg;37219958;N;03/07/2021
103841;CAIO RODRIGUES OLIVEIRA;89534457604;19/05/1934;M;;11 966246552;R RIO BRANCO, N. 2078 - FUNDOS;LIBERDADE;São Paulo;São Paulo;04085-963;;12/04/2022
103842;SÔNIA MARTINS NASCIMENTO;131.831.595-62;30/03/1978;F;sonia_nas186bol.com.br;96773-8447;RUA DOM PEDRO II, 2430 - APTO 31;BELA VISTA;PORTO ALEGRE;RS;96537222;;18/06/2020
103843;GARBIELA FERREIRA FREITAS;75102317105;20/02/1967;F;gabriela.freitas5388@gmail.com;11 995038821;Rua Getúlio Vargas, nº 2347;BOA VISTA;São Paulo;São Paulo;06302780;N;16/03/2020
103844;LARISSA BARBOSA ASSUNCAO NUNES;953.052.278-95;02/05/1983;F;larissa.nunes881@uol.com.br;(16) 99493-3927;Rua Santos Dumont, nº 2869 - Apto 31;JARDIM DAS FLORES;Ribeirão Preto - SP;SP;15708820;S;25/11/2019
103845;BRUNO SANTOS COSTA;54477256744;18/12/1968;M;bruno.costa106@outlook.com;11965438322;RUA MARECHAL DEODORO, Nº 1747;LIBERDADE;SAO PAULO;sp;09547236;S;31/08/2020
103846;CESAR FERREIRA FREITAS;454.557.341-05;07/06/1962;M;cesar.freitas356@hotmail.com;19962229659;Avenida XV de Novembro, nº 2192;PARQUE INDUSTRIAL;Campinas;sp;19594553;N;25/05/2020
103847;SONIA ALVES;49264872418;27/10/1983;F;soniaalves869@yahoo.com.br;21 965337293;ALAMEDA DOM PEDRO II, Nº 1247 - APTO 12;SANTA CECÍLIA;Rio de Janeiro - RJ;RJ;21838813;N;26/09/2020
103848;LETICIA P. ARAUJO CARDOSO;663.292.271-60;01/07/1973;F; LETICIA.CARDOSO62@HOTMAIL.COM ;31985095481;Rua Rio Branco, 648;VILA MARIANA;B. Horizonte;Minas Gerais;31581275;S;24/05/2024
103849;PAULO MACHADO COCNEIÇÃO;010.752.619-02;09/12/1974;M;paulo.conceicao218@gmail.com;11987955879;RUA DOS ANDRADAS, Nº 38 - APTO 31;JARDIM AMÉRICA;são paulo ;SP;04994178;S;21/10/2025
103850;CAIO MENDES ANDRADE;79705177490;03/10/1984;M;caio_and132@outlook.com;11 993004632;Avenida Paulista, nº 656;CENTRO;santo andré ;SP;2276782;N;08/10/2023
103851;FABIO DIAS FREITAS NASCIMENTO;98317009106;26/08/1996;;fabionascimento453@yahoo.com.br;11972644898;Rua São João, nº 2146;BOA VISTA;São Paulo;São Paulo;09425-211;N;04/08/2020
103852;SIMONE BRANDAO;38945750770;09/08/1979;F;simone_bra459@uol.com.br;11971096977;Pç. Getúlio Vargas, N. 2940;CENTRO;Guarulhos;São Paulo;07113134;N;13/05/2022
103853;CECILIA PEIXOTO MOREIRA;50709779208;09/10/1976;;ceciliamoreira737@gmail.com;31983303253;AL GETÚLIO VARGAS, 1475;JARDIM AMÉRICA;Belo Horizonte - MG;Minas Gerais;36818-376;;30/12/2025
103854;LARISSA GOMES ASSUNCAO BARBOSA;51306368561;29/01/1958;F;larissa_bar49286@hotmail.com;81998457484;R. Presidente Vargas, N. 1834;LIBERDADE;Recife - PE;;56736-769;S;29/12/2019
103855;SÔNIA LIMA MAGALHÃES;178.309.660-87;17/12/1986;F; SONIAMAGALHAES697@UOL.COM.BR ;;R PRESIDENTE VARGAS, N. 2677 - CASA 2;JARDIM DAS FLORES;São Paulo;SP;7450688;S;28/01/2021
103856;BEATRIZ L. RIBEIRO;33034859767;05/01/1989;F;beatriz.ribeiro354@gmail.com;31964504544;Av. Santos Dumont, 1489 - Fundos;LIBERDADE;Belo Horizonte;MG;36253820;N;12/01/2019
103857;LEONARDO MARTINS;48019320709;10/07/1987;M;leonardo.martins407@hotmial.com;48 72405468;TRAV. DOS ANDRADAS, N. 827;LIBERDADE;FLORIANOPOLIS;SC;84515370;N;29/12/2019
103858;JOÃO GOMES;28162846549;07/12/1978;M;joaogomes676@uol.com.br;(11) 8981-5083;Rua XV de Novembro, N. 2458;SANTA CECÍLIA;Santo André;SP;01411277;S;06/08/2019
103859;ALINE SOUZA ARAUJO;53474640542;28/08/1984;F;aline_ara671@yahoo.com.br;21 987498461;RUA Paulista, nº 2807;SANTO ANTÔNIO;RJ;RJ;26405399;S;11/06/2023
103860;SÉRGIO NASCIMENTO LIMA;97779824373;15/11/1989;M;sergio_lim5453@yahoo.com.br;98990-5867;Rua Dom Pedro II, nº 2773;LIBERDADE;Rio de Janeiro;RJ;23304-797;S;04/03/2019
103861;ALINE LIMA BRANDAO CARDOSO;74685394992;07/02/1977;I;aline_car86560@hotmail.com;21973036271;RUA MARECHAL DEODORO, 2840;LIBERDADE;Niterói;;22150243;S;28/05/2022
103862;RODRIGO MENDES ARAUJO;00018276504;20/05/1995;M;rodrigo_ara763@bol.com.br;;TRAV. TIRADENTES, 1068;JARDIM AMÉRICA;São Paulo;São Paulo;9227056;;04/04/2019
103863;DEBORA C. PEREIRA ANDRADE;679.141.043-45;20/04/1964;F;;99577-2834;Av. das Flores, N. 2155 - Casa 2;JARDIM DAS FLORES;Niterói;Rio de Janeiro;26166617;N;23/01/2024
103864;CAMILA BARBOSA ANDRADE;289.607.825-80;27/12/1995;F;camila.andrade698@hotmal.com;21 70259624;Av Paulista, nº 1475 - Apto 12;CENTRO;Rio de Janeiro;RJ;27694-829;S;01/01/2019
103865;WAGNER RODRIGUES;447.467.214-32;01/04/1992;M;wagnerrodrigues832@gmail.com;(11) 99440-1778;AV. RIO BRANCO, N. 109;SÃO JOSÉ;São Paulo;sp;06609616;N;21/05/2024
103866;WAGNER MACHADO NUNES;45946731637;05/06/1978;M;wagner_nun361@bol.com.br;97480-1401;RUA XV DE NOVEMBRO, Nº 1508;VILA NOVA;Rio de Janeiro;Rio de Janeiro;26337602;S;10/08/2022
103867;LUIZA  CONCEICAO ;740.541.386-24;20/01/1992;F;luizaconceicao556@gmail.com;81987017983;RUA CASTRO ALVES, N. 1777;BELA VISTA;Recife;Pernambuco;55633305;S;28/08/2022
103868;DEBORA OLIVEIRA MARTINS;93298251330;25/06/1982;F;debora.martins84748@hotmail.com;99936-2028;R RIO BRANCO, Nº 646;SANTA CECÍLIA;São Paulo;SP;07099583;S;14/11/2023
103869;CECILIA ALVES;56196769600;23/08/1989;F; CECILIA.ALVES958@BOL.COM.BR ;98507-6670;Rua Marechal Deodoro, nº 683 - Bloco B Apto 104;BELA VISTA;Ribeirão Preto;sp;12700228;S;24/04/2020
103870;JOANA GOMES;50716033909;17/04/1988;F;joana_gom770@yahoo.com.br;(21) 96422-3366;RUA DOM PEDRO II, N. 1106;PARQUE INDUSTRIAL;RIO DE JANEIRO;RJ;27360407;S;20/07/2024
103871;ALINE SANTOS;92159273449;21/06/1992;F;alinesantos46614@bol.com.br;41 980115867;R São João, N. 2722 - Apto 31;SANTA CECÍLIA;CURITIBA;Paraná;88660332;S;01/01/2021
103872;LUCIA R. DIAS;58644513710;27/06/1987;F;lucia.dias528@uol.com.br;16 969735667;Avenida das Palmeiras, nº 2665 - Apto 31;JARDIM AMÉRICA;Ribeirão Preto;sp;11158-381;S;08/11/2022
103873;ANTONIO MACHADO PEREIRA;362.033.029-88;26/04/1986;M;antoniopereira991@uol.com.br;11970586815;Avenida Marechal Deodoro, N. 332;SÃO JOSÉ;Santo André;São Paulo;08008-159;N;08/09/2021
103874;TANIA CONCEICAO CONCEICAO;75338673002;21/01/1973;F;tania_con418@outlook.com;19985607752;Alameda Brasil, N. 1192 - Apto 12;SANTO ANTÔNIO;Campinas;sp;17488799;S;16/07/2024
103875;JOANA MOREIRA MENDES MENDES;92781787213;23/04/1963;F; JOANAMENDES898@YAHOO.COM.BR ;6166494546;RUA DOS ANDRADAS, N. 2368;VILA MARIANA;Brasília;Distrito Federal;78990847;N;03/12/2022
103876;ANA OLIVEIRA SILVA;735.594.898-90;05/04/1997;F;ana.silva169@uol.com.br;7168321942;RUA RIO BRANCO, N. 377;VILA MARIANA;Salvador;BA;44738-106;S;25/10/2025
103877;DR. MARCIA GOMES;37902917575;12/05/1978;F;marciagomes764@hotmail.com;1183318271;Av. Tiradentes, N. 162 - Bloco B Apto 104;PARQUE INDUSTRIAL;São Paulo;sp;04547-210;N;13/06/2019
103878;JOANA MENDES ROCHA;53496090170;18/11/1985;I;joana.rocha946@bol.com.br;;Trav. Santos Dumont, 2978;VILA MARIANA;Santo André;sp;3709949;N;15/06/2025
103879;CAMILA ALVES;90459346555;05/09/1988;F;;1173693838;Avenida Castro Alves, nº 1587;BOA VISTA;Santo André;São Paulo;09768259;;23/10/2022
103880;OTAVIO MELO GUIMAARES;53950604219;21/12/1970;M;otavioguimaraes673@uol.com.br;11 990452203;RUA TIRADENTES, N. 1989;SANTA CECÍLIA;São Paulo;SP;07455-366;S;24/04/2025
103881;LUCIA NUNES FERREIRA;675.036.414-44;11/11/1999;F;luciaferreira246@uol.com.br;(16) 97798-6138;AV SANTOS DUMONT, 2571;BELA VISTA;Ribeirão Preto;SP;14469-882;N;21/09/2019
103882;HENRIQUE ROCHA MAGALHÃES;840.005.777-51;30/09/1984;M;henrique.magalhaes982@uol.com.br;96568-7618;AV PRESIDENTE VARGAS, 1843 - CASA 2;BOA VISTA;São Paulo - SP;sp;03177137;S;06/05/2020
103883;FERNANDA ANRDADE;19302085104;22/11/1993;F;fernanda_and459@outlook.com;(11) 98223-4862;R. dos Ipês, N. 2264 - Bloco B Apto 104;SÃO JOSÉ;Guarulhos;SP;02396300;N;27/01/2023
103884;ISABELA MACHADO ANDRADE;61639330607;26/08/1988;F;isabela_and716@bol.com.br;61 974817989;AV SÃO JOÃO, 2057;CENTRO;Brasília;;71506647;S;28/08/2021
103885;LUCIA PEIXOTO;254.391.167-70;15/05/1999;F;lucia.peixoto827@hotmail.com;31 980421644;Av XV de Novembro, N. 192 - Bloco B Apto 104;PARQUE INDUSTRIAL;Belo Horizonte;Minas Gerais;34544-630;S;26/12/2021
103886;JOSE SANTOS ALVES;87794374430;08/09/1981;M;jose_alv242@bol.com.br;41965724174;PÇ. RIO BRANCO, 2857;SANTA CECÍLIA;Curitiba;Paraná;84242-423;N;26/06/2021
103887;JOAO RIBEIRO;27078593707;21/11/1989;M;joao.ribeiro807@outlook.com;(32) 7869-7255;Avenida Tiradentes, 1654 - Apto 31;VILA MARIANA;Juiz de Fora - MG;MG;34934679;S;24/11/2023
103888;ANA  NASCIMENTO ;74822644855;21/02/1999;F;ananascimento278@uol.com.br;61983687248;RUA SÃO JOÃO, N. 2304;BELA VISTA;brasília ;DF;79062-232;N;13/06/2022
103889;WAGNER MARTINS FERREIRA PEREIRA;941.273.470-07;13/10/1987;M;wagnerpereira528@gmail.com;;Rua Getúlio Vargas, N. 2636;LIBERDADE;Belo Horizonte;Minas Gerais;33662-099;N;16/05/2024
103890;CECÍLIA DIAS MARTINS;37598186685;13/04/1998;I;ceciliamartins68@outlook.com;(11) 7052-4210;RUA SETE DE SETEMBRO, Nº 406 - FUNDOS;VILA NOVA;Guarulhos;São Paulo;06654-241;S;10/01/2025
103891;SONIA PEREIRA ALVES;35334288694;30/05/1973;F;soniaalves99275@bol.com.br;5191613616;R. CASTRO ALVES, Nº 2297;CENTRO;Porto Alegre - RS;rs;96817293;S;14/05/2021
103892;CECILIA CONCEICAO DIAS GOMES;82262776555;19/04/1969;F;ceciliagomes80@gmail.com;51 998579672;RUA SÃO JOÃO, 1679;LIBERDADE;Porto Alegre;RS;91514-818;N;18/01/2023
103893;JOSE MELO;33571945387;17/02/1950;M;;11 993807089;AVENIDA XV DE NOVEMBRO, N. 548 - CASA 2;SÃO JOSÉ;Guarulhos;SP;02498321;S;03/02/2025
103894;RENATA MELO;890.271.558-28;25/04/1969;F;renatamelo131@outlook.com;1663876526;AVENIDA PRESIDENTE VARGAS, 112;BELA VISTA;Ribeirão Preto;SP;13529-626;S;26/12/2019
103895;LARISSA PEIXOTO BARBOSA CARVALHO;91291561498;13/09/1963;F;;19960251307;ALAMEDA XV DE NOVEMBRO, Nº 2263;LIBERDADE;Campinas;SP;19603050;S;11/09/2024
103896;LUÍZA SANTOS MACHADO;822.683.848-70;11/05/1984;F;luizamachado278@bol.com.br;71985731389;Rua dos Ipês, 242 - Apto 12;VILA NOVA;Salvador;Bahia;46920606;S;24/05/2022
103897;PRISCILA RIBEIRO CARDOSO;1,31965E+10;24/04/1967;F;priscila_car134@gmail.com;11 963296676;RUA SETE DE SETEMBRO, Nº 1491;JARDIM AMÉRICA;São Paulo;sp;5346160;S;25/05/2025
103898;RENATA  BRANDAO BRANDAO ;759.170.963-17;04/09/1986;;renata.brandao287@outlook.com;;RUA MARECHAL DEODORO, Nº 2260 - APTO 31;JARDIM AMÉRICA;Santo André;SP;09784272;;07/06/2023
103899;LUIS FERREIRA ANDRADE ANDRADE;24863719159;18/09/1988;M;luis.andrade50@yahoo.com.br;(31) 6644-9028;Rua São João, 2354 - Apto 31;JARDIM DAS FLORES;Belo Horizonte;MG;31292-771;N;10/07/2022
103900;LUCAS ROCHA;324.590.017-11;19/05/1975;M;;21 995539547;RUA GETÚLIO VARGAS, 1574 - BLOCO B APTO 104;PARQUE INDUSTRIAL;Rio de Janeiro - RJ;rj;29353-355;N;29/03/2024
103901;MÁRCIA FREITAS SILVA;329.661.106-19;19/04/1987;F;marcia_sil609@gmail.com;(41) 97210-7118;Rua XV de Novembro, 1470;CENTRO;Curitiba;pr;82994655;N;08/10/2024
103902;CESAR GOMES COSTA;765.049.162-50;07/01/1941;M;cesar_cos731@gmail.com.br;(21) 9916-8701;R. São João, 2735;CENTRO;Rio de Janeiro;Rio de Janeiro;26621-436;S;16/07/2022
103903;RAFAEL BRANDÃO;922.171.956-11;25/08/1947;M;rafael.brandao152@hotmail.com;41 964187966;Rua dos Ipês, N. 1448 - Apto 31;BOA VISTA;Curitiba;PR;86141-050;N;02/09/2022
103904;JOAO ROCHA;29095410455;26/03/1956;M; JOAOROCHA38761@HOTMAIL.COM ;62967135328;Av dos Andradas, N. 2378;PARQUE INDUSTRIAL;Goiânia;GO;73524368;S;14/10/2024
103905;CECILIA MACHADO MARQUES;16934256026;19/08/1994;F;ceciliamarques611@gmail.com;62 965394798;RUA BRASIL, Nº 2884;PARQUE INDUSTRIAL;Goiânia;Goiás;75237-728;N;30/12/2020
103906;HELENA BARBOSA ALVES;49173853186;02/03/1982;F;helena.alves612@uol.com.br;71970217184;AV. CASTRO ALVES, Nº 164 - CASA 2;CENTRO;Salvador;Bahia;48896-924;N;17/02/2022
103907;DEBORA RODRIGUES OLIVEIRA;31547611103;29/05/1980;F;debora_oli349@outlook.com;11 986347855;RUA DOM PEDRO II, N. 2784 - APTO 12;SÃO JOSÉ;São Paulo;SP;7436228;S;20/10/2020
103908;DRA. CECILIA GUIMARAES ANDRADE;082.875.612-05;05/09/1990;F;ceciliaandrade606@gmail.com;11993617706;AVENIDA PAULISTA, N. 503;BOA VISTA;Santo André;SP;04955840;S;20/04/2020
103909;JOANA PEIXOTO MACHADO;483.762.812-59;22/05/1994;F;joanamachado41798@yahoo.com.br;21982356049;R SANTOS DUMONT, 2410 - FUNDOS;LIBERDADE;Niterói;RJ;29177-309;S;20/02/2022
103910;PAULO NASCIMENTO OLIVEIRA ROCHA;29936732707;01/08/1997;M;paulorocha86@uol.com.br;21980431600;Travessa XV de Novembro, N. 2432 - Apto 12;PARQUE INDUSTRIAL;niterói ;RJ;23681-703;S;29/01/2023
103911;FERNANDA DIAS NASCIMENTO ROCHA;120.257.637-00;01/11/1961;F; FERNANDAROCHA959@GMAIL.COM ;(11) 97581-9250;R. Castro Alves, N. 552;JARDIM DAS FLORES;Guarulhos;SP;2280292;N;31/01/2023
103912;TANIA NASCIMENTO GUIMARAES;94535429707;25/04/1975;F;tania.guimaraes116@yahoo.com.br;81 960533595;Avenida da Liberdade, N. 2760 - Apto 12;VILA NOVA;Recife;pe;55809172;N;10/04/2020
103913;TÂNIA MOREIRA PEREIRA;666.643.902-30;30/06/1994;F;tania_per7@bol.com.br;21 963582268;AV Santos Dumont, nº 2137;VILA NOVA;Rio de Janeiro;rj;27141880;S;30/07/2024
103914;MATEUS CARDOSO;267.564.794-23;11/12/2005;M;mateus.cardoso633@yahoo.com.br;32 988588786;AV RIO BRANCO, N. 2529;BOA VISTA;Juiz de Fora;MG;31354959;S;06/09/2024
103915;MATEUS FREITAS SOUZA MACHADO;53422337040;14/12/1980;M;mateusmachado635@uol.com.br;21 963095722;AV. TIRADENTES, 2025;PARQUE INDUSTRIAL;Rio de Janeiro;RJ;21577789;;31/05/2022
103916;MARIANA RODRIGUES MACHADO;67920118000;15/03/1985;F;marianamachado698@bol.com.br;62 990889120;AL SÃO JOÃO, 1138 - BLOCO B APTO 104;PARQUE INDUSTRIAL;Goiânia;Goiás;73190271;S;28/11/2023
103917;RAQUEL PEIXOTO;79431369184;06/03/1968;F;raquel_pei636@gmail.com;21976712982;RUA Castro Alves, N. 2162;SANTA CECÍLIA;RIO DE JANEIRO;RJ;29906378;S;03/02/2025
103918;VITORIA ALVES ANDRADE;13078584143;24/09/1967;F;vitoriaandrade78@uol.com.br;11 984936279;R. dos Andradas, N. 630 - Apto 31;BOA VISTA;guarulhos ;sp;05187610;N;31/12/2020
103919;ALINE GOMES;97779658007;13/07/1994;F;alinegomes487@uol.com.br;(41) 96619-7259;RUA SETE DE SETEMBRO, 158;LIBERDADE;Curitiba;PR;82476812;S;01/07/2019
103920;OTAVIO ARAUJO ROCHA MARQUES;487.802.062-80;19/01/1974;M;otavio.marques3@uol.com.br;1183786140;R. XV de Novembro, nº 683;VILA NOVA;São Paulo - SP;SP;04896003;S;03/11/2025
103921;JULIA SANTOS FERREIRA RODRIGUES;19567737894;08/08/1993;I;juliarodrigues982@outlook.com;(21) 97282-9170;AVENIDA DOM PEDRO II, 2147;PARQUE INDUSTRIAL;RIO DE JANEIRO;RJ;27464-500;N;14/06/2021
103922;DEBORA MOREIRA;549.456.522-01;26/05/2001;F;debora.moreira889@hotmail.com;31985788416;R. das Palmeiras, N. 2928 - Apto 12;SANTA CECÍLIA;Belo Horizonte;MG;36715008;S;19/02/2019
103923;HELIO PEREIRA OLIVEIRA ARAUJO;42954840161;28/09/1986;M;helio_ara445@yahoo.com.br;(21) 97795-1679;Rua São João, 2546;JARDIM DAS FLORES;Niterói;rj;26496793;N;07/05/2020
103924;ISABELA MARQUES;17549859558;25/02/1982;F;isabelamarques75@bol.com.br;11 964738891;Rua Presidente Vargas, 2597;CENTRO;Guarulhos;SP;01643354;S;27/01/2025
103925;GABRIELA  CARDOSO SILVA ;76148606402;13/05/1987;F;gabriela_sil672@uol.com.br;(11) 97275-7361;Rua Dom Pedro II, nº 336;VILA NOVA;são paulo ;São Paulo;04058403;S;11/02/2022
103926;RAQUEL COSTA;68797731099;11/06/1985;F;raquelcosta392@gmail.com;99814-7371;TRAVESSA SETE DE SETEMBRO, 2371 - FUNDOS;BOA VISTA;Goiânia - GO;go;72808600;S;07/02/2022
103927;SRA. MATEUS MARQUES SOUZA;701.104.730-19;19/03/1980;M;mateus.souza994@gmail.com;(11) 98052-4559;R. da Liberdade, nº S/N - Apto 12;LIBERDADE;são paulo ;sp;05495-086;N;14/08/2020
103928;HENRIQUE  NASCIMENTO SILVA ;450.809.015-00;12/01/2000;M;henrique_sil8017@hotmail.com;19 978946837;RUA XV de Novembro, nº 210 - Apto 31;SANTO ANTÔNIO;Campinas;SP;17823-194;;13/11/2021
103929;SIMONE RODRIGUES CARDOSO;478.927.664-30;04/09/1971;F;simonecardoso866@uol.com.br;11 64242542;RUA DAS PALMEIRAS, N. 2066;LIBERDADE;SAO PAULO;sp;09520713;N;10/01/2025
103930;OTÁVIO  PEREIRA SANTOS ;551.275.924-87;28/07/1967;;otavio_san689@uol.com.br;(31) 97112-8775;Avenida Castro Alves, 1682;LIBERDADE;Belo Horizonte;mg;32250-753;S;30/01/2023
103931;RAFAEL ARAUJO PEREIRA;90950102792;10/02/1972;M;rafael_per242@gmail.com;62 69539334;R dos Ipês, N. 302 - Apto 12;SÃO JOSÉ;Goiânia;go;71942689;S;16/07/2020
103932;BRUNO MENDES BRANDÃO;3,20272E+10;26/01/1978;M;;11 91974291;Avenida XV de Novembro, nº 1159 - Apto 12;BOA VISTA;São Paulo;sp;07295-158;N;07/02/2022
103933;RODRIGO ASSUNCAO NASCIMENTO;299.094.509-17;28/05/1953;M;rodrigonascimento596@uol.com.br;2187188787;RUA BRASIL, N. 2432;VILA NOVA;Rio de Janeiro;rj;23069-911;N;20/11/2019
103934;FABIO GOMES ANDRADE;088.124.321-31;30/08/1990;M;;1991729776;AVENIDA MARECHAL DEODORO, 791;JARDIM DAS FLORES;Campinas;SP;16556975;S;13/02/2023
103935;EDUARDO CARDOSO MENDES;526.956.297-96;26/10/1973;I;eduardo.mendes765@hotmail.com;11 992015937;Rua dos Andradas, 1099;JARDIM AMÉRICA;Guarulhos;São Paulo;7071651;S;05/09/2021
103936;VITORIA CARVALHO MENDES;545.620.107-03;04/04/1997;F;vitoria.mendes337@bol.com.br;;R. DOS IPÊS, Nº 2509 - APTO 12;SANTO ANTÔNIO;Porto Alegre;Rio Grande do Sul;93717-264;N;24/06/2019
103937;JOSE OLIVEIRA FERREIRA;68658727467;15/02/1972;M;joseferreira506@outlook.con;1194627074;R. Marechal Deodoro, nº 2234;LIBERDADE;São Paulo;São Paulo;5532241;N;19/02/2023
103938;RAQUEL MOREIRA ASSUNÇÃO;35594051902;01/03/1972;F;raquel_ass17349@bol.con.br;51971927427;RUA TIRADENTES, N. 710;SANTO ANTÔNIO;Porto Alegre;Rio Grande do Sul;92271-352;N;20/08/2021
103939;VITORIA GUIMARAES;64015948963;29/04/1984;F;vitoria.guimaraes496@outlook.com;1169899938;R. DAS FLORES, N. 2645;VILA NOVA;SAO PAULO;SP;05401129;N;11/11/2024
103940;SERGIO NUNES OLIVEIRA SOUZA;987.134.287-05;02/03/1969;M;sergiosouza889@uol.com.br;(31) 98434-4434;AV. DOS ANDRADAS, 1894;SANTA CECÍLIA;BELO HORIZONTE;mg;39811718;N;10/06/2025
103941;JOAO MELO NUNES ALVES;6,68053E+09;10/01/1978;M;joao.alves175@outlook.com;(21) 98807-7726;Rua Getúlio Vargas, nº 2417 - Apto 12;CENTRO;Rio de Janeiro;rj;24340895;S;29/09/2024
103942;GABRIELA FREITAS COSTA;6,73349E+10;02/08/1994;F;gabriela_cos641@outlook.con;(48) 9607-3709;RUA PAULISTA, Nº 1934;BOA VISTA;FLORIANOPOLIS;SC;87802166;S;22/04/2020
103943;FERNANDO ALVES CONCEICAO;9816733501;28/10/1960;M;fernando_con97@bol.com.br;(51) 98415-5649;R. XV DE NOVEMBRO, N. 1833 - BLOCO B APTO 104;SÃO JOSÉ;Porto Alegre;RS;94387252;S;06/09/2024
103944;SERGIO  SOUZA GOMES NASCIMENTO ;93490521803;02/12/1986;M; SERGIONASCIMENTO188@GMAIL.COM ;;RUA Dom Pedro II, 1470;JARDIM AMÉRICA;São Paulo;SP;05797-051;N;08/09/2025
103945;FERNANDO C. CARVALHO;9973763335;09/06/1973;M;fernando.carvalho720@uol.com.br;11 966166167;Rua Marechal Deodoro, 2168;BOA VISTA;São Paulo - SP;São Paulo;2538818;S;13/09/2023
103946;CAMILA SILVA;836.795.267-76;19/07/1997;F;camilasilva960@gmail.com;(31) 97245-8568;Avenida das Palmeiras, 125;BOA VISTA;Belo Horizonte;Minas Gerais;32963-791;S;17/12/2024
103947;LARISSA NUNES ROCHA;70581796209;03/03/1975;F;larissarocha140@yahoo.com.br;48 975707093;Rua da Liberdade, nº 1828;JARDIM DAS FLORES;Florianópolis;SC;88180-335;;10/05/2021
103948;VITORIA MARQEUS ASSUNCAO;966.520.183-22;01/01/1900;F;vitoria.assuncao805@uol.com.br;51 66358449;Rua Paulista, nº 531;BOA VISTA;Porto Alegre;Rio Grande do Sul;99799-276;S;08/06/2023
103949;TÂNIA GOMES;128.759.697-57;16/11/1967;F;tania.gomes801@uol.com.br;62 985925285;R DAS PALMEIRAS, 1119;LIBERDADE;Goiânia;GO;77779777;S;06/07/2020
103950;ANTÔNIO GUIMARÃES ARAÚJO;988.028.223-01;25/07/1951;M;antonio_ara900@yahoo.com.br;41982701037;Rua das Flores, N. 123;BOA VISTA;Curitiba;pr;81043-320;S;06/12/2019
103951;SERGIO ROCHA MAGALHAES;35186885371;25/10/1967;M;sergio.magalhaes16@yahoo.com.br;(16) 6684-2619;RUA DA LIBERDADE, 1107;JARDIM DAS FLORES;Ribeirão Preto;SP;14451642;S;04/03/2020
103952;NATALIA  AVLES ;51369079672;18/01/1986;F;natalia.alves369@outlook.com;(21) 96206-9850;Avenida Getúlio Vargas, nº 2809 - Casa 2;JARDIM AMÉRICA;Rio de Janeiro - RJ;RJ;24445-217;N;25/04/2019
103953;VINICIUS ASSUNCAO;294.448.567-98;28/05/1966;;vinicius_ass165@uol.com.br;51 969634001;RUA Getúlio Vargas, 12 - Apto 12;VILA MARIANA;Porto Alegre;RS;93791386;;18/10/2022
103954;SR.  RENATA NASCIMENTO MARQUES NASCIMENTO ;497.452.053-97;06/04/1966;F;renatanascimento445@uol.com.br;(11) 96387-9748;R RIO BRANCO, Nº 2731 - FUNDOS;LIBERDADE;são paulo ;São Paulo;02913-139;S;03/07/2022
103955;RAQUEL BRANDÃO;14125478570;17/07/1979;F;raquelbrandao446@hotmail.com;11 989446364;Rua Paulista, 1001;VILA MARIANA;São Paulo;sp;01220-231;S;07/02/2020
103956;BEATRIZ FERREIRA BARBOSA;37883197398;25/09/1995;F;beatriz_bar940@hotmail.com;(41) 98544-6868;Rua Sete de Setembro, nº 1551 - Bloco B Apto 104;CENTRO;Curitiba - PR;PR;88007857;N;06/12/2020
103957;FERNANDO GUIMARAES GOMES;68513133914;14/04/1987;M;fernando.gomes831@outlook.com;(21) 98821-3441;RUA SETE DE SETEMBRO, Nº 2623;JARDIM DAS FLORES;RIO DE JANEIRO;RJ;29058538;S;18/08/2020
103958;BRUNO CARVALHO ANDRADE;59539874637;04/09/1981;M;bruno_and84@bol.com.br;11974431657;Av Santos Dumont, 1134 - Bloco B Apto 104;SANTA CECÍLIA;São Paulo;SP;07530376;S;16/04/2025
103959;CAMILA R. MARTINS MOREIRA;515.277.818-10;22/04/1956;F;camila_mor744@yahoo.com.br;(11) 9288-1226;Rua Paulista, 1153;VILA NOVA;Guarulhos;sp;05310473;N;29/11/2023
103960;CAMILA  RODRIGUES ;905.755.849-12;20/10/1976;F;camila_rod454@outlook.com;(16) 8955-2374;RUA dos Ipês, nº 69 - Bloco B Apto 104;SANTA CECÍLIA;Ribeirão Preto - SP;SP;17227-830;N;07/06/2023
103961;RODRIGO PEIXOTO FERREIRA DIAS;471.745.057-40;27/11/1987;M;rodrigo.dias127@yahoo.com.br;11 989467692;R Presidente Vargas, N. 1446;JARDIM AMÉRICA;SP;São Paulo;06678324;S;26/07/2024
103962;SIMONE OLIVEIRA RODRIGUES;93463516160;17/01/1977;F;simonerodrigues943@gmail.com;(31) 99434-8298;Rua Santos Dumont, nº 230 - Apto 31;JARDIM AMÉRICA;Belo Horizonte;mg;34364602;S;08/06/2019
103963;PAULO BRANDAO DIAS;729.370.410-00;02/05/1989;M;paulo_dia868@gmail.com;11976491194;RUA CASTRO ALVES, N. 1144;SÃO JOSÉ;São Paulo;SP;04057-018;N;21/06/2021
103964;GABRIELA ANDRADE NUNES BRANDÃO;74652758308;30/08/1964;F;gabriela_bra859@bol.com.br;11976891971;PÇ. BRASIL, N. S/N - APTO 31;VILA MARIANA;São Paulo;sp;06836-980;S;09/11/2025
103965;LUIS GOMES BRANDAO;93153909385;02/07/1999;;luisbrandao686@gmail.com;11988934470;RUA PRESIDENTE VARGAS, 919;PARQUE INDUSTRIAL;São Paulo;SP;05442-002;N;06/06/2025
103966;GABRIELA NUNES;400.129.642-04;27/05/1986;F;gabriela.nunes664@gmail.com;98893-5149;Av. Castro Alves, 66;VILA NOVA;CAMPINAS;São Paulo;14428-324;S;19/12/2022
103967;FERNANDA RODRIGUES PEREIRA SILVA;873.936.229-98;03/06/1979;F;fernanda_sil474@hotmail.com;51964027895;Rua Santos Dumont, N. 2677 - Casa 2;VILA MARIANA;Porto Alegre;rs;93852064;S;07/09/2022
103968;LUCAS COSTA MELO;973.489.918-07;25/05/1978;M;lucas_mel485@uol.com.br;1194113129;Rua das Palmeiras, 2572 - Casa 2;JARDIM AMÉRICA;São Paulo;SP;07716929;S;21/03/2024
103969;HENRIQUE SANTOS PEIXOTO;315.707.317-64;03/09/2001;M;henriquepeixoto906@yahoo.com.br;31983673539;Pca Santos Dumont, N. 2313;JARDIM AMÉRICA;Belo Horizonte;MG;39406289;S;25/10/2023
103970;ANA ASSUNCAO;03854658400;18/02/1940;F;ana.assuncao560@gmail.com;(11) 7125-8598;Rua XV de Novembro, 54;SANTA CECÍLIA;São Paulo;SP;5527507;S;03/07/2024
103971;ANTONIO COSTA MARTINS;25001086604;31/12/1999;M;antonio.martins464@yahoo.com.br;11 87829425;RUA PRESIDENTE VARGAS, 930;VILA NOVA;São Paulo;São Paulo;1708645;N;09/07/2025
103972;PAULO MENDES BRANDAO;51795434015;12/07/1989;M;paulo.brandao380@bol.com.br;(31) 99493-7396;Rua Marechal Deodoro, nº 2766;LIBERDADE;Belo Horizonte - MG;mg;37913699;N;25/12/2019
103973;HELENA  OLIVEIRA RODRIGUES MENDES ;45640144556;19/02/1985;F;helena_men522@uol.com.br;21 980999513;Alameda Sete de Setembro, N. 502;BOA VISTA;Rio de Janeiro;rj;22215-997;N;10/10/2024
103974;MARIANA ALVES;42977237437;17/05/1961;F;mariana_alv601@uol.com.br;31975969130;R. da Liberdade, N. 1063;LIBERDADE;Belo Horizonte;mg;32573-068;S;26/09/2024
103975;DANIEL CONCEICAO GOMES;354.075.634-52;01/04/1997;M;;61998304369;AL. GETÚLIO VARGAS, N. 2630;VILA NOVA;Brasília;DF;77282-556;N;14/08/2020
103976;MARCIO FERREIRA;75354346495;17/10/1977;M;marcio_fer680@hotmail.com;(21) 99393-9495;AV dos Ipês, N. 850 - Fundos;LIBERDADE;Rio de Janeiro;Rio de Janeiro;24968-821;N;12/07/2019
103977;SIMONE MAGALHÃES ROCHA;548.753.342-30;08/09/1974;F;simone.rocha20896@uol.com.br;99406-9391;Rua Marechal Deodoro, 2628;SÃO JOSÉ;Ribeirão Preto;SP;11576-492;N;07/01/2019
103978;PRISCILA PEIXOTO ASSUNCAO CARVALHO;42001181060;24/03/1955;F;priscila_car933@uol.com.br;(32) 97575-3322;AVENIDA CASTRO ALVES, 2684 - FUNDOS;VILA MARIANA;Juiz de Fora;mg;36233-318;;16/06/2025
103979;MATEUS MACHADO NASCIMENTO;007.054.717-30;27/12/1991;M;;71992324260;RUA SÃO JOÃO, N. 1613 - CASA 2;PARQUE INDUSTRIAL;Salvador;;48257-473;S;26/05/2025
103980;BEATRIZ  SANTOS CARDOSO ;381.161.264-66;08/06/1993;F;beatrizcardoso191@hotmail.com;71 987064100;Avenida Marechal Deodoro, nº 1704;SANTO ANTÔNIO;Salvador;ba;49413231;N;06/10/2022
103981;BEATRIZ LIMA OLIVEIRA ASSUNÇÃO;001.533.833-99;09/10/1978;F;beatriz.assuncao728yahoo.com.br;81 966365400;RUA XV DE NOVEMBRO, Nº S/N;BOA VISTA;Recife;Pernambuco;51832-770;S;14/02/2023
103982;LUCAS GUIMARÃES SANTOS;097.910.613-35;08/10/1982;M;lucassantos699@yahoo.com.br;48999795847;Rua da Liberdade, nº S/N - Apto 12;BELA VISTA;florianópolis ;SC;87486832;;25/02/2024
103983;HENRIQUE GUIMARÃES OLIVEIRA;054.313.586-18;30/04/1972;M;henrique_oli313@yaho.com.br;(21) 8821-1732;R. XV DE NOVEMBRO, N. 1381;SANTA CECÍLIA;Rio de Janeiro;RJ;28910-947;S;11/06/2023
103984;ANTONIO RIBEIRO RODRIGUES;95556237409;21/04/1975;M;antonio_rod50319@outlook.com;61977846466;Avenida Castro Alves, N. 500;BELA VISTA;Brasília;DF;74349-276;S;19/03/2019
103985;HELENA MARTINS MACHADO;6549630452;02/01/1966;F;helena_mac921@yahoo.com.br;61 994716178;Al. XV de Novembro, N. 2623;LIBERDADE;Brasília;df;75627-090;S;14/03/2022
103986;GUSTAVO PEIXOTO COSTA;902.181.343-20;06/06/1976;M;gustavocosta98@yahoo.com.br;11 76914077;AVENIDA PAULISTA, Nº 2702 - BLOCO B APTO 104;SANTA CECÍLIA;São Paulo - SP;sp;04539791;N;22/03/2021
103987;FABIO LIMA CONCEICAO;318.352.939-48;05/08/1995;M;fabio.conceicao200@bol.com.br;71996711456;AV DAS FLORES, 388;JARDIM AMÉRICA;Salvador;Bahia;48981166;;06/11/2022
103988;MARIANA PEREIRA SILVA PEIXOTO;166.609.246-04;24/12/1987;F;marianapeixoto192@outlook.com;97020-5878;Avenida dos Andradas, N. 2946;VILA MARIANA;Brasília;DF;78781-347;S;23/04/2022
103989;MARCIA ROCHA CONCEICAO MACHADO;1938473450;31/12/1933;F;marcia_mac763@bol.com.br;19 92431913;R PAULISTA, 1227;VILA NOVA;Campinas;sp;14784559;S;15/07/2023
103990;PRISCILA LIMA;36085178557;10/10/1985;F;priscila.lima754@uol.com.br;51993177600;Rua dos Andradas, nº 629;SÃO JOSÉ;Porto Alegre;rs;96298864;N;25/12/2021
103991;SRA. THIAGO SOUZA ARAUJO;24262054314;13/06/1984;M;thiago.araujo209@yahoo.com.br;(21) 9728-5324;R Marechal Deodoro, 2340;BOA VISTA;Rio de Janeiro;Rio de Janeiro;21333402;N;20/03/2023
103992;VINICIUS MARTINS PEREIRA;19448650809;12/10/1960;M;viniciuspereira315@yahoo.com.br;11 93288347;RUA DA LIBERDADE, 1770 - CASA 2;SÃO JOSÉ;São Paulo;SP;02157585;S;17/02/2025
103993;PAULO FERREIRA;96148245800;02/09/1992;M;paulo_fer140@yahoo.com.br;(61) 99963-9596;TRAV. TIRADENTES, N. 2307;JARDIM DAS FLORES;Brasília;DF;73623-153;S;28/05/2023
103994;PATRÍCIA CARVALHO CONCEIÇÃO;07672503545;02/01/1986;F;;(19) 96107-2231;AV MARECHAL DEODORO, N. 181 - FUNDOS;SÃO JOSÉ;Campinas;SP;14886865;N;06/08/2019
103995;ALINE CARVALHO BRANDAO MENDES;52864872897;26/07/1979;F;alinemendes387@gmail.com;(21) 99939-5786;R. Santos Dumont, N. 1112;SANTA CECÍLIA;Rio de Janeiro;Rio de Janeiro;21415831;N;22/12/2024
103996;DANIEL NASCIMENTO COSTA;749.450.786-88;18/07/1945;M;;21 86553001;Rua Brasil, N. 250;CENTRO;Rio;rj;24365582;;31/12/2023
103997;FERNANDO MOREIRA;22856323987;12/11/1982;M;fernandomoreira752@hotmail.com;71 85454216;RUA DOM PEDRO II, N. 1005;SÃO JOSÉ;Salvador;ba;42774160;N;05/01/2024
103998;PRISCILA MOREIRA COSTA;201.629.188-52;18/02/1978;F;priscilacosta284@yahoo.com.br;11 993409604;AV. DAS PALMEIRAS, Nº 2090 - FUNDOS;BOA VISTA;SAO PAULO;SP;01295-583;N;09/10/2022
103999;BETARIZ CONCEIÇÃO PEREIRA;96114004973;28/08/1975;F;beatriz_per439@;21 971279948;R Getúlio Vargas, nº 424 - Apto 31;VILA NOVA;Niterói;rj;29729202;S;11/10/2023
104000;FERNANDO ASSUNCAO;26565679045;12/11/1981;;fernandoassuncao688@uol.com.br;97649-6880;Rua Santos Dumont, N. 2073;JARDIM DAS FLORES;NITEROI;RJ;27334-734;N;10/12/2022
104001;ANDRE MACHADO;276.536.301-38;04/02/1995;M;;(51) 9875-7560;RUA PRESIDENTE VARGAS, Nº 1764 - APTO 12;VILA NOVA;Porto Alegre;;99341-201;S;19/04/2025
104002;LARISSA PEREIRA DIAS;16082320344;03/04/1992;F;larissa_dia710@uol.com.br;19 993078102;Travessa XV de Novembro, 2557;PARQUE INDUSTRIAL;Campinas;SP;13749-403;N;22/05/2023
104003;ALINE MARQUES CARVALHO;68095219233;01/01/1900;F;aline_car167@yahoo.com.br;;R. DAS PALMEIRAS, Nº 447 - APTO 31;PARQUE INDUSTRIAL;Santo André;SP;04242-732;S;27/11/2021
104004;HÉLIO ROCHA RIBEIRO;611.893.532-70;27/05/2001;M;helioribeiro560@uol.com.br;32 976789901;AVENIDA DOM PEDRO II, 1149 - CASA 2;CENTRO;Juiz de Fora;Minas Gerais;34926875;S;27/10/2021
104005;PATRICIA BARBOSA MENDES;407.173.039-00;19/03/1981;F;patriciamendes362@outlook.com;(51) 96643-6120;RUA DA LIBERDADE, 1723;BELA VISTA;Porto Alegre;RS;94382608;N;17/03/2022
104006;JOAO FREITAS NUNES FERREIRA;25210661504;16/06/1968;M;joao.ferreira380@uol.com.br;(11) 97972-5284;AV CASTRO ALVES, Nº 14;SANTA CECÍLIA;São Paulo;São Paulo;09216417;S;21/06/2019
104007;CAMILA ALVES LIMA;51141773112;23/12/1982;F;camila_lim688@gmail.com;(31) 97186-7482;Praça Tiradentes, N. 2427;SÃO JOSÉ;Belo Horizonte;mg;35528862;;14/07/2022
104008;PRISCILA RIBEIRO SANTOS;261.228.892-96;23/09/1983;F;priscila.santos278@bol.com.br;(11) 99189-8274;Rua da Liberdade, nº 1664;CENTRO;São Paulo;SP;01726-441;N;01/03/2019
104009;HELENA LIMA PEREIRA CONCEICAO;14927917177;08/05/1946;F;helena.conceicao66@yahoo.com.br;(11) 97413-3605;PRAÇA DOS IPÊS, N. 2284;VILA MARIANA;São Paulo - SP;São Paulo;08878684;N;11/09/2025
104010;EDUARDO ANDRADE FREITAS;912.741.511-20;08/10/1997;M;eduardo_fre347@hotmail.com;62988939792;RUA DOS ANDRADAS, 2366 - CASA 2;SANTA CECÍLIA;Goiânia;GO;73195-496;S;02/08/2025
104011;CAMILA NASCIMENTO MAGALHAES;9,78644E+10;16/06/1974;F;camilamagalhaes962@bol.com.br;41971548530;AVENIDA DAS PALMEIRAS, N. S/N;JARDIM AMÉRICA;Curitiba;PR;86202312;N;16/11/2024
104012;LÚCIA COSTA RIBEIRO;031.261.616-34;03/12/1990;F;lucia.ribeiro777@uol.com.br;;AVENIDA SÃO JOÃO, N. 1762 - FUNDOS;VILA NOVA;São Paulo;SP;07243056;S;29/09/2024
104013;HELENA SILVA SILVA ARUAJO;261.921.776-86;10/11/1957;F;helena.araujo913@hotmail.com;(21) 96226-8177;RUA SÃO JOÃO, Nº S/N - BLOCO B APTO 104;PARQUE INDUSTRIAL;Rio de Janeiro;rj;23052603;;21/01/2021
104014;LUÍZA CARVALHO;15611160417;23/01/1982;F;luiza_car896@yahoo.com.br;(11) 99588-7704;RUA CASTRO ALVES, Nº 2476;JARDIM AMÉRICA;São Paulo;sp;6177106;N;21/02/2025
104015;RAFAEL SOUZA RIBEIRO;392.654.781-28;27/11/1985;I;rafael_rib937@hotmail.com;;RUA CASTRO ALVES, Nº 1757;VILA MARIANA;Belo Horizonte;MG;35194140;S;29/01/2019
104016;DR. FERNANDA COSTA;160.944.287-30;05/03/1956;F;fernanda.costa691@bol.com.br;11994126026;RUA SÃO JOÃO, N. 2816 - CASA 2;BELA VISTA;São Paulo;SP;01082043;S;29/12/2024
104017;JOANA DIAS;66491904890;08/09/1986;F;;41989527683;Avenida dos Andradas, N. 141;SANTO ANTÔNIO;Curitiba;PR;86271415;S;16/07/2020
104018;GABRIELA  MARTINS RODRIGUES MOREIRA ;44584801460;07/03/1991;F; GABRIELAMOREIRA746@UOL.COM.BR ;51 994453614;AV DA LIBERDADE, N. 2363;JARDIM AMÉRICA;Porto Alegre;Rio Grande do Sul;95510-661;S;19/01/2023
104019;LÚCIA BRANDÃO GOMES;4,57096E+10;02/01/1991;F;lucia_gom81@gmail.com;61977419815;RUA DA LIBERDADE, Nº 1854;JARDIM DAS FLORES;Brasília;DF;74510-848;S;14/12/2021
104020;MARCELO MAGALHAES;37660052861;04/11/1993;M;marcelomagalhaes922@bol.com.br;21993882103;R CASTRO ALVES, N. 660;VILA NOVA;Niterói;RJ;28761701;S;23/03/2021
104021;PAULO FREITAS PEREIRA RIBEIRO;02105667015;20/08/1998;M;paulo_rib740@hotmail.com;16973183513;Avenida das Flores, nº 1766;LIBERDADE;RIBEIRAO PRETO;São Paulo;13569730;N;03/08/2019
104022;NATALIA MCAHADO;062.256.340-88;06/10/1980;F;natalia_mac187@gmail.com;61 976717225;RUA SANTOS DUMONT, 751;SANTO ANTÔNIO;Brasília;DF;77325801;S;18/06/2023
104023;LUIZA RODRIGUES DIAS;67725869050;22/03/1973;F;luizadias377@yahoo.com.br;21974577005;Rua Getúlio Vargas, N. 2957;JARDIM DAS FLORES;Rio de Janeiro;RJ;27286311;N;27/04/2022
104024;FÁBIO MARQUES MARTINS;71135940428;14/07/1971;;fabio.martins787@outlook.com;11969652156;Rua das Palmeiras, N. 908;LIBERDADE;São Paulo;São Paulo;06015679;;22/10/2025
104025;VINÍCIUS FREITAS CONCEIÇÃO;53156292958;01/06/1977;M;viniciusconceicao634@hotmail.com;31972803925;Avenida Paulista, 521 - Apto 12;VILA NOVA;BELO HORIZONTE;MG;32979756;N;16/06/2021
104026;JOANA MARTINS;690.556.058-83;05/06/1994;F;joana_mar836@hotmail.com;21 92496106;RUA Castro Alves, nº 1300;CENTRO;Rio de Janeiro;RJ;24780-960;N;06/10/2025
104027;HELIO PEIXOTO;11437721214;31/12/1933;M; HELIOPEIXOTO991@OUTLOOK.COM ;99499-2558;AVENIDA SÃO JOÃO, N. 856;VILA NOVA;Porto Alegre;RS;99818-257;N;26/02/2021
104028;OTÁVIO RIBEIRO;62710315017;11/01/2000;M;otavio.ribeiro108@yahoo.com.br;11 973728384;AVENIDA DAS PALMEIRAS, N. 774 - CASA 2;PARQUE INDUSTRIAL;São Paulo;sp;05859-388;N;31/07/2021
104029;VITÓRIA MELO MARTINS;13399238312;06/04/2001;F;vitoria_mar904@uol.com.br;(41) 6147-9339;RUA Santos Dumont, 2462;SANTA CECÍLIA;Curitiba;PR;87849-773;S;10/08/2025
104030;CÉSAR  BARBOSA GOMES ;173.365.413-56;10/02/1987;M;cesargomes93@yahoo.com.br;(11) 8867-7494;R. TIRADENTES, N. 192;CENTRO;S. Paulo;São Paulo;06791-519;N;08/09/2022
104031;SERGIO BRANDAO CARVALHO MARTINS;539351105;28/06/1982;M;sergio_mar706@gmail.com;1663961220;AVENIDA XV DE NOVEMBRO, N. 1596;VILA MARIANA;Ribeirão Preto;sp;19674-283;S;17/05/2019
104032;HELENA FREITAS;161.230.783-30;08/02/1982;F;helena_fre577@yahoo.com.br;41 976052805;Av dos Ipês, 2908;BELA VISTA;Curitiba;Paraná;85024-160;S;28/05/2019
104033;PATRICIA MARQUES ANDRADE;47055457025;27/03/1985;F;patricia_and632@bol.com.br;31991575542;R Castro Alves, N. 1814 - Bloco B Apto 104;BOA VISTA;BELO HORIZONTE;Minas Gerais;33949628;S;19/07/2019
104034;PATRICIA DIAS CONCEICAO;287.732.934-82;07/03/1969;F;patriciaconceicao146@bol.com.br;71 974586181;Trav. Dom Pedro II, N. 440;SANTA CECÍLIA;Salvador;BA;43576-177;S;22/10/2024
104035;EDUARDO FERREIRA MARTINS;37067131871;04/02/1973;M;eduardo_mar97@hotmail.com;62 962857201;R DAS PALMEIRAS, Nº 2360;SANTO ANTÔNIO;GOIANIA;Goiás;79665-062;N;20/01/2020
104036;ALINE  BARBOSA ;37176926077;15/04/1988;I;aline.barbosa916@hotmail.com;71 84069378;RUA DOM PEDRO II, N. 227;LIBERDADE;Salvador;BA;42609910;S;19/06/2023
104037;LUCIA ASSUNCAO BARBOSA MOREIRA;79568744754;05/12/1981;F;lucia_mor908@gmail.com;(11) 99598-3055;RUA XV DE NOVEMBRO, N. 1106;SANTO ANTÔNIO;São Paulo;sp;02073233;S;06/04/2021
104038;CAIO RODRIGUES MARTINS;59962160600;14/06/1991;M;caiomartins37@hotmail.com;99173-2592;Rua Tiradentes, nº 2951 - Apto 31;SÃO JOSÉ;Recife;PE;51196-711;S;22/08/2023
104039;FERNANDO RIBEIRO SANTOS;61861545649;31/08/1997;M;fernandosantos14347@yahoo.com.br;21 988357203;Avenida Santos Dumont, N. 2808;VILA MARIANA;Rio de Janeiro;RJ;24771258;S;27/06/2020
104040;CECILIA OSUZA ROCHA;195.854.773-51;01/01/1900;F;cecilia_roc557@uol.com.br;51 982632088;RUA XV DE NOVEMBRO, N. 2365 - APTO 31;SANTO ANTÔNIO;Porto Alegre;rs;93682277;;23/11/2022
104041;CAIO RIBEIRO GUIMARAES BARBOSA;087.047.047-70;13/09/1962;M;;21 972456519;R. RIO BRANCO, Nº 1060 - CASA 2;VILA MARIANA;rio de janeiro ;rj;24087585;N;06/09/2025
104042;PRISCILA ASSUNCAO RIBEIRO;20767586662;19/11/1971;F;priscila.ribeiro40@yahoo.com.br;11 967558919;R CASTRO ALVES, N. 275 - APTO 31;BELA VISTA;São Paulo;sp;07451020;N;06/06/2021
104043;PRISCILA ASSUNÇÃO MARTINS FERREIRA;15964515487;01/10/1997;F;priscila.ferreira398@outlook.com;21994004954;RUA PRESIDENTE VARGAS, 2469;SANTO ANTÔNIO;Rio de Janeiro;RJ;21663-725;;23/03/2020
104044;VITORIA OLIVEIRA COSTA;800.057.013-09;01/10/1999;F;vitoriacosta662@bol.com.br;(71) 7152-5217;AVENIDA GETÚLIO VARGAS, 2068;BELA VISTA;Salvador;BA;48612831;S;31/01/2019
104045;LETICIA OLIVEIRA;424.880.064-08;21/11/1987;F;leticia_oli786@hotmail.com;(19) 6335-3271;R SÃO JOÃO, S/N - FUNDOS;SÃO JOSÉ;Campinas;SP;17518-402;S;14/07/2024
104046;DEBORA SOUZA;972.906.761-90;09/10/1971;F;deborasouza757@gmail.com;11992035903;RUA DOM PEDRO II, 2823;SANTO ANTÔNIO;São Paulo - SP;São Paulo;9480766;S;30/07/2022
104047;MARCIO ARAUJO MACHADO;51602500770;25/08/1972;M;marcio.machado698@yahoo.com.br;11985272913;RUA GETÚLIO VARGAS, 33;VILA MARIANA;São Paulo;SP;06798263;N;23/11/2022
104048;HENRIQUE COSTA ROCHA;49882398618;06/11/1976;M;henrique_roc963@hotmail.com;31 977462712;RUA PAULISTA, Nº 1957;PARQUE INDUSTRIAL;Belo Horizonte;Minas Gerais;32130740;N;09/11/2024
104049;CECILIA MARTINS MACHADO OLIVEIRA;69657251419;07/08/1982;F;ceciliaoliveira91@yahoo.com.bt;;Av Castro Alves, nº 1017;SÃO JOSÉ;BELO HORIZONTE;MG;37568-919;N;24/09/2019
104050;LARISSA BRANDÃO OLIVEIRA;721.024.608-86;14/07/1984;F;larissa_oli614@uol.com.br;11985245795;RUA SÃO JOÃO, Nº 2420;CENTRO;São Paulo;SP;02325999;N;10/08/2023
104051;RAFAEL NUNES NASCIMENTO;74000709160;11/05/1986;M;rafael.nascimento899@uol.com.br;31 960428385;ALAMEDA DAS FLORES, Nº 2945;SANTA CECÍLIA;Belo Horizonte;mg;37452026;S;22/12/2024
104052;WAGNER MARTINS ASSUNCAO;2,05915E+10;04/10/1982;M;wagnerassuncao248@hotmail.com;11 973578068;Alameda Marechal Deodoro, nº 2713;SANTA CECÍLIA;Guarulhos;São Paulo;03644826;S;01/09/2023
104053;EDUARDO LIMA;32594731900;18/11/1944;M;eduardolima787@outlook.com;31974096646;R Tiradentes, N. 2978;BOA VISTA;Belo Horizonte;MG;35998504;S;21/02/2021
104054;DEBORA MENDES;77039807815;26/04/1984;F;debora.mendes565@yahoo.com.br;19964787055;Praça Sete de Setembro, nº 2026;SANTA CECÍLIA;Campinas;sp;14871893;S;02/06/2024
104055;LEONARDO BRANDAO MARTINS;658.541.812-31;02/02/1977;M;leonardo_mar13@bol.com.br;11975616002;RUA das Palmeiras, 2421;JARDIM AMÉRICA;Sampa;SP;04288092;N;04/06/2024
104056;RENATA ARAUJO NASCIMENTO GUIMARAES;53544852748;15/08/1969;F;renata.guimaraes262@uol.com.br;71963493408;Rua das Flores, N. 2838;SANTO ANTÔNIO;Salvador;BA;43527-123;N;09/04/2021
104057;PRISCILA BRADNAO;04465718810;19/06/1974;F;priscilabrandao571@hotmail.com;61 996616307;AVENIDA DAS PALMEIRAS, N. 1196;JARDIM DAS FLORES;Brasília;DF;74611939;N;02/01/2020
104058;CAIO CARDOSO;68137171703;21/08/1955;M;;;RUA Castro Alves, nº 1534;JARDIM AMÉRICA;Rio de Janeiro;Rio de Janeiro;21091-640;N;21/11/2023
104059;DANIEL MARTINS;795.258.754-40;18/12/1986;M;danielmartins71@yahoo.com.br;1986722481;Av. dos Ipês, 2898 - Apto 12;JARDIM AMÉRICA;Campinas;SP;18607-655;N;02/11/2020
104060;DRA. HELENA CONCEICAO GOMES;741.810.320-43;27/10/1968;F;helena_gom632@bol.com.br;19 994081949;RUA PRESIDENTE VARGAS, Nº 1690;PARQUE INDUSTRIAL;Campinas;São Paulo;11855947;N;26/06/2019
104061;OTÁVIO MENDES;70144013002;06/02/1987;M;otavio.mendes839@bol.com.br;(31) 98226-6666;Rua Getúlio Vargas, nº 1967;VILA NOVA;BELO HORIZONTE;mg;35643412;N;17/07/2022
104062;RAQUEL MARTINS SILVA SANTOS;11752847261;10/05/1970;F; RAQUEL_SAN849@OUTLOOK.COM ;41982758479;R Rio Branco, 1855;BELA VISTA;curitiba ;PR;87827-433;S;17/01/2024
104063;LUIZA ALVES GUIMARAES;179.063.153-08;08/10/2002;F;luiza_gui949@outlook.com;62 966388066;R SANTOS DUMONT, N. 1519;CENTRO;Goiânia;Goiás;76965417;;11/12/2025
104064;RAFAEL PEIXOTO CARDOSO;13589637200;03/05/1956;M;rafaelcardoso78945@gmail.com;11 964031378;R Sete de Setembro, N. 1056;BELA VISTA;São Paulo;SP;2807714;N;08/03/2020
104065;ANA PEIXOTO;342.298.183-78;20/07/1980;F;ana.peixoto112@hotmail.com;62 967599928;R Tiradentes, S/N;BELA VISTA;Goiânia;Goiás;79174393;N;31/01/2025
104066;SERGIO MARQUES RIBEIRO;19960011917;01/10/1989;M;sergio_rib507@yahoo.com.br;(11) 96388-5499;Avenida dos Ipês, nº 1009;JARDIM AMÉRICA;São Paulo;São Paulo;06153-210;S;30/11/2021
104067;SIMONE GUIMARAES ANDRADE;320.826.887-47;03/01/1976;F;;51 997088024;RUA SETE DE SETEMBRO, N. 2744;BOA VISTA;Porto Alegre;rs;98714275;N;04/06/2025
104068;LUIS ASSUNCAO SILVA;63457107688;08/06/1987;M;luis.silva704@gmail.com;;R Sete de Setembro, 2906;SANTA CECÍLIA;Rio de Janeiro;RJ;28704112;S;08/02/2024
104069;LUIZA ROCHA;120.517.459-19;06/12/1997;F;luiza_roc361@bol.com.br;31 967117727;R. TIRADENTES, N. 107;VILA MARIANA;Belo Horizonte;mg;33092-188;S;08/08/2023
104070;MARCIA MOREIRA RODRIGUES;822.530.346-65;23/03/1988;F;marcia.rodrigues226@yahoo.com.br;16 993439610;R BRASIL, Nº 2036 - BLOCO B APTO 104;SANTA CECÍLIA;Ribeirão Preto;SP;19785-673;S;11/09/2021
104071;FERNANDA LIMA OLIVEIRA;98832258900;19/05/1991;F;fernanda_oli310@outlook.com;11 989841002;Avenida Dom Pedro II, 1832;SANTO ANTÔNIO;São Paulo;São Paulo;04095-300;S;31/07/2023
104072;ANA MARTINS CARVALHO;08240077358;02/12/1994;F;ana_car699@gmail.com;11 995035852;RUA RIO BRANCO, N. 2949 - BLOCO B APTO 104;SÃO JOSÉ;São Paulo;SP;08379521;;30/07/2021
104073;OTAVIO  SANTOS ;73563300674;31/01/2001;M;otaviosantos3@gmail.com;62 977854271;AVENIDA CASTRO ALVES, N. 1395;SANTO ANTÔNIO;Goiânia;go;76074-436;S;07/01/2023
104074;JOANA BARBOSA;16834059350;22/06/1987;F;joanabarbosa939@bol.com.br;11963274116;Rua dos Andradas, nº 1930;SANTA CECÍLIA;São Paulo;;07382-585;N;11/07/2023
104075;EDUARDO FERREIRA CARVALHO OLIVEIRA;946.452.920-21;04/11/1991;M;eduardo_oli410@hotmail.com;11970598707;R. São João, N. 2721;BELA VISTA;Sampa;sp;1205957;N;20/01/2024
104076;CECÍLIA MARTINS GUIMARÃES;792.769.236-40;03/08/1993;F;ceciliaguimaraes93@hotmail.com;31962612297;AL Rio Branco, nº 1866 - Fundos;JARDIM DAS FLORES;Belo Horizonte;Minas Gerais;37413869;N;28/12/2021
104077;PAULO ALVES RODRIGUES;86385947122;01/04/1985;;paulorodrigues87267@gmail.com;61993237379;R. Paulista, N. 1651;BELA VISTA;Brasília;df;79636-722;N;11/06/2019
104078;JÚLIA FERREIRA CARVALHO;111.772.551-03;17/01/1981;F;julia_car684@gmail.com;19975263080;R. DAS FLORES, Nº 1313;LIBERDADE;Campinas;SP;16773428;N;10/09/2019
104079;LARISSA BRANDÃO SOUZA;70594450306;02/05/1981;F;larissasouza433@yahoo.com.br;11 993056308;RUA MARECHAL DEODORO, Nº 2645 - APTO 31;BELA VISTA;SAO PAULO;SP;06776931;S;01/09/2021
104080;RENATA ANDRADE GUIMARAES;283.926.343-22;12/01/1983;F;renataguimaraes847@outlook.com;98007-5838;Al. dos Andradas, 2475 - Fundos;CENTRO;São Paulo;SP;9759447;N;21/07/2024
104081;CAIO MOREIRA;41765724341;02/02/1967;I;caio_mor912@bol.com.br;;RUA GETÚLIO VARGAS, 2057;BELA VISTA;Rio de Janeiro;Rio de Janeiro;22769914;S;28/06/2023
104082;SONIA ANDRADE;42301914801;14/02/1990;F;soniaandrade594@bol.com.br;21993905585;ALAMEDA SETE DE SETEMBRO, N. 2711;SANTA CECÍLIA;rio de janeiro ;RJ;28291-977;S;11/01/2019
104083;HENRIQUE OLIVEIRA;004.850.336-31;07/02/1994;M;henrique_oli576@outlook.com;31981409375;Rua Marechal Deodoro, N. 2763 - Fundos;VILA MARIANA;Belo Horizonte - MG;MG;36448870;S;19/07/2019
104084;FABIO MOREIRA BARBOSA;00239313020;11/10/1984;M;fabiobarbosa397@uol.com.br;(41) 98192-4981;TRAVESSA SÃO JOÃO, Nº 979;CENTRO;Curitiba;Paraná;81082076;N;19/09/2023
104085;ANTÔNIO FREITAS MOREIRA;819.923.438-53;16/03/1977;M;antonio_mor847@outlook.com;31 974107549;Rua Sete de Setembro, 2190;JARDIM AMÉRICA;Belo Horizonte;MG;39822661;N;10/04/2022
104086;DANIEL ANDRADE LIMA;18642544759;13/03/1983;M; DANIEL_LIM649@BOL.COM.BR ;(21) 98266-8007;R Tiradentes, 764;SÃO JOSÉ;Rio de Janeiro;Rio de Janeiro;29865000;S;24/05/2025
104087;LETICIA MELO;723.818.542-31;01/05/1990;F;leticiamelo400@bol.com.br;21976535966;RUA RIO BRANCO, N. 2683;BELA VISTA;Niterói;RJ;28967-531;N;27/01/2023
104088;RAQUEL MENDES FREITAS;60357425561;16/07/1999;F; RAQUELFREITAS299@BOL.COM.BR ;96696-3222;R. Sete de Setembro, N. 2778;SANTA CECÍLIA;São Paulo;São Paulo;08866133;S;09/05/2021
104089;CESAR CARDOSO;620.860.877-56;16/03/1998;M;cesar_car362@uol.com.br;51 994625175;Praça Tiradentes, nº 202 - Casa 2;PARQUE INDUSTRIAL;Porto Alegre;RS;97492313;N;19/01/2023
104090;ALINE DIAS FREITAS;40832454176;20/05/1983;F;aline_fre110@yahoo.com.br;11 987222099;RUA PAULISTA, N. 870 - BLOCO B APTO 104;BELA VISTA;Guarulhos;SP;7364132;;30/11/2022
104091;SRA. SONIA SILVA;452.331.019-04;25/04/1970;F;sonia_sil530@gmail.com;(32) 96413-6877;R Marechal Deodoro, N. 2230;LIBERDADE;Juiz de Fora;MG;36065-331;N;21/08/2023
104092;LARISSA MOREIRA;893.980.784-73;01/03/2003;F;larissa_mor618@uol.com.br;31999563199;AV CASTRO ALVES, 2952 - CASA 2;VILA NOVA;Belo Horizonte;MG;33163-451;N;04/05/2020
104093;GUSTAVO MENDES;19347796794;16/02/1991;M;gustavo_men128@uol.com.br;19977907484;Av Getúlio Vargas, 1445 - Casa 2;SÃO JOSÉ;CAMPINAS;SP;14293969;S;26/10/2019
104094;SÉRGIO MARQUES RODRIGUES CONCEIÇÃO;15177925501;13/05/1946;M;sergioconceicao432@gmail.com;11968326498;RUA DAS PALMEIRAS, Nº 1617;SÃO JOSÉ;São Paulo;sp;06201026;N;09/02/2019
104095;FERNANDA MOREIRA NUNES MOREIRA;631.094.911-09;20/10/1996;I;fernanda.moreira136@uol.com.br;51 94286378;AVENIDA PRESIDENTE VARGAS, 2952;PARQUE INDUSTRIAL;Porto Alegre;rs;97909-034;N;18/10/2024
104096;RODRIGO B. ASSUNCAO;477.334.381-87;18/10/1977;M; RODRIGO.ASSUNCAO976@OUTLOOK.COM ;11965738926;Rua das Flores, N. 2609;PARQUE INDUSTRIAL;SAO PAULO;sp;4226946;S;09/02/2023
104097;LUIZA  RIBEIRO LIMA ;1677415940;05/02/1991;I;luizalima113@outlook.com;11 997141832;RUA XV de Novembro, nº 1497;PARQUE INDUSTRIAL;São Paulo;São Paulo;01432-696;N;06/10/2020
104098;HELENA MOREIRA;39130092566;14/09/1976;F;helenamoreira342@yahoo.com.br;(32) 96030-7046;AVENIDA SETE DE SETEMBRO, Nº 306;BOA VISTA;juiz de fora ;MG;34820717;S;16/04/2025
104099;TÂNIA  NADRADE CARDOSO ;115.572.043-14;02/07/1981;F;tania.cardoso230@uol.com.br;21 986453211;Rua das Flores, 2071;VILA MARIANA;rio de janeiro ;RJ;28462479;S;24/01/2020
104100;RAFAEL FREITAS;06997075010;05/08/1947;M;rafaelfreitas876@outlook.com;(62) 98765-8200;AVENIDA DOS ANDRADAS, N. 981 - CASA 2;SANTO ANTÔNIO;Goiânia - GO;Goiás;75920-971;;16/03/2024
104101;PATRICIA ANDRADE;13928632795;13/01/1982;F;patriciaandrade444@hotmail.com;(61) 97692-1790;Av. XV de Novembro, 1048;JARDIM AMÉRICA;Brasília;Distrito Federal;74725-257;N;26/08/2021
104102;BRUNO SANTOS RODRIGUES;23504416793;09/04/1978;M;bruno_rod784@gmail.com.br;(31) 96589-5455;Pca das Palmeiras, 1086;JARDIM AMÉRICA;BH;MG;33574-766;N;03/01/2021
104103;TANIA  DIAS ;24149649529;06/06/1987;F;taniadias918@outlook.com;51 999129187;R. das Flores, N. 214 - Apto 12;BELA VISTA;Porto Alegre;rs;94461-887;N;28/10/2025
104104;CAIO MARQUES MARTINS;80024900028;08/06/1993;M;caio_mar734@bol.com.br;(31) 97644-8268;RUA MARECHAL DEODORO, N. 1509 - FUNDOS;BOA VISTA;Belo Horizonte;MG;33237914;S;13/01/2024
104105;PRISCILA RODRIGUES MENDES MARQUES;19040074143;27/01/1989;F;priscilamarques362@hotmail.com;11967831537;RUA DOM PEDRO II, N. 1058 - FUNDOS;BELA VISTA;São Paulo;São Paulo;05041524;S;04/10/2020
104106;CECILIA FREITAS LIMA;02847762116;21/05/1988;F;cecilialima276@outlook.com;21976417592;RUA DOS ANDRADAS, N. 2356;SÃO JOSÉ;Rio de Janeiro;RJ;26610-953;S;18/07/2024
104107;PRISCILA RIBEIRO CARVALHO;815.562.521-45;03/08/1990;F;priscila_car247@yahoo.com.br;11 998231534;RUA DAS FLORES, 1326;BELA VISTA;São Paulo;São Paulo;03845-848;S;04/08/2023
104108;NATALIA MARTINS ALVES;81113542586;25/03/1984;F;nataliaalves855@bol.com.br;11 964914946;R DAS PALMEIRAS, 229;BELA VISTA;Santo André;sp;07926535;N;18/06/2021
104109;ANTONIO CARVALHO;963.620.555-86;30/09/1971;M;antoniocarvalho683@gmail.com;97892-6564;Travessa Marechal Deodoro, nº 1892;SANTA CECÍLIA;Recife;PE;55950264;N;29/09/2022
104110;SIMONE ANDRADE;89162716069;10/01/1988;F;simone_and265@gmail.com;6174617023;RUA RIO BRANCO, N. 1988;JARDIM DAS FLORES;Brasília;df;78251-885;N;19/02/2020
104111;WAGNER M. NUNES PEREIRA;60200056158;04/02/1994;M;wagner.pereira277@gmail.com;11995953194;RUA DAS PALMEIRAS, Nº 2953;BOA VISTA;São Paulo;SP;05155543;N;18/02/2022
104112;TÂNIA LIMA MACHADO;50544662660;23/03/1959;F;tania.machado594@uol.com.br;(21) 99001-3162;R XV DE NOVEMBRO, Nº 2843 - CASA 2;SANTO ANTÔNIO;Rio de Janeiro;rj;22622147;S;08/05/2019
104113;RENATA MACHADO;61751688100;31/12/1933;F;renatamachado773@hotmial.com;(21) 98734-3439;Rua Paulista, nº 1045 - Apto 31;SANTA CECÍLIA;Rio de Janeiro - RJ;RJ;25825190;S;07/03/2023
104114;BEATRIZ CARVALHO;78523378642;22/08/1973;F;beatrizcarvalho695@gmail.com;4882649983;R Tiradentes, nº 2591 - Casa 2;SANTO ANTÔNIO;Florianópolis;sc;89883846;N;02/11/2020
104115;DR. LEONARDO FERREIRA PEREIRA;92364863473;21/04/1998;M;leonardopereira736@bol.com.br;;Rua Presidente Vargas, nº S/N;SANTO ANTÔNIO;São Paulo;São Paulo;03320930;S;09/03/2023
104116;JÚLIA MARTINS;08971436123;30/09/1950;F;julia_mar402@uol.com.br;98575-8183;RUA DOS IPÊS, Nº 2668;PARQUE INDUSTRIAL;Rio de Janeiro;Rio de Janeiro;25041-842;N;20/11/2024
104117;FERNANDO SOUZA ROCHA;736.583.582-62;02/05/1972;M;fernando.rocha530@bol.com.br;62991296879;R. DAS PALMEIRAS, Nº 1709 - CASA 2;BOA VISTA;Goiânia;Goiás;73954058;N;19/11/2021
104118;TANIA CARDOSO SOUZA;14885010098;06/09/1963;;tania_sou924@bol.com.br;11983475941;AV da Liberdade, nº 2669;VILA NOVA;SAO PAULO;SP;05157-345;N;04/06/2023
104119;BRUNO NASCIMENTO FERREIRA;14333460561;06/02/1974;M;brunoferreira398@hotmail.com;(11) 97256-3703;Rua São João, N. 1813;SÃO JOSÉ;São Paulo;SP;04517110;S;13/02/2023
104120;DEBORA RIBEIRO COSTA;8731371329;08/08/1976;F;deboracosta764@uol.com.br;(48) 9407-9263;RUA DAS FLORES, N. 1208 - APTO 31;JARDIM DAS FLORES;FLORIANOPOLIS;sc;86396325;S;19/06/2024
104121;CAIO MOREIRA FERREIRA SANTOS;42176878183;10/03/1977;M;caio_san379@outlook.com;(21) 98514-9302;R. Santos Dumont, 1939;JARDIM AMÉRICA;Rio de Janeiro;Rio de Janeiro;25875-336;N;02/03/2020
104122;RODRIGO MACHADO COSTA;90935803106;22/02/1991;M; RODRIGO.COSTA780@OUTLOOK.COM ;(51) 98172-3106;AVENIDA CASTRO ALVES, N. 1574;JARDIM AMÉRICA;Porto Alegre;RS;97136-377;N;03/07/2020
104123;CECILIA GUIMARAES;958.126.425-67;12/07/2000;F;cecilia_gui222@yahoo.com.br;11 999283227;AVENIDA MARECHAL DEODORO, Nº 2524;VILA MARIANA;São Paulo;SP;6709464;S;17/07/2021
104124;MARCIA DIAS LIMA MENDES;90090196597;15/10/1979;;marciamendes699@yahoo.com.br;21 968695895;AVENIDA DAS PALMEIRAS, Nº 1930 - APTO 31;SANTO ANTÔNIO;Rio de Janeiro - RJ;Rio de Janeiro;24883-592;S;18/09/2025
104125;DR. LEONARDO MARTINS OLIVEIRA;653.677.847-20;22/04/1997;M;leonardo.oliveira515@outlook.com;97299-3609;Rua Santos Dumont, 2314;VILA MARIANA;RIO DE JANEIRO;rj;28268492;S;12/10/2025
104126;CLÁUDIA SOUZA RODRIGUES;61062179714;16/09/1979;F;claudiarodrigues210@gmail.com;16 68475517;R. Rio Branco, 1462;VILA MARIANA;Ribeirão Preto;SP;16837388;S;11/02/2024
104127;ISABELA C. OLIVEIRA GUIMARAES;211.924.546-00;11/08/1991;F;isabela_gui97@outlook.com;(19) 98128-1285;ALAMEDA DAS FLORES, Nº 1793;CENTRO;CAMPINAS;SP;15012416;N;20/09/2022
104128;PAULO RIBEIRO RODRIGUES;329.530.792-03;01/01/1900;M;paulo.rodrigues38715@bol.com.br;2173426089;RUA DOS ANDRADAS, N. 39 - BLOCO B APTO 104;VILA NOVA;Rio de Janeiro - RJ;Rio de Janeiro;27895384;N;26/01/2020
104129;HELENA SANTOS;3,52509E+10;02/08/1986;F;helena.santos416@gmail.com;61 977142759;R SÃO JOÃO, Nº 2505;SANTA CECÍLIA;Brasília;df;72999171;N;30/07/2021
104130;PATRÍCIA FREITAS GUIMARÃES;678.520.638-37;19/06/1964;F;patriciaguimaraes244@yahoo.com.br;48963084948;R Presidente Vargas, nº 2862;PARQUE INDUSTRIAL;Florianópolis;Santa Catarina;89287208;S;21/03/2024
104131;LARISSA ARAUJO PEREIRA;055.621.495-16;20/03/1971;F;larissa.pereira677@uol.com.br;11 963954278;R. da Liberdade, nº 1008;VILA MARIANA;São Paulo;sp;03386-386;N;03/06/2025
104132;MATEUS PEIXOTO CONCEIÇÃO;842.738.459-97;17/05/1961;M;mateus_con806@gmail.com;(48) 9051-5311;Avenida das Flores, 345 - Fundos;SANTA CECÍLIA;Florianópolis;Santa Catarina;87252-257;S;05/11/2020
104133;HENRIQUE RODRIGUES CARDOSO;977.166.989-31;28/04/1969;M; HENRIQUE_CAR596@OUTLOOK.COM ;71 969031661;RUA DAS FLORES, N. 2154;PARQUE INDUSTRIAL;Salvador;Bahia;48312-715;N;28/01/2024
104134;VITORIA ARAUJO MACHADO;561.800.245-02;07/08/1983;F;vitoria_mac163@outlok.com;97598-4345;Rua das Flores, 272;JARDIM DAS FLORES;Belo Horizonte;MG;38981-110;S;04/08/2020
104135;LUÍS MOREIRA MAGALHÃES;301.703.507-70;06/05/1991;M;luis.magalhaes467@outlook.com;(32) 98658-5036;Avenida Presidente Vargas, 855 - Apto 31;CENTRO;Juiz de Fora;MG;36141465;N;04/05/2019
104136;CLAUDIA ALVES BRANDAO;24348855196;21/03/1976;F;claudiabrandao811@bol.com.br;16995945493;RUA PRESIDENTE VARGAS, Nº 1943;VILA MARIANA;RIBEIRAO PRETO;sp;19242160;S;01/02/2024
104137;NATALIA NASCIMENTO;35684880193;30/03/1983;I;natalia.nascimento131@gmail.com;(11) 9379-2400;AV. CASTRO ALVES, 315;SANTA CECÍLIA;são paulo ;SP;06707-400;;18/07/2022
104138;PAULO NASCIMENTO RIBEIRO;935.067.283-93;07/06/1982;M;paulo.ribeiro34@bol.com.br;31987428592;AVENIDA RIO BRANCO, Nº 2031;VILA NOVA;Belo Horizonte;MG;35961947;S;24/10/2024
104139;CLAUDIA CARDOSO SOUZA OLIVEIRA;85353996909;24/08/1990;F;claudia_oli541@yahoo.com.br;(11) 99347-7612;AV DOS IPÊS, 607;JARDIM DAS FLORES;São Paulo - SP;sp;02357366;N;23/07/2023
104140;SIMONE DIAS RIBEIRO;532.663.933-50;23/03/1975;F;simone.ribeiro9@outlook.com;(11) 6886-1836;RUA DA LIBERDADE, 460;PARQUE INDUSTRIAL;São Paulo;SP;05249972;S;23/04/2025
104141;RENATA MELO ROCHA;32308034424;12/05/1969;F;renatarocha604@bol.com.br;31998578894;AL das Flores, nº 1588 - Fundos;CENTRO;Belo Horizonte;MG;38706462;N;12/09/2025
104142;TANIA GOMES NUNES DIAS;034.707.987-37;17/07/1986;F; TANIADIAS476@UOL.COM.BR ;11 965864246;RUA TIRADENTES, Nº 1608 - APTO 31;BOA VISTA;São Paulo;;07519219;N;23/09/2025
104143;MARIANA PEREIRA GUIMARAES;20383125910;29/06/1947;F;mariana.guimaraes193@hotmail.com;71 977089176;Avenida Getúlio Vargas, N. 102;JARDIM AMÉRICA;Salvador;BA;41478751;S;04/05/2021
104144;WAGNER SILVA MELO;17243971504;26/03/2004;M;wagnermelo332@uol.com.br;(41) 9796-7178;RUA SANTOS DUMONT, Nº 1888;PARQUE INDUSTRIAL;Curitiba;PR;83398000;S;10/03/2019
104145;ALINE FREITAS CONCEICAO;351.912.116-69;05/08/1987;F;aline_con46383@hotmail.com;32978646824;PRAÇA DOS ANDRADAS, N. 2795;BOA VISTA;Juiz de Fora;MG;32891962;S;01/05/2022
104146;CLAUDIA MENDES BARBOSA;063.558.583-93;12/10/1988;F;claudia_bar15851@outlook.com;11973145428;Rua Paulista, 2431 - Casa 2;SÃO JOSÉ;São Paulo;SP;05167-861;S;14/10/2020
104147;JOÃO LIMA LIMA;856.569.271-05;13/05/1982;M;joaolima190@uol.com.br;11971508808;R. SÃO JOÃO, 2416;BOA VISTA;guarulhos ;São Paulo;03241477;N;02/09/2020
104148;PRISCILA GOMES RIBEIRO;45337556866;05/09/2003;F;priscilaribeiro81745@outlook.com;(21) 97135-7654;RUA DOM PEDRO II, N. 984;JARDIM DAS FLORES;Rio de Janeiro;RJ;24772-703;S;01/09/2024
104149;MARIANA PEREIRA;89879607309;19/11/1978;F;mariana.pereira932@outlook.com;19990013953;RUA RIO BRANCO, Nº 2096 - APTO 12;JARDIM AMÉRICA;Campinas;SP;16208-391;S;09/04/2022
104150;EDUARDO  ALVES BARBOSA ;74389026259;30/07/1981;M;eduardobarbosa330@gmail.com;(11) 99527-1048;PRAÇA DOS ANDRADAS, N. 1235 - FUNDOS;CENTRO;Guarulhos;SP;02953579;N;03/11/2023
104151;GABRIELA SILVA NASCIMENTO;98915588940;25/08/1977;F;gabriela_nas914@yahoo.com.br;21 983953435;R. da Liberdade, nº 1926;VILA NOVA;Rio de Janeiro;RJ;29056-073;S;23/07/2020
104152;CAMILA SILVA;17784562608;17/04/1999;F; CAMILA.SILVA671@GMAIL.COM ;(21) 96831-8787;RUA PRESIDENTE VARGAS, Nº 1199;PARQUE INDUSTRIAL;Niterói;RJ;21383664;S;15/08/2019
104153;FERNANDO  PEIXOTO ;800.646.805-25;11/10/1993;M;fernando.peixoto864@hotmail.com;41 90265146;Av dos Andradas, N. 671;PARQUE INDUSTRIAL;Curitiba;Paraná;89593134;S;29/09/2022
104154;MÁRCIA  ROCHA BRANDÃO ;91843989492;07/08/1990;F;marcia.brandao603@uol.com.br;;R DOM PEDRO II, 812 - FUNDOS;CENTRO;Curitiba - PR;PR;87598-238;N;01/08/2025
104155;RENATA SANTOS MARTINS;412.433.315-34;16/08/1965;F;renata_mar459@gmail.con;31 974924070;AV Tiradentes, nº 2945;BOA VISTA;Belo Horizonte;MG;37995-181;N;18/02/2019
104156;VITORIA ROCHA ASSUNCAO FERREIRA;01972150332;14/08/1957;F;;(19) 96944-7667;AVENIDA PAULISTA, Nº 783 - BLOCO B APTO 104;VILA MARIANA;Campinas;São Paulo;14710-651;S;11/11/2024
104157;JULIA MELO;84625589649;06/12/1950;F;juliamelo697@yahoo.com.br;62974129269;R. DAS FLORES, 2315;JARDIM DAS FLORES;GOIANIA;go;75849-240;N;24/09/2022
104158;EDUARDO GUIMARAES;65796183702;17/02/1990;M;eduardoguimaraes33640@outlook.com;1166379406;Alameda dos Ipês, nº 317;PARQUE INDUSTRIAL;SAO PAULO;;05452343;S;02/09/2024
104159;RAFAEL DIAS MARQUES;28303954920;07/12/1987;M;rafaelmarques538@uol.com.br;(41) 98489-3656;Rua Dom Pedro II, nº 1748;VILA MARIANA;CURITIBA;pr;85924381;N;09/05/2025
104160;HELENA ALVES;634.409.171-18;27/02/1994;F;helena_alv72@yahoo.com.br;(11) 9471-6158;Rua XV de Novembro, 159;VILA NOVA;SAO PAULO;sp;07370-414;N;05/11/2022
104161;HELIO NASCIMENTO CARDOSO FERREIRA;11258624087;20/09/1985;M;helio.ferreira65@bol.com.br;31 69995967;R PAULISTA, N. 1920;SANTA CECÍLIA;Belo Horizonte;MG;34684305;N;12/09/2024
104162;WAGNER GUIMARÃES DIAS;24138705988;07/03/1987;M;wagner_dia77426@uol.com.br;41 61809796;Rua das Flores, nº 249;BELA VISTA;Curitiba - PR;PR;85199389;N;02/06/2019
104163;ANTONIO COSTA ASSUNCAO;82216868600;06/09/1975;M;antonio.assuncao551@uol.com.br;96663-1254;AVENIDA SANTOS DUMONT, Nº 887 - APTO 31;PARQUE INDUSTRIAL;Salvador;BA;48536106;S;09/05/2021
104164;PATRICIA OLIVEIRA ARAUJO;42318316295;20/04/1999;F;patricia_ara626@yahoo.com.br;(11) 96045-3462;RUA SANTOS DUMONT, N. 2715;PARQUE INDUSTRIAL;São Paulo;SP;06044172;N;12/07/2019
104165;SIMONE D. BARBOSA;977.699.130-04;23/06/1978;F;simone_bar496@outlook.com;11 978185724;R Sete de Setembro, N. S/N - Apto 12;CENTRO;São Paulo;SP;01916-167;;15/08/2024
104166;MARCELO  GOMES GUIMARÃES MARQUES ;934.848.196-77;01/01/1900;M;marcelomarques20@bol.com.br;;Rua Presidente Vargas, N. 2888 - Fundos;BELA VISTA;Campinas;sp;16810-508;S;30/10/2022
104167;JOAO OLIVEIRA MOREIRA;080.713.825-82;08/11/1989;M;;61 80729642;RUA BRASIL, N. 1985 - FUNDOS;VILA MARIANA;Brasília;Distrito Federal;74892783;S;22/12/2025
104168;LUÍS CARDOSO NASCIMENTO SANTOS;38276575714;22/02/1994;M;luis_san565@outlook.com;1664284266;R Tiradentes, nº 2122;SANTA CECÍLIA;Ribeirão Preto;SP;13404-819;N;29/03/2024
104169;ANDRE ANDRADE DIAS;441.988.426-63;17/09/1991;M;andredias2362@bol.com.br;32969276828;AVENIDA BRASIL, 1802;SANTO ANTÔNIO;JUIZ DE FORA;Minas Gerais;32692312;S;15/01/2022
104170;PRISCILA RODRIGUES SOUZA PEIXOTO;965.123.018-54;30/06/1964;F;priscilapeixoto95@gmail.com;(41) 96675-4981;RUA PRESIDENTE VARGAS, Nº 175;SÃO JOSÉ;Curitiba;Paraná;89494055;N;03/05/2025
104171;OTÁVIO MAGALHÃES;21812746229;16/06/1993;;otavio.magalhaes530@yahoo.com.br;;AVENIDA PRESIDENTE VARGAS, 2534;BOA VISTA;Goiânia - GO;GO;71447526;N;06/09/2019
104172;PATRICIA MACHADO;48000613930;18/10/1972;;patriciamachado206@hotmail.com;(51) 98794-6099;RUA SETE DE SETEMBRO, N. 1491 - BLOCO B APTO 104;SÃO JOSÉ;Porto Alegre;RS;91182309;N;22/06/2021
104173;RAQUEL ALVES;42105683339;13/08/1958;F;raquel_alv774@outlook.com;62971918825;R. Santos Dumont, nº 1978 - Fundos;BELA VISTA;Goiânia;go;77441241;S;09/05/2022
104174;DANIEL FREITAS MOREIRA;83187784135;28/07/1999;M;daniel.moreira609@uol.com.br;48963845082;Avenida Paulista, nº 2056;SANTO ANTÔNIO;Florianópolis - SC;SC;81752-156;N;28/05/2020
104175;THIAGO SANTOS LIMA;19800563741;04/09/1958;M;thiago.lima51@gmail.com;21 974946349;RUA da Liberdade, 1620;BELA VISTA;Rio de Janeiro;RJ;24634-817;N;17/11/2019
104176;MARCIA PEIXOTO RIBEIRO;751.116.695-40;22/02/1943;F;marcia_rib409@bol.com.br;11988336106;AV. DA LIBERDADE, N. 1448;BOA VISTA;são paulo ;SP;06083847;S;16/02/2024
104177;MARIANA MELO ARAÚJO;49069365715;07/11/1984;F;mariana.araujo452@outlook.com;11973772095;PRAÇA RIO BRANCO, 2297;SÃO JOSÉ;São Paulo;SP;01046977;S;03/04/2021
104178;LUCIA COSTA PEIXOTO;37098953750;23/01/1982;F;lucia.peixoto624@hotmail.com;11980916364;Rua São João, 2575 - Apto 12;BOA VISTA;São Paulo;São Paulo;3694641;S;11/03/2025
104179;CECILIA ALVES;561.967.696-00;23/08/1989;F;cecilia.alves958@bol.com.br;16 983502682;RUA Marechal Deodoro, 683 - Bloco B Apto 104;BELA VISTA;Ribeirão Preto;São Paulo;12700-228;S;07/02/2023
104180;FERNANDO PEIXOTO ARAÚJO;828.950.300-81;01/04/1986;M;fernando_ara185@bol.com.br;11 977959946;Rua XV de Novembro, N. 354;JARDIM AMÉRICA;Guarulhos;SP;8322404;S;25/01/2021
104181;FABIO NASCIMENTO;22368870350;04/12/1978;M;fabio.nascimento823@outlook.com;11982822234;R São João, 910;BOA VISTA;SAO PAULO;SP;06347-642;S;12/08/2023
104182;HENRIQUE ARAUJO LIMA;31744237247;10/03/1991;M; HENRIQUELIMA292@BOL.COM.BR ;(21) 96723-3610;RUA dos Andradas, 2784;VILA MARIANA;Rio de Janeiro;RJ;22600-845;N;17/05/2019
104183;SIMONE PEREIRA;384.533.802-44;27/09/1984;F;simone.pereira715@outlook.com;;R Castro Alves, nº 372 - Bloco B Apto 104;JARDIM DAS FLORES;São Paulo;São Paulo;07714-623;N;19/03/2023
104184;ALINE COSTA RIBEIRO;20025130404;04/12/1970;F;alineribeiro151@hotmail.com;3191798127;Avenida Presidente Vargas, N. 1534 - Bloco B Apto 104;PARQUE INDUSTRIAL;Belo Horizonte;mg;36607-258;;26/03/2022
104185;VITÓRIA DIAS ASSUNÇÃO;482.059.476-19;17/11/1953;F;vitoria_ass85778@outlook.com;16 69532247;Rua Santos Dumont, nº 661;LIBERDADE;Ribeirão Preto;São Paulo;15325154;S;22/08/2020
104186;LARISSA PEIXOTO;58422843161;01/03/1978;F;larissa_pei658@yahoo.com.br;31974044838;R. XV de Novembro, nº 2776;PARQUE INDUSTRIAL;Belo Horizonte;mg;34992-297;S;09/07/2023
104187;HELENA MOREIRA;742.905.843-49;11/05/1952;F; HELENA.MOREIRA290@BOL.COM.BR ;11 974139482;R. DOS ANDRADAS, 451;JARDIM DAS FLORES;São Paulo;São Paulo;06171-723;N;22/09/2023
104188;MATEUS FERRIERA MENDES;28714075849;16/02/1988;M;mateus.mendes487@outlook.com;(11) 97501-1693;RUA Santos Dumont, nº 1598 - Apto 12;VILA MARIANA;São Paulo;São Paulo;03915805;;30/03/2023
104189;RODRIGO BRANDAO MACHADO;363.940.717-22;29/01/1955;M;rodrigomachado1977@gmail.com;21 67105996;R PAULISTA, Nº 979;SÃO JOSÉ;Niterói;RJ;29592-658;S;06/05/2019
104190;SÔNIA CARDOSO;34280616914;08/11/1978;F;;(11) 99263-4037;Rua Paulista, N. 1344;JARDIM AMÉRICA;São Paulo;São Paulo;06741465;S;15/10/2023
104191;THIAGO OLIVEIRA;607.500.989-29;28/03/1958;M;thiagooliveira312@outlook.com;(21) 99913-9367;AV. PAULISTA, N. 692;VILA NOVA;rio de janeiro ;RJ;22788877;;24/10/2025
104192;MARCIO FREITAS PEREIRA;789.585.190-02;25/09/1967;;marcio.pereira802@hotmail.com;11 983661196;Rua dos Andradas, nº 537;BOA VISTA;São Paulo;São Paulo;07223921;S;05/01/2025
104193;MATEUS MENDES MENDES SANTOS;80090964233;20/06/1966;M;mateus.santos50@hotmail.com;11 982579704;R. Santos Dumont, N. 1173 - Bloco B Apto 104;BELA VISTA;São Paulo;sp;06957-476;S;24/09/2021
104194;MARCIA ASSUNCAO MACHADO;05974984404;12/04/1995;F;marcia.machado640@gmail.com;1181635579;Av Tiradentes, nº 2210;CENTRO;São Paulo;sp;09550-061;N;05/01/2022
104195;OTAVIO ROCHA MOREIRA CONCEICAO;10887255035;28/09/1972;M;otavioconceicao889@bol.com.br;1675225156;RUA MARECHAL DEODORO, N. 2676 - APTO 12;CENTRO;RIBEIRAO PRETO;SP;11217112;S;27/04/2021
104196;OTAVIO ALVES;970.358.374-18;04/10/1953;M;otavio_alv40@outlook.com;11992825802;R São João, 1618 - Apto 12;LIBERDADE;são paulo ;sp;09321-616;N;22/01/2024
104197;VINICIUS MENDES;71113766255;17/08/1997;M;viniciusmendes102@yahoo.com.br;(62) 98999-6276;Avenida Sete de Setembro, 1460;SANTA CECÍLIA;Goiânia - GO;GO;77012-074;N;17/03/2022
104198;NATÁLIA ALVES CARVALHO SILVA;009.619.490-15;09/11/1990;F;nataliasilva154@hotmail.com;19 982671545;AV. PRESIDENTE VARGAS, 923;JARDIM DAS FLORES;Campinas;sp;15693473;N;25/09/2021
104199;ALINE GUIMARÃES BARBOSA;489.124.672-39;29/04/1976;F;aline.barbosa976@yahoo.com.br;51 994032950;R. DOS ANDRADAS, N. 232 - FUNDOS;SÃO JOSÉ;porto alegre ;Rio Grande do Sul;93173-862;S;05/09/2019
104200;EDUARDO MELO RODRIGUES;51788077075;10/09/1987;M;eduardo.rodrigues31123@uol.com.br;(11) 98350-6940;Praça dos Ipês, N. 1591 - Apto 31;BELA VISTA;São Paulo;São Paulo;02117791;N;19/01/2022
104201;FERNANDO ASSUNCAO;38981538433;06/07/1979;M;fernando_ass16@uol.com.br;11 998221882;Av Getúlio Vargas, 629;LIBERDADE;São Paulo;SP;09826838;N;10/07/2024
104202;ANA NUNES GOMES;41824656440;07/04/1985;F;;21 967433518;AVENIDA SETE DE SETEMBRO, 1756;VILA MARIANA;Rio de Janeiro;;29415773;S;13/04/2021
104203;ANA DIAS PEIXOTO;53362558747;21/05/1994;F;anapeixoto227@bol.com.br;(31) 98910-4242;ALAMEDA PRESIDENTE VARGAS, 2531;SANTO ANTÔNIO;Belo Horizonte;MG;39282-310;S;06/06/2021
104204;LEONARDO D. SOUZA;954.807.824-44;16/09/1986;M;leonardo.souza870@bol.com.br;11986223162;RUA DAS FLORES, N. 50;LIBERDADE;São Paulo;São Paulo;2970004;N;25/09/2023
104205;PRISCILA OLIVEIRA;24898352030;30/11/1977;F;priscila.oliveira1@yahoo.com.br;(11) 98892-2870;AVENIDA DOS IPÊS, Nº 670;PARQUE INDUSTRIAL;SAO PAULO;SP;02255-722;;07/06/2021
104206;SIMONE  CONCEICAO ;71925781348;08/02/1991;F;simone_con870@yahoo.com.br;48 990027050;AV GETÚLIO VARGAS, Nº 2015;BELA VISTA;Florianópolis - SC;sc;81633420;S;01/01/2022
104207;PRISCILA ARAUJO;226.180.345-11;11/08/1962;F;priscila.araujo17956@uol.com.br;11965171862;RUA DA LIBERDADE, Nº 1706 - CASA 2;SANTA CECÍLIA;São Paulo;SP;04249-308;;31/12/2020
104208;JOSÉ ALVES MENDES MAGALHÃES;38174687335;13/03/1995;M;jose_mag678@hotmail.com;32 976345147;R das Flores, N. 1901;VILA MARIANA;Juiz de Fora;MG;38557-655;S;27/10/2021
104209;HELENA BRANDAO RODRIGUES;13682352120;10/09/1977;F;helena.rodrigues830@outlook.com;16 975907473;Av dos Andradas, N. 312 - Casa 2;SÃO JOSÉ;Ribeirão Preto;SP;14116-337;N;01/09/2022
104210;THIAGO RODRIGUES PEIXOTO;757.258.460-83;20/09/1973;M;thiago_pei765@uol.com.br;41 988392227;RUA da Liberdade, N. 715 - Apto 12;PARQUE INDUSTRIAL;Curitiba - PR;Paraná;89693996;N;12/10/2023
104211;ALINE ANDRADE DIAS;248.796.186-40;28/10/1985;F;aline_dia615@hotmail.con;(11) 97362-6170;Av. dos Ipês, nº 1813;BELA VISTA;São Paulo;São Paulo;05809822;;12/10/2023
104212;MARCIA ANDRADE ALVES;665.229.738-80;17/08/1997;F; MARCIAALVES899@YAHOO.COM.BR ;11991081248;TRAV. BRASIL, 2687;BELA VISTA;São Paulo;São Paulo;01542018;N;07/09/2021
104213;ISABELA LIMA FREITAS;371.205.991-43;13/01/1992;F;isabela.freitas327@uol.com.br;;RUA SANTOS DUMONT, Nº 2872 - FUNDOS;BELA VISTA;Porto Alegre;RS;99077248;S;04/05/2023
104214;VITÓRIA FERREIRA FREITAS ASSUNÇÃO;98454356886;19/04/1990;F;vitoria.assuncao734@gmail.com;81 985707438;RUA dos Andradas, 2092;PARQUE INDUSTRIAL;Recife;PE;56542463;N;23/10/2024
104215;HENRIQUE PEREIRA ANDRADE;520.740.593-45;08/04/2000;M;henrique.andrade719@uol.com.br;71 999453892;ALAMEDA CASTRO ALVES, N. 721;CENTRO;Salvador;BA;48090647;N;02/10/2020
104216;LETICIA RODRIGUES RODRIGUES;38921656456;16/01/1974;F;leticia_rod753@gmail.com;;AV SETE DE SETEMBRO, 2183 - CASA 2;VILA MARIANA;Belo Horizonte;MG;35138871;S;02/10/2021
104217;CAIO CARDOSO;41806976102;08/02/1951;M;caio.cardoso296@bol.com.br;97708-9404;R. da Liberdade, nº 2774;SANTO ANTÔNIO;São Paulo;SP;03319-232;N;07/09/2022
104218;MÁRCIO MACHADO;49906190647;20/04/1986;M;;(11) 99641-7150;AVENIDA DOM PEDRO II, Nº 2863;SÃO JOSÉ;São Paulo;sp;03946059;N;11/05/2019
104219;ISABELA MELO;42394393963;10/01/1992;F;isabelamelo6@outlook.con;21970516295;Praça Tiradentes, 2271;SANTO ANTÔNIO;Rio de Janeiro;rj;21471-779;N;11/07/2024
104220;NATALIA MACHADO;55551775348;13/03/1997;F;nataliamachado26320@bol.com.br;11 976232245;Rua Sete de Setembro, 2643 - Bloco B Apto 104;SANTO ANTÔNIO;são paulo ;São Paulo;09539151;N;26/10/2019
104221;GABRIELA  ROCHA DIAS ;185.452.145-45;12/09/1973;F;gabriela.dias433@outlook.com;(31) 98981-6646;AV DAS PALMEIRAS, Nº S/N;CENTRO;Belo Horizonte;MG;31280549;N;02/04/2024
104222;JOAO DIAS COCNEICAO;60707103630;16/02/1994;M;;48 986254747;PRACA Paulista, N. 2478 - Apto 12;BELA VISTA;Florianópolis;SC;87786448;N;23/10/2025
104223;TÂNIA ANDRADE FERREIRA;48862237880;24/08/2005;F;tania_fer121@yahoo.com.br;11 95004689;R. PRESIDENTE VARGAS, N. 553;LIBERDADE;São Paulo;SP;05113-079;S;11/01/2025
104224;CAIO LIMA;67280573665;19/06/1995;M;caio_lim609@outlook.com;96967909;AVENIDA GETÚLIO VARGAS, Nº 2287;LIBERDADE;Guarulhos - SP;SP;03430728;N;31/12/2021
104225;LEONARDO  ASSUNCAO ;98065616780;30/01/1987;I;leonardo_ass373@bol.com.br;(61) 97195-4407;RUA XV DE NOVEMBRO, 275;VILA NOVA;BRASILIA;Distrito Federal;76504-008;S;19/04/2021
104226;DR. BEATRIZ BARBOSA MOREIRA;4,15141E+10;27/09/1986;F;beatrizmoreira895@hotmail.com;(11) 9312-9563;AV. SETE DE SETEMBRO, N. 1489;JARDIM DAS FLORES;São Paulo;São Paulo;05617936;N;01/01/2024
104227;HELENA RODRIGUES PEIXOTO;66830593573;25/08/1994;F;helena.peixoto376@hotmail.com;(11) 97097-2864;R PRESIDENTE VARGAS, Nº 407;JARDIM AMÉRICA;São Paulo - SP;SP;08449774;N;25/02/2019
104228;MARCIA CONCEICAO ANDRADE ANDRADE;261.084.843-90;16/04/1991;F;marcia_and507@yahoo.com.br;61973797645;ALAMEDA RIO BRANCO, Nº 2362;JARDIM DAS FLORES;Brasília;DF;78552-289;S;18/12/2019
104229;ISABELA RIBEIRO;91527336611;13/12/2002;F;;(11) 99352-5743;Av XV de Novembro, N. 2117;PARQUE INDUSTRIAL;SAO PAULO;São Paulo;07886470;S;02/03/2024
104230;PRISCILA ROCHA DIAS;734.126.333-48;12/05/1948;F;priscila_dia946@uol.com.br;(11) 96132-3057;RUA SETE DE SETEMBRO, Nº 1708;SÃO JOSÉ;São Paulo;sp;01470-598;;05/07/2024
104231;HENRIQUE ALVES COSTA MARTINS;105.613.880-75;23/02/1967;M;henriquemartins616@bol.com.br;11 984687965;Tv. Getúlio Vargas, nº 1273;VILA MARIANA;São Paulo;sp;04079536;S;30/08/2019
104232;OTAVIO GOMES SANTOS;20341499129;04/09/1941;M;otaviosantos888@yahoo.com.br;31968166847;AV SANTOS DUMONT, N. 1823;SANTO ANTÔNIO;Belo Horizonte;mg;36797476;S;09/05/2021
104233;LARISSA ASSUNÇÃO MARTINS;508.274.901-35;07/04/1956;F;larissa_mar971@yahoo.com.br;32979329432;AVENIDA SANTOS DUMONT, N. 256;BOA VISTA;Juiz de Fora;MG;35113105;S;08/11/2024
104234;LEONARDO MARTINS;48019320709;10/07/1987;M;leonardo.martins407@hotmail.com;(48) 98165-8985;Travessa dos Andradas, N. 827;LIBERDADE;Florianópolis - SC;SC;84515370;N;18/10/2022
104235;TANIA CARVALHO FERREIRA MENDES;700.659.531-26;13/03/1946;;tania.mendes411@uol.com.br;1197682117;Rua XV de Novembro, 2742;SANTA CECÍLIA;são paulo ;;02326629;S;10/06/2020
104236;DRA. SÔNIA ROCHA;8,68793E+10;04/08/1939;F;sonia_roc179@outlook.com;(11) 99245-3159;RUA CASTRO ALVES, 2773;LIBERDADE;São Paulo;SP;05812617;;16/08/2021
104237;CECILAI NASCIMENTO PEIXOTO;09453143022;04/05/1985;F;cecilia.peixoto524@yahoo.com.br;;RUA CASTRO ALVES, Nº 2084 - BLOCO B APTO 104;SANTO ANTÔNIO;RJ;RJ;27821561;S;23/04/2024
104238;SÔNIA FREITAS GOMES;058.137.968-35;13/09/1993;F;;(11) 98197-2703;RUA Santos Dumont, N. 1424 - Bloco B Apto 104;PARQUE INDUSTRIAL;São Paulo;São Paulo;06601459;N;26/01/2021
104239;PATRICIA FREITAS CARVALHO;206.305.258-11;19/04/1986;F;patricia.carvalho11@hotmail.com;61 988485700;AVENIDA RIO BRANCO, Nº 2259;CENTRO;BRASILIA;df;75400-341;S;24/10/2020
104240;LÚCIA FREITAS GUIMARÃES;207.043.018-90;20/09/1991;F;luciaguimaraes811@bol.com.br;11 960179500;Avenida Marechal Deodoro, N. 883;SANTO ANTÔNIO;Santo André;SP;04243-523;S;10/10/2023
104241;ALINE ANDRDAE;159.242.885-10;24/11/1996;F;aline.andrade858@bol.com.br;;AV Rio Branco, N. 1124;JARDIM AMÉRICA;Goiânia;go;78249-086;N;01/05/2020
104242;OTAVIO COSTA MACHADO MACHADO;851.285.368-90;30/03/1969;M;otavio_mac745@uol.com.br;19994572737;RUA MARECHAL DEODORO, 2423;BELA VISTA;CAMPINAS;sp;11539-961;N;21/05/2022
104243;RENATA CONCEICAO GOMES;194.042.301-54;04/06/1978;F;renatagomes56@yahoo.com.br;3169387789;AV. DAS PALMEIRAS, S/N;SÃO JOSÉ;Belo Horizonte;mg;37606-978;N;02/11/2019
104244;HELENA C. ANDRADE;37539428635;08/12/1960;I;helena.andrade892@uol.com.br;11 964839847;Rua Santos Dumont, nº 2253;VILA MARIANA;São Paulo;SP;7412053;N;15/07/2019
104245;PATRÍCIA RODRIGUES MOREIRA;804.737.891-08;06/10/1976;F;patriciamoreira646@outlook.com;11 92882706;AV MARECHAL DEODORO, Nº 2822 - APTO 31;SÃO JOSÉ;São Paulo;SP;03298016;S;26/01/2024
104246;RODRIGO PEREIRA;661.596.426-00;16/04/1995;M;rodrigo.pereira991@@gmail.com;11988258503;ALAMEDA DAS PALMEIRAS, N. 2922 - APTO 12;VILA MARIANA;São Paulo;sp;06766020;N;10/05/2025
104247;FERNANDO LIMA LIMA;764.465.839-40;04/10/2005;M;fernando_lim182@gmail.com;(41) 97071-4384;RUA XV DE NOVEMBRO, N. 1829;JARDIM AMÉRICA;Curitiba;Paraná;83927-108;S;30/06/2019
104248;THIAGO ARAUJO CARDOSO RODRIGUES;411.961.283-08;13/09/1992;M;thiagorodrigues695@gmail.com;51982768166;RUA XV DE NOVEMBRO, Nº 2876;LIBERDADE;Porto Alegre;RS;97873510;N;10/04/2021
104249;LUCAS MACHADO;986.465.926-00;02/12/1948;M;lucas_mac38@gmail.con;96782-4197;R. RIO BRANCO, N. 534;VILA NOVA;São Paulo;SP;7695191;N;06/02/2022
104250;HENRIQUE MARTINS MARTINS MAGALHAES;95852318329;06/06/1991;M;henrique_mag454@outlook.com;11 960736307;R DA LIBERDADE, 487;VILA NOVA;São Paulo;sp;02502-020;S;25/11/2023
104251;LUÍS MAGALHÃES ALVES;98632816705;19/09/1989;M;luis.alves472@gmail.com;7163801244;RUA DAS PALMEIRAS, 125;PARQUE INDUSTRIAL;Salvador;BA;45060904;N;09/11/2021
104252;LUIZA GUIMARAES COSTA;24296853104;31/12/1933;F;luizacosta227@hotmail.com;(21) 96799-8891;R DAS PALMEIRAS, N. 234;SANTA CECÍLIA;Rio de Janeiro;rj;21879594;N;03/07/2020
104253;FERNANDA LIMA NASCIMENTO ASSUNCAO;68457121820;17/08/1979;F;fernandaassuncao758@outlook.com;(41) 97145-7514;AV. DOM PEDRO II, 1201 - FUNDOS;SÃO JOSÉ;CURITIBA;Paraná;83937541;N;27/07/2019
104254;DRA. RODRIGO BRANDAO MACHADO;36394071722;29/01/1955;M;rodrigomachado197@bol.com.br;21 967105996;R das Flores, 2397;BELA VISTA;Niterói - RJ;Rio de Janeiro;27878-743;S;20/03/2023
104255;CAMILA ANDRADE FERREIRA;76953612401;07/04/1991;F;camilaferreira846@bol.com.br;11 972142001;TRAVESSA SÃO JOÃO, N. 2032 - APTO 12;BOA VISTA;Sampa;sp;06928260;S;31/05/2025
104256;CESAR MOREIRA;999.605.002-50;19/06/1964;M;cesar_mor213@uol.com.br;81 960385956;AVENIDA SETE DE SETEMBRO, Nº 367;BELA VISTA;Recife;Pernambuco;53207-957;N;24/02/2020
104257;SIMONE FREITAS NUNES;394.625.889-10;17/01/1987;F;simonenunes168@hotmail.com;71987457596;TV. GETÚLIO VARGAS, 2862;JARDIM AMÉRICA;Salvador;BA;48580289;S;05/08/2023
104258;GABRIELA MOREIRA MENDES;41247290140;10/12/1976;F;gabrielamendes40@uol.com.br;99931-3557;RUA DOM PEDRO II, Nº 461;LIBERDADE;Belo Horizonte;MG;35642-745;S;21/06/2025
104259;PRISCILA DIAS PEIXOTO;126.443.823-00;06/11/1971;F;priscilapeixoto168@outlook.com;11 969609528;RUA dos Ipês, N. 686 - Casa 2;JARDIM AMÉRICA;São Paulo;sp;02624968;S;11/11/2022
104260;ISABELA GOMES LIMA;743.948.085-61;16/11/1959;F;isabela.lima600@bol.com;(71) 96684-6468;Av Sete de Setembro, nº 2955;PARQUE INDUSTRIAL;Salvador;BA;48996617;S;18/07/2019
104261;ALINE ALVES;787.200.694-48;06/07/1958;F;aline.alves834@bol.com.br;19967227520;Rua Paulista, 772 - Bloco B Apto 104;PARQUE INDUSTRIAL;Campinas;SP;18829-346;S;11/06/2023
104262;MARCIA RIBEIRO BARBOSA;063.162.619-00;04/08/1999;F;marcia_bar120@outlook.com;2179806980;RUA das Palmeiras, 2219 - Fundos;SÃO JOSÉ;Niterói;RJ;26642509;S;17/12/2024
104263;MARCIA ANDRADE CARDOSO;167.010.438-95;30/07/1966;F;marcia.cardoso77667@bol.com.br;;RUA DAS PALMEIRAS, N. S/N;VILA NOVA;Juiz de Fora;MG;39826291;S;27/05/2024
104264;LÚCIA MELO;15394495501;10/11/1951;F;luciamelo147@bol.com.br;11 982139224;Rua Brasil, nº 2652 - Apto 31;SÃO JOSÉ;São Paulo;São Paulo;01916124;N;15/11/2022
104265;MARCELO NUNES MARTINS;03666786553;24/06/1997;M;marcelomartins343@bol.com.br;31967143173;Av. XV de Novembro, S/N;JARDIM AMÉRICA;Belo Horizonte;mg;35037658;;06/05/2020
104266;LUIZA ARAUJO CARDOSO OLIVEIRA;28638680988;18/07/1979;F;luiza.oliveira525@bol.com.br;99731-3045;R SANTOS DUMONT, 1713;JARDIM DAS FLORES;Campinas;sp;15081-097;;28/10/2024
104267;JOANA ARAÚJO;15146203830;16/11/1945;F; JOANAARAUJO49@OUTLOOK.COM ;(11) 7065-5565;Travessa XV de Novembro, N. 892;JARDIM DAS FLORES;São Paulo;São Paulo;08978353;N;14/11/2025
104268;PATRÍCIA DIAS MACHADO PEREIRA;37466830927;21/03/1963;F; PATRICIA.PEREIRA943@GMAIL.COM ;11 960485977;R. dos Andradas, N. 668 - Apto 31;JARDIM DAS FLORES;santo andré ;SP;08652-555;S;27/02/2025
104269;CESAR MARTINS RIBEIRO ARAUJO;46084852610;12/05/1989;M;cesar_ara23156@hotmail.com;31966046257;AVENIDA SETE DE SETEMBRO, N. 353;BOA VISTA;Belo Horizonte;mg;36258759;S;21/11/2022
104270;PATRÍCIA SANTOS CARVALHO;84892614661;30/09/1990;F;patricia.carvalho884@gmail.com;(11) 96444-6367;R. Santos Dumont, nº 1919;SANTO ANTÔNIO;GUARULHOS;SP;05931-536;N;23/10/2021
104271;RODRIGO MARTINS SOUZA;913.117.931-27;29/05/1974;M;rodrigosouza662@hotmail.com;21 990673211;Rua Sete de Setembro, 181;SÃO JOSÉ;Niterói;rj;27620-477;;16/01/2022
104272;CECILIA NUNES;40042624886;26/04/1996;F;cecilia_nun476@outlook.com;11 62204489;Av. das Flores, 1070;SANTA CECÍLIA;São Paulo;SP;6311660;N;03/07/2020
104273;DEBORA MAGALHAES;3,18759E+10;16/06/1996;F;;19994595552;RUA dos Ipês, 334;JARDIM AMÉRICA;Campinas - SP;São Paulo;17103224;N;23/12/2019
104274;CAIO GUIMARÃES;59616128213;17/01/1984;M;caioguimaraes946@gmail.com;31970239736;AV dos Andradas, nº 1805 - Bloco B Apto 104;VILA NOVA;Belo Horizonte;MG;36113-641;S;24/04/2022
104275;MATEUS BARBOSA RAAUJO;391.883.719-05;14/02/1969;M;;11962576732;Rua Tiradentes, 861 - Apto 31;LIBERDADE;Sampa;SP;06312-445;S;23/01/2020
104276;THIAGO RODRIGUES MELO;50862233852;21/10/1983;M;thiagomelo617@gmail.com;(71) 96677-8021;RUA CASTRO ALVES, N. 1060;VILA MARIANA;Salvador;Bahia;44481-840;S;05/08/2025
104277;LUIS BRANDAO ARAUJO;6,95287E+10;24/04/1980;M;luis.araujo184@uol.com.br;61984788126;Rua dos Andradas, nº 639 - Apto 31;BOA VISTA;Brasília;DF;73934041;N;22/02/2019
104278;FABIO  ALVES MACHADO ;415.160.755-28;16/05/1988;M;fabio_mac91@bol.com.br;(62) 97285-4271;Rua XV de Novembro, nº 1015 - Apto 12;VILA MARIANA;Goiânia;GO;73257-993;N;05/09/2019
104279;FERNANDO DIAS ANDRADE;08596073647;08/09/1979;M;fernando.andrade372@uol.com.br;(21) 96208-4112;Rua Brasil, N. 1672;PARQUE INDUSTRIAL;Rio de Janeiro;RJ;27620201;N;21/09/2023
104280;ISABELA LIMA;23054082504;31/03/1962;F;isabelalima268@outlook.com;(21) 99433-8888;Avenida Paulista, 21 - Fundos;SANTA CECÍLIA;Niterói;Rio de Janeiro;24137772;S;23/02/2025
104281;DEBORA BRANDAO;96489990741;02/03/1991;F;debora_bra499@bol.com.br;98978-4013;Rua Rio Branco, 1371 - Bloco B Apto 104;VILA NOVA;São Paulo;;03759-104;;22/11/2023
104282;LARISSA MACHADO RODRIGUES CARDOSO;35502648109;21/06/1945;F;larissa_car228@outlook.com;11 979341683;RUA DOS ANDRADAS, N. 65 - CASA 2;BELA VISTA;São Paulo;SP;4941717;N;03/03/2021
104283;LÚCIA FERREIRA ARAÚJO SANTOS;39363946010;01/06/1944;F;luciasantos711@uol.com.br;21986073046;AV DAS FLORES, N. 2325 - CASA 2;VILA NOVA;RJ;Rio de Janeiro;24136144;S;28/01/2020
104284;MARCELO CONCEIÇÃO;069.693.093-55;02/09/1993;M;marceloconceicao338@yahoo.com.br;48967703163;R dos Ipês, nº 995 - Fundos;LIBERDADE;Florianópolis - SC;SC;83113-329;N;17/10/2024
104285;LUCAS ASSUNCAO ASSUNCAO;4,56842E+10;13/02/1982;M;lucas.assuncao60269@hotmail.com;21 79078331;RUA DOS IPÊS, Nº 2837;SANTA CECÍLIA;Rio de Janeiro;RJ;21852850;S;23/02/2022
104286;LETICIA PEREIRA MELO;45279743860;20/04/1989;F;leticiamelo426@gmail.com;(11) 98071-6605;Rua Sete de Setembro, 1456;JARDIM DAS FLORES;São Paulo;São Paulo;04432-642;N;06/12/2020
104287;FERNANDA SILVA;78653359206;06/01/1980;F;fernanda.silva505@hotmail.com;21 982082280;Trav. dos Andradas, N. 909;BELA VISTA;Niterói;Rio de Janeiro;26275434;N;08/10/2021
104288;PATRICIA NUNES FREITAS BARBOSA;26794638207;21/09/1958;F;patriciabarbosa232yahoo.com.br;19 967516789;R. SANTOS DUMONT, N. 2608;SANTO ANTÔNIO;Campinas;SP;16102-543;;20/11/2025
104289;SÉRGIO MENDES ROCHA COSTA;77515682248;26/08/1987;M;sergio.costa663@uol.com.br;(41) 9967-2650;Avenida Tiradentes, 137 - Apto 31;VILA NOVA;Curitiba;pr;88941-804;N;07/04/2021
104290;FABIO ASSUNCAO DIAS;97510400600;01/07/1976;M;;11999871230;R. DOS IPÊS, N. 565;SANTO ANTÔNIO;Guarulhos;São Paulo;08767117;N;17/12/2025
104291;CAIO RODRIGUES RODRIGUES;79383422203;27/05/1958;M;caiorodrigues486@bol.com;21 987897676;Avenida das Flores, N. 2444 - Casa 2;BOA VISTA;Rio de Janeiro;rj;28152247;S;20/05/2022
104292;LUCIA MARQUES COSTA;104.635.295-45;01/05/1976;I;luciacosta914@yahoo.com.br;31979163913;Praça Tiradentes, nº 2872;SÃO JOSÉ;BELO HORIZONTE;MG;31641018;S;16/04/2020
104293;ANA  CONCEICAO COSTA ;71405972513;28/04/1962;F;ana_cos271@bol.com.br;11 977943307;R PRESIDENTE VARGAS, Nº 972;BELA VISTA;São Paulo;SP;03472-462;N;31/01/2025
104294;DRA. JULIA MAGALHAES MARQUES;044.616.086-54;17/02/2003;F;julia.marques360@bol.com.br;(31) 96786-9201;TRAVESSA SETE DE SETEMBRO, 1066;JARDIM DAS FLORES;Belo Horizonte;;33581259;N;18/03/2019
104295;GABRIELA ARAUJO DIAS;9,08999E+10;26/02/1994;;gabriela.dias868@gmail.com;(11) 97544-5764;R. das Flores, nº 1842;JARDIM DAS FLORES;Guarulhos;sp;08465-153;S;10/01/2023
104296;MATEUS SILVA;57057875533;01/11/1986;M; MATEUSSILVA304@HOTMAIL.COM ;(19) 97577-1375;RUA PRESIDENTE VARGAS, Nº 2057 - FUNDOS;VILA NOVA;Campinas;sp;12150-874;N;05/09/2024
104297;ANTONIO GUIMARAES DIAS CONCEICAO;78485670019;21/12/1961;M; ANTONIOCONCEICAO266@OUTLOOK.COM ;31 999278983;Rua Brasil, nº 1177;VILA NOVA;Belo Horizonte;Minas Gerais;36136-426;S;13/03/2020
104298;MÁRCIA  RODRIGUES ;67195747875;25/02/1974;I;;71978364988;TRAVESSA BRASIL, 523;JARDIM AMÉRICA;Salvador;BA;42551-010;S;09/01/2024
104299;OTAVIO  COSTA ROCHA CONCEICAO ;97970707785;04/07/1983;M;otavio.conceicao748@gmail.com;48 964862575;AVENIDA PAULISTA, N. 2622;JARDIM DAS FLORES;FLORIANOPOLIS;Santa Catarina;86059-707;S;28/06/2022
104300;LEONARDO NUNES;67981964970;22/06/1978;M;leonardo.nunes48685@yahoo.com.br;99331-5363;RUA Marechal Deodoro, 2945 - Apto 12;PARQUE INDUSTRIAL;Curitiba;PR;88003-974;S;02/04/2021
104301;VITORIA SILVA NASCIMENTO MELO;69045123347;25/04/1995;F;vitoriamelo390@outlook.com;19996179253;Avenida XV de Novembro, N. 756 - Casa 2;VILA NOVA;campinas ;sp;15251418;S;30/01/2019
104302;LÚCIA SOUZA ASSUNÇÃO;89410477492;23/03/1991;F; LUCIA_ASS579@OUTLOOK.COM ;19985013594;RUA Santos Dumont, nº 58;BOA VISTA;Campinas;;11412-627;S;02/04/2025
104303;ISABELA BARBOSA GOMES;11507975767;08/07/1957;F;isabela.gomes462@uol.com.br;99598-8439;Avenida Tiradentes, 533;SÃO JOSÉ;Porto Alegre;RS;91438682;S;01/07/2021
104304;PAULO FERREIRA ARAUJO GOMES;149.179.230-26;21/10/1970;M; PAULO.GOMES84151@UOL.COM.BR ;21 986301604;ALAMEDA DOS ANDRADAS, N. 2807;PARQUE INDUSTRIAL;Niterói;RJ;26850-668;N;09/04/2019
104305;FERNANDO FERREIRA MOREIRA;139.640.519-42;15/07/1977;M; FERNANDOMOREIRA192@GMAIL.COM ;3166043851;Rua Tiradentes, 131 - Apto 31;PARQUE INDUSTRIAL;Belo Horizonte;;31941-155;N;05/06/2020
104306;JOANA COSTA;90297871633;10/06/1963;F; JOANA.COSTA573@OUTLOOK.COM ;11 999843997;AV PAULISTA, Nº 952 - BLOCO B APTO 104;BOA VISTA;São Paulo;São Paulo;01016-058;S;24/07/2021
104307;LUCIA CONCEICAO RIBEIRO;037.702.669-78;14/04/1975;F; LUCIA_RIB273@OUTLOOK.COM ;;Rua Paulista, N. 1452;BELA VISTA;Salvador;BA;43830856;N;18/07/2025
104308;FÁBIO ARAÚJO;90397211147;08/06/1988;M;fabio.araujo391@bol.com.br;51983551876;AL dos Ipês, 1295;JARDIM DAS FLORES;Porto Alegre;RS;93008883;N;24/01/2021
104309;ISABELA SILVA OLIVEIRA OLIVEIRA;21702894886;06/07/1993;F;isabelaoliveira15@bol.com.br;11 975509004;Avenida Castro Alves, nº 1194;VILA MARIANA;São Paulo;sp;06650-948;N;13/08/2020
104310;JOANA ALVES FERREIRA;31000763463;06/01/1976;F;joana.ferreira361@hotmail.com;11 978316420;RUA DA LIBERDADE, N. 727 - APTO 31;CENTRO;Santo André;sp;05216-330;N;15/02/2024
104311;PATRÍCIA GOMES CONCEIÇÃO RODRIGUES;55513274507;18/04/1957;F; PATRICIARODRIGUES56632@GMAIL.COM ;(11) 97881-2976;PRAÇA PRESIDENTE VARGAS, 1830 - FUNDOS;SANTO ANTÔNIO;São Paulo;São Paulo;09052-154;S;28/01/2021
104312;SIMONE COSTA MENDES FREITAS;20047204257;14/11/1999;F;simone_fre286@outlook.con;11962652376;R DAS FLORES, Nº 653 - FUNDOS;PARQUE INDUSTRIAL;São Paulo;sp;03842-724;S;31/03/2025
104313;CAIO ROCHA;204.660.492-00;20/08/1973;M;caio_roc253@bol.com.br;11 964221096;Rua São João, nº 154 - Bloco B Apto 104;LIBERDADE;São Paulo;sp;1044495;S;07/02/2022
104314;LETÍCIA MENDES;338.303.153-50;23/12/1974;F; LETICIAMENDES27@HOTMAIL.COM ;;R. das Palmeiras, nº 1886;VILA NOVA;Salvador - BA;BA;41946969;S;18/05/2022
104315;THIAGO BRANDÃO ROCHA;73512279694;14/02/2002;M;thiagorocha163@yahoo.com.br;(31) 96108-5610;Avenida Getúlio Vargas, nº 1745 - Casa 2;JARDIM AMÉRICA;Belo Horizonte - MG;MG;36915367;S;05/06/2024
104316;NATÁLIA NUNES MAGALHÃES;606.441.892-31;08/12/1983;F;natalia.magalhaes68875@hotmail.com;(31) 6041-2928;R das Palmeiras, N. 2244;SANTO ANTÔNIO;Belo Horizonte;MG;39877-849;N;03/04/2020
104317;LUCIA MELO;15394195501;10/11/1951;F;luciamelo14752@yahoo.com.br;11 982139224;RUA BRASIL, N. 2652 - APTO 31;SÃO JOSÉ;São Paulo;sp;1916124;N;11/09/2019
104318;LETÍCIA MACHADO NUNES;59936670361;07/09/1989;F;leticianunes723@yahoo.com.br;62 971053752;AVENIDA SÃO JOÃO, Nº 216;BELA VISTA;Goiânia;GO;76660284;N;21/02/2024
104319;ANDRE SANTOS;5,70984E+10;02/03/1985;M;andre_san80897@gmail.com;48 76981313;RUA Presidente Vargas, nº 1218 - Bloco B Apto 104;JARDIM DAS FLORES;Florianópolis;Santa Catarina;81116-774;;19/05/2020
104320;VITORIA NUNES MAGALHAES;191.865.424-78;01/01/1900;F;vitoria_mag5@yahoo.com.br;(31) 96201-3096;Rua Sete de Setembro, N. 2071 - Bloco B Apto 104;BELA VISTA;Belo Horizonte;Minas Gerais;38169059;N;15/06/2025
104321;CECÍLIA GOMES NUNES;950.273.858-62;18/05/1972;F;cecilia.nunes866@bol.com.br;(16) 97577-2052;AVENIDA MARECHAL DEODORO, Nº 1129 - APTO 12;VILA NOVA;Ribeirão Preto;São Paulo;14944281;N;29/01/2019
104322;FERNANDA MAGALHAES BRANDAO BRANDAO;040.323.203-14;23/09/1990;F;fernanda_bra396@gmail.com;21967465444;RUA SÃO JOÃO, Nº 1001 - BLOCO B APTO 104;SÃO JOSÉ;Rio de Janeiro;RJ;24460991;N;15/05/2024
104323;FERNANDA PEIXOTO;488.647.084-05;03/10/1984;F;fernanda.peixoto20@outlook.com;21 81973793;RUA DAS PALMEIRAS, N. 457 - CASA 2;BELA VISTA;Niterói;RJ;25480-681;N;16/09/2020
104324;FABIO CARDOSO;250.119.609-00;16/05/1982;M;fabio.cardoso934@hotmail.com;81 985066714;Rua Rio Branco, nº 1384;BELA VISTA;Recife;PE;53935304;N;01/08/2020
104325;RAFAEL ASSUNÇÃO;877.844.394-66;06/05/1966;M;rafael.assuncao271@yahoo.com.br;51 63318475;R CASTRO ALVES, Nº 792;PARQUE INDUSTRIAL;Porto Alegre;RS;95397374;S;12/10/2019
104326;JOANA GUIMARAES ARAUJO;27169291657;04/04/1995;F;joana.araujo608@hotmail.com;11 999319958;AL PAULISTA, N. 891;CENTRO;São Paulo;São Paulo;05571350;N;20/02/2025
104327;PRISCILA RIBEIRO;27342599310;28/08/1995;F;priscila.ribeiro633@gmail.com;31974788491;RUA GETÚLIO VARGAS, Nº 2801;VILA NOVA;Belo Horizonte;MG;35857-974;N;06/10/2020
104328;CAMILA ANDRADE LIMA;38363352802;13/07/1967;F;camilalima1@outlook.com;;AL DOS IPÊS, N. 2627;SANTA CECÍLIA;Belo Horizonte;Minas Gerais;39472-908;S;13/08/2024
104329;DANIEL MAGALHAES GUIMARAES;09632788435;20/04/1990;M; DANIEL_GUI561@OUTLOOK.COM ;(11) 98831-4229;AVENIDA DOS ANDRADAS, Nº 141;JARDIM AMÉRICA;São Paulo;;06177716;N;04/10/2023
104330;BRUNO ANDRADE MARQUES;296.068.867-86;12/03/1983;M;brunomarques832@yahoo.com.br;3176573005;Rua Paulista, N. 2993;CENTRO;Belo Horizonte;mg;38165422;S;18/07/2021
104331;JULIA CARVALHO;499.349.371-15;07/06/1995;F;juliacarvalho66@hotmail.com;(51) 9782-8874;Avenida Paulista, N. 2877 - Apto 31;SANTA CECÍLIA;porto alegre ;Rio Grande do Sul;92716-029;S;14/09/2021
104332;HENRIQUE CARVALHO LIMA;09191965195;16/07/1973;M;henriquelima489@yahoo.com.br;;R. Brasil, 937;CENTRO;Juiz de Fora;MG;38460209;S;24/12/2024
104333;LARISSA BRANDAO PEREIRA;56825502930;04/10/1978;F;larissa_per906@yahoo.com.br;21 969804818;AVENIDA SÃO JOÃO, 1298 - FUNDOS;BELA VISTA;Rio de Janeiro;RJ;29676426;S;26/12/2023
104334;JOÃO SILVA;63312027659;04/10/1991;M;joao_sil595@yahoo.com.br;(31) 99768-8571;RUA SETE DE SETEMBRO, N. 991;BOA VISTA;Belo Horizonte;Minas Gerais;33246075;N;13/02/2023
104335;MARCIO ASSUNCAO LIMA;773.644.202-90;29/08/1999;M;marcio_lim327@bol.com.br;(31) 9406-7638;R. DAS FLORES, N. 1860;SÃO JOSÉ;BELO HORIZONTE;mg;33270243;S;25/12/2019
104336;MATEUS RODRIGUES;458.260.729-20;27/05/1994;M;mateus.rodrigues979@;51 976277605;RUA PAULISTA, 504;SÃO JOSÉ;Porto Alegre;Rio Grande do Sul;91083-860;S;23/10/2023
104337;MARCELO RDORIGUES MELO;73284724729;08/01/1982;M;marcelo_mel779@yahoo.com.br;51 989793980;Rua das Flores, 1818 - Casa 2;PARQUE INDUSTRIAL;PORTO ALEGRE;RS;93294525;S;31/07/2020
104338;LUIZA CONCEICAO;39810725108;11/07/1994;F;luiza_con807@yahoo.com.br;(11) 97269-3098;Praça Sete de Setembro, nº 1129;CENTRO;Santo André;SP;03406082;S;24/04/2021
104339;MARCELO CARDOSO GUIMARÃES;47687958896;20/02/1944;M;marcelo_gui272@bol.com.br;11988143974;R Rio Branco, N. 236;SANTA CECÍLIA;São Paulo;São Paulo;03440049;N;27/11/2020
104340;DANIEL BARBOSA COSTA;94099895904;08/11/1976;M;daniel_cos49@yahoo.com.br;16 982904183;RUA DOS IPÊS, 1872;JARDIM AMÉRICA;RIBEIRAO PRETO;São Paulo;16762208;N;23/07/2024
104341;LUIS GUIMARAES ROCHA;839.094.655-60;06/01/1979;M; LUIS_ROC612@UOL.COM.BR ;11 987419310;RUA DOS IPÊS, N. 1137 - APTO 31;SANTA CECÍLIA;São Paulo;SP;03962149;S;05/04/2023
104342;HELENA RIBEIRO SOUZA;15116612325;02/05/1995;F;helena.souza674@bol.com.br;(11) 99865-3714;RUA PAULISTA, N. 295 - APTO 31;VILA MARIANA;Santo André;SP;4115765;S;06/02/2025
104343;DR. ALINE BARBOSA LIMA;659.986.327-29;07/12/1986;F;aline_lim158@hotmail.com;19977684035;AVENIDA DAS PALMEIRAS, N. 686;SANTA CECÍLIA;Campinas;SP;19566-992;N;07/11/2019
104344;LUÍS GUIMARÃES CARVALHO;130.870.204-35;23/09/1980;M;luis_car326@bol.com.br;(11) 8949-5690;Avenida São João, 91;BOA VISTA;São Paulo;sp;06698479;S;16/04/2025
104345;MAIRANA  DIAS ;75675152024;14/12/1973;F;mariana_dia42@uol.com.br;(16) 99497-5603;R PAULISTA, 1323;LIBERDADE;Ribeirão Preto;SP;12249146;N;09/01/2025
104346;MARCELO SOUZA NASCIMENTO;72511640007;04/05/1993;M;marcelo.nascimento307@uol.com.br;81967939682;RUA Presidente Vargas, nº 929;JARDIM DAS FLORES;Recife;;59435032;S;25/04/2022
104347;MATEUS  RODRIGUES OLIVEIRA ;05539494709;29/06/1936;;mateusoliveira241@bol.com.br;;AVENIDA SÃO JOÃO, 553 - FUNDOS;VILA NOVA;Curitiba;PR;84257263;N;07/03/2022
104348;MARCIO MENDES;81349793191;03/05/1991;M;marciomendes291@outlook.com;2181532334;ALAMEDA SÃO JOÃO, N. 358 - APTO 31;SANTO ANTÔNIO;Rio de Janeiro;RJ;24226-084;;02/10/2020
104349;VINICIUS RIBEIRO;654.288.888-81;18/10/1973;M;vinicius_rib222@uol.combr;(11) 98402-3570;RUA SETE DE SETEMBRO, N. S/N - CASA 2;SÃO JOSÉ;São Paulo;SP;09374-505;;26/06/2019
104350;LETICIA RIBEIRO DIAS;756.426.662-74;25/05/1993;F;leticia_dia13712@uol.com.br;(21) 99349-9303;R. Brasil, N. 1213;CENTRO;Rio de Janeiro;Rio de Janeiro;24893933;;07/05/2023
104351;JOAO RODRIGUES BRANDAO RODRIGUES;56339511821;08/02/1997;M;joao_rod798@gmail.con;(11) 98250-3218;Av Marechal Deodoro, nº 1136 - Fundos;JARDIM DAS FLORES;São Paulo;sp;05339-185;N;10/11/2020
104352;CAIO MENDES RODRIGUES;87705378361;01/10/2000;M;caiorodrigues177@yahoo.com.br;(19) 98479-5741;Av. Paulista, nº 163 - Casa 2;PARQUE INDUSTRIAL;CAMPINAS;SP;12043-745;S;29/05/2025
104353;LUCAS MOREIRA FERREIRA;114.979.012-19;26/05/1992;M; LUCAS.FERREIRA700@UOL.COM.BR ;81988181441;AV dos Andradas, nº 232;BELA VISTA;Recife - PE;Pernambuco;56784915;S;18/03/2024
104354;HELENA DIAS;24947454547;23/01/2000;F;helena_dia336@hotmail.com;(21) 6370-6386;Avenida São João, 445 - Bloco B Apto 104;LIBERDADE;rio de janeiro ;Rio de Janeiro;29107376;S;14/09/2024
104355;FERNANDO  SILVA DAIS ;12727192860;26/11/1974;M;fernando.dias615@gmail.com.br;(11) 7089-4794;R RIO BRANCO, 2068;CENTRO;São Paulo;SP;02584-249;S;16/08/2022
104356;SERGIO NASCIMENTO MENDES;09959600629;09/03/1962;M;sergiomendes829@hotmail.com;51 999981553;RUA Rio Branco, nº 1535;CENTRO;Porto Alegre;rs;93229895;N;27/03/2022
104357;JOANA ARAUJO COSTA;218.968.236-37;28/10/1964;F;;71 999185599;AV. DAS PALMEIRAS, Nº 2429 - FUNDOS;BELA VISTA;Salvador;Bahia;41348932;N;12/05/2021
104358;CÉSAR ROCHA ROCHA;563.479.847-76;25/11/1982;M;cesar_roc998@yahoo.com.br;21986118190;RUA DOM PEDRO II, Nº 81 - FUNDOS;LIBERDADE;Rio de Janeiro;rj;29010643;S;25/04/2019
104359;CAIO ARAÚJO PEIXOTO;483.397.693-59;20/01/1991;M;caio_pei416@bol.com.br;11971583764;RUA TIRADENTES, 1725;JARDIM AMÉRICA;São Paulo;SP;9747846;N;14/03/2025
104360;ISABELA CARVALHO MOREIRA;352.471.223-13;10/01/1966;F;isabela_mor936@outlook.com;;ALAMEDA SÃO JOÃO, Nº S/N;SANTO ANTÔNIO;São Paulo;São Paulo;04130379;S;02/09/2021
104361;VITORIA MELO MACHADO FERREIRA;436.566.600-26;23/02/1961;;vitoriaferreira817@yahoo.com.br;61 991064163;AVENIDA DOM PEDRO II, 437;JARDIM AMÉRICA;Brasília;DF;74392-189;N;16/01/2021
104362;SIMONE BARBOSA ROCHA;068.945.287-05;24/06/1985;F;simone.rocha553@gmai.com;11 965866164;PRAÇA BRASIL, 1405;CENTRO;São Paulo;São Paulo;04542-052;N;11/04/2022
104363;CLÁUDIA DIAS ANDRADE;26841895525;23/04/1968;F;claudiaandrade735@yahoo.com.br;71344454;R. Sete de Setembro, N. 227;SANTA CECÍLIA;Curitiba;PR;83588-206;S;05/05/2019
104364;FERNANDA MARTINS;348.129.633-97;13/07/1979;F;fernanda.martins176@bol.com.br;(11) 97936-4330;AL. TIRADENTES, N. 2714;PARQUE INDUSTRIAL;santo andré ;SP;09505812;N;10/11/2021
104365;FÁBIO SANTOS FERREIRA NASCIMENTO;416.555.153-81;24/09/1961;M;fabio_nas499@yahoo.com.br;11987014091;AVENIDA SÃO JOÃO, N. 2082;VILA NOVA;São Paulo;SP;05947-011;N;03/12/2019
104366;VINICIUS CONCEICAO MARQUES;872.702.537-30;13/06/1970;M;viniciusmarques550@gmail.com;11983901102;Avenida da Liberdade, nº 1928;LIBERDADE;SAO PAULO;sp;04022-387;S;25/08/2022
104367;SRA. ISABELA MENDES NASCIMENTO;045.472.037-84;18/12/1957;F;isabela_nas657@hotmail.com;41 978614965;R. Dom Pedro II, N. 927 - Bloco B Apto 104;SÃO JOSÉ;Curitiba;Paraná;83287-203;S;27/12/2021
104368;GUSTAVO ANDRADE GUIMARAES;49310689870;23/11/1961;M;gustavo.guimaraes572@outlook.com;31 994392209;R Castro Alves, N. 1694;CENTRO;Belo Horizonte;mg;32729-447;N;31/03/2022
104369;LUIZA PEIXOTO MOREIRA;15629331167;18/12/1986;F;luiza.moreira802@gmail.com;(11) 98461-2956;RUA PAULISTA, Nº 2343 - APTO 12;JARDIM DAS FLORES;São Paulo;São Paulo;04440659;N;16/09/2025
104370;THIAGO MACHADO CARDOSO;230.933.493-62;20/09/1976;M;thiago.cardoso45@hotmail.com;(21) 97375-2157;Rua São João, N. 1571;VILA NOVA;RJ;RJ;27415350;N;11/03/2025
104371;MATEUS NASCIMENTO MACHADO;74061767089;03/02/1986;M;mateus_mac281@bol.com.br;(11) 99697-6419;AL das Palmeiras, 1365;SANTO ANTÔNIO;SAO PAULO;SP;02287992;;18/01/2021
104372;JOAO ANDRADE;53580407147;20/07/1987;M;joao.andrade204@yahoo.com.br;;RUA SANTOS DUMONT, Nº 2909;LIBERDADE;São Paulo;São Paulo;09421860;;15/10/2021
104373;CESAR ANDRADE COSTA;350.190.602-16;06/02/1996;M;cesarcosta567@yahoo.com.br;11 967555486;Rua Santos Dumont, nº 11;VILA MARIANA;São Paulo;SP;08338894;N;09/09/2024
104374;RAFAEL  MARTINS ;305.624.156-10;17/08/1998;M;;51981096982;Rua das Palmeiras, 1346;CENTRO;PORTO ALEGRE;rs;98003112;;28/02/2021
104375;SÔNIA GOMES;787.125.522-32;29/06/1978;F;sonia_gom369@yahoo.com.br;(31) 97983-3660;AVENIDA GETÚLIO VARGAS, Nº 2354 - FUNDOS;JARDIM AMÉRICA;Belo Horizonte;mg;32057-897;S;26/10/2023
104376;PRISCILA SOUZA GOMES;717.030.933-56;10/10/1984;F;priscila.gomes626@hotmail.com;(19) 98074-1394;AV DOS ANDRADAS, N. 2637 - APTO 31;VILA NOVA;Campinas;SP;14882728;;18/08/2025
104377;CAMILA MARQUES;728.889.105-43;28/12/1988;F;camilamarques699@bol.com.br;19 994846270;Avenida Marechal Deodoro, nº 662;CENTRO;Campinas;São Paulo;17569406;N;29/06/2024
104378;ALINE ALVES SANTOS;90067912028;08/05/1998;F;aline.santos309@gmail.com;(41) 96002-3620;RUA SANTOS DUMONT, 223;BELA VISTA;CURITIBA;PR;84635-441;S;13/08/2021
104379;FERNANDO BARBOSA BARBOSA ASSUNCAO;559.053.061-09;11/10/1957;; FERNANDO.ASSUNCAO28@BOL.COM.BR ;11979507395;Rua Tiradentes, nº 435;LIBERDADE;São Paulo - SP;;06172-349;S;06/08/2023
104380;SRA. ANTONIO SILVA BARBOSA MOREIRA;820.432.076-01;11/09/1945;M;antonio_mor117@hotmail.com;31 962557809;PCA DAS PALMEIRAS, 214;JARDIM DAS FLORES;Belo Horizonte;;33966636;S;14/12/2020
104381;JOAO OLIVEIRA;72331803420;29/04/1974;M;joao_oli520@uol.com.br;(21) 96680-5103;RUA DAS PALMEIRAS, N. 2212;SÃO JOSÉ;Rio de Janeiro;rj;29222790;N;13/02/2024
104382;FABIO MOREIRA;7,46447E+10;21/01/1989;;fabio_mor139@hotmail.con;19 979583718;RUA DOM PEDRO II, N. S/N;BELA VISTA;Campinas;São Paulo;17075404;;03/07/2025
104383;GABRIELA MARTINS;189.298.555-12;08/02/1991;F;gabriela.martins769@outlook.com;(51) 98283-4639;AV RIO BRANCO, Nº 2295 - BLOCO B APTO 104;SÃO JOSÉ;Porto Alegre;Rio Grande do Sul;95895-108;N;17/03/2022
104384;OTAVIO ALVES MOREIRA;21283073250;17/07/1979;M;otavio.moreira720@hotmail.com;;Avenida Sete de Setembro, N. 2252 - Apto 12;VILA NOVA;Goiânia;Goiás;72289-499;N;02/03/2024
104385;GABRIELA ARAUJO;45971755200;05/05/1972;F;gabriela.araujo831@uol.com.br;11984385743;PRAÇA PAULISTA, Nº 434 - BLOCO B APTO 104;BELA VISTA;São Paulo;SP;03983871;N;25/06/2021
104386;LARISSA  MELO SOUZA FREITAS ;094.493.066-21;20/02/1987;F;larissa_fre199@bol.com.br;19 974058162;R. DAS FLORES, N. 1968 - FUNDOS;BELA VISTA;Campinas - SP;sp;15834-553;S;31/03/2024
104387;MARCIO ARAUJO SANTOS;58247796783;02/01/1997;M;marcio_san505@gmail.com;(19) 99698-7082;AV. DAS FLORES, Nº 1262;SÃO JOSÉ;Campinas;SP;12545-993;N;08/06/2020
104388;SIMONE  MACHADO FREITAS ;931.064.594-68;30/08/1987;F;simone.freitas515@uol.com.br;(41) 96224-7511;R. SETE DE SETEMBRO, Nº 2523;SANTO ANTÔNIO;Curitiba;PR;85193534;N;08/05/2021
104389;PATRICIA ASSUNCAO SILVA;96697576570;10/03/2002;F;patricia.silva638@hotmail.com;16967655329;RUA DAS FLORES, Nº 2435 - BLOCO B APTO 104;PARQUE INDUSTRIAL;Ribeirão Preto;SP;16221864;S;29/03/2019
104390;JOSE CONCEICAO;399.911.287-51;10/09/1959;M;joseconceicao103@gmail.com;(11) 96293-3916;RUA XV de Novembro, N. 815;VILA MARIANA;São Paulo;SP;01653586;S;25/03/2021
104391;VINICIUS MARQUES ROCHA;448.263.654-11;06/12/1996;M;vinicius_roc788@outlok.com;61 984155978;R Tiradentes, nº 1358;BOA VISTA;Brasília;DF;71559420;N;24/05/2025
104392;THIAGO BARBOSA OLIVEIRA;54815325308;22/02/1993;M;thiagooliveira896@gmail.com;(41) 8839-4744;Praça Paulista, nº 517;SANTO ANTÔNIO;curitiba ;pr;83780-822;N;05/07/2023
104393;CAMILA SILVA RIBEIRO;41826687157;13/12/1977;F;camila.ribeiro418@uol.com.br;11992922085;AV DOS IPÊS, Nº 1044;SANTA CECÍLIA;São Paulo;SP;08180-258;N;07/04/2019
104394;JOÃO NASCIMENTO ARAÚJO NASCIMENTO;89500359952;21/02/1993;M;joao_nas5@uol.com.br;(31) 97855-5774;AVENIDA DOS IPÊS, 1910;BOA VISTA;BELO HORIZONTE;MG;39423283;N;07/06/2023
104395;FERNANDA LIMA DIAS;64998951130;05/12/1986;F;fernandadias193@gmail.com;21 974736536;RUA BRASIL, 2426 - CASA 2;VILA NOVA;RIO DE JANEIRO;rj;28755-953;S;21/07/2023
104396;ANA MARQUES FERREIRA;03634464003;08/03/1971;F;ana.ferreira75@outlook.com;(11) 6950-6382;R Dom Pedro II, N. 2736;BELA VISTA;Santo André;sp;06403-576;N;25/11/2025
104397;CESAR SANTOS GOMES;07673526611;15/03/1979;M;cesargomes23@uol.com;96977-3086;R PRESIDENTE VARGAS, 1885;SANTO ANTÔNIO;Curitiba;Paraná;86918783;N;01/11/2021
104398;OTAVIO GOMES;57140042136;01/01/1900;M;otaviogomes877@outlook.com;;RUA GETÚLIO VARGAS, 9 - APTO 31;SANTO ANTÔNIO;Salvador;BA;42521183;S;29/06/2019
104399;SERGIO CONCEICAO ARAUJO;59575226780;18/12/1983;M;sergioaraujo93@yahoo.com.br;(11) 9384-7560;Pca Tiradentes, N. 2917;SANTO ANTÔNIO;São Paulo;;01047282;;24/05/2025
104400;OTAVIO CARDOSO;910.792.142-08;27/07/1970;M;otaviocardoso425@yahoo.com.bt;11961939096;Rua Tiradentes, nº 607;JARDIM DAS FLORES;São Paulo - SP;sp;02518-116;S;01/07/2025
104401;SERGIO MENDES CARVALHO;68672054539;09/01/1978;M;sergio_car512@bol.com.br;19 971037949;AV DAS FLORES, 1640;PARQUE INDUSTRIAL;campinas ;SP;14594981;S;22/07/2021
104402;JOSÉ MOREIRA MAGALHÃES;618.901.287-67;23/09/1989;M;jose.magalhaes826@bol.com.br;1187204012;R. SANTOS DUMONT, Nº 2193 - APTO 31;BELA VISTA;São Paulo;SP;03328-357;N;15/06/2019
104403;NATÁLIA MACHADO FERREIRA;72850581577;28/01/1988;F;natalia.ferreira474@bol.com.br;11 965248682;Rua Sete de Setembro, N. 2649;VILA MARIANA;São Paulo;sp;02492-743;S;14/04/2023
104404;RENATA MACHADO RODRIGUES GUIMARAES;680.958.968-61;16/11/1994;F;renata.guimaraes232@hotmail.com;(71) 98720-7884;Rua Getúlio Vargas, nº 126;BOA VISTA;Salvador;Bahia;45713427;N;05/12/2025
104405;JOAO ASSUNCAO MARQUES;15477801859;22/11/1958;M;joao.marques142@hotmail.com;(11) 98622-8764;R. DAS FLORES, N. 2276;LIBERDADE;SAO PAULO;SP;01892212;N;08/05/2024
104406;HÉLIO CARDOSO;067.556.869-21;27/12/1988;M;helio_car583@hotmail.com;11980252902;ALAMEDA DOS ANDRADAS, 1237 - BLOCO B APTO 104;SANTO ANTÔNIO;São Paulo;SP;02921-671;N;27/02/2020
104407;CLAUDIA FREITAS;19322883502;16/05/1975;F;claudia.freitas250@gmail.com;11 93147138;RUA Tiradentes, nº 1637 - Casa 2;VILA MARIANA;são paulo ;sp;05165-546;S;02/07/2020
104408;LUCIA  CONCEICAO ASSUNCAO ;68822125460;31/08/1965;F;luciaassuncao452@hotmail.com;98672-1925;AL da Liberdade, N. 2099;PARQUE INDUSTRIAL;SAO PAULO;SP;01784-903;S;04/06/2024
104409;JOANA MAGALHAES MOREIRA;567.660.700-99;26/06/1992;F;joana.moreira20633@uol.com.br;1998116540;R GETÚLIO VARGAS, N. 707;SANTO ANTÔNIO;campinas ;São Paulo;17046-981;N;28/10/2021
104410;LÚCIA NASCIMENTO;460.157.647-40;06/01/1988;F;lucianascimento837@outlook.com;21970975696;RUA DA LIBERDADE, N. 475 - FUNDOS;LIBERDADE;Rio de Janeiro;RJ;22714206;N;30/07/2022
104411;DÉBORA PEREIRA;523.889.496-10;07/07/1988;F;deborapereira186@bol.com.br;11987185546;RUA CASTRO ALVES, Nº 2824;BOA VISTA;Guarulhos;SP;3593490;N;21/05/2019
104412;SIMONE MENDES OLIVEIRA;737.507.672-38;28/04/1980;F;simone_oli426@bol.com.br;11984837542;AL dos Ipês, 1351;BELA VISTA;São Paulo;SP;3591495;;18/03/2024
104413;LETICIA M. ROCHA;268.991.048-90;03/02/1965;I;leticiarocha548@outlook.com;11973752250;RUA Dom Pedro II, 2017;JARDIM DAS FLORES;São Paulo;SP;08140-775;S;03/01/2023
104414;LUIZA  ARAUJO ;85183751420;04/10/1995;F;luizaaraujo396@outlook.com;11996577118;Alameda Sete de Setembro, N. 292;JARDIM AMÉRICA;São Paulo;SP;05480274;S;07/11/2020
104415;DANIEL DIAS;53509159594;19/07/1993;M; DANIEL_DIA77@YAHOO.COM.BR ;(19) 99378-7177;AVENIDA SETE DE SETEMBRO, 2885;PARQUE INDUSTRIAL;Campinas;sp;12654769;;11/12/2019
104416;BRUNO OLIVEIRA SILVA;380.278.695-52;13/04/1959;M;;(41) 99890-5178;Rua dos Ipês, N. 1327;BELA VISTA;Curitiba - PR;pr;82036484;S;17/01/2023
104417;DANIEL ALVES CONCEICAO;90846784866;17/04/1986;M;;97260-9990;Av Santos Dumont, nº 2125 - Fundos;LIBERDADE;Brasília;df;76222-490;S;08/10/2025
104418;JOSE PEIXOTO NUNES;71085182444;31/08/1983;M;josenunes148@outlook.com;4170818173;RUA dos Andradas, N. 348 - Apto 12;BOA VISTA;Curitiba;pr;87020249;N;24/02/2021
104419;VITORIA PEIXOTO MAGALHAES;093.282.467-68;20/06/1996;F;vitoriamagalhaes438@gmail.com;(81) 98418-3783;RUA Marechal Deodoro, N. 1725 - Apto 31;SANTO ANTÔNIO;Recife;Pernambuco;57115161;S;26/03/2020
104420;ISABELA SOUZA;35345884285;13/02/1975;F;isabela.souza473@uol.com.br;32 994434794;Rua Sete de Setembro, 380;CENTRO;Juiz de Fora;Minas Gerais;34946275;N;20/09/2020
104421;SR. CAMILA MELO ARAUJO;495.445.683-52;19/03/1988;F;camilaaraujo825@bol.com.br;31 976343402;PRAÇA GETÚLIO VARGAS, 1850;SÃO JOSÉ;Belo Horizonte;mg;34599-121;S;07/03/2022
104422;NATALIA AVLES MACHADO;67244708629;15/11/1991;F;nataliamachado497@yahoo.com.br;48 969001328;TV. DAS FLORES, N. 1833;LIBERDADE;florianópolis ;SC;86106451;N;17/03/2021
104423;FERNANDO PEREIRA MACHADO;83413191870;22/07/1979;M;fernando_mac405@gmail.com;11 961844447;RUA Tiradentes, N. 1473 - Apto 12;CENTRO;São Paulo;São Paulo;09730-835;S;14/06/2020
104424;ALINE MAGALHAES MARQUES;61262213207;05/01/1997;F; ALINEMARQUES416@GMAIL.COM ;19981765849;AL dos Ipês, 139 - Fundos;BELA VISTA;Campinas - SP;São Paulo;16067-952;N;22/06/2021
104425;ANTONIO DIAS;472.895.862-04;25/08/1980;M;antoniodias92142@uol.com.br;(21) 99574-5103;R SÃO JOÃO, N. 290;SANTA CECÍLIA;Rio de Janeiro;RJ;23802273;N;06/10/2024
104426;MARCIA FERREIRA;46268342054;09/11/1989;F;marciaferreira890@yahoo.com.br;11 990588300;AV XV DE NOVEMBRO, 425;SANTO ANTÔNIO;São Paulo;SP;01549-474;S;06/10/2021
104427;CAMILA MELO BARBOSA;78893061210;08/01/2002;F;camila.barbosa594@bol.com.br;(11) 99829-9013;AVENIDA XV DE NOVEMBRO, N. S/N;CENTRO;São Paulo;sp;05870410;N;06/01/2020
104428;JOAO  BRANDAO CONCEICAO SANTOS ;394.495.725-34;04/01/1953;;joao_san986@outlook.com;11972056751;R Castro Alves, 930 - Bloco B Apto 104;JARDIM DAS FLORES;SAO PAULO;SP;04571351;N;21/07/2019
104429;GUSTAVO GUIMARÃES ROCHA;10358438381;01/01/1900;M;gustavo_roc348@yahoo.com.br;(71) 98726-6511;AV. BRASIL, 2901;JARDIM AMÉRICA;Salvador;ba;48188-272;S;14/07/2019
104430;FABIO MACHADO FERREIRA;98938664643;21/09/1986;M; FABIOFERREIRA872@BOL.COM.BR ;;RUA Santos Dumont, nº 1930;SÃO JOSÉ;BH;Minas Gerais;34525-488;S;16/08/2023
104431;ANTONIO MOREIRA RODRIGUES;57562017697;15/10/1976;M;antoniorodrigues309outlook.com;(11) 9799-1592;PÇ. DA LIBERDADE, N. 2406;JARDIM DAS FLORES;Santo André;SP;7731995;;27/07/2021
104432;HENRIQUE RODRIGUES SOUZA;260.727.996-80;22/08/1984;M;henrique.souza908@uol.combr;;TRAV. PAULISTA, N. 1832 - CASA 2;VILA NOVA;GUARULHOS;sp;05284086;N;23/07/2020
104433;JÚLIA ARAÚJO CARDOSO;65810746322;30/12/1991;F;julia.cardoso148@outlook.com;51 976448869;RUA DOS ANDRADAS, Nº 574;BOA VISTA;Porto Alegre;rs;92500073;N;19/03/2025
104434;FERNANDO MOREIRA;834.563.770-10;03/12/1967;M;fernando.moreira956@bol.com.br;;R XV DE NOVEMBRO, N. 1984;JARDIM AMÉRICA;Salvador;ba;42774-726;S;08/04/2025
104435;CAIO EPIXOTO MELO;934.073.011-97;22/02/1988;M;caio.melo571@yahoo.com.br;(61) 8095-6823;Rua Paulista, nº 1713;CENTRO;Brasília - DF;DF;78225-004;N;10/07/2022
104436;LUIZA MOREIRA MARTINS;871.597.314-09;27/04/1953;F;luiza_mar207@uol.com.br;32 984215850;ALAMEDA RIO BRANCO, N. 1687;JARDIM AMÉRICA;Juiz de Fora - MG;MG;38657-641;N;03/02/2022
104437;LUCAS BARBOSA;691.319.660-12;27/12/1997;;;51 961202854;AVENIDA PRESIDENTE VARGAS, N. 1640 - BLOCO B APTO 104;SÃO JOSÉ;Porto Alegre;RS;98849-333;;01/09/2022
104438;GUSTAVO FREITAS MOREIRA;66832948018;13/09/1978;M; GUSTAVOMOREIRA845@OUTLOOK.COM ;48 994882271;RUA PAULISTA, N. 870 - APTO 31;SANTO ANTÔNIO;Florianópolis;SC;88543689;N;23/08/2021
104439;PATRÍCIA FREITAS;25917611599;02/08/1970;F;patricia.freitas1@uol.com.br;6193829863;RUA Paulista, N. 696;VILA NOVA;Brasília;Distrito Federal;73878-593;N;26/03/2023
104440;SIMONE MELO;04190094773;10/12/1990;F;simone_mel693@uol.com.br;(31) 9833-1161;Rua Tiradentes, 1125;SANTA CECÍLIA;BELO HORIZONTE;;37740404;N;15/09/2020
104441;GABRIELA NUNES;524.827.674-82;01/01/1966;F;gabriela_nun520@bol.com.br;(11) 8825-2819;RUA SÃO JOÃO, N. 233;JARDIM DAS FLORES;São Paulo;São Paulo;02134721;N;22/03/2020
104442;RENATA BARBOSA MACHADO;20862437237;20/03/2003;F;renatamachado383@uol.com.br;81975393670;RUA DOM PEDRO II, N. 824 - FUNDOS;BOA VISTA;Recife;PE;55791074;S;13/06/2021
104443;VINICIUS MARQUES;955.425.953-08;21/12/1992;M;vinicius_mar839@uol.com.br;11983926273;R. TIRADENTES, Nº 1598;JARDIM AMÉRICA;São Paulo;São Paulo;01893990;N;20/01/2019
104444;PRISCILA CONCEICAO;95582042008;21/05/1995;F;priscila_con51@uol.com.br;11985976131;AVENIDA DOS ANDRADAS, Nº 240;VILA MARIANA;São Paulo;São Paulo;1889026;N;13/10/2022
104445;GABRIELA CONCEICAO;91070853623;22/01/1986;F;gabriela.conceicao66@yahoo.com.br;62 969405855;RUA CASTRO ALVES, 2959;CENTRO;Goiânia;GO;79981-239;N;27/09/2022
104446;MÁRCIO CARVALHO;12621352812;11/12/2000;M;marcio_car792@hotmail.com;81 71048161;RUA DOM PEDRO II, Nº 2753 - BLOCO B APTO 104;PARQUE INDUSTRIAL;Recife;PE;56951699;N;31/07/2025
104447;CAMILA MAGALHÃES SANTOS;408.383.583-49;15/07/1986;F;camila.santos772@hotmail.com;(81) 96971-1385;R. SETE DE SETEMBRO, Nº 2341 - BLOCO B APTO 104;SÃO JOSÉ;Recife;pe;51949438;S;31/08/2019
104448;MARIANA SILVA MARQUES;98835636981;21/01/1986;F; MARIANA.MARQUES64@YAHOO.COM.BR ;21993799620;RUA SANTOS DUMONT, Nº 313;CENTRO;NITEROI;rj;25831630;S;02/07/2023
104449;MARIANA MELO MACHADO NUNES;482.221.373-01;24/08/1995;F;mariananunes112@outlook.com;19994735004;RUA das Palmeiras, 1290 - Apto 31;JARDIM DAS FLORES;Campinas;São Paulo;15325-752;;19/05/2024
104450;LUIZA BARBOSA MACHADO;75417882100;13/01/1986;F;luiza.machado832@uol.com;97260-7061;RUA DAS FLORES, N. 2530;SANTA CECÍLIA;SAO PAULO;SP;05779245;N;25/12/2024
104451;MATEUS NUNES;52724664701;27/12/1968;M;mateus_nun101@gmail.com;(19) 97784-3238;AV Paulista, N. 497;BOA VISTA;campinas ;SP;16636330;S;11/04/2025
104452;MARCELO BRANDÃO MOREIRA;720.757.044-90;23/09/1989;M;marcelomoreira246@bol.com.br;31 985951316;Av. dos Andradas, N. 2187 - Bloco B Apto 104;JARDIM DAS FLORES;BELO HORIZONTE;MG;36675910;S;21/06/2023
104453;SIMONE M. MELO RIBEIRO;507.241.439-63;09/05/1991;F;simone_rib35248@bol.com.br;1188336634;R. SETE DE SETEMBRO, Nº 1842 - BLOCO B APTO 104;PARQUE INDUSTRIAL;Guarulhos;São Paulo;02229-086;S;02/07/2019
104454;MATEUS  FREITAS MARQUES ;15312084280;02/02/1973;M;mateus_mar570@gmail.com;11 993769779;TRAVESSA XV DE NOVEMBRO, Nº 663;SÃO JOSÉ;São Paulo;SP;09219733;N;24/12/2025
104455;MARIANA  ALVES ASSUNCAO ;45773083558;01/01/1994;F;mariana_ass278@bol.com.br;51994227951;AVENIDA DAS FLORES, 736 - FUNDOS;SÃO JOSÉ;porto alegre ;Rio Grande do Sul;92144723;S;20/07/2023
104456;DEBORA  PEIXOTO RODRIGUES FERREIRA ;16776311714;02/04/1995;I;debora_fer552@bol.com;21975938462;R das Palmeiras, nº 1147 - Apto 31;CENTRO;Rio de Janeiro;Rio de Janeiro;27320813;N;03/05/2021
104457;CESAR ALVES;223.554.642-00;26/02/1998;M;;71992893744;TRAVESSA PAULISTA, 2027 - APTO 12;BOA VISTA;Salvador;BA;47042-247;S;23/09/2024
104458;FERNANDO ALVES MOREIRA;73523304105;31/12/1933;M;fernando_mor305@uol.com.br;11992097304;RUA DA LIBERDADE, 1750 - FUNDOS;BOA VISTA;São Paulo;SP;01058505;S;16/08/2022
104459;MATEUS ARAUJO;30546020011;16/07/1986;M;;11986311438;RUA CASTRO ALVES, N. 711;JARDIM DAS FLORES;São Paulo;SP;04866997;S;18/02/2024
104460;FERNANDA BARBOSA FREITAS NUNES;467.468.870-14;24/08/1959;F;fernanda_nun192@uol.com.br;31 997859816;RUA RIO BRANCO, Nº 2074;JARDIM AMÉRICA;Belo Horizonte;MG;36362516;S;07/07/2021
104461;GABRIELA NASCIEMNTO;50425713539;02/03/1997;F; GABRIELANASCIMENTO110@UOL.COM.BR ;21972972712;R DOM PEDRO II, N. 533;SANTO ANTÔNIO;Niterói;RJ;21719000;S;07/12/2024
104462;JOANA NUNES SANTOS GOMES;899.106.991-68;25/05/1986;F;joana_gom809@bol.com.br;11 963815228;R. DOM PEDRO II, 1716;CENTRO;São Paulo;SP;1317220;N;22/11/2020
104463;WAGNER FREITAS;39213544472;12/07/1975;M;wagner.freitas393@yahoo.com.br;31963552779;R SÃO JOÃO, Nº 2784;JARDIM AMÉRICA;Belo Horizonte;MG;39392-294;N;09/08/2020
104464;DANIEL FREITAS RAAUJO OLIVEIRA;32541735979;16/02/1968;M; DANIELOLIVEIRA117@OUTLOOK.COM ;11 972512805;RUA Marechal Deodoro, nº 439;BELA VISTA;são paulo ;SP;09936-788;N;11/06/2019
104465;LARISSA RODRIGUES;68532009425;16/10/1970;F;larissa.rodrigues457@hotmail.com;21969397010;Rua da Liberdade, N. 2628 - Bloco B Apto 104;BELA VISTA;Niterói - RJ;RJ;27467402;S;07/10/2020
104466;TÂNIA MARTINS;139.452.288-67;10/07/1983;F;tania_mar210@hotmail.com;21 965512365;Rua Marechal Deodoro, N. 484;JARDIM AMÉRICA;Rio de Janeiro;RJ;23206-768;S;15/06/2023
104467;ANTONIO SOUZA PEREIRA NASCIMENTO;128.462.160-02;01/11/1992;M;antonio_nas121@gmail.com;11 994094865;R Santos Dumont, N. 34;JARDIM DAS FLORES;SAO PAULO;SP;01183471;S;31/07/2022
104468;JOSE OLIVEIRA ASSUNCAO SOUZA;389.775.026-08;20/03/1961;M;jose.souza120@uol.com.br;48 986064091;R DOS IPÊS, 1699 - CASA 2;BELA VISTA;Florianópolis;;83077-017;N;24/04/2023
104469;VITORIA ROCHA MENDES;82771566850;04/08/1984;F; VITORIA.MENDES870@GMAIL.COM ;21 966405429;R DOS ANDRADAS, N. 2699;SANTA CECÍLIA;Rio de Janeiro;rj;23125-425;N;27/11/2020
104470;JOANA MELO FERREIRA;965.557.692-20;16/06/1998;F;joanaferreira484@outlook.com;67719609;Trav. Sete de Setembro, 2488;VILA NOVA;São Paulo;sp;1003249;S;12/10/2023
104471;RAFAEL ALVES MOREIRA MOREIRA;75609227089;12/03/1987;M; RAFAEL_MOR869@GMAIL.COM ;81 87859816;Av. Sete de Setembro, 1224;JARDIM AMÉRICA;Recife;Pernambuco;52755604;N;14/04/2024
104472;NATÁLIA MENDES ROCHA MENDES;97198053157;08/10/1964;F;natalia_men436@outlok.com;(62) 9072-5214;Avenida Presidente Vargas, nº 1928;BOA VISTA;Goiânia;GO;78630-019;S;15/02/2021
104473;SÉRGIO MACHADO;50348935412;27/04/1996;M;;(11) 98544-2042;Travessa São João, 269;CENTRO;SAO PAULO;São Paulo;06318-973;N;09/09/2023
104474;CECILIA CARVALHO MAGALHAES GOMES;802.047.516-83;26/05/1995;F;ceciliagomes778@hotmail.com;71 989733441;Avenida Sete de Setembro, nº 1245;BOA VISTA;Salvador;ba;48572-330;N;27/02/2022
104475;LUCAS BARBOSA;995.411.980-90;05/12/1978;M;lucasbarbosa103@uol.com.br;11 981261128;Praça Paulista, 1364;VILA NOVA;Guarulhos;;04776-022;N;26/04/2025
104476;FERNANDA C. CARDOSO;33996425716;26/11/1952;F;fernanda.cardoso904@uol.com.br;(81) 99948-2104;AVENIDA TIRADENTES, Nº 2265;SANTA CECÍLIA;Recife;PE;56164361;S;15/08/2023
104477;ALINE FREITAS CONCEICAO;351.912.116-69;05/08/1987;F; ALINE_CON463@YAHOO.COM.BR ;32 78646824;RUA DAS PALMEIRAS, Nº 2608;CENTRO;Juiz de Fora;MG;31065-286;;22/03/2023
104478;GABRIELA ROCHA;98961432699;28/07/1993;F;gabriela.rocha709@gmail.com;61980464530;Rua da Liberdade, N. 1219;LIBERDADE;Brasília;DF;74586800;N;22/06/2024
104479;LEONARDO SANTOS PEIXOTO PEREIRA;577.422.508-96;06/03/1988;M;leonardo_per762@hotmail.com;21 962636300;Rua Presidente Vargas, nº 2028;BELA VISTA;Rio de Janeiro - RJ;RJ;24056-552;S;01/01/2019
104480;OTÁVIO MENDES;29351913003;03/12/1956;M;otavio.mendes312@hotmial.com;41967922020;R. BRASIL, N. 1878;VILA NOVA;Curitiba;pr;88123274;N;04/03/2021
104481;HENRIQUE  PEIXOTO MENDES ;80845896520;30/03/1996;M;henrique.mendes62815@hotmail.com;(21) 97427-7794;R. Marechal Deodoro, N. 2691;SÃO JOSÉ;Rio de Janeiro;Rio de Janeiro;22531649;N;05/03/2025
104482;GUSTAVO MELO OLIVEIRA;73566411191;15/07/1976;M;gustavo_oli437@uol.com.br;(48) 99538-3984;AVENIDA BRASIL, 1938;JARDIM DAS FLORES;Florianópolis;SC;83861391;N;04/08/2023
104483;LARISSA ASSUNÇÃO SANTOS MARQUES;579.468.017-26;17/03/1963;F;larissamarques894@gmail.com;(11) 99917-8774;Trav. Tiradentes, nº 1585;VILA NOVA;São Paulo;SP;08708101;S;02/01/2024
104484;JOAO RODRIGUES MOREIRA;993.281.924-71;24/09/1981;M;joaomoreira638@gmial.com;(11) 8094-2929;AVENIDA MARECHAL DEODORO, N. 334;SANTO ANTÔNIO;São Paulo;São Paulo;01474-484;S;03/04/2025
104485;OTÁVIO GUIMARÃES;242.328.894-85;02/11/1988;M;otavio.guimaraes872@uol.combr;11 963945252;RUA DAS PALMEIRAS, 2982 - FUNDOS;SANTO ANTÔNIO;santo andré ;SP;2814019;S;01/09/2022
104486;FABIO ASSUNCAO ALVES;46455853717;28/06/1972;M;fabio_alv623@uol.com.br;(21) 98029-3720;R. DAS FLORES, N. 745 - FUNDOS;SANTA CECÍLIA;Rio de Janeiro;rj;28278020;N;02/11/2023
104487;MÁRCIO SOUZA OLIVEIRA;145.321.004-02;17/11/1962;M;marcio_oli728@outlook.com;71972413445;R. São João, N. 2043 - Fundos;JARDIM AMÉRICA;Salvador;BA;47668480;S;02/03/2020
104488;DRA. HELENA COSTA CARVALHO;04215505542;30/09/1981;F;helena.carvalho974@gmail.com;81 966521298;AV XV DE NOVEMBRO, N. 1860 - FUNDOS;LIBERDADE;Recife;PE;53825724;N;03/06/2023
104489;DRA. NATÁLIA RIBEIRO FERREIRA;23894688700;07/06/1978;F;nataliaferreira197@yahoo.com.br;97844-8902;RUA Tiradentes, N. 1273 - Apto 12;LIBERDADE;SAO PAULO;São Paulo;04935-919;N;21/05/2024
104490;ISABELA MELO;294.749.755-40;27/01/1970;F;isabela.melo331@uol.com.br;(31) 96006-8898;Rua Getúlio Vargas, nº 454 - Fundos;JARDIM DAS FLORES;Belo Horizonte;MG;31949610;N;28/06/2021
104491;FÁBIO LIMA NASCIMENTO;038.729.861-47;28/12/1993;M;fabio.nascimento187@hotmail.com;31960405988;Rua São João, N. 1733 - Casa 2;VILA NOVA;Belo Horizonte;Minas Gerais;38584-652;S;25/04/2020
104492;JOANA MELO SILVA GOMES;76381730001;23/10/2000;F;joana_gom59@uol.com.br;(71) 96193-7176;R XV de Novembro, 803 - Bloco B Apto 104;VILA MARIANA;Salvador;BA;44808-125;N;11/03/2019
104493;SERGIO PEIXOTO;855485884;05/07/1982;M;sergio.peixoto698@bol.com.br;11 973566661;RUA PAULISTA, N. 65 - CASA 2;VILA NOVA;São Paulo;São Paulo;9138810;S;14/12/2021
104494;VITORIA ANDRADE CONCEICAO;99781088826;09/11/1994;F;vitoria.conceicao600@yaho.com.br;(11) 97409-5801;RUA XV de Novembro, nº 1552 - Apto 31;JARDIM DAS FLORES;São Paulo;sp;9032655;S;02/05/2025
104495;MARCIA  MACHADO ;963.294.813-00;23/09/1983;F;marciamachado314@uol.com.br;82644103;Av. Paulista, N. 2112;SANTO ANTÔNIO;Niterói;RJ;26038434;N;06/03/2025
104496;FERNANDA NUNES MAGALHAES;675.661.457-62;16/12/1973;F;fernandamagalhaes749@gmail.com;11 86149552;AVENIDA DA LIBERDADE, Nº 1621;SANTA CECÍLIA;São Paulo;São Paulo;07641153;N;20/06/2022
104497;JOAO  ALVES CARVALHO ;16136748215;23/06/1967;M;joao.carvalho655@gmail.com;(11) 99163-3250;AV SETE DE SETEMBRO, 1570;LIBERDADE;Santo André;São Paulo;05522607;S;08/10/2021
104498;ALINE ROCHA CARDOSO;38211177960;19/09/1987;F;aline.cardoso27gmail.com;19995316509;RUA DOS ANDRADAS, Nº 317 - APTO 12;JARDIM AMÉRICA;Campinas;sp;13385-656;N;03/06/2025
104499;HELENA MELO SANTOS FREITAS;870.322.155-56;15/03/1978;F;helena_fre935@outlook.con;(11) 99496-3286;Rua Getúlio Vargas, N. 2343 - Fundos;CENTRO;São Paulo;SP;04099-291;S;08/09/2022
104500;CAIO ASSUNCAO MAGALHAES CARDOSO;46407961610;22/04/1999;M;caiocardoso810@bol.com.br;(11) 98086-1004;R. DOS ANDRADAS, Nº 2783;VILA MARIANA;SAO PAULO;SP;07906-988;N;30/06/2021
104501;RODRIGO  FERREIRA FERREIRA ;241.382.960-18;27/08/1987;M;rodrigo.ferreira178@uol.com.br;31 984934374;Rua Presidente Vargas, 2782;SANTA CECÍLIA;Belo Horizonte;mg;34054076;N;07/12/2025
104502;JOSE ASSUNCAO;603.337.932-26;05/02/1975;M;jose_ass354@uol.com.br;31960694383;Rua Presidente Vargas, nº 1048;VILA MARIANA;Belo Horizonte;MG;37888-617;;13/08/2019
104503;MARIANA ANDRADE;60784794235;05/04/1996;F;mariana_and649@yahoo.com.br;19975508642;Rua Brasil, nº 822 - Fundos;VILA NOVA;Campinas;sp;18939-683;S;06/03/2023
104504;DANIEL OLIVEIRA;01974783448;16/01/1998;M;daniel_oli589@hotmail.com;(21) 9863-7851;Travessa das Flores, nº 2747;SÃO JOSÉ;Niterói - RJ;RJ;26140625;N;01/07/2024
104505;DÉBROA NUNES PEIXOTO;60095301506;16/03/1993;;deborapeixoto465@yahoo.com.br;(11) 9240-6532;R PAULISTA, N. 2406;SANTA CECÍLIA;Santo André;SP;09994-205;N;24/10/2021
104506;GABRILEA ALVES ALVES;34633724878;23/09/1994;F;gabrielaalves23@bol.com.br;(19) 96012-2528;AVENIDA DA LIBERDADE, 998 - BLOCO B APTO 104;SÃO JOSÉ;Campinas;;14406-605;S;26/04/2025
104507;TANIA MARQUES PEREIRA;52199830160;20/02/1997;F;taniapereira68@outlook.com;41 87475068;PRACA PRESIDENTE VARGAS, N. 40;VILA NOVA;Curitiba;Paraná;83503510;N;16/06/2022
104508;MÁRCIA ASSUNÇÃO CONCEIÇÃO;608.933.169-46;02/03/1976;F;marcia_con49167@bol.com;31961602532;TRAVESSA DOS ANDRADAS, 2983 - CASA 2;JARDIM AMÉRICA;Belo Horizonte;MG;34844-943;S;27/10/2020
104509;ALINE CARVALHO RODRIGUES COSTA;81424431638;24/09/1994;F;alinecosta895@hotmial.com;21 968559900;AV SANTOS DUMONT, Nº 535;LIBERDADE;Rio de Janeiro;RJ;23704030;S;09/08/2024
104510;DR. GUSTAVO BARBOSA ROCHA;51381038069;27/04/1981;M; GUSTAVO_ROC169@HOTMAIL.COM ;41981442084;Al. Castro Alves, nº 2557;BELA VISTA;Curitiba;PR;81867160;N;12/05/2025
104511;LEONARDO BRANDAO MELO;064.917.864-55;12/03/1979;M;leonardomelo529@;(71) 8788-2036;R Rio Branco, N. 736;JARDIM DAS FLORES;Salvador - BA;BA;45545042;S;11/11/2024
104512;LUÍS MELO MELO;014.149.615-02;24/10/1974;M;luis_mel370@uol.com.br;11 980805236;AV. MARECHAL DEODORO, N. 2384;VILA NOVA;São Paulo;São Paulo;01975-370;S;03/11/2020
104513;MATEUS ARAUJO COSTA;97956641233;30/10/1988;M;;11 965761771;Avenida Rio Branco, N. 685;VILA NOVA;São Paulo;SP;04760-965;N;23/10/2025
104514;ANTONIO SILVA CONCEICAO;50765506181;27/01/2001;M;antonioconceicao920@bol.com.br;;RUA DAS FLORES, Nº 2346;JARDIM DAS FLORES;Curitiba;PR;89833-424;N;11/11/2024
104515;JOANA MAGALHAES ANDRADE;216.654.674-95;14/11/1979;F;joana_and59725@bol.com.br;51980515857;Alameda Tiradentes, 2578;SANTA CECÍLIA;PORTO ALEGRE;RS;98388308;N;07/11/2020
104516;CAMILA SANTOS PEREIRA COSTA;17531484307;11/07/1979;F; CAMILA_COS494@GMAIL.COM ;62 990504586;Rua Marechal Deodoro, N. 2619;CENTRO;Goiânia;go;76703139;;11/04/2025
104517;CÉSAR SOUZA MELO;689.210.701-09;21/10/1967;;cesar.melo696@gmail.com;19 963386112;AVENIDA RIO BRANCO, 2603;JARDIM DAS FLORES;Campinas;São Paulo;17452379;S;14/08/2020
104518;WAGNER NASCIMENTO;630.577.996-12;19/09/1975;I;wagnernascimento348@outlook.com;11995179363;RUA Getúlio Vargas, 1347;BOA VISTA;SAO PAULO;São Paulo;01920-985;S;27/05/2023
104519;BEATRIZ ALVES MAGALHÃES ASSUNÇÃO;85782874791;06/09/2001;F;beatrizassuncao423@gmail.con;11996033773;RUA dos Ipês, N. 2325;SÃO JOSÉ;São Paulo;SP;07723722;N;09/03/2023
104520;BEATRIZ MOREIRA SILVA SANTOS;40862483280;13/01/1984;F;beatriz_san68@yahoo.com.br;51994889252;AVENIDA SÃO JOÃO, 1688;VILA MARIANA;Porto Alegre;Rio Grande do Sul;97675012;N;04/12/2025
104521;WAGNER MENDES PEIXOTO;15388256944;15/10/1991;M;wagnerpeixoto406@uol.com.br;19 975615246;Travessa São João, 1974;PARQUE INDUSTRIAL;Campinas;sp;12321805;S;27/08/2024
104522;CECILIA CARDOSO FREITAS;5272721403;23/09/1948;F;cecilia_fre54@outlook.com;11 981403394;Avenida Presidente Vargas, 877;SÃO JOSÉ;São Paulo - SP;São Paulo;06084-182;S;15/03/2022
104523;DANIEL PEREIRA MARTINS;14401658230;14/12/1992;M;danielmartins176@bol.com.br;11999261305;R MARECHAL DEODORO, 2678 - CASA 2;JARDIM DAS FLORES;São Paulo;;09573392;N;21/07/2025
104524;RAQUEL MENDES;3,31826E+10;18/04/1970;;raquelmendes936@bol.com.br;19 98623686;Pca Santos Dumont, nº 901;JARDIM AMÉRICA;Campinas;SP;14196799;S;19/11/2022
104525;CAMILA MARTINS SANTOS;51831415259;24/11/1991;F;camila_san925@outlook.com;71 962127651;RUA PRESIDENTE VARGAS, N. 693;LIBERDADE;Salvador;Bahia;44683419;S;13/08/2019
104526;LUIZA PEIXOTO COSTA;420.738.922-99;04/09/1981;F;luiza.costa286@uol.com.br;51 985254686;AVENIDA DAS PALMEIRAS, N. 1081;VILA MARIANA;Porto Alegre;RS;95700756;S;25/05/2019
104527;CAIO CARDOSO RODRIGUES;16060356907;01/01/1900;M; CAIORODRIGUES182@BOL.COM.BR ;11960912530;AVENIDA DAS FLORES, Nº 2839;VILA MARIANA;São Paulo;sp;01991-251;;07/09/2022
104528;JOÃO  F. MARQUES ;99695733735;23/11/1973;M;joao_mar181@outlook.com;(61) 97626-1212;TRAVESSA SÃO JOÃO, 2388;SANTA CECÍLIA;Brasília;Distrito Federal;73615014;S;13/04/2022
104529;FERNANDA ROCHA BRANDAO;06216540351;21/05/1966;F; FERNANDA.BRANDAO590@GMAIL.COM ;98827-7001;R da Liberdade, 2548 - Bloco B Apto 104;VILA MARIANA;Salvador;BA;43267904;;21/10/2025
104530;RENATA MACHADO GUIMARAES;52882949847;03/05/1986;F;renata.guimaraes789@hotmail.com;48 992354062;RUA MARECHAL DEODORO, Nº 1128;LIBERDADE;FLORIANOPOLIS;SC;82039824;S;11/09/2025
104531;RODRIGO ARAÚJO;598.722.711-94;09/05/1980;M;rodrigo_ara539@bol.com.br;(11) 98033-7158;R. Brasil, N. 158;JARDIM DAS FLORES;São Paulo;sp;08701769;;04/05/2021
104532;RENATA OLIVEIRA MARTINS RIBEIRO;2960596170;23/01/1988;;renataribeiro260@gmail.com;19998911303;Rua XV de Novembro, N. 748;BOA VISTA;Campinas;SP;16601426;S;29/04/2025
104533;DR. PRISCILA MELO;955.076.276-90;24/09/1984;F;priscilamelo274@bol.com.br;71 981745441;ALAMEDA PAULISTA, 1843;BOA VISTA;Salvador;BA;45642-047;N;01/11/2020
104534;HELIO ASSUNCAO MARTINS;37616379265;29/06/1980;M;heliomartins791@hotmail.com;11 975019993;ALAMEDA XV DE NOVEMBRO, 1092 - APTO 12;SÃO JOSÉ;São Paulo;SP;3727533;S;02/01/2021
104535;GABRIELA RODRIGUES;37418586961;07/06/1975;F;gabriela_rod937@yahoo.com.br;(31) 98467-3665;Avenida dos Ipês, N. 1030;BOA VISTA;Belo Horizonte;mg;37391986;S;16/06/2020
104536;JOAO MELO MELO ROCHA;54728926474;19/07/1995;M;joao_roc580@hotmail.com;31 997165740;Rua Marechal Deodoro, nº 1940;JARDIM AMÉRICA;Belo Horizonte;MG;36992571;N;09/07/2020
104537;HELENA LIMA SILVA;93319190695;22/09/1991;F;helenasilva394@yahoo.com.br;98225-1839;Avenida Brasil, N. 38;PARQUE INDUSTRIAL;Rio de Janeiro;Rio de Janeiro;21224369;N;02/09/2020
104538;RAQUEL OLIVEIRA MACHADO SANTOS;691.471.466-56;03/11/1963;F;raquel.santos22817@yahoo.com.br;51 989787731;RUA DA LIBERDADE, N. 1525 - CASA 2;VILA NOVA;Porto Alegre;rs;99475759;;08/10/2019
104539;CLAUDIA SOUZA OLIVEIRA;829.723.720-69;02/05/1973;F;claudiaoliveira342@uol.com.br;41974075075;AVENIDA DOM PEDRO II, N. 1420;SANTO ANTÔNIO;Curitiba;pr;89242-844;S;15/11/2021
104540;ANTONIO RODRIGUES MARQUES;534.788.557-21;01/01/1900;M;antonio_mar350@yahoo.com.br;;AV. MARECHAL DEODORO, Nº 1841 - CASA 2;VILA MARIANA;BRASILIA;DF;72041-203;N;02/05/2021
104541;LARISSA MARTINS DIAS ASSUNÇÃO;10756201209;09/03/1965;F;larissa_ass574@hotmail.com;21 978503029;AVENIDA RIO BRANCO, N. 1217 - APTO 12;SANTO ANTÔNIO;Niterói;RJ;27488027;S;19/09/2025
104542;DANIEL SANTOS;588.317.766-22;01/01/1900;;daniel.santos201@bol.com.br;11 93884102;R dos Ipês, 565;SANTO ANTÔNIO;são paulo ;São Paulo;08645114;N;04/04/2021
104543;RODRIGO NASCIMENTO BARBOSA;578.811.078-55;17/01/1984;M;rodrigo.barbosa55@bol.com.br;(21) 97315-1493;R. Getúlio Vargas, nº 2255 - Apto 31;JARDIM DAS FLORES;Rio de Janeiro;RJ;22470-036;S;05/03/2025
104544;LUCIA GUIMARAES;31518266363;24/07/1976;F;lucia_gui11423@uol.com.br;(81) 98975-3317;R. das Palmeiras, nº 946;SANTA CECÍLIA;Recife;Pernambuco;55907-042;S;26/02/2024
104545;HELIO LIMA ASSUNCAO;48929832849;05/09/1957;M;helio_ass658@hotmail.com;61989482888;R SANTOS DUMONT, 481;SÃO JOSÉ;Brasília;Distrito Federal;78114481;S;19/03/2020
104546;FABIO ROCHA OLIVEIRA;116.171.517-77;17/02/1980;M;fabio_oli650@yahoo.com.br;(62) 96553-1822;RUA DAS PALMEIRAS, N. 1222 - APTO 31;SANTO ANTÔNIO;Goiânia;Goiás;74580324;S;10/03/2019
104547;JOSE MARTINS;72981356194;11/02/1991;M;josemartins910@bol.com.br;(11) 98203-8445;RUA GETÚLIO VARGAS, N. 1463;BELA VISTA;São Paulo;sp;02684-638;N;07/10/2019
104548;LUCAS A. PEREIRA SANTOS;650.100.311-32;26/09/1988;M;lucas_san453@outlook.com;71 980265543;Rua da Liberdade, nº 2009;JARDIM AMÉRICA;Salvador;ba;48688192;S;09/05/2025
104549;ISABELA SOUZA;892.004.965-39;11/07/1994;F;isabela.souza406@outlook.com;(11) 99128-7109;RUA GETÚLIO VARGAS, 1567 - APTO 12;JARDIM DAS FLORES;São Paulo;SP;07215657;S;15/08/2019
104550;GUSTAVO FREITAS DIAS;73611511757;06/10/1994;;gustavo.dias625@bol.com.br;(19) 97600-8246;Tv. das Flores, nº 2728;VILA NOVA;CAMPINAS;São Paulo;12321-268;S;21/12/2024
104551;LARISSA CARVALHO NUNES;514.542.106-05;16/02/1959;F;larissanunes896@yahoo.com.br;(11) 96628-5007;R PRESIDENTE VARGAS, 1634;PARQUE INDUSTRIAL;Sampa;SP;09279302;N;19/08/2022
104552;PAULO MELO;541.788.330-14;04/12/1993;M;paulomelo69@yahoo.com.br;(21) 96969-5620;AVENIDA TIRADENTES, N. 1431;BOA VISTA;Rio de Janeiro;Rio de Janeiro;24280-323;N;10/02/2020
104553;DANIEL BRANDAO MAGALHAES MACHADO;011.309.540-64;23/07/1993;M;daniel_mac755@gmail.com;(21) 96757-7289;RUA PAULISTA, N. S/N;SANTA CECÍLIA;Niterói;rj;21720595;S;02/11/2023
104554;RENATA R. MENDES;11513945211;29/05/1998;F;renata_men606@outlook.com;31 988594116;Av. XV de Novembro, nº 1374;SANTO ANTÔNIO;Belo Horizonte;;35504-087;N;01/04/2019
104555;RENATA DIAS ASSUNCAO;118.710.149-48;03/08/1982;F;renataassuncao134@hotmail.com;31 976873140;AVENIDA GETÚLIO VARGAS, Nº 2838;BELA VISTA;belo horizonte ;MG;36227-491;N;10/07/2021
104556;CESAR MARQUES MENDSE MAGALHAES;08335190003;15/08/1981;M;cesar_mag792@gmail.con;97802-3190;AVENIDA SANTOS DUMONT, 1365 - FUNDOS;LIBERDADE;Belo Horizonte;MG;32933380;S;11/02/2023
104557;LUIZA BRANDAO MARQUES;35864401110;05/04/1987;F;luiza.marques322bol.com.br;11 69111905;AV SANTOS DUMONT, 2264 - FUNDOS;VILA NOVA;SAO PAULO;SP;09118801;N;09/07/2023
104558;MARCIA GOMES ARAUJO;252.965.288-08;23/11/1979;F;marcia_ara556@outlook.com;11 982248348;AVENIDA DOS ANDRADAS, 1891 - APTO 12;JARDIM AMÉRICA;São Paulo;SP;02332-220;N;23/01/2024
104559;MARIANA GOMES MARQUES CONCEICAO;5,16698E+09;31/01/1990;F; MARIANA.CONCEICAO847@GMAIL.COM ;8170031244;R DOM PEDRO II, N. 1850;VILA NOVA;recife ;Pernambuco;52447670;N;25/09/2023
104560;GABRIELA SANTOS;44896711726;05/10/1992;F;gabriela.santos103@bol.com.br;11 982113072;RUA XV DE NOVEMBRO, Nº 1019;JARDIM DAS FLORES;São Paulo;São Paulo;9001130;N;07/04/2022
104561;LARISSA MACHADO MELO;28733196664;12/01/1987;F;larissa_mel628@outlook.com;32 967674852;PÇ. XV DE NOVEMBRO, Nº 1746 - APTO 31;CENTRO;Juiz de Fora;MG;38907225;N;16/11/2023
104562;MARCELO RODRIGUES MOREIRA;41841518174;04/03/1968;M; MARCELOMOREIRA225@GMAIL.COM ;1191429848;R. CASTRO ALVES, Nº 1945;JARDIM DAS FLORES;SP;São Paulo;04156426;N;25/09/2020
104563;CECILIA GOMES;73818528292;07/01/1963;F; CECILIAGOMES49@YAHOO.COM.BR ;11 993025842;AV MARECHAL DEODORO, N. 2789 - FUNDOS;BOA VISTA;São Paulo;sp;09487937;;19/01/2021
104564;PATRICIA GUIMARAES MACHADO NACSIMENTO;309.897.525-34;21/09/1978;F;patricianascimento788@outlook.com;61 964031202;AL. DOS ANDRADAS, N. 2224;LIBERDADE;Brasília;DF;79549010;N;21/08/2022
104565;SÔNIA MENDES MARQUES;60541398270;24/07/1986;I;sonia.marques651@yahoo.com.br;5198526564;Avenida XV de Novembro, nº 1776 - Apto 31;PARQUE INDUSTRIAL;PORTO ALEGRE;Rio Grande do Sul;96767-504;N;26/02/2024
104566;OTAVOI OLIVEIRA;301.039.829-81;06/05/1990;M;otavio.oliveira709@hotmail.com;32 983523920;Travessa Marechal Deodoro, 367;JARDIM DAS FLORES;JUIZ DE FORA;Minas Gerais;38873599;N;11/11/2019
104567;VINICIUS GOMES BRANDAO;864.126.916-93;14/01/1978;M;vinicius.brandao643@uol.com.br;61 977436953;AV XV de Novembro, 2980;JARDIM AMÉRICA;Brasília;DF;76987-342;N;29/01/2022
104568;SR. RAQUEL MOREIRA CONCEIÇÃO;01733205381;14/05/1963;F;raquelconceicao566@;(41) 99500-4698;AVENIDA RIO BRANCO, 86;VILA MARIANA;Curitiba;pr;82602-495;S;26/12/2022
104569;MÁRCIO NASCIMENTO;81048369510;21/08/1989;M;marcionascimento322@yahoo.com.br;(48) 97300-5084;RUA SÃO JOÃO, 1543;PARQUE INDUSTRIAL;Florianópolis;sc;87711292;S;02/07/2022
104570;LUIS  FREITAS SILVA ;913.610.877-49;10/03/1993;;;21995587534;Rua XV de Novembro, N. 959 - Casa 2;SANTA CECÍLIA;Rio de Janeiro;rj;21538007;N;20/10/2025
104571;PATRICIA C. COSTA;8,38997E+10;12/10/2000;F;patriciacosta633@yahoo.com.br;11 972664829;RUA DAS PALMEIRAS, N. 2182 - BLOCO B APTO 104;JARDIM AMÉRICA;São Paulo;sp;07172293;S;12/11/2020
104572;MARAINA MOREIRA;869.184.376-40;11/06/1994;F; MARIANA_MOR852@BOL.COM.BR ;21 77304895;AV. PAULISTA, 973 - CASA 2;SANTO ANTÔNIO;RIO DE JANEIRO;RJ;21880-434;S;25/04/2019
104573;VINICIUS FERREIRA PEIXOTO;15471056078;15/09/1987;M;vinicius_pei976@uol.com.br;11 992704248;Rua da Liberdade, nº 776 - Apto 31;SANTA CECÍLIA;Santo André;sp;02683993;N;01/12/2024
104574;VINICIUS  CONCEICAO MARQUES ;38680719544;17/11/1989;M;;11 970072442;Av. Dom Pedro II, nº 1525;BELA VISTA;São Paulo;São Paulo;09512-372;;28/12/2019
104575;LUCAS MACHADO;18322790228;06/04/2001;M;lucas.machado966@uol.com.br;(31) 97782-7785;R. DOS IPÊS, N. 2364;LIBERDADE;BELO HORIZONTE;MG;37726-100;N;12/02/2020
104576;HENRIQUE MAGALHAES;33723635195;05/03/1982;M;henrique.magalhaes343@gmial.com;48996251770;R PAULISTA, 361;CENTRO;Florianópolis;Santa Catarina;88616537;S;08/04/2020
104577;PATRICIA MELO RODRIGUES;069.101.113-38;24/12/1990;F;patricia.rodrigues733@hotmail.com;81 987678688;Av Castro Alves, nº 939;VILA NOVA;Recife - PE;PE;53126-084;N;02/06/2025
104578;JULIA DIAS RIBEIRO;142.274.227-01;17/01/1992;F;juliaribeiro475@bol.com.br;21 999505217;R. CASTRO ALVES, N. 352;SANTO ANTÔNIO;Niterói;RJ;25477-625;N;10/05/2025
104579;MARCELO GOMES BARBOSA;90818244909;28/11/1990;M;marcelo_bar455@hotmail.com;6263822684;R. Presidente Vargas, nº 77;VILA NOVA;Goiânia;GO;71273595;N;19/12/2024
104580;FÁBIO MARTINS;89166565839;08/11/1995;M;fabio_mar914@hotmail.con;(51) 8739-4607;RUA PAULISTA, N. 672 - APTO 12;SANTO ANTÔNIO;Porto Alegre;rs;95618872;S;12/08/2020
104581;BEATRIZ CARVALHO ARAUJO;973.180.567-27;13/08/1971;F;beatriz_ara19@uol.com.br;(81) 8802-2790;R. Getúlio Vargas, nº 1492;SANTO ANTÔNIO;Recife;Pernambuco;57132-823;S;06/10/2022
104582;PRISCILA MACHADO COSTA;57086770783;29/08/1963;F;priscilacosta982@yahoo.com.br;11 69338739;AV. SÃO JOÃO, N. 2843;PARQUE INDUSTRIAL;SANTO ANDRE;SP;2148489;S;25/08/2024
104583;ANTONIO LIMA;29210650026;24/11/2000;M;antonio_lim335@bol.com.br;81 90311368;Alameda Santos Dumont, 2399 - Fundos;JARDIM DAS FLORES;Recife;PE;54065718;S;19/09/2019
104584;LARISSA  MELO ;879.859.389-74;24/12/1960;F;larissa.melo282@bol.com.br;48978152202;Alameda Santos Dumont, N. 1899;JARDIM DAS FLORES;Florianópolis;Santa Catarina;82880-006;S;02/10/2022
104585;TANIA DIAS;93518419366;17/05/1966;F;taniadias549@bol.com.br;31 977584938;R. Santos Dumont, 141;CENTRO;Belo Horizonte;MG;39853-897;S;17/07/2024
104586;RAFAEL OLIVEIRA SOUZA;431.734.117-49;28/06/1978;M;rafael_sou960@yahoo.com.br;98310-2822;Rua Getúlio Vargas, nº 2942;BELA VISTA;São Paulo - SP;SP;9214358;S;17/01/2019
104587;LUÍZA DIAS;9801595809;20/05/1992;F;;31 976127647;AV DOS IPÊS, N. 124;VILA MARIANA;Belo Horizonte;mg;33486-518;S;02/01/2024
104588;VINICIUS  CARVALHO ;078.300.685-34;17/11/1999;M;vinicius_car240@hotmail.com;(48) 98166-6621;RUA Presidente Vargas, N. 1171;CENTRO;Florianópolis;Santa Catarina;89983086;S;13/02/2020
104589;MARIANA CARVALHO;87800227316;21/03/1990;F; MARIANA_CAR173@YAHOO.COM.BR ;(11) 98557-9855;PRAÇA PAULISTA, 57;SANTA CECÍLIA;São Paulo;SP;04420-205;N;15/07/2023
104590;HÉLIO O. FERREIRA PEIXOTO;61593862202;08/01/1998;M; HELIO_PEI531@GMAIL.COM ;32999736330;R TIRADENTES, Nº 258;LIBERDADE;Juiz de Fora;Minas Gerais;31828972;N;17/07/2022
104591;CECILIA LIMA;46835595876;28/06/1965;F;cecilia_lim479@outlook.com;11968447865;RUA DAS FLORES, N. 1635;CENTRO;São Paulo;;07663-281;S;07/04/2019
104592;CÉSAR NUNES;03693505020;07/08/1949;M;cesarnunes479@uol.com.br;11 987022070;Travessa São João, N. 716;BELA VISTA;São Paulo;sp;02729-353;S;26/10/2025
104593;ANDRE MELO GUIMARAES;34550771453;13/03/1979;M;andre.guimaraes282@bol.com.br;31996103874;RUA TIRADENTES, 2964 - APTO 12;JARDIM DAS FLORES;Belo Horizonte;MG;37029503;N;31/07/2025
104594;CESAR MELO RODRIGUES;66813425900;19/07/1993;M;cesarrodrigues563@hotmail.com;21 963532489;PRAÇA DOS IPÊS, Nº 2059 - CASA 2;BOA VISTA;Niterói;RJ;29592335;S;12/05/2023
104595;ISABELA GOMES MAGALHAES;598.816.260-64;22/03/1993;F;isabelamagalhaes1427@gmail.com;11969976986;Rua Getúlio Vargas, N. 2647 - Casa 2;JARDIM AMÉRICA;Guarulhos - SP;São Paulo;05821630;;06/03/2019
104596;MÁRCIO LIMA ROCHA;912.578.072-77;22/01/1979;I;marciorocha520@gmail.com;21 988276103;AVENIDA DOS ANDRADAS, N. 19;JARDIM DAS FLORES;Rio de Janeiro;;26319052;N;18/04/2019
104597;JOAO DIAS;627.625.625-03;18/11/1955;M;rodrigo.freitas952@gmail.com;99299-8770;R. RIO BRANCO, 1536;LIBERDADE;São Paulo;SP;09053-789;S;24/07/2023
104598;PAULO CARDOSO ANDRADE;64310875505;05/11/1975;M;paulo.andrade800@yahoo.com.br;11 987824316;AVENIDA DAS PALMEIRAS, Nº 1320 - CASA 2;VILA MARIANA;Santo André - SP;São Paulo;05949183;N;18/03/2019
104599;VITORIA BRANDAO OLIVEIRA BRANDAO;391.736.787-40;18/09/1976;F;vitoria.brandao754@uol.com.br;21 967745361;RUA CASTRO ALVES, N. 1553;JARDIM DAS FLORES;Rio de Janeiro;Rio de Janeiro;26490966;S;03/08/2024
104600;VITORIA CARDOSO;566.058.550-78;10/03/1996;F;;;RUA CASTRO ALVES, 1287;JARDIM AMÉRICA;SAO PAULO;sp;01213378;S;01/03/2020
104601;FERNANDO RIBEIRO;062.156.983-69;02/11/1983;M;fernando_rib656@yahoo.com.br;31964046315;RUA SANTOS DUMONT, Nº 2041;SANTO ANTÔNIO;BH;mg;33753775;S;31/08/2020
104602;RAFAEL GOMES GUIMARAES;03846921254;28/05/1985;M;rafaelguimaraes651@hotmail.com;(61) 98569-4799;AVENIDA DOS IPÊS, N. S/N;CENTRO;Brasília;df;74088934;S;05/05/2025
104603;BRUNO  ALVES ;41614517681;06/12/1983;M;bruno_alv473@gmail.com;(41) 99979-9592;Rua das Palmeiras, N. 1258;VILA MARIANA;Curitiba;Paraná;83998755;N;15/04/2025
104604;HELIO MACHADO;682.151.402-03;08/09/1977;M;helio_mac665@hotmail.com;11970463991;AV Presidente Vargas, nº 543 - Fundos;SANTO ANTÔNIO;São Paulo;SP;01120133;N;14/02/2024
104605;SR. RAFAEL CARVALHO MACHADO MOREIRA;461.852.776-54;25/08/1982;;rafael.moreira84@bol.com.br;11982587064;R DA LIBERDADE, Nº 2715 - CASA 2;SÃO JOSÉ;SAO PAULO;São Paulo;06417-985;N;12/11/2022
104606;LUÍS CARVALHO;87901874317;08/02/1968;M;luiscarvalho304@yahoo.com.br;41996142915;TV. SÃO JOÃO, Nº 759;JARDIM DAS FLORES;Curitiba;PR;81177825;N;12/04/2024
104607;DRA. NATALIA ROCHA;364.092.680-33;20/06/1973;F;natalia.rocha585@bol.com.br;(16) 97501-2876;Rua Brasil, nº 2437;SANTO ANTÔNIO;Ribeirão Preto;;16214-043;S;13/03/2020
104608;HENRIQUE MACHADO;7,23401E+10;17/10/1944;M;henriquemachado649@outlook.com;(19) 99615-5417;Avenida São João, N. 1112;BOA VISTA;campinas ;sp;12203-959;S;17/02/2022
104609;CAIO MELO PEIXOTO;00481154442;10/11/1988;M;caiopeixoto284@outlook.com;(41) 99655-2212;RUA Rio Branco, nº 1428;CENTRO;Curitiba;PR;83270-849;;07/01/2022
104610;CLAUDIA NASCIMENTO ALVES FERREIRA;89830095355;29/11/2002;F;claudia.ferreira91@outlook.com;61 79531486;RUA DAS FLORES, Nº 1037;SANTA CECÍLIA;Brasília - DF;Distrito Federal;75091-984;S;29/06/2024
104611;CESAR GOMES RODRIGUES;346.552.048-34;06/09/1982;M;cesarrodrigues905@outlook.com;;Av. XV de Novembro, nº 1719;JARDIM AMÉRICA;Niterói;Rio de Janeiro;28039-183;S;03/04/2024
104612;CLÁUDIA MAGALHÃES;51771846500;15/06/2000;F;claudia_mag483@uol.com.br;11994706554;TRAVESSA DAS FLORES, 301;SÃO JOSÉ;São Paulo;São Paulo;06170382;N;24/03/2023
104613;DR. LÚCIA DIAS BRANDÃO;45950530454;27/04/1988;F;lucia.brandao164@hotmail.com;;AVENIDA SÃO JOÃO, Nº 931 - CASA 2;JARDIM DAS FLORES;Curitiba;Paraná;86724426;N;20/07/2021
104614;NATALIA ASSUNCAO;67652778468;29/10/1978;F;;19 998893788;RUA DOS ANDRADAS, N. 2706;CENTRO;Campinas - SP;sp;13753-670;S;02/12/2020
104615;BEATRIZ DIAS ALVES;07884521462;20/12/1987;F;beatriz_alv819@outlook.com;3274565511;AL DOS IPÊS, N. 380;LIBERDADE;Juiz de Fora;Minas Gerais;31916227;N;15/05/2024
104616;HELENA MAGALHÃES MAGALHÃES;70953379930;14/01/1958;F;helena_mag642@outlook.com;6161428677;RUA SANTOS DUMONT, Nº 1480;VILA NOVA;Brasília;Distrito Federal;76678569;S;19/08/2022
104617;PRISCILA ROCHA NUNES;340.105.786-37;20/07/1982;F;priscila.nunes602@yahoo.com.br;11973449336;RUA Sete de Setembro, N. 2963 - Apto 31;SÃO JOSÉ;Guarulhos;SP;03397-733;N;05/02/2025
104618;SR. THIAGO FERREIRA;45080297956;15/11/1995;;thiagoferreira352@outlook.com;97378-8339;PCA GETÚLIO VARGAS, 1863;SANTA CECÍLIA;Porto Alegre;Rio Grande do Sul;93958491;;08/12/2019
104619;FERNANDA MAGALHAES NASCIMENTO;998.983.599-35;30/05/1968;F;fernandanascimento134@bol.com.br;16976292423;AVENIDA DAS PALMEIRAS, 970;SÃO JOSÉ;Ribeirão Preto - SP;sp;17509605;S;05/02/2024
104620;DR. CAMILA ROCHA;85118524334;29/03/2002;F; CAMILA_ROC793@HOTMAIL.COM ;11 89995670;PRACA Santos Dumont, nº 1175;SÃO JOSÉ;São Paulo;SP;01270-891;N;30/05/2019
104621;DEBORA SILVA ASSUNCAO;627.862.561-00;08/12/2005;F;debora.assuncao67117@bol.com.br;98425-6799;RUA SANTOS DUMONT, Nº 2230;JARDIM AMÉRICA;Curitiba;Paraná;83557-673;N;26/08/2020
104622;LUIS ARAUJO;38672798619;09/07/1971;M;caio.andrade147@bol.com.br;1160312452;RUA DAS PALMEIRAS, N. 1833;SANTA CECÍLIA;São Paulo;SP;05073782;S;07/04/2023
104623;VINICIUS MAGALHAES NASCIMENTO;56162758087;11/03/1986;M; VINICIUS_NAS446@HOTMAIL.COM ;11987587867;Rua Rio Branco, N. 422;JARDIM AMÉRICA;Santo André;SP;08882-491;S;06/11/2024
104624;ANA BRANDAO;6,78246E+10;18/03/1955;F;ana_bra549@gmail.com;31977401367;Rua Sete de Setembro, 985;JARDIM DAS FLORES;Belo Horizonte;Minas Gerais;37984-759;S;28/05/2019
104625;CAMILA CARVALHO BRANDAO;23836700220;08/08/1998;F;camila_bra737@yahoo.com.br;48 993388155;Rua da Liberdade, S/N;JARDIM DAS FLORES;Florianópolis;Santa Catarina;81890274;S;06/04/2020
104626;SR. FERNANDA CARDOSO;644.271.645-79;11/04/1961;F;fernandacardoso700@gmail.com;16 968205450;Rua Sete de Setembro, N. 1880;SANTO ANTÔNIO;Ribeirão Preto;São Paulo;14099124;;05/08/2023
104627;SIMONE NASCIMENTO CARDOSO OLIVEIRA;12505165106;05/03/1982;F;simone_oli445@hotmail.com;41995815045;RUA DA LIBERDADE, Nº 10;SÃO JOSÉ;Curitiba;PR;82340972;S;02/10/2024
104628;PAULO MARQUES NUNES;308.396.034-44;20/02/1970;M;paulonunes279@yaho.com.br;48 986943231;RUA DA LIBERDADE, N. 1084;SÃO JOSÉ;florianópolis ;SC;84691-265;S;15/12/2022
104629;HELENA OLIVEIRA RODRIGUES;13137645905;05/02/1978;F;helena_rod182@hotmail.com;31 90125586;RUA SETE DE SETEMBRO, Nº 1964;PARQUE INDUSTRIAL;Belo Horizonte;mg;39559-888;S;15/10/2025
104630;MÁRCIO BRANDÃO ARAÚJO;82837958808;24/09/1975;M;marcio_ara424@uol.com.br;31968888473;AVENIDA DOS ANDRADAS, N. 624;JARDIM DAS FLORES;BELO HORIZONTE;MG;31405977;S;13/06/2022
104631;FERNANDA MAGALHAES;69374121263;27/06/1967;F;fernanda.magalhaes185@hotmail.com;(11) 9835-7188;Avenida Paulista, N. 2855;VILA MARIANA;Santo André;SP;03169798;S;11/09/2023
104632;DRA. GABRIELA PEIXOTO;90834471701;12/10/1957;F;gabrielapeixoto409@uol.com.br;(11) 96124-2519;TRAVESSA DAS PALMEIRAS, 2877;VILA MARIANA;SANTO ANDRE;sp;04149-737;N;04/06/2025
104633;PRISCILA GOMES;910.013.043-57;30/05/1974;F;priscila_gom566@bol.com.br;1677086791;RUA DOM PEDRO II, Nº 559 - FUNDOS;VILA MARIANA;Ribeirão Preto - SP;SP;14010-391;;02/03/2024
104634;SÔNIA COSTA ANDRADE;32029857307;18/01/1986;F;sonia_and688@outlook.com;21 983294135;PRACA São João, nº 917;VILA NOVA;RJ;rj;29291-980;S;25/11/2020
104635;PAULO CARVALHO;336.152.246-39;25/02/1974;M;paulocarvalho725@bol.com.br;(11) 98730-4703;R. SANTOS DUMONT, S/N;VILA NOVA;São Paulo;SP;04399948;N;09/07/2023
104636;LARISSA MELO ASSUNÇÃO;13244406351;22/08/1981;F;larissa.assuncao360@uol.com.br;3161298839;AV. DOM PEDRO II, Nº 1127;SANTA CECÍLIA;Belo Horizonte;MG;35203-149;S;09/04/2025
104637;SRA. PRISCILA MAGALHÃES MELO;382.776.494-79;03/09/1975;F;priscila.melo860@uol.com.br;31983049576;AV. TIRADENTES, N. 113;JARDIM AMÉRICA;Belo Horizonte;mg;37102-438;N;07/03/2023
104638;CAIO SOUZA MENDES;88655300306;06/09/1994;;;98621-5683;RUA PAULISTA, 1937;VILA MARIANA;São Paulo;sp;04756088;N;18/05/2023
104639;RAQUEL RIBEIRO BRANDAO;614.963.412-44;12/09/1973;F;raquelbrandao292@yahoo.com.br;11984023594;RUA DAS PALMEIRAS, Nº 216;SANTO ANTÔNIO;GUARULHOS;SP;02717-915;N;31/01/2025
104640;SONIA ALVES ARAUJO;342.651.523-76;08/01/1968;;soniaaraujo326@bol.com.br;(51) 98769-1390;Avenida Getúlio Vargas, N. 478;JARDIM AMÉRICA;Porto Alegre;rs;95219628;;21/09/2024
104641;RENATA LIMA MARTINS;54319713605;24/12/1963;F;renatamartins314@yahoo.com.br;19979269408;Av Getúlio Vargas, N. S/N;VILA MARIANA;Campinas;SP;11002692;N;09/01/2024
104642;VINICIUS GOMES MARTINS;644.131.051-17;11/03/1996;M;sonia.araujo689@bol.com.br;21997933821;RUA SETE DE SETEMBRO, N. 1684 - FUNDOS;LIBERDADE;Rio de Janeiro;RJ;28499-189;N;06/02/2023
104643;CAMILA MELO;745.291.844-47;02/09/1985;F;camila_mel67@outlook.com;31 967031822;AVENIDA GETÚLIO VARGAS, Nº 1074 - FUNDOS;BOA VISTA;Belo Horizonte;MG;33584370;S;15/05/2023
104644;MÁRCIA MARQUES BRANDÃO;10176281061;08/10/1989;F;marcia_bra758@bol.com.br;21982896185;R Sete de Setembro, 257 - Bloco B Apto 104;BELA VISTA;Rio de Janeiro;RJ;29314423;N;15/12/2024
104645;THIAGO RIBEIRO;32903511225;30/06/2000;M;thiagoribeiro344@outlook.com;(21) 96995-7444;TRAVESSA DAS PALMEIRAS, N. 153;JARDIM AMÉRICA;rio de janeiro ;RJ;27064-658;S;04/09/2020
104646;RENATA ROCHA ARAUJO;634.942.823-40;15/02/1980;F; RENATAARAUJO785@UOL.COM.BR ;(11) 97571-6288;R DA LIBERDADE, 2194;BELA VISTA;São Paulo - SP;SP;06939924;S;25/11/2023
104647;LUCIA  ASSUNCAO ;81327554992;16/04/1983;F;lucia.assuncao346@uol.com;97099-1257;Rua São João, N. 410;CENTRO;CAMPINAS;SP;11745310;N;19/01/2022
104648;JOSE MARTINS CONCEICAO RODRGIUES;09740890601;27/07/1994;M;joserodrigues422@yahoo.com.br;21985321073;Alameda da Liberdade, nº 1367 - Bloco B Apto 104;CENTRO;Rio de Janeiro - RJ;;28529479;N;21/04/2020
104649;MARIANA FERREIRA;734.653.162-07;05/11/1986;F;mariana_fer609@@outlook.com;41 88764617;R DOM PEDRO II, 2677;CENTRO;Curitiba;Paraná;87962865;N;08/01/2020
104650;TANIA LIMA SANTOS;89128475976;07/11/1997;F;tania.santos29@uol.com.br;(21) 99104-6030;RUA CASTRO ALVES, Nº 2679 - BLOCO B APTO 104;VILA NOVA;Rio;Rio de Janeiro;21436-231;S;19/06/2023
104651;NATALIA FERREIRA;63453921623;22/01/1968;F;natalia.ferreira933@hotmail.com;(11) 6892-8438;PÇ. SETE DE SETEMBRO, 2598;SÃO JOSÉ;São Paulo;São Paulo;05116304;N;26/01/2022
104652;HENRIQUE GOMES CARDOSO;53653020360;21/07/1983;;henrique_car17361@yahoo.com.br;(51) 7060-6258;AL TIRADENTES, 2033;SÃO JOSÉ;Porto Alegre - RS;Rio Grande do Sul;91694-865;N;12/10/2023
104653;CLAUDIA NASCIMENTO ALVES FREREIRA;898.300.953-55;29/11/2002;F;claudia.ferreira9182@uol.com.br;61979531486;RUA DAS FLORES, N. 1037;SANTA CECÍLIA;brasília ;DF;75091-984;S;28/01/2021
104654;LEONARDO LIMA NASCIMENTO;491.626.006-64;01/03/1982;M;leonardo_nas184@outlook.com;;Rua Marechal Deodoro, S/N;VILA MARIANA;Brasília;DF;77359407;N;08/01/2025
104655;DEBORA SOUZA ASSUNCAO NUNES;56256130600;02/01/1948;F;deboranunes124@hotmail.com;11978921451;RUA CASTRO ALVES, Nº 2820;PARQUE INDUSTRIAL;Guarulhos;sp;07721538;S;02/04/2023
104656;LARISSA SOUZA MARTINS;91195838506;07/11/1962;F;larissa_mar418@gmail.con;(71) 98683-9038;Rua Santos Dumont, 2488;JARDIM DAS FLORES;Salvador - BA;BA;45337-082;N;06/02/2021
104657;PAULO ANDRADE GOMES OLIVEIRA;55031888458;26/08/1991;M;paulo_oli594@outlook.com;21994609556;RUA Presidente Vargas, N. 702;SANTA CECÍLIA;Rio de Janeiro;RJ;27812865;S;23/11/2024
104658;ALINE LIMA COSTA;30940700948;28/03/1990;F;alinecosta126@hotmail.com;31 88514602;Rua Santos Dumont, nº 2884 - Apto 31;VILA NOVA;belo horizonte ;MG;31895-046;;24/04/2022
104659;SR. JOSE PEREIRA ROCHA;181.733.007-12;01/08/1966;M;joserocha195@hotmail.com;19 978669235;Rua dos Ipês, N. 2745;BELA VISTA;Campinas;São Paulo;14504524;N;23/01/2025
104660;JOANA MARTINS RIBEIRO;962.794.085-23;29/01/1994;I;joanaribeiro86@bol.com.br;32981576510;Av dos Ipês, nº 1158;JARDIM DAS FLORES;Juiz de Fora;Minas Gerais;31892-483;N;17/03/2021
104661;DEBORA GOMES ASSUNCAO;677.881.399-71;25/04/1998;F;debora_ass915@hotmail.com;;AV. DA LIBERDADE, 1096;PARQUE INDUSTRIAL;São Paulo;sp;05364121;N;28/07/2021
104662;THIAGO FREITAS;898.122.184-75;04/04/1989;;thiago.freitas782@uol.com.br;11 993742541;R. Rio Branco, nº 2264;LIBERDADE;Guarulhos;SP;02674678;S;21/06/2019
104663;SONIA MACHADO;353.988.927-20;17/09/1981;;sonia_mac374@outlook.com;11 86228174;Avenida Presidente Vargas, nº 2406;JARDIM DAS FLORES;São Paulo;sp;01958-229;S;10/02/2019
104664;DEBORA  DIAS ;810.136.315-79;09/08/1968;F;debora_dia640@gmail.com;11 997908159;R. CASTRO ALVES, 1216;VILA MARIANA;São Paulo;SP;05866-502;;15/07/2021
104665;EDUARDO MARTINS;09336503707;31/12/1933;M;eduardomartins114@outlook.com;11996617014;RUA TIRADENTES, N. S/N - APTO 31;SÃO JOSÉ;Santo André;São Paulo;09852793;N;08/02/2022
104666;BEATRIZ MACHADO FREITAS SILVA;22003525068;13/09/1951;F;beatrizsilva875@yahoo.com.br;21969947580;Av. Dom Pedro II, N. 2990;BELA VISTA;Niterói;RJ;25234-315;S;22/08/2019
104667;JOAO PEREIRA PEREIRA DIAS;67178669004;21/06/1996;M;joao_dia432@;(11) 98549-4704;RUA Tiradentes, N. 788 - Bloco B Apto 104;LIBERDADE;São Paulo;São Paulo;9503441;;03/03/2025
104668;CAIO MACHADO BARBOSA;26922593782;05/11/1976;M;caio.barbosa193@uol.com.br;(61) 97870-5843;R TIRADENTES, Nº S/N;BELA VISTA;Brasília;df;79977-194;N;18/10/2021
104669;SIMONE BARBOSA;08438402852;26/01/1985;F; SIMONEBARBOSA35122@UOL.COM.BR ;61 67399771;AVENIDA SETE DE SETEMBRO, N. 1768;SANTO ANTÔNIO;Brasília;df;73725786;N;09/07/2022
104670;LARISSA CARDOSO MOREIRA;255.841.671-50;02/02/1993;F;larissa_mor196@gmail.com;11 985657350;RUA BRASIL, 44;SANTO ANTÔNIO;São Paulo;sp;08460796;N;23/03/2023
104671;PRISCILA MARTINS OLIVEIRA CONCEICAO;413.983.376-92;28/08/1976;F;priscilaconceicao772@gmail.com;11 964858341;Rua Tiradentes, 635;PARQUE INDUSTRIAL;São Paulo;SP;9387813;S;21/01/2023
104672;DEBORA ALVES ALVES;060.339.305-50;31/10/1981;F;debora.alves118@outlook.com;(51) 96341-6644;RUA SANTOS DUMONT, Nº 2204;SANTO ANTÔNIO;Porto Alegre;RS;91655-216;S;06/12/2022
104673;EDUARDO MAGALHAES;67023582029;04/09/1992;M;eduardo_mag475@bol.com.br;97411-6416;RUA RIO BRANCO, N. 1027 - CASA 2;SANTO ANTÔNIO;Florianópolis;Santa Catarina;86331532;N;02/04/2025
104674;LEONARDO ASSUNCAO;96263851627;17/12/1983;M;leonardoassuncao80354@hotmail.com;(11) 96851-8896;RUA dos Andradas, nº 2505;PARQUE INDUSTRIAL;Guarulhos;São Paulo;02954-039;N;24/03/2019
104675;MARCIO BRANDAO BRANDAO;24440096905;14/06/1976;M;marcio_bra581@bol.com.br;11993449146;R. DAS PALMEIRAS, Nº 2282 - FUNDOS;VILA NOVA;São Paulo - SP;sp;04814-872;S;26/06/2021
104676;RAQUEL FERREIRA MARTINS;77482333819;28/03/1992;F;raquel_mar869@yahoo.com.br;11 967232316;R. PRESIDENTE VARGAS, 606;VILA NOVA;GUARULHOS;SP;02920-260;S;11/03/2022
104677;SIMONE NUNES;28398363606;16/05/1969;F;simone_nun66@gmail.com;11960386491;RUA RIO BRANCO, 254;JARDIM DAS FLORES;São Paulo;São Paulo;09330-982;N;07/12/2023
104678;LARISSA SANTOS MOREIRA;14214506073;02/07/1977;F;larissa.moreira708@bol.com.br;21975586617;Av. Dom Pedro II, 249;JARDIM AMÉRICA;Niterói;RJ;28963277;N;27/03/2023
104679;ALINE MENDES;637.247.198-17;28/02/1959;F; ALINE_MEN991@BOL.COM.BR ;(21) 97158-8800;Rua Paulista, 2964;VILA NOVA;Rio de Janeiro;rj;26364843;S;21/04/2024
104680;RENATA C. GUIMARAES NASCIMENTO;75248547067;31/12/1933;F;renata_nas391@gmail.com;31 973015135;Rua da Liberdade, nº 2103 - Fundos;VILA MARIANA;Belo Horizonte;mg;33740638;S;15/11/2024
104681;ALINE PEREIRA MARQUES;76283971660;10/03/1969;F;aline_mar286@yahoo.com.br;31 985468795;Al. Getúlio Vargas, nº 1112 - Casa 2;VILA NOVA;Belo Horizonte;MG;33566-889;N;21/04/2020
104682;LUCAS ROCHA ANDRADE;07018093376;11/02/1991;M;lucas.andrade835@outlook.com;21989382521;RUA DOS ANDRADAS, 2759;SÃO JOSÉ;RIO DE JANEIRO;Rio de Janeiro;23306855;S;03/05/2022
104683;LUIZA NUNES ARAUJO;15724719215;30/12/1972;F;luiza.araujo952@uol.com.br;41 967133115;RUA Santos Dumont, N. 1586;PARQUE INDUSTRIAL;Curitiba;PR;83370-094;N;19/01/2020
104684;LUCAS MARTINS CARDOSO;01247714918;27/12/1964;M;lucascardoso94915@outlok.com;;RUA DOM PEDRO II, N. 1119 - APTO 12;SÃO JOSÉ;São Paulo;sp;09035702;S;29/09/2019
104685;FABIO ALVES MARQUES;741.688.482-99;15/09/1979;M;fabio.marques730@yahoo.com.br;(21) 97238-6198;Av. São João, 137;BELA VISTA;RIO DE JANEIRO;;26711-360;N;14/06/2025
104686;ISABELA MAGALHAES GOMES MACHADO;329.128.086-50;26/11/1994;F;;51972977781;R. DOS ANDRADAS, 1780;JARDIM AMÉRICA;Porto Alegre;RS;93047411;N;13/10/2023
104687;ANA SILVA SANTOS;673.743.229-84;03/06/1984;F;ana.santos31626@hotmail.com;21994865731;R BRASIL, 729;VILA NOVA;RIO DE JANEIRO;Rio de Janeiro;21229675;N;10/02/2023
104688;MARCIA MARQUES;494.165.948-14;31/01/1955;F;marcia_mar232@bol.com.br;;AV TIRADENTES, Nº 1974 - FUNDOS;PARQUE INDUSTRIAL;Goiânia;GO;78116850;N;28/03/2023
104689;CLAUDIA NASCIMENTO;05653457108;04/06/1977;F;claudia.nascimento116@gmail.com;32 71019284;RUA DAS FLORES, N. 2979;CENTRO;Juiz de Fora;MG;34785801;N;21/12/2021
104690;SRA. GUSTAVO SOUZA ANDRADE;084.155.814-08;05/07/1981;M;gustavo_and226@gmail.com;48 976579131;RUA MARECHAL DEODORO, N. 402 - CASA 2;BELA VISTA;Florianópolis;SC;89984981;S;03/09/2023
104691;TÂNIA CSOTA;964.898.456-52;31/07/1978;F;tania_cos722@gmail.com;(21) 96661-2602;TRAVESSA DOS ANDRADAS, N. 2889;VILA NOVA;Rio de Janeiro;RJ;23559103;N;24/08/2019
104692;FERNANDA NASCIMENTO ARAUJO;16624416815;09/11/1960;F;fernanda.araujo233@outlook.com;(16) 98731-2779;RUA Sete de Setembro, N. 2844;SANTA CECÍLIA;RIBEIRAO PRETO;sp;17548588;S;31/07/2022
104693;CAMILA MAGALHÃES SILVA;97547646034;12/07/1995;;camila.silva172@uol.com;11976114614;AVENIDA CASTRO ALVES, 1235;VILA NOVA;GUARULHOS;São Paulo;07646-288;S;03/06/2020
104694;LUCIA MARTINS RIBEIRO;89628001442;30/05/1993;F;lucia_rib585@bol.com.br;11 968244349;Tv. dos Ipês, N. 2656 - Apto 31;SÃO JOSÉ;SAO PAULO;SP;05422894;N;23/03/2021
104695;ISABELA ROCHA ANDRADE;59102105560;26/06/1990;F;isabela_and268@outlook.com;11 968025873;R dos Ipês, nº 422 - Bloco B Apto 104;BELA VISTA;Guarulhos;SP;05184-007;S;12/10/2021
104696;VITORIA ANDRADE;249.674.378-50;09/10/1989;F;vitoria_and516@gmail.com;51992265992;AVENIDA SANTOS DUMONT, Nº 1109;SANTO ANTÔNIO;Porto Alegre;rs;92940-386;N;23/01/2021
104697;PRISCILA DIAS MENDES SILVA;42916747591;01/11/1985;F;priscila.silva809@outlook.com;51 983279374;Rua das Palmeiras, 2474 - Casa 2;SÃO JOSÉ;Porto Alegre;RS;92132270;N;25/03/2019
104698;RENATA CONCEIÇÃO;204.602.779-52;17/07/1987;F;renataconceicao775@uol.com.br;11 966247428;Avenida Brasil, N. 972;SANTO ANTÔNIO;Guarulhos - SP;São Paulo;09453240;S;07/02/2025
104699;RENATA ROCHA;541.274.739-67;24/08/1983;F;otavio_and303@hotmail.com;1172094781;Avenida XV de Novembro, nº 92 - Apto 12;SANTO ANTÔNIO;Guarulhos;São Paulo;04304872;S;26/07/2019
104700;RAQUEL ARAÚJO SANTOS;784.818.408-07;24/09/1978;F;raquelsantos339@outlook.con;(11) 99686-3661;Al. Rio Branco, 2070;SANTO ANTÔNIO;São Paulo;São Paulo;03664-139;S;16/09/2020
104701;RAFAEL MENDES ASSNUCAO;475.349.309-10;19/12/2001;M;rafael.assuncao47@gmail.com;(48) 99847-3852;Av Tiradentes, nº 2042;JARDIM DAS FLORES;Florianópolis - SC;SC;83236-541;S;21/04/2021
104702;RENATA CARVALHO MARQUES;74783802718;11/09/1999;F;renatamarques774@gmail.com;62967044718;R GETÚLIO VARGAS, 1233;PARQUE INDUSTRIAL;Goiânia;GO;76993408;N;06/10/2023
104703;JOANA M. SANTOS;247.187.119-40;15/11/1956;F;joanasantos945@gmail.com;71965402197;RUA BRASIL, 690;BOA VISTA;Salvador;BA;43486663;S;14/09/2025
104704;MARCIO RIBEIRO MACHADO DIAS;93267048150;06/01/1988;M;marcio_dia703@yahoo.com.br;1190906055;Avenida da Liberdade, nº 573 - Fundos;PARQUE INDUSTRIAL;São Paulo;SP;3505711;N;06/01/2019
104705;MARIANA FERREIRA MAGALHAES;4,94110E+10;27/01/1984;F;;;R. TIRADENTES, 604;SANTA CECÍLIA;Brasília;df;73411-926;;08/11/2020
104706;DEBORA PEIXOTO RIBEIRO;829.898.144-85;04/11/1973;F; DEBORA.RIBEIRO701@OUTLOOK.COM ;21 963969332;AL XV de Novembro, nº 564;JARDIM DAS FLORES;RIO DE JANEIRO;RJ;27101903;;08/03/2019
104707;FERNANDO MELO;451.880.531-36;02/09/1958;M; FERNANDOMELO38@HOTMAIL.COM ;51 963538101;R Presidente Vargas, N. 829 - Casa 2;BOA VISTA;PORTO ALEGRE;Rio Grande do Sul;96627449;S;04/12/2024
104708;VITÓRIA  RODRIGUES ;32336486857;28/05/1981;F;vitoria.rodrigues352@outlook.com;41 92621938;RUA das Flores, nº 1242;VILA NOVA;CURITIBA;PR;81859508;S;29/04/2020
104709;MARIANA GOMES;88312217797;27/11/1994;F;marianagomes454@hotmail.com;;RUA Rio Branco, nº 831;SANTO ANTÔNIO;RIO DE JANEIRO;RJ;23483650;S;04/02/2025
104710;SONIA MARQUES MARTINS;634.882.746-16;06/06/1981;F;sonia_mar145@outlook.com;11989301372;Avenida Marechal Deodoro, N. 640;PARQUE INDUSTRIAL;São Paulo;SP;7201088;;07/07/2025
104711;TNAIA MELO SANTOS;759670064;23/06/1974;F;taniasantos4014@outlook.com;11992383885;Av. XV de Novembro, 2811;CENTRO;São Paulo;SP;3441512;S;24/02/2020
104712;FERNANDA ASSUNÇÃO CARVALHO;440.401.616-61;02/05/1990;F;fernanda_car961@hotmail.com;97352-2125;RUA SÃO JOÃO, Nº 2813 - BLOCO B APTO 104;CENTRO;CURITIBA;pr;81340-825;S;23/06/2021
104713;HELIO ARAUJO ASSUNCAO;33501150040;05/01/1978;M;helioassuncao87869@uol.com.br;48991401557;Travessa Presidente Vargas, 1877 - Bloco B Apto 104;VILA MARIANA;Florianópolis;SC;87712362;;05/12/2023
104714;HENRIQUE OLIVEIRA SILVA;00006607446;15/01/1979;M;henrique_sil615@hotmail.com;(51) 97711-9797;RUA DAS PALMEIRAS, Nº 2124;SÃO JOSÉ;Porto Alegre;RS;96399270;S;25/11/2020
104715;DANIEL SANTOS DIAS;09556181180;03/10/1982;I;danieldias217@outlook.com;(81) 7709-1359;R. Rio Branco, N. 2398;SANTA CECÍLIA;Recife;pe;59674-468;S;07/12/2024
104716;RAQUEL CARVALHO ARAÚJO PEREIRA;65719999040;16/06/1989;F;raquel.pereira202@outlook.com;(32) 98804-8965;RUA BRASIL, 953;LIBERDADE;Juiz de Fora;MG;33317543;;21/04/2019
104717;THIAGO MELO MELO;199.393.266-61;12/02/1994;M;thiago.melo820@hotmail.com;11 62733366;RUA SANTOS DUMONT, N. 1616;VILA MARIANA;São Paulo;SP;3381148;S;04/01/2020
104718;CESAR NASCIMENTO OLIVEIRA;282.809.225-98;27/08/1975;M;;21976778437;RUA DA LIBERDADE, N. 2224;CENTRO;Rio de Janeiro - RJ;rj;29683415;N;30/03/2025
104719;FERNANDA ROCHA LIMA RIBEIRO;64342305674;02/03/1971;F;luiza_mel585@bol.com.br;(11) 8567-6002;AVENIDA XV DE NOVEMBRO, N. S/N;BELA VISTA;São Paulo;sp;02544-333;S;05/10/2024
104720;PRISCILA MARQUES COSTA;114.589.843-20;21/09/1997;F;priscila_cos111@gmail.com;41961479834;RUA Tiradentes, nº 1489 - Apto 31;VILA NOVA;CURITIBA;PR;85183959;S;17/10/2022
104721;LEONARDO FERREIRA ALVES;32552672345;28/06/1981;M;leonardo_alv251@;19 965779475;AV DOS IPÊS, Nº 192;JARDIM AMÉRICA;Campinas;São Paulo;18853906;N;15/11/2024
104722;BRUNO BARNDAO;795.935.507-04;22/06/1971;M;brunobrandao116@yahoo.com.br;11 976305471;R Sete de Setembro, nº 2172 - Bloco B Apto 104;BOA VISTA;São Paulo;sp;06883-199;N;06/12/2022
104723;WAGNER CONCEIÇÃO MAGALHÃES ARAÚJO;3236086556;04/06/1978;;wagneraraujo841@uol.com.br;11 974955716;RUA Dom Pedro II, nº 1293;JARDIM AMÉRICA;São Paulo;SP;09045-458;S;25/07/2025
104724;REANTA  SILVA NUNES BRANDAO ;710.662.782-88;09/03/1986;F;renata.brandao896@hotmail.com;11973949496;Avenida Sete de Setembro, N. 884;SANTA CECÍLIA;S. Paulo;São Paulo;05951617;S;28/05/2020
104725;CLIENTE BALCAO;000.000.000-00;01/01/1900;;teste@teste.com;(11) 0000-0000;RUA TESTE, 0;CENTRO;SAO PAULO;SP;00000-000;N;15/03/2019
104726;CONSUMIDOR FINAL;111.111.111-11;01/01/1900;;teste@teste.com;(11) 0000-0000;RUA TESTE, 0;CENTRO;SAO PAULO;SP;00000-000;N;15/03/2019
104727;XXXXX;;01/01/1900;;teste@teste.com;(11) 0000-0000;RUA TESTE, 0;CENTRO;SAO PAULO;SP;00000-000;N;15/03/2019
104728;TESTE SISTEMA;000.000.000-00;01/01/1900;;teste@teste.com;(11) 0000-0000;RUA TESTE, 0;CENTRO;SAO PAULO;SP;00000-000;N;15/03/2019
104729;TESTE SISTEMA;000.000.000-00;01/01/1900;;;(11) 0000-0000;RUA TESTE, 0;CENTRO;SAO PAULO;SP;00000-000;N;15/03/2019
104730;TESTE;000.000.000-00;01/01/1900;;teste@teste.com;(11) 0000-0000;RUA TESTE, 0;CENTRO;SAO PAULO;SP;00000-000;N;15/03/2019
104731;TESTE SISTEMA;111.111.111-11;01/01/1900;;;(11) 0000-0000;RUA TESTE, 0;CENTRO;SAO PAULO;SP;00000-000;N;15/03/2019
104732;XXXXX;000.000.000-00;01/01/1900;;teste@teste.com;(11) 0000-0000;RUA TESTE, 0;CENTRO;SAO PAULO;SP;00000-000;N;15/03/2019
104733;NAO INFORMADO;;01/01/1900;;teste@teste.com;(11) 0000-0000;RUA TESTE, 0;CENTRO;SAO PAULO;SP;00000-000;N;15/03/2019
104734;NAO INFORMADO;000.000.000-00;01/01/1900;;teste@teste.com;(11) 0000-0000;RUA TESTE, 0;CENTRO;SAO PAULO;SP;00000-000;N;15/03/2019
104735;TESTE;000.000.000-00;01/01/1900;;teste@teste.com;(11) 0000-0000;RUA TESTE, 0;CENTRO;SAO PAULO;SP;00000-000;N;15/03/2019
104736;XXXXX;000.000.000-00;01/01/1900;;teste@teste.com;(11) 0000-0000;RUA TESTE, 0;CENTRO;SAO PAULO;SP;00000-000;N;15/03/2019
104737;XXXXX;111.111.111-11;01/01/1900;;;(11) 0000-0000;RUA TESTE, 0;CENTRO;SAO PAULO;SP;00000-000;N;15/03/2019
104738;CONSUMIDOR FINAL;000.000.000-00;01/01/1900;;;(11) 0000-0000;RUA TESTE, 0;CENTRO;SAO PAULO;SP;00000-000;N;15/03/2019
